idx_group,pos,rel,weak,lex_en,lex_it,lex_de,score,bs_count,babel_synsets
0,n,head,,book account_book ledger,libro_mastro libro_contabile partitario,Geschäftsbuch Rechnungsbuch Hauptbuch,,1,bn:00000748n
1,n,cooc,,form,modulo,Formular,0.378,1,bn:00035910n
2,n,cooc,,correspondence,corrispondenza,Korrespondenz,0.328,2,bn:00022861n bn:00008051n
3,n,cooc,,review,revisione,Überprüfung,0.325,0,
4,n,cooc,,cashbook,cassa,Kasse,0.324,0,
5,n,cooc,,accounting,contabilità,Buchführung,0.317,1,bn:00000752n
6,n,cooc,,inventory,inventario,Inventar,0.316,1,bn:00047331n
7,n,cooc,,bookkeeping,contabilità,Buchführung,0.314,1,bn:00012132n
8,n,cooc,,balance,bilancio,Bilanz,0.286,1,bn:00008044n
9,n,cooc,,account,conto,Konto,0.28,2,bn:00000744n bn:00000740n
10,n,cooc,,document,documento,Dokument,0.236,2,bn:00028018n bn:00028015n
11,n,cooc,,cash,cassa,Kasse,0.2,0,
12,n,cooc,,letter,lettera,Brief,0.181,1,bn:00050802n
13,n,cooc,,bank,cassa,Kasse,0.167,0,
1,n,cooc,WEAK,accounts,scrittura,Konto,,,
2,n,cooc,WEAK,bill,fattura,Vorlage,,,
3,n,cooc,WEAK,cheque,conto,Prüfung,,,
4,n,cooc,WEAK,contract,scrittura,Vertrag,,,
5,n,cooc,WEAK,diary,giornale,Journal,,,
6,n,cooc,WEAK,journal,giornale,Journal,,,
7,n,cooc,WEAK,note,nota,Aufzeichnung,,,
8,n,cooc,WEAK,pad,blocco,Unterlage,,,
9,n,cooc,WEAK,paper,documento,Papier,,,
10,n,cooc,WEAK,record,documento,Aufzeichnung,,,
11,n,cooc,WEAK,register,registro,Kasse,,,
12,n,cooc,WEAK,report,verbale,Schrift,,,
13,n,cooc,WEAK,transaction,operazione,Abwicklung,,,
14,n,cooc,WEAK,writing,scrittura,Schrift,,,
1,v,cooc,,falsify,falsificare,fälschen,0.278,0,
1,v,cooc,WEAK,keep,tenere,aufbewahren,,,
2,v,cooc,WEAK,present,consegnare,vorlegen,,,
3,v,cooc,WEAK,preserve,conservare,aufbewahren,,,
4,v,cooc,WEAK,produce,portare,vorlegen,,,
5,v,cooc,WEAK,register,depositare,eintragen,,,
6,v,cooc,WEAK,see,esaminare,einsehen,,,
7,v,cooc,WEAK,store,depositare,aufbewahren,,,
8,v,cooc,WEAK,take,tenere,übernehmen,,,
