idx_group,pos,rel,weak,lex_en,lex_it,lex_de,score,bs_count,babel_synsets
0,n,head,,star maven superstar,mago superstar adepto,Promi Superstar Experte,,1,bn:00000790n
1,n,sim,,doctor,dottore,Arzt,0.315,1,bn:00027976n
2,n,sim,,artist,artista,Künstler,0.311,1,bn:00006182n
3,n,sim,,partner,compagno,Partner,0.307,3,bn:00060819n bn:00010161n bn:00028157n
4,n,sim,,teacher,insegnante,Lehrer,0.296,2,bn:00076289n bn:00046958n
5,n,sim,,politician,politico,Politiker,0.292,1,bn:00063277n
6,n,sim,,character,personaggio,Persönlichkeit,0.281,0,
7,n,sim,,musician,musicista,Musiker,0.28,1,bn:00046975n
8,n,sim,,friend,amica,Freund,0.279,0,
9,n,sim,,hero,eroe,Held,0.248,2,bn:00043850n bn:00043853n
10,n,sim,,girl,fanciulla,Mädchen,0.247,0,
11,n,sim,,actor,attore,Darsteller,0.243,1,bn:00001176n
12,n,sim,,performer,artista,Künstler,0.243,0,
13,n,sim,,officer,ufficiale,Beamte,0.235,0,
14,n,sim,,subject,suddito,Thema,0.235,0,
15,n,sim,,customer,avventore,Kunde,0.231,1,bn:00019763n
16,n,sim,,entrepreneur,imprenditore,Unternehmer,0.227,2,bn:00009631n bn:00031011n
17,n,sim,,singer,cantante,Sänger,0.226,2,bn:00071734n bn:00071731n
18,n,sim,,father,padre,Vater,0.223,3,bn:00009616n bn:00033779n bn:00019003n
19,n,sim,,husband,marito,Mann,0.223,2,bn:00045106n bn:00010161n
20,n,sim,,mother,mamma,Mutter,0.222,2,bn:00034027n bn:00058313n
21,n,sim,,personality,personaggio,Persönlichkeit,0.221,0,
22,n,sim,,king,re,König,0.218,4,bn:00049147n bn:00049146n bn:00024097n bn:00049141n
23,n,sim,,writer,scrittore,Schriftsteller,0.217,1,bn:00007287n
24,n,sim,,artiste,artista,Künstler,0.213,0,
25,n,sim,,journalist,giornalista,Journalist,0.211,1,bn:00048461n
26,n,sim,,master,maestro,Meister,0.203,1,bn:00777545n
27,n,sim,,architect,architetto,Architekt,0.202,1,bn:00005435n
28,n,sim,,lady,signora,Dame,0.201,3,bn:00025097n bn:00049667n bn:00001530n
29,n,sim,,director,regista,Direktor,0.194,0,
30,n,sim,,star,divo,Star,0.193,2,bn:00043321n bn:00050346n
31,n,sim,,brother,fratello,Bruder,0.191,2,bn:00013371n bn:00011357n
32,n,sim,,opponent,oppositore,Gegner,0.191,2,bn:00059186n bn:00001582n
33,n,sim,,vocalist,cantante,Sänger,0.183,2,bn:00071734n bn:00071731n
34,n,sim,,sister,sorella,Schwester,0.179,2,bn:00058313n bn:00071838n
35,n,sim,,bird,uccello,Vogel,0.175,1,bn:00010605n
36,n,sim,,actress,attrice,Schauspielerin,0.174,2,bn:00001181n bn:00001176n
37,n,sim,,footballer,calciatore,Fußballer,0.173,1,bn:00035713n
38,n,sim,,prince,principe,Prinz,0.17,1,bn:00064405n
39,n,sim,,celebrity,celebrità,Berühmtheit,0.168,2,bn:00016991n bn:00016990n
40,n,sim,,bobby,poliziotto,Polizist,0.167,1,bn:00058698n
41,n,sim,,legend,leggenda,Legende,0.166,2,bn:00032591n bn:00015764n
42,n,sim,,supporter,sostenitore,Fan,0.164,0,
43,n,sim,,diva,diva,Diva,0.159,3,bn:00000790n bn:00040888n bn:00027843n
44,n,sim,,comedian,comico,Komiker,0.153,1,bn:00020899n
45,n,sim,,poet,poeta,Dichter,0.149,1,bn:00063196n
46,n,sim,,dad,papà,Papa,0.147,2,bn:00009616n bn:00024989n
47,n,sim,,dancer,ballerino,Tänzer,0.142,2,bn:00025154n bn:00025153n
48,n,sim,,photographer,fotografo,Fotograf,0.141,1,bn:00050680n
49,n,sim,,queen,regina,Königin,0.14,6,bn:00065635n bn:00065637n bn:00034025n bn:00065644n bn:00065638n bn:00065634n
50,n,sim,,hunter,cacciatore,Jäger,0.139,1,bn:16616747n
51,n,sim,,composer,compositore,Komponist,0.138,1,bn:00021397n
52,n,sim,,david,davide,David,0.138,1,bn:00025377n
53,n,sim,,captain,capitano,Kapitän,0.137,1,bn:00015752n
54,n,sim,,mom,mamma,Mama,0.13,2,bn:00034027n bn:00052511n
55,n,sim,,painter,pittore,Maler,0.129,3,bn:00060198n bn:00060199n bn:00060201n
56,n,sim,,pop,papà,Papa,0.128,1,bn:00024989n
57,n,sim,,celeb,celebrità,Promi,0.127,0,
58,n,sim,,teenager,adolescente,Teenager,0.125,1,bn:00001480n
59,n,sim,,comic,comico,Komiker,0.123,1,bn:00020899n
60,n,sim,,mate,compagno,Kamerad,0.111,0,
61,n,sim,,icon,icona,Ikone,0.11,1,bn:00045773n
62,n,sim,,dj,dj,Dj,0.107,2,bn:00001732n bn:00027461n
63,n,sim,,fighter,combattente,Kämpfer,0.096,1,bn:00009186n
64,n,sim,,activist,attivista,Aktivist,0.085,2,bn:00001171n bn:00001170n
1,n,sim,WEAK,author,scrittore,Autor,,,
2,n,sim,WEAK,boss,padrone,Boss,,,
3,n,sim,WEAK,boy,maschio,Junge,,,
4,n,sim,WEAK,buddy,compagno,Kumpel,,,
5,n,sim,WEAK,child,bambina,Kind,,,
6,n,sim,WEAK,fan,ammiratore,Fan,,,
7,n,sim,WEAK,figure,personaggio,Figur,,,
8,n,sim,WEAK,filmmaker,regista,Filmemacher,,,
9,n,sim,WEAK,genius,genio,Künstler,,,
10,n,sim,WEAK,host,padrone,Gastgeber,,,
11,n,sim,WEAK,human,essere,Mensch,,,
12,n,sim,WEAK,jack,marinaio,Junge,,,
13,n,sim,WEAK,judge,estimatore,Richter,,,
14,n,sim,WEAK,kid,bimbo,Kind,,,
15,n,sim,WEAK,leader,capitano,Leiter,,,
16,n,sim,WEAK,lover,amante,Freund,,,
17,n,sim,WEAK,man,signore,Mann,,,
18,n,sim,WEAK,manager,padrone,Manager,,,
19,n,sim,WEAK,native,indigeno,Einheimische,,,
20,n,sim,WEAK,official,magistrato,Beamte,,,
21,n,sim,WEAK,person,tizio,Person,,,
22,n,sim,WEAK,player,attore,Spieler,,,
23,n,sim,WEAK,presenter,presentatore,Moderator,,,
24,n,sim,WEAK,pro,professionista,Profi,,,
25,n,sim,WEAK,producer,regista,Produzent,,,
26,n,sim,WEAK,recruit,recluta,Neue,,,
27,n,sim,WEAK,rider,ciclista,Fahrer,,,
28,n,sim,WEAK,rookie,recluta,Neuling,,,
29,n,sim,WEAK,son,maschio,Sohn,,,
30,n,sim,WEAK,speaker,interlocutore,Sprecher,,,
31,n,sim,WEAK,starter,iniziatore,Teilnehmer,,,
32,n,sim,WEAK,student,studioso,Student,,,
33,n,sim,WEAK,talent,genio,Talent,,,
34,n,sim,WEAK,warrior,guerriero,Kämpfer,,,
35,n,sim,WEAK,worker,operaio,Arbeitskraft,,,
1,n,cooc,,dj,dj,Dj,0.444,2,bn:00001732n bn:00027461n
2,n,cooc,,entrepreneur,imprenditore,Unternehmer,0.43,2,bn:00009631n bn:00031011n
3,n,cooc,,sign,segno,Zeichen,0.413,3,bn:00071536n bn:00071527n bn:00071525n
4,n,cooc,,symbol,segno,Zeichen,0.403,1,bn:00075652n
5,n,cooc,,mark,segno,Zeichen,0.397,0,
6,n,cooc,,[number],numero,Zahl,0.377,0,
7,n,cooc,,hero,eroe,Held,0.367,2,bn:00043850n bn:00043853n
8,n,cooc,,performer,artista,Künstler,0.356,0,
9,n,cooc,,artist,artista,Künstler,0.337,1,bn:00006182n
10,n,cooc,,singer,cantante,Sänger,0.332,2,bn:00071734n bn:00071731n
11,n,cooc,,champion,campione,Champion,0.328,2,bn:00017612n bn:00017605n
12,n,cooc,,writer,autore,Autor,0.317,1,bn:00007287n
13,n,cooc,,director,regista,Regisseur,0.306,2,bn:00027368n bn:00027369n
14,n,cooc,,author,autore,Autor,0.293,1,bn:00007287n
15,n,cooc,,actor,attore,Schauspieler,0.291,1,bn:00001176n
16,n,cooc,,child,bambino,Kind,0.289,1,bn:00018345n
17,n,cooc,,kid,bambino,Kind,0.275,1,bn:00018345n
18,n,cooc,,musician,musicista,Musiker,0.275,1,bn:00046975n
19,n,cooc,,company,azienda,Firma,0.213,4,bn:00021286n bn:00022811n bn:00014160n bn:00073910n
20,n,cooc,,baby,bambino,Kind,0.178,1,bn:00007630n
1,n,cooc,WEAK,cluster,mazzo,Gruppe,,,
2,n,cooc,WEAK,figure,numero,Figur,,,
3,n,cooc,WEAK,game,caccia,Spiel,,,
4,n,cooc,WEAK,man,uomo,Figur,,,
5,n,cooc,WEAK,master,maestro,Kapitän,,,
6,n,cooc,WEAK,motive,ragione,Ursache,,,
7,n,cooc,WEAK,partner,cavaliere,Partner,,,
8,n,cooc,WEAK,player,attore,Spieler,,,
9,n,cooc,WEAK,producer,regista,Produzent,,,
10,n,cooc,WEAK,turn,numero,Reihe,,,
11,n,cooc,WEAK,value,prezzo,Wert,,,
1,adj,cooc,,jamaican,giamaicano,jamaikanisch,0.353,1,bn:00105510a
2,adj,cooc,,portuguese,portoghese,portugiesisch,0.349,1,bn:00106270a
3,adj,cooc,,international,internazionale,international,0.321,2,bn:00102626a bn:00105294a
4,adj,cooc,,well-known,famoso,bekannt,0.321,0,
5,adj,cooc,,true,vero,wahr,0.32,1,bn:00112146a
6,adj,cooc,,massive,potente,mächtig,0.318,0,
7,adj,cooc,,argentinian,argentino,argentinisch,0.299,1,bn:00097480a
8,adj,cooc,,canadian,canadese,kanadisch,0.277,0,
9,adj,cooc,,celebrated,celebre,gefeiert,0.277,0,
10,adj,cooc,,global,globale,weltweit,0.277,2,bn:00103624a bn:00100536a
11,adj,cooc,,numerous,numeroso,zahlreich,0.273,1,bn:00105858a
12,adj,cooc,,famous,famoso,berühmt,0.269,1,bn:00099411a
13,adj,cooc,,mexican,messicano,mexikanisch,0.262,0,
14,adj,cooc,,absolute,assoluto,absolut,0.259,0,
15,adj,cooc,,british,britannico,britisch,0.254,1,bn:00098883a
16,adj,cooc,,aspiring,aspirante,aufstrebend,0.253,0,
17,adj,cooc,,fresh,nuovo,neu,0.24,0,
1,adj,cooc,WEAK,able,capace,kompetent,,,
2,adj,cooc,WEAK,big,potente,hoch,,,
3,adj,cooc,WEAK,capable,capace,kompetent,,,
4,adj,cooc,WEAK,close,fedele,nah,,,
5,adj,cooc,WEAK,dim,oscuro,blass,,,
6,adj,cooc,WEAK,eager,desideroso,gespannt,,,
7,adj,cooc,WEAK,future,futuro,kommend,,,
8,adj,cooc,WEAK,genuine,autentico,echt,,,
9,adj,cooc,WEAK,good,bravo,gut,,,
10,adj,cooc,WEAK,green,giovane,neu,,,
11,adj,cooc,WEAK,large,numeroso,hoch,,,
12,adj,cooc,WEAK,legendary,leggendario,berühmt,,,
13,adj,cooc,WEAK,near,fedele,nah,,,
14,adj,cooc,WEAK,next,futuro,kommend,,,
15,adj,cooc,WEAK,potential,potenziale,potenziell,,,
16,adj,cooc,WEAK,real,vero,wirklich,,,
17,adj,cooc,WEAK,seasoned,vecchio,erfahren,,,
18,adj,cooc,WEAK,secret,segreto,heimlich,,,
19,adj,cooc,WEAK,single,solo,einzeln,,,
20,adj,cooc,WEAK,young,giovane,neu,,,
1,v,cooc,,rate,stimare,schätzen,0.429,0,
2,v,cooc,,observe,osservare,beobachten,0.374,0,
3,v,cooc,,walk,camminare,gehen,0.37,1,bn:00095597v
4,v,cooc,,explain,spiegare,erklären,0.365,1,bn:00087819v
5,v,cooc,,revere,venerare,verehren,0.36,0,
6,v,cooc,,believe,credere,glauben,0.355,4,bn:00083369v bn:00083370v bn:00089105v bn:00083372v
7,v,cooc,,name,chiamare,nennen,0.336,1,bn:00084385v
8,v,cooc,,guide,guidare,führen,0.333,0,
9,v,cooc,,recruit,reclutare,rekrutieren,0.327,1,bn:00090313v
10,v,cooc,,spot,riconoscere,erkennen,0.326,1,bn:00086904v
11,v,cooc,,speak,parlare,sprechen,0.325,1,bn:00094090v
12,v,cooc,,count,contare,zählen,0.312,0,
13,v,cooc,,fill,compiere,erfüllen,0.311,0,
14,v,cooc,,put,mettere,setzen,0.304,0,
15,v,cooc,,lure,adescare,locken,0.301,0,
16,v,cooc,,set,mettere,setzen,0.3,0,
17,v,cooc,,see,vedere,sehen,0.299,2,bn:00092443v bn:00093430v
18,v,cooc,,sit,sedere,sitzen,0.293,0,
19,v,cooc,,talk,parlare,sprechen,0.292,1,bn:00094090v
20,v,cooc,,meet,incontrare,treffen,0.29,2,bn:00088791v bn:00085339v
21,v,cooc,,ask,chiedere,fragen,0.289,1,bn:00082819v
22,v,cooc,,shoot,sparare,schießen,0.287,1,bn:00083567v
23,v,cooc,,know,sapere,wissen,0.286,1,bn:00085261v
24,v,cooc,,watch,guardare,beobachten,0.286,0,
25,v,cooc,,come,venire,kommen,0.285,1,bn:00085335v
26,v,cooc,,rotate,girare,drehen,0.28,0,
27,v,cooc,,dress,vestire,kleiden,0.277,2,bn:00087291v bn:00082684v
28,v,cooc,,praise,lodare,loben,0.272,0,
29,v,cooc,,tell,dire,sagen,0.27,1,bn:00093287v
30,v,cooc,,turn,girare,drehen,0.267,1,bn:00095233v
31,v,cooc,,wear,indossare,tragen,0.262,1,bn:00083227v
32,v,cooc,,represent,rappresentare,vertreten,0.251,0,
33,v,cooc,,revolve,girare,drehen,0.251,0,
34,v,cooc,,earn,guadagnare,verdienen,0.25,3,bn:00082280v bn:00087452v bn:00084089v
35,v,cooc,,call,chiamare,rufen,0.248,0,
36,v,cooc,,throw,gettare,werfen,0.245,1,bn:00094934v
37,v,cooc,,give,dare,geben,0.243,2,bn:00088825v bn:00088815v
38,v,cooc,,show,mostrare,zeigen,0.238,2,bn:00086567v bn:00086557v
39,v,cooc,,battle,combattere,kämpfen,0.237,1,bn:00083173v
40,v,cooc,,indicate,mostrare,zeigen,0.237,1,bn:00086557v
41,v,cooc,,fall,cadere,fallen,0.235,2,bn:00087976v bn:00087979v
42,v,cooc,,spin,girare,drehen,0.235,0,
43,v,cooc,,catch,prendere,erwischen,0.234,0,
44,v,cooc,,prove,provare,beweisen,0.232,2,bn:00092110v bn:00086567v
45,v,cooc,,cast,lanciare,werfen,0.231,1,bn:00094934v
46,v,cooc,,begin,iniziare,beginnen,0.229,2,bn:00083342v bn:00083340v
47,v,cooc,,pull,tirare,ziehen,0.229,1,bn:00092138v
48,v,cooc,,execute,eseguire,durchführen,0.226,0,
49,v,cooc,,instruct,istruire,anweisen,0.221,0,
50,v,cooc,,try,provare,versuchen,0.218,2,bn:00082844v bn:00087731v
51,v,cooc,,take,prendere,nehmen,0.211,3,bn:00088762v bn:00085689v bn:00094731v
52,v,cooc,,attract,attirare,anziehen,0.209,2,bn:00082687v bn:00082920v
53,v,cooc,,want,desiderare,wünschen,0.209,0,
54,v,cooc,,consider,considerare,betrachten,0.207,0,
55,v,cooc,,discover,scoprire,entdecken,0.205,2,bn:00086935v bn:00086936v
56,v,cooc,,reach,raggiungere,erreichen,0.205,2,bn:00082901v bn:00082226v
57,v,cooc,,appear,apparire,erscheinen,0.204,2,bn:00082690v bn:00082691v
58,v,cooc,,travel,viaggiare,reisen,0.201,2,bn:00089993v bn:00089951v
59,v,cooc,,convince,convincere,überzeugen,0.198,1,bn:00085767v
60,v,cooc,,disappear,scomparire,verschwinden,0.197,1,bn:00086880v
61,v,cooc,,hail,chiamare,rufen,0.197,0,
62,v,cooc,,get,arrivare,erhalten,0.195,0,
63,v,cooc,,worship,adorare,verehren,0.195,0,
64,v,cooc,,defeat,sconfiggere,besiegen,0.194,1,bn:00083247v
65,v,cooc,,act,agire,handeln,0.19,0,
66,v,cooc,,seem,sembrare,scheinen,0.19,1,bn:00082690v
67,v,cooc,,look,guardare,aussehen,0.187,0,
68,v,cooc,,bring,portare,bringen,0.182,1,bn:00084058v
69,v,cooc,,fight,combattere,kämpfen,0.179,1,bn:00085711v
70,v,cooc,,leave,lasciare,verlassen,0.176,1,bn:00087845v
71,v,cooc,,play,giocare,spielen,0.175,2,bn:00091711v bn:00091708v
72,v,cooc,,belong,appartenere,gehören,0.174,0,
73,v,cooc,,reveal,rivelare,zeigen,0.172,0,
74,v,cooc,,die,morire,sterben,0.171,1,bn:00084343v
75,v,cooc,,manage,dirigere,steuern,0.169,0,
76,v,cooc,,collect,raccogliere,sammeln,0.166,1,bn:00082246v
77,v,cooc,,struggle,combattere,kämpfen,0.162,1,bn:00085711v
78,v,cooc,,place,mettere,legen,0.158,1,bn:00090224v
79,v,cooc,,receive,ricevere,erhalten,0.152,1,bn:00089246v
80,v,cooc,,celebrate,celebrare,feiern,0.15,1,bn:00084714v
81,v,cooc,,adore,adorare,verehren,0.144,0,
82,v,cooc,,use,usare,benutzen,0.141,1,bn:00082705v
83,v,cooc,,enter,entrare,betreten,0.133,0,
84,v,cooc,,welcome,accogliere,begrüßen,0.131,1,bn:00092491v
85,v,cooc,,wish,desiderare,wünschen,0.13,0,
86,v,cooc,,recall,ricordare,erinnern,0.123,0,
87,v,cooc,,hire,assumere,einstellen,0.116,1,bn:00087576v
88,v,cooc,,ride,guidare,fahren,0.111,2,bn:00093019v bn:00093014v
89,v,cooc,,deliver,consegnare,liefern,0.106,1,bn:00086531v
90,v,cooc,,live,vivere,leben,0.103,2,bn:00087441v bn:00083191v
91,v,cooc,,pick,scegliere,wählen,0.089,0,
92,v,cooc,,choose,scegliere,wählen,0.087,1,bn:00084931v
93,v,cooc,,drop,cadere,fallen,0.085,0,
94,v,cooc,,like,amare,lieben,0.082,0,
95,v,cooc,,love,amare,lieben,0.077,1,bn:00090504v
96,v,cooc,,wait,aspettare,warten,0.073,1,bn:00089401v
97,v,cooc,,arrive,arrivare,ankommen,0.065,2,bn:00082788v bn:00082790v
1,v,cooc,WEAK,acquire,acquisire,erarbeiten,,,
2,v,cooc,WEAK,add,unire,ergänzen,,,
3,v,cooc,WEAK,admit,ammettere,bekennen,,,
4,v,cooc,WEAK,attack,attaccare,stürmen,,,
5,v,cooc,WEAK,attend,assistere,besuchen,,,
6,v,cooc,WEAK,base,fondare,basieren,,,
7,v,cooc,WEAK,be,avere,liegen,,,
8,v,cooc,WEAK,bear,portare,tragen,,,
9,v,cooc,WEAK,become,diventare,stehen,,,
10,v,cooc,WEAK,blow,spingere,fliegen,,,
11,v,cooc,WEAK,breed,educare,ziehen,,,
12,v,cooc,WEAK,build,fondare,setzen,,,
13,v,cooc,WEAK,challenge,sfidare,fordern,,,
14,v,cooc,WEAK,climb,salire,steigen,,,
15,v,cooc,WEAK,command,controllare,führen,,,
16,v,cooc,WEAK,compete,concorrere,antreten,,,
17,v,cooc,WEAK,complete,compiere,beenden,,,
18,v,cooc,WEAK,contain,fermare,umfassen,,,
19,v,cooc,WEAK,deal,servire,geben,,,
20,v,cooc,WEAK,decide,pensare,entscheiden,,,
21,v,cooc,WEAK,demand,chiedere,fordern,,,
22,v,cooc,WEAK,depict,rappresentare,beschreiben,,,
23,v,cooc,WEAK,detect,scoprire,ermitteln,,,
24,v,cooc,WEAK,do,eseguire,tun,,,
25,v,cooc,WEAK,draft,tirare,einberufen,,,
26,v,cooc,WEAK,emit,mandare,ausstrahlen,,,
27,v,cooc,WEAK,endorse,girare,bestätigen,,,
28,v,cooc,WEAK,establish,fondare,schaffen,,,
29,v,cooc,WEAK,feature,rappresentare,bringen,,,
30,v,cooc,WEAK,fix,definire,festlegen,,,
31,v,cooc,WEAK,force,costringere,drängen,,,
32,v,cooc,WEAK,form,creare,bilden,,,
33,v,cooc,WEAK,forward,mandare,weiterleiten,,,
34,v,cooc,WEAK,go,partire,gehen,,,
35,v,cooc,WEAK,hand,consegnare,übergeben,,,
36,v,cooc,WEAK,hang,attaccare,liegen,,,
37,v,cooc,WEAK,have,avere,machen,,,
38,v,cooc,WEAK,head,dirigere,gehen,,,
39,v,cooc,WEAK,hit,raggiungere,treffen,,,
40,v,cooc,WEAK,identify,riconoscere,identifizieren,,,
41,v,cooc,WEAK,include,inserire,umfassen,,,
42,v,cooc,WEAK,invite,invitare,laden,,,
43,v,cooc,WEAK,involve,coinvolgere,umfassen,,,
44,v,cooc,WEAK,join,unire,teilnehmen,,,
45,v,cooc,WEAK,keep,osservare,halten,,,
46,v,cooc,WEAK,land,cadere,landen,,,
47,v,cooc,WEAK,launch,lanciare,starten,,,
48,v,cooc,WEAK,lead,portare,führen,,,
49,v,cooc,WEAK,let,lasciare,lassen,,,
50,v,cooc,WEAK,make,creare,machen,,,
51,v,cooc,WEAK,mark,segnare,bezeichnen,,,
52,v,cooc,WEAK,merge,unire,mischen,,,
53,v,cooc,WEAK,move,muovere,gehen,,,
54,v,cooc,WEAK,need,occorrere,brauchen,,,
55,v,cooc,WEAK,obtain,acquisire,erhalten,,,
56,v,cooc,WEAK,open,aprire,beginnen,,,
57,v,cooc,WEAK,pass,esprimere,passieren,,,
58,v,cooc,WEAK,perform,eseguire,erfüllen,,,
59,v,cooc,WEAK,picture,dipingere,beschreiben,,,
60,v,cooc,WEAK,pop,mettere,springen,,,
61,v,cooc,WEAK,portray,raffigurare,verkörpern,,,
62,v,cooc,WEAK,pose,creare,stellen,,,
63,v,cooc,WEAK,produce,presentare,produzieren,,,
64,v,cooc,WEAK,project,spiegare,auftreten,,,
65,v,cooc,WEAK,qualify,definire,bestimmen,,,
66,v,cooc,WEAK,re-sign,lasciare,kündigen,,,
67,v,cooc,WEAK,recommend,consigliare,empfehlen,,,
68,v,cooc,WEAK,release,lasciare,veröffentlichen,,,
69,v,cooc,WEAK,return,tornare,wählen,,,
70,v,cooc,WEAK,reunite,riunire,zusammenführen,,,
71,v,cooc,WEAK,rise,salire,steigen,,,
72,v,cooc,WEAK,run,dirigere,laufen,,,
73,v,cooc,WEAK,score,segnare,erzielen,,,
74,v,cooc,WEAK,share,dividere,teilen,,,
75,v,cooc,WEAK,shed,versare,verlieren,,,
76,v,cooc,WEAK,sign,segnare,unterschreiben,,,
77,v,cooc,WEAK,spend,dedicare,verbringen,,,
78,v,cooc,WEAK,state,affermare,erklären,,,
79,v,cooc,WEAK,stay,fermare,bleiben,,,
80,v,cooc,WEAK,step,venire,treten,,,
81,v,cooc,WEAK,strike,trovare,schlagen,,,
82,v,cooc,WEAK,study,studiare,untersuchen,,,
83,v,cooc,WEAK,suppose,credere,vermuten,,,
84,v,cooc,WEAK,touch,toccare,tippen,,,
85,v,cooc,WEAK,tour,viaggiare,touren,,,
86,v,cooc,WEAK,undergo,sottoporre,erleben,,,
87,v,cooc,WEAK,view,vedere,ansehen,,,
88,v,cooc,WEAK,wander,girare,ziehen,,,
89,v,cooc,WEAK,win,conquistare,gewinnen,,,
