idx_group,pos,rel,weak,lex_en,lex_it,lex_de,score,bs_count,babel_synsets
0,n,head,,chain concatenation,catena,Verkettung Konkatenation Aneinanderreihung,,1,bn:00017487n
1,n,sim,,collection,raccolta,Ansammlung,0.243,0,
2,n,sim,,structure,struttura,Gefüge,0.205,0,
3,n,sim,,list,lista,Auflistung,0.193,0,
4,n,sim,,sequence,sequenza,Sequenz,0.186,2,bn:00070574n bn:00031227n
1,n,sim,WEAK,account,motivo,Schilderung,,,
2,n,sim,WEAK,arrangement,organizzazione,Zusammenstellung,,,
3,n,sim,WEAK,array,insieme,Ansammlung,,,
4,n,sim,WEAK,cluster,gruppo,Haufen,,,
5,n,sim,WEAK,combination,combinazione,Zusammenstellung,,,
6,n,sim,WEAK,construction,costruzione,Gefüge,,,
7,n,sim,WEAK,course,campo,Hergang,,,
8,n,sim,WEAK,event,fatto,Begebenheit,,,
9,n,sim,WEAK,group,gruppo,Zusammenstellung,,,
10,n,sim,WEAK,line,linea,Kette,,,
11,n,sim,WEAK,network,rete,Geflecht,,,
12,n,sim,WEAK,order,assetto,Reihenfolge,,,
13,n,sim,WEAK,organisation,organizzazione,Gliederung,,,
14,n,sim,WEAK,organization,organizzazione,Gliederung,,,
15,n,sim,WEAK,package,pacchetto,Bündel,,,
16,n,sim,WEAK,range,gamma,Kette,,,
17,n,sim,WEAK,sector,settore,Ausschnitt,,,
18,n,sim,WEAK,series,serie,Kette,,,
19,n,sim,WEAK,store,negozio,Fülle,,,
20,n,sim,WEAK,string,corda,Kette,,,
21,n,sim,WEAK,style,stile,Schreibweise,,,
1,n,cooc,,line,linea,Linie,0.213,4,bn:00051289n bn:00051294n bn:00014457n bn:00014165n
1,n,cooc,WEAK,communication,legame,Verbindung,,,
2,n,cooc,WEAK,connection,legame,Verbindung,,,
3,n,cooc,WEAK,link,legame,Verbindung,,,
4,n,cooc,WEAK,operation,effetto,Handhabung,,,
5,n,cooc,WEAK,organisation,organismo,Vereinigung,,,
6,n,cooc,WEAK,price,valore,Opfer,,,
7,n,cooc,WEAK,product,prodotto,Resultat,,,
8,n,cooc,WEAK,range,campo,Auswahl,,,
1,adj,cooc,,causal,causale,kausal,0.463,1,bn:00099396a
2,adj,cooc,,associative,associativo,assoziativ,0.443,0,
3,adj,cooc,,endless,infinito,endlos,0.391,0,
4,adj,cooc,,unbroken,ininterrotto,ununterbrochen,0.379,0,
5,adj,cooc,,linear,lineare,linear,0.355,1,bn:00106013a
6,adj,cooc,,uninterrupted,ininterrotto,ununterbrochen,0.343,1,bn:00100385a
7,adj,cooc,,infinite,infinito,unendlich,0.293,1,bn:00105064a
8,adj,cooc,,complex,complesso,komplex,0.27,0,
9,adj,cooc,,invisible,invisibile,unsichtbar,0.239,0,
1,adj,cooc,WEAK,agile,leggero,geschickt,,,
2,adj,cooc,WEAK,broken,spezzato,unübersichtlich,,,
3,adj,cooc,WEAK,fast,forte,rasant,,,
4,adj,cooc,WEAK,free,indipendente,lose,,,
5,adj,cooc,WEAK,golden,dorato,glücklich,,,
6,adj,cooc,WEAK,light,chiaro,locker,,,
7,adj,cooc,WEAK,literal,proprio,nüchtern,,,
8,adj,cooc,WEAK,logical,lineare,logisch,,,
9,adj,cooc,WEAK,separate,indipendente,separat,,,
1,v,cooc,,trigger,innescare,auslösen,0.299,0,
2,v,cooc,,simplify,semplificare,vereinfachen,0.266,1,bn:00093755v
3,v,cooc,,describe,descrivere,beschreiben,0.265,1,bn:00082233v
4,v,cooc,,enter,entrare,eintreten,0.252,1,bn:00085363v
5,v,cooc,,loosen,allentare,lösen,0.243,0,
6,v,cooc,,exist,esistere,bestehen,0.221,1,bn:00083184v
7,v,cooc,,terminate,terminare,enden,0.216,0,
8,v,cooc,,develop,sviluppare,entstehen,0.216,0,
9,v,cooc,,constitute,costituire,darstellen,0.172,1,bn:00083187v
10,v,cooc,,end,finire,enden,0.17,0,
11,v,cooc,,reach,raggiungere,gelangen,0.144,0,
12,v,cooc,,permit,permettere,erlauben,0.13,1,bn:00082536v
13,v,cooc,,represent,rappresentare,darstellen,0.113,1,bn:00083187v
14,v,cooc,,follow,seguire,folgen,0.025,1,bn:00088020v
1,v,cooc,WEAK,acquire,acquisire,gelangen,,,
2,v,cooc,WEAK,arise,nascere,entstehen,,,
3,v,cooc,WEAK,buy,comprare,lösen,,,
4,v,cooc,WEAK,carry,portare,führen,,,
5,v,cooc,WEAK,close,chiudere,auflösen,,,
6,v,cooc,WEAK,come,nascere,eintreten,,,
7,v,cooc,WEAK,compose,comporre,zusammensetzen,,,
8,v,cooc,WEAK,conclude,terminare,realisieren,,,
9,v,cooc,WEAK,connect,collegare,landen,,,
10,v,cooc,WEAK,control,controllare,führen,,,
11,v,cooc,WEAK,cover,coprire,verbergen,,,
12,v,cooc,WEAK,drive,portare,führen,,,
13,v,cooc,WEAK,encompass,contenere,herbeiführen,,,
14,v,cooc,WEAK,expect,contare,erwarten,,,
15,v,cooc,WEAK,fall,cadere,eintreten,,,
16,v,cooc,WEAK,feed,alimentare,führen,,,
17,v,cooc,WEAK,grow,diventare,entstehen,,,
18,v,cooc,WEAK,hold,tenere,glauben,,,
19,v,cooc,WEAK,keep,tenere,führen,,,
20,v,cooc,WEAK,lead,portare,führen,,,
21,v,cooc,WEAK,lift,elevare,aufheben,,,
22,v,cooc,WEAK,loose,sciogliere,befreien,,,
23,v,cooc,WEAK,make,creare,ergeben,,,
24,v,cooc,WEAK,manage,gestire,führen,,,
25,v,cooc,WEAK,mean,dire,bezeichnen,,,
26,v,cooc,WEAK,open,aprire,führen,,,
27,v,cooc,WEAK,operate,operare,wirken,,,
28,v,cooc,WEAK,originate,nascere,entstehen,,,
29,v,cooc,WEAK,play,puntare,darstellen,,,
30,v,cooc,WEAK,produce,produrre,ergeben,,,
31,v,cooc,WEAK,release,liberare,lösen,,,
32,v,cooc,WEAK,remove,togliere,lösen,,,
33,v,cooc,WEAK,result,risultare,resultieren,,,
34,v,cooc,WEAK,ring,tintinnare,klingen,,,
35,v,cooc,WEAK,run,funzionare,führen,,,
36,v,cooc,WEAK,see,esaminare,lesen,,,
37,v,cooc,WEAK,sell,vendere,handeln,,,
38,v,cooc,WEAK,show,rappresentare,aufzeigen,,,
39,v,cooc,WEAK,spark,provocare,auslösen,,,
40,v,cooc,WEAK,stock,tenere,führen,,,
41,v,cooc,WEAK,take,assumere,führen,,,
42,v,cooc,WEAK,test,esaminare,analysieren,,,
43,v,cooc,WEAK,trace,tracciare,folgen,,,
