idx_group,pos,rel,weak,lex_en,lex_it,lex_de,score,bs_count,babel_synsets
0,n,head,,goal,gol porta rete,Tor,,1,bn:00040846n
1,n,sim,,play,gioco,Spiel,0.381,2,bn:00037180n bn:00007800n
2,n,sim,,point,punto,Punkt,0.376,4,bn:00063218n bn:00063214n bn:00036777n bn:00063223n
3,n,sim,,game,gioco,Spiel,0.373,2,bn:00037180n bn:00037182n
4,n,sim,,win,vittoria,Sieg,0.348,2,bn:00081253n bn:00078365n
5,n,sim,,system,sistema,Anlage,0.34,0,
6,n,sim,,victory,vittoria,Sieg,0.34,1,bn:00078365n
7,n,sim,,action,azione,Aktion,0.33,0,
8,n,sim,,team,squadra,Team,0.326,2,bn:00030339n bn:00073699n
9,n,sim,,movement,movimento,Bewegung,0.324,3,bn:00036632n bn:00056030n bn:00056029n
10,n,sim,,line,linea,Linie,0.319,4,bn:00051294n bn:00014457n bn:00051289n bn:00014165n
11,n,sim,,result,risultato,Ergebnis,0.319,3,bn:00021961n bn:00034520n bn:00004452n
12,n,sim,,power,energia,Leistung,0.318,1,bn:00063941n
13,n,sim,,lead,guida,Führung,0.317,0,
14,n,sim,,match,partita,Spiel,0.316,0,
15,n,sim,,move,movimento,Bewegung,0.316,1,bn:00056029n
16,n,sim,,programme,programma,Programm,0.316,2,bn:00013235n bn:00021492n
17,n,sim,,training,formazione,Training,0.316,2,bn:00041853n bn:00012992n
18,n,sim,,project,progetto,Projekt,0.315,1,bn:00064665n
19,n,sim,,unit,unità,Einheit,0.315,1,bn:00079106n
20,n,sim,,work,lavoro,Arbeit,0.315,5,bn:00081570n bn:00030625n bn:00014138n bn:00030616n bn:00081569n
21,n,sim,,form,forma,Form,0.313,11,bn:00035912n bn:00035908n bn:00035913n bn:00035915n bn:00035907n bn:00021751n bn:00035909n bn:00026512n bn:00003882n bn:00016529n bn:00035911n
22,n,sim,,position,posizione,Position,0.312,10,bn:00063706n bn:00061746n bn:00063704n bn:00063708n bn:00054979n bn:00010073n bn:00062704n bn:00063703n bn:00063707n bn:00007048n
23,n,sim,,contribution,contributo,Beitrag,0.311,1,bn:00022272n
24,n,sim,,event,evento,Ereignis,0.311,2,bn:00032021n bn:00032022n
25,n,sim,,case,caso,Fall,0.307,3,bn:00016402n bn:00016411n bn:00016403n
26,n,sim,,number,numero,Nummer,0.307,1,bn:02929223n
27,n,sim,,group,gruppo,Gruppe,0.305,4,bn:00041943n bn:00041942n bn:00073698n bn:00018111n
28,n,sim,,half,mezzo,Hälfte,0.304,1,bn:00042601n
29,n,sim,,program,programma,Programm,0.303,4,bn:00013235n bn:00021492n bn:00062899n bn:00021497n
30,n,sim,,place,posto,Platz,0.302,1,bn:00062699n
31,n,sim,,side,lato,Seite,0.301,2,bn:00032604n bn:00071433n
32,n,sim,,situation,situazione,Situation,0.301,3,bn:00063707n bn:00071858n bn:00071869n
33,n,sim,,objective,obiettivo,Ziel,0.299,1,bn:00002179n
34,n,sim,,way,modo,Weg,0.297,1,bn:00033729n
35,n,sim,,target,obiettivo,Ziel,0.295,1,bn:00002179n
36,n,sim,,time,tempo,Zeit,0.295,2,bn:00077270n bn:00076545n
37,n,sim,,market,mercato,Markt,0.294,3,bn:00053459n bn:00053458n bn:00053461n
38,n,sim,,future,futuro,Zukunft,0.292,2,bn:00036942n bn:00036941n
39,n,sim,,home,casa,Haus,0.292,2,bn:00044994n bn:00000356n
40,n,sim,,story,storia,Geschichte,0.291,2,bn:00000738n bn:00056857n
41,n,sim,,history,storia,Geschichte,0.289,4,bn:00000738n bn:00044268n bn:00044270n bn:00044267n
42,n,sim,,moment,momento,Moment,0.287,5,bn:00010728n bn:00055596n bn:00046942n bn:00055597n bn:00077679n
43,n,sim,,part,parte,Teil,0.287,1,bn:00021395n
44,n,sim,,view,vista,Blick,0.287,0,
45,n,sim,,thing,cosa,Sache,0.286,2,bn:00001734n bn:00076925n
46,n,sim,,start,inizio,Start,0.285,4,bn:00009632n bn:00009636n bn:00009633n bn:00073989n
47,n,sim,,title,titolo,Titel,0.285,3,bn:00077409n bn:00077412n bn:00035925n
48,n,sim,,investment,investimento,Anlage,0.284,0,
49,n,sim,,series,serie,Serie,0.284,5,bn:00070597n bn:00070611n bn:00070609n bn:00031227n bn:00070613n
50,n,sim,,period,tempo,Zeit,0.282,0,
51,n,sim,,success,successo,Erfolg,0.281,1,bn:00075023n
52,n,sim,,end,fine,Ende,0.278,3,bn:00019919n bn:00030719n bn:00030722n
53,n,sim,,season,stagione,Saison,0.278,2,bn:00072547n bn:00070056n
54,n,sim,,class,classe,Klasse,0.277,6,bn:00019479n bn:00019482n bn:00019477n bn:00019478n bn:00016733n bn:00019483n
55,n,sim,,world,mondo,Welt,0.276,3,bn:00029424n bn:00022991n bn:00045153n
56,n,sim,,night,notte,Nacht,0.275,2,bn:00025236n bn:00057666n
57,n,sim,,outcome,risultato,Ergebnis,0.275,2,bn:00021961n bn:00034520n
58,n,sim,,strength,forza,Kraft,0.274,1,bn:00074615n
59,n,sim,,shot,colpo,Schuss,0.273,1,bn:00071206n
60,n,sim,,chance,possibilità,Chance,0.272,2,bn:00017621n bn:00017624n
61,n,sim,,force,forza,Kraft,0.272,2,bn:00035767n bn:00035768n
62,n,sim,,player,giocatore,Spieler,0.27,1,bn:00060799n
63,n,sim,,direction,direzione,Richtung,0.268,1,bn:00027353n
64,n,sim,,minute,minuto,Minute,0.268,4,bn:00046942n bn:00005459n bn:00055094n bn:00010728n
65,n,sim,,life,vita,Leben,0.266,4,bn:00002761n bn:00051045n bn:00051047n bn:00051054n
66,n,sim,,spot,posto,Stelle,0.265,1,bn:00062699n
67,n,sim,,test,prova,Test,0.265,4,bn:00032089n bn:00032095n bn:00076648n bn:00076647n
68,n,sim,,competition,concorrenza,Turnier,0.263,0,
69,n,sim,,family,famiglia,Familie,0.262,2,bn:00032893n bn:00032896n
70,n,sim,,day,giorno,Tag,0.261,5,bn:00000086n bn:00025422n bn:00025419n bn:00025417n bn:00025424n
71,n,sim,,city,città,Stadt,0.26,1,bn:00019319n
72,n,sim,,ball,palla,Ball,0.258,4,bn:00008120n bn:00013807n bn:00008124n bn:00008122n
73,n,sim,,contract,contratto,Vertrag,0.258,1,bn:00022227n
74,n,sim,,development,sviluppo,Entwicklung,0.255,1,bn:07804057n
75,n,sim,,question,domanda,Frage,0.255,1,bn:00047208n
76,n,sim,,experience,esperienza,Erfahrung,0.251,2,bn:00032307n bn:00032306n
77,n,sim,,idea,idea,Idee,0.251,1,bn:00045800n
78,n,sim,,leader,capo,Kopf,0.25,0,
79,n,sim,,piece,pezzo,Stück,0.249,2,bn:00062299n bn:00062297n
80,n,sim,,man,uomo,Mann,0.248,1,bn:00001533n
81,n,sim,,job,lavoro,Arbeit,0.246,4,bn:00014138n bn:00030625n bn:00030616n bn:00018756n
82,n,sim,,week,settimana,Woche,0.246,1,bn:00043484n
83,n,sim,,field,campo,Feld,0.245,4,bn:00034265n bn:00006752n bn:00034267n bn:00034273n
84,n,sim,,role,ruolo,Rolle,0.245,1,bn:00068130n
85,n,sim,,choice,scelta,Wahl,0.244,3,bn:00003132n bn:00018660n bn:00018661n
86,n,sim,,defense,difesa,Abwehr,0.244,1,bn:00025871n
87,n,sim,,theme,tema,Thema,0.244,3,bn:00045803n bn:00056025n bn:00074900n
88,n,sim,,problem,problema,Problem,0.243,3,bn:00064527n bn:00064526n bn:00048242n
89,n,sim,,year,anno,Jahr,0.243,3,bn:00006662n bn:00081857n bn:00078738n
90,n,sim,,score,punteggio,Ergebnis,0.241,0,
91,n,sim,,book,libro,Buch,0.239,2,bn:00012066n bn:00012059n
92,n,sim,,nature,natura,Art,0.237,0,
93,n,sim,,policy,politica,Politik,0.237,1,bn:00063329n
94,n,sim,,description,genere,Art,0.236,0,
95,n,sim,,price,prezzo,Preis,0.234,2,bn:00025083n bn:00022996n
96,n,sim,,factor,momento,Moment,0.232,0,
97,n,sim,,run,corsa,Lauf,0.231,1,bn:00068552n
98,n,sim,,issue,problema,Problem,0.23,0,
99,n,sim,,topic,tema,Thema,0.23,2,bn:00045803n bn:00074900n
100,n,sim,,proposal,proposta,Angebot,0.229,1,bn:03851567n
101,n,sim,,return,ritorno,Rückkehr,0.223,1,bn:00044531n
102,n,sim,,fan,tifoso,Fan,0.221,1,bn:00033600n
103,n,sim,,figure,cifra,Figur,0.221,0,
104,n,sim,,second,secondo,Sekunde,0.22,2,bn:00068672n bn:00010728n
105,n,sim,,football,calcio,Fußball,0.215,3,bn:00006547n bn:00035704n bn:00008122n
106,n,sim,,attack,attacco,Angriff,0.212,2,bn:00006466n bn:00006994n
107,n,sim,,step,passo,Schritt,0.211,2,bn:00054018n bn:00025152n
108,n,sim,,demand,domanda,Frage,0.209,0,
109,n,sim,,club,club,Verein,0.204,1,bn:00020039n
110,n,sim,,career,carriera,Karriere,0.201,1,bn:00014839n
111,n,sim,,performance,performance,Leistung,0.197,1,bn:00016286n
112,n,sim,,word,parola,Wort,0.194,1,bn:00081546n
113,n,sim,,attempt,tentativo,Versuch,0.189,1,bn:00007011n
114,n,sim,,possibility,possibilità,Möglichkeit,0.182,1,bn:00017621n
115,n,sim,,rate,tariffa,Preis,0.18,0,
116,n,sim,,stage,fase,Bühne,0.176,0,
117,n,sim,,conclusion,conclusione,Abschluss,0.172,0,
118,n,sim,,set,set,Satz,0.161,1,bn:15500120n
1,n,sim,WEAK,achievement,realizzazione,Leistung,,,
2,n,sim,WEAK,act,gesto,Werk,,,
3,n,sim,WEAK,aim,meta,Ziel,,,
4,n,sim,WEAK,appearance,aspetto,Auftritt,,,
5,n,sim,WEAK,area,zona,Raum,,,
6,n,sim,WEAK,balance,bilancio,Ausgleich,,,
7,n,sim,WEAK,base,base,Boden,,,
8,n,sim,WEAK,behavior,funzionamento,Art,,,
9,n,sim,WEAK,benefit,vantaggio,Leistung,,,
10,n,sim,WEAK,bill,documento,Programm,,,
11,n,sim,WEAK,business,azienda,Geschäft,,,
12,n,sim,WEAK,call,appello,Gespräch,,,
13,n,sim,WEAK,campaign,campagna,Aktion,,,
14,n,sim,WEAK,capacity,capacità,Leistung,,,
15,n,sim,WEAK,card,carta,Karte,,,
16,n,sim,WEAK,cause,origine,Grund,,,
17,n,sim,WEAK,challenge,sfida,Problem,,,
18,n,sim,WEAK,change,resto,Wechsel,,,
19,n,sim,WEAK,character,personaggio,Figur,,,
20,n,sim,WEAK,characteristic,caratteristica,Zug,,,
21,n,sim,WEAK,commitment,impegno,Einsatz,,,
22,n,sim,WEAK,component,componente,Teil,,,
23,n,sim,WEAK,consequence,risultato,Folge,,,
24,n,sim,WEAK,cost,costo,Preis,,,
25,n,sim,WEAK,course,corso,Lauf,,,
26,n,sim,WEAK,deal,accordo,Geschäft,,,
27,n,sim,WEAK,decision,conclusione,Entscheidung,,,
28,n,sim,WEAK,degree,livello,Abschluss,,,
29,n,sim,WEAK,effect,risultato,Folge,,,
30,n,sim,WEAK,effort,fatica,Versuch,,,
31,n,sim,WEAK,element,elemento,Moment,,,
32,n,sim,WEAK,employment,occupazione,Arbeit,,,
33,n,sim,WEAK,estimate,valutazione,Angebot,,,
34,n,sim,WEAK,feature,caratteristica,Zug,,,
35,n,sim,WEAK,function,funzione,Aufgabe,,,
36,n,sim,WEAK,governance,governo,Führung,,,
37,n,sim,WEAK,growth,crescita,Entwicklung,,,
38,n,sim,WEAK,hit,successo,Treffer,,,
39,n,sim,WEAK,indicator,indicatore,Uhr,,,
40,n,sim,WEAK,injury,danno,Verletzung,,,
41,n,sim,WEAK,kind,tipo,Art,,,
42,n,sim,WEAK,league,associazione,Liga,,,
43,n,sim,WEAK,level,livello,Stand,,,
44,n,sim,WEAK,list,elenco,Programm,,,
45,n,sim,WEAK,lot,partita,Partie,,,
46,n,sim,WEAK,management,gestione,Führung,,,
47,n,sim,WEAK,mark,marchio,Mal,,,
48,n,sim,WEAK,matter,materia,Sache,,,
49,n,sim,WEAK,mechanism,meccanismo,Werk,,,
50,n,sim,WEAK,method,metodo,Weg,,,
51,n,sim,WEAK,name,nome,Name,,,
52,n,sim,WEAK,object,oggetto,Ziel,,,
53,n,sim,WEAK,obligation,obbligo,Leistung,,,
54,n,sim,WEAK,operation,funzionamento,Einsatz,,,
55,n,sim,WEAK,opportunity,occasione,Möglichkeit,,,
56,n,sim,WEAK,option,scelta,Möglichkeit,,,
57,n,sim,WEAK,order,ordine,Folge,,,
58,n,sim,WEAK,organization,organizzazione,Veranstaltung,,,
59,n,sim,WEAK,output,produzione,Leistung,,,
60,n,sim,WEAK,pass,passaggio,Bewegung,,,
61,n,sim,WEAK,plan,piano,Programm,,,
62,n,sim,WEAK,practice,pratica,Training,,,
63,n,sim,WEAK,product,prodotto,Werk,,,
64,n,sim,WEAK,production,produzione,Entwicklung,,,
65,n,sim,WEAK,progress,corso,Bewegung,,,
66,n,sim,WEAK,promotion,promozione,Aktion,,,
67,n,sim,WEAK,purpose,fine,Ziel,,,
68,n,sim,WEAK,quality,qualità,Wahl,,,
69,n,sim,WEAK,quarter,quarto,Seite,,,
70,n,sim,WEAK,race,gara,Rennen,,,
71,n,sim,WEAK,round,turno,Runde,,,
72,n,sim,WEAK,sale,vendita,Geschäft,,,
73,n,sim,WEAK,scheme,sistema,Programm,,,
74,n,sim,WEAK,scope,ambito,Raum,,,
75,n,sim,WEAK,service,servizio,Leistung,,,
76,n,sim,WEAK,show,spettacolo,Turnier,,,
77,n,sim,WEAK,standard,norma,Einheit,,,
78,n,sim,WEAK,state,stato,Stand,,,
79,n,sim,WEAK,status,stato,Stand,,,
80,n,sim,WEAK,strike,colpo,Angriff,,,
81,n,sim,WEAK,structure,struttura,Gebäude,,,
82,n,sim,WEAK,style,modello,Art,,,
83,n,sim,WEAK,subject,oggetto,Thema,,,
84,n,sim,WEAK,task,lavoro,Aufgabe,,,
85,n,sim,WEAK,term,termine,Wort,,,
86,n,sim,WEAK,trend,corso,Entwicklung,,,
87,n,sim,WEAK,type,tipo,Art,,,
88,n,sim,WEAK,use,uso,Einsatz,,,
89,n,sim,WEAK,vision,visione,Vorstellung,,,
1,n,cooc,,difference,differenza,Unterschied,0.71,1,bn:00027022n
2,n,cooc,,opening,apertura,Öffnung,0.627,0,
3,n,cooc,,mouth,apertura,Öffnung,0.589,0,
4,n,cooc,,ball,palla,Ball,0.553,4,bn:00008120n bn:00013807n bn:00008124n bn:00008122n
5,n,cooc,,scorer,marcatore,Torschütze,0.549,0,
6,n,cooc,,match,partita,Spiel,0.494,0,
7,n,cooc,,minute,minuto,Minute,0.488,4,bn:00046942n bn:00005459n bn:00055094n bn:00010728n
8,n,cooc,,play,gioco,Spiel,0.482,2,bn:00037180n bn:00007800n
9,n,cooc,,point,punto,Punkt,0.481,4,bn:00063218n bn:00063214n bn:00036777n bn:00063223n
10,n,cooc,,chance,possibilità,Chance,0.479,2,bn:00017621n bn:00017624n
11,n,cooc,,game,gioco,Spiel,0.479,2,bn:00037180n bn:00037182n
12,n,cooc,,win,vittoria,Sieg,0.477,2,bn:00081253n bn:00078365n
13,n,cooc,,lead,comando,Führung,0.449,0,
14,n,cooc,,direction,direzione,Richtung,0.448,1,bn:00027353n
15,n,cooc,,frame,cornice,Rahmen,0.448,1,bn:03336864n
16,n,cooc,,shot,colpo,Schuss,0.446,1,bn:00071206n
17,n,cooc,,victory,vittoria,Sieg,0.446,1,bn:00078365n
18,n,cooc,,cap,coperchio,Deckel,0.442,1,bn:00051011n
19,n,cooc,,line,linea,Linie,0.441,4,bn:00051294n bn:00014457n bn:00051289n bn:00014165n
20,n,cooc,,career,carriera,Karriere,0.427,1,bn:00014839n
21,n,cooc,,end,fine,Ende,0.426,3,bn:00019919n bn:00030719n bn:00030722n
22,n,cooc,,season,stagione,Saison,0.413,2,bn:00072547n bn:00070056n
23,n,cooc,,record,record,Rekord,0.406,1,bn:00066577n
24,n,cooc,,power,energia,Leistung,0.405,1,bn:00063941n
25,n,cooc,,performance,prestazione,Leistung,0.403,1,bn:00016286n
26,n,cooc,,header,testata,Kopfball,0.398,0,
27,n,cooc,,period,tempo,Zeit,0.395,0,
28,n,cooc,,defense,difesa,Verteidigung,0.393,3,bn:00025880n bn:00025878n bn:00025871n
29,n,cooc,,half,mezzo,Hälfte,0.392,1,bn:00042601n
30,n,cooc,,defence,difesa,Verteidigung,0.389,3,bn:00025880n bn:00025878n bn:00025871n
31,n,cooc,,action,azione,Aktion,0.386,0,
32,n,cooc,,stand,posto,Platz,0.377,0,
33,n,cooc,,team,squadra,Team,0.373,2,bn:00030339n bn:00073699n
34,n,cooc,,soccer,calcio,Fußball,0.37,1,bn:00006547n
35,n,cooc,,number,numero,Anzahl,0.355,1,bn:00034394n
36,n,cooc,,policy,politica,Politik,0.348,1,bn:00063329n
37,n,cooc,,second,secondo,Sekunde,0.343,2,bn:00068672n bn:00010728n
38,n,cooc,,outcome,risultato,Ergebnis,0.342,2,bn:00021961n bn:00034520n
39,n,cooc,,net,rete,Netz,0.341,4,bn:00057367n bn:00054497n bn:00024712n bn:00034434n
40,n,cooc,,mean,mezzo,Mitte,0.33,0,
41,n,cooc,,result,risultato,Ergebnis,0.328,3,bn:00021961n bn:00034520n bn:00004452n
42,n,cooc,,medium,mezzo,Mitte,0.326,0,
43,n,cooc,,set,serie,Serie,0.325,2,bn:00032207n bn:00070696n
44,n,cooc,,network,rete,Netz,0.307,2,bn:00024712n bn:00054497n
45,n,cooc,,sector,settore,Bereich,0.229,0,
46,n,cooc,,area,zona,Bereich,0.2,1,bn:00082076n
1,n,cooc,WEAK,ability,capacità,Können,,,
2,n,cooc,WEAK,accomplishment,realizzazione,Leistung,,,
3,n,cooc,WEAK,achievement,realizzazione,Leistung,,,
4,n,cooc,WEAK,advantage,vantaggio,Vorzug,,,
5,n,cooc,WEAK,audience,pubblico,Zuschauer,,,
6,n,cooc,WEAK,average,media,Schnitt,,,
7,n,cooc,WEAK,background,ambiente,Kulisse,,,
8,n,cooc,WEAK,business,azienda,Geschichte,,,
9,n,cooc,WEAK,capacity,capacità,Leistung,,,
10,n,cooc,WEAK,column,pacchetto,Säule,,,
11,n,cooc,WEAK,company,azienda,Besuch,,,
12,n,cooc,WEAK,concern,impresa,Bedeutung,,,
13,n,cooc,WEAK,contribution,collaborazione,Anteil,,,
14,n,cooc,WEAK,effort,costo,Mühe,,,
15,n,cooc,WEAK,energy,energia,Schwung,,,
16,n,cooc,WEAK,framework,struttura,Rahmen,,,
17,n,cooc,WEAK,kick,calcio,Schuss,,,
18,n,cooc,WEAK,league,federazione,Liga,,,
19,n,cooc,WEAK,level,livello,Höhe,,,
20,n,cooc,WEAK,mark,segno,Marke,,,
21,n,cooc,WEAK,meeting,gara,Begegnung,,,
22,n,cooc,WEAK,pace,velocità,Tempo,,,
23,n,cooc,WEAK,pass,passaggio,Pass,,,
24,n,cooc,WEAK,path,via,Weg,,,
25,n,cooc,WEAK,penalty,punizione,Elfmeter,,,
26,n,cooc,WEAK,post,posta,Pfosten,,,
27,n,cooc,WEAK,role,parte,Partie,,,
28,n,cooc,WEAK,rush,corsa,Sturm,,,
29,n,cooc,WEAK,sale,vendita,Abschluss,,,
30,n,cooc,WEAK,save,parata,Abwehr,,,
31,n,cooc,WEAK,score,segno,Ergebnis,,,
32,n,cooc,WEAK,setting,ambiente,Rahmen,,,
33,n,cooc,WEAK,sheet,muro,Bogen,,,
34,n,cooc,WEAK,situation,posto,Situation,,,
35,n,cooc,WEAK,square,squadra,Platz,,,
36,n,cooc,WEAK,start,avviamento,Vorsprung,,,
37,n,cooc,WEAK,step,gradino,Abschnitt,,,
38,n,cooc,WEAK,strike,colpo,Angriff,,,
39,n,cooc,WEAK,support,supporto,Rückhalt,,,
40,n,cooc,WEAK,target,segno,Scheibe,,,
41,n,cooc,WEAK,weight,peso,Bedeutung,,,
42,n,cooc,WEAK,work,meccanismo,Leistung,,,
1,adj,cooc,,decisive,decisivo,entscheidend,0.541,1,bn:00101014a
2,adj,cooc,,simple,facile,einfach,0.504,1,bn:00101973a
3,adj,cooc,,own,proprio,eigen,0.488,1,bn:00096707a
4,adj,cooc,,only,solo,einzig,0.475,0,
5,adj,cooc,,crucial,cruciale,entscheidend,0.472,0,
6,adj,cooc,,direct,diretto,direkt,0.466,0,
7,adj,cooc,,lone,solo,einzig,0.464,0,
8,adj,cooc,,critical,cruciale,entscheidend,0.447,0,
9,adj,cooc,,quick,veloce,schnell,0.431,1,bn:00102807a
10,adj,cooc,,nice,bello,schön,0.43,0,
11,adj,cooc,,important,importante,wichtig,0.428,0,
12,adj,cooc,,fast,veloce,schnell,0.417,4,bn:00109438a bn:00102807a bn:00102805a bn:00102802a
13,adj,cooc,,spectacular,spettacolare,spektakulär,0.397,0,
14,adj,cooc,,easy,facile,leicht,0.386,1,bn:00101973a
15,adj,cooc,,great,grande,toll,0.375,0,
16,adj,cooc,,incredible,incredibile,unglaublich,0.371,1,bn:00104891a
17,adj,cooc,,straight,dritto,direkt,0.371,0,
18,adj,cooc,,central,centrale,zentral,0.367,0,
1,adj,cooc,WEAK,big,grande,weit,,,
2,adj,cooc,WEAK,broad,ampio,weit,,,
3,adj,cooc,WEAK,clear,libero,deutlich,,,
4,adj,cooc,WEAK,common,normale,häufig,,,
5,adj,cooc,WEAK,consistent,coerente,konsequent,,,
6,adj,cooc,WEAK,crazy,pazzesco,toll,,,
7,adj,cooc,WEAK,early,primo,früh,,,
8,adj,cooc,WEAK,exclusive,chiuso,einzig,,,
9,adj,cooc,WEAK,fantastic,fantastico,toll,,,
10,adj,cooc,WEAK,future,futuro,später,,,
11,adj,cooc,WEAK,good,buono,schön,,,
12,adj,cooc,WEAK,hard,difficile,scharf,,,
13,adj,cooc,WEAK,high,alto,rot,,,
14,adj,cooc,WEAK,immediate,diretto,unmittelbar,,,
15,adj,cooc,WEAK,individual,singolo,eigen,,,
16,adj,cooc,WEAK,late,ultimo,spät,,,
17,adj,cooc,WEAK,long,lungo,weit,,,
18,adj,cooc,WEAK,obvious,visibile,deutlich,,,
19,adj,cooc,WEAK,short,poco,knapp,,,
20,adj,cooc,WEAK,smart,intelligente,schnell,,,
21,adj,cooc,WEAK,solitary,isolato,verlassen,,,
22,adj,cooc,WEAK,stunning,stupendo,toll,,,
23,adj,cooc,WEAK,total,totale,völlig,,,
24,adj,cooc,WEAK,tough,difficile,scharf,,,
25,adj,cooc,WEAK,wide,ampio,weit,,,
26,adj,cooc,WEAK,winning,vincente,entscheidend,,,
1,v,cooc,,achieve,raggiungere,erzielen,0.576,0,
2,v,cooc,,mark,segnare,markieren,0.524,0,
3,v,cooc,,attain,raggiungere,erzielen,0.475,0,
4,v,cooc,,miss,mancare,verpassen,0.46,0,
5,v,cooc,,allow,consentire,zulassen,0.436,0,
6,v,cooc,,shoot,girare,schießen,0.429,0,
7,v,cooc,,reach,raggiungere,gelangen,0.418,0,
8,v,cooc,,win,vincere,gewinnen,0.413,2,bn:00084086v bn:00095777v
9,v,cooc,,keep,tenere,halten,0.4,0,
10,v,cooc,,make,fare,machen,0.4,3,bn:00086008v bn:00084198v bn:00086013v
11,v,cooc,,get,arrivare,bekommen,0.395,0,
12,v,cooc,,pull,tirare,ziehen,0.39,1,bn:00092138v
13,v,cooc,,put,mettere,setzen,0.383,0,
14,v,cooc,,assist,assistere,helfen,0.382,1,bn:00082481v
15,v,cooc,,block,bloccare,versperren,0.382,2,bn:00083630v bn:00083103v
16,v,cooc,,contribute,contribuire,beitragen,0.38,0,
17,v,cooc,,decide,decidere,entscheiden,0.38,2,bn:00082354v bn:00086370v
18,v,cooc,,help,aiutare,helfen,0.379,1,bn:00082481v
19,v,cooc,,promote,promuovere,befördern,0.377,0,
20,v,cooc,,complete,completare,abschließen,0.376,0,
21,v,cooc,,develop,sviluppare,entstehen,0.374,0,
22,v,cooc,,advance,avanzare,avancieren,0.372,0,
23,v,cooc,,do,fare,tun,0.364,1,bn:00082286v
24,v,cooc,,maintain,mantenere,halten,0.362,0,
25,v,cooc,,move,muovere,bewegen,0.358,0,
26,v,cooc,,separate,separare,trennen,0.357,0,
27,v,cooc,,bring,portare,bringen,0.35,1,bn:00084058v
28,v,cooc,,earn,meritare,verdienen,0.349,0,
29,v,cooc,,seem,sembrare,scheinen,0.348,1,bn:00082690v
30,v,cooc,,build,costruire,bauen,0.347,1,bn:00084198v
31,v,cooc,,create,creare,schaffen,0.347,1,bn:00086009v
32,v,cooc,,count,contare,zählen,0.345,0,
33,v,cooc,,prove,dimostrare,beweisen,0.343,2,bn:00092110v bn:00086567v
34,v,cooc,,follow,seguire,folgen,0.339,1,bn:00088020v
35,v,cooc,,extend,estendere,verlängern,0.338,0,
36,v,cooc,,leave,lasciare,verlassen,0.338,1,bn:00087845v
37,v,cooc,,see,vedere,sehen,0.336,2,bn:00092443v bn:00093430v
38,v,cooc,,save,salvare,retten,0.334,1,bn:00084105v
39,v,cooc,,beat,battere,schlagen,0.332,3,bn:00083265v bn:00083248v bn:00083247v
40,v,cooc,,deserve,meritare,verdienen,0.331,0,
41,v,cooc,,require,necessitare,benötigen,0.331,0,
42,v,cooc,,change,cambiare,ändern,0.329,1,bn:00082553v
43,v,cooc,,imply,significare,bedeuten,0.327,1,bn:00087672v
44,v,cooc,,equalise,pareggiare,ausgleichen,0.326,0,
45,v,cooc,,find,trovare,finden,0.325,2,bn:00084231v bn:00088204v
46,v,cooc,,send,mandare,schicken,0.324,1,bn:00093485v
47,v,cooc,,retain,tenere,behalten,0.323,1,bn:00089386v
48,v,cooc,,attempt,tentare,versuchen,0.32,1,bn:00082844v
49,v,cooc,,remain,rimanere,bleiben,0.319,3,bn:00085719v bn:00092756v bn:00091562v
50,v,cooc,,come,venire,kommen,0.318,1,bn:00085335v
51,v,cooc,,serve,servire,dienen,0.318,1,bn:00082867v
52,v,cooc,,give,dare,geben,0.313,2,bn:00088825v bn:00088815v
53,v,cooc,,turn,girare,drehen,0.312,1,bn:00095233v
54,v,cooc,,appear,sembrare,scheinen,0.311,1,bn:00082690v
55,v,cooc,,hit,colpire,treffen,0.31,0,
56,v,cooc,,look,guardare,sehen,0.308,0,
57,v,cooc,,mean,dire,bedeuten,0.304,1,bn:00089805v
58,v,cooc,,take,prendere,nehmen,0.3,3,bn:00088762v bn:00085689v bn:00094731v
59,v,cooc,,choose,scegliere,aussuchen,0.299,0,
60,v,cooc,,aim,mirare,zielen,0.295,0,
61,v,cooc,,constitute,costituire,bilden,0.294,1,bn:00083187v
62,v,cooc,,satisfy,soddisfare,genügen,0.293,0,
63,v,cooc,,try,tentare,versuchen,0.291,2,bn:00082844v bn:00087731v
64,v,cooc,,break,rompere,brechen,0.289,2,bn:00083904v bn:00083950v
65,v,cooc,,celebrate,celebrare,feiern,0.288,1,bn:00084714v
66,v,cooc,,push,spingere,drücken,0.288,0,
67,v,cooc,,strike,colpire,schlagen,0.285,0,
68,v,cooc,,accord,concedere,gewähren,0.284,0,
69,v,cooc,,reduce,ridurre,senken,0.281,0,
70,v,cooc,,need,necessitare,brauchen,0.279,0,
71,v,cooc,,increase,aumentare,erhöhen,0.273,1,bn:00089667v
72,v,cooc,,happen,succedere,passieren,0.258,1,bn:00083286v
73,v,cooc,,present,presentare,vorlegen,0.236,0,
74,v,cooc,,fly,volare,fliegen,0.223,2,bn:00088378v bn:00088386v
1,v,cooc,WEAK,accomplish,realizzare,leisten,,,
2,v,cooc,WEAK,adopt,approvare,nehmen,,,
3,v,cooc,WEAK,agree,consentire,passen,,,
4,v,cooc,WEAK,approach,accedere,angehen,,,
5,v,cooc,WEAK,arrive,arrivare,kommen,,,
6,v,cooc,WEAK,bag,insaccare,fangen,,,
7,v,cooc,WEAK,balance,saldare,ausgleichen,,,
8,v,cooc,WEAK,be,avere,liegen,,,
9,v,cooc,WEAK,become,diventare,stehen,,,
10,v,cooc,WEAK,cancel,cancellare,beenden,,,
11,v,cooc,WEAK,cap,superare,verschließen,,,
12,v,cooc,WEAK,chase,inseguire,jagen,,,
13,v,cooc,WEAK,collect,collezionare,kassieren,,,
14,v,cooc,WEAK,concern,interessare,angehen,,,
15,v,cooc,WEAK,consider,considerare,bedenken,,,
16,v,cooc,WEAK,cost,costare,kommen,,,
17,v,cooc,WEAK,cut,tagliare,senken,,,
18,v,cooc,WEAK,deliver,distribuire,erlösen,,,
19,v,cooc,WEAK,deny,negare,versagen,,,
20,v,cooc,WEAK,determine,definire,leiten,,,
21,v,cooc,WEAK,direct,dirigere,lenken,,,
22,v,cooc,WEAK,drive,condurre,fahren,,,
23,v,cooc,WEAK,enable,permettere,ermöglichen,,,
24,v,cooc,WEAK,end,chiudere,beenden,,,
25,v,cooc,WEAK,ensure,garantire,sorgen,,,
26,v,cooc,WEAK,establish,istituire,schaffen,,,
27,v,cooc,WEAK,expect,aspettare,bekommen,,,
28,v,cooc,WEAK,fire,incendiare,schießen,,,
29,v,cooc,WEAK,fit,adattare,passen,,,
30,v,cooc,WEAK,fulfil,soddisfare,entsprechen,,,
31,v,cooc,WEAK,fulfill,soddisfare,entsprechen,,,
32,v,cooc,WEAK,go,partire,gehen,,,
33,v,cooc,WEAK,guide,dirigere,führen,,,
34,v,cooc,WEAK,hand,passare,geben,,,
35,v,cooc,WEAK,have,avere,machen,,,
36,v,cooc,WEAK,head,dirigere,leiten,,,
37,v,cooc,WEAK,improve,migliorare,erhöhen,,,
38,v,cooc,WEAK,inspire,infondere,beflügeln,,,
39,v,cooc,WEAK,involve,coinvolgere,beteiligen,,,
40,v,cooc,WEAK,kill,distruggere,schlagen,,,
41,v,cooc,WEAK,knock,bussare,schlagen,,,
42,v,cooc,WEAK,lay,porre,legen,,,
43,v,cooc,WEAK,lead,portare,führen,,,
44,v,cooc,WEAK,level,spianare,ebnen,,,
45,v,cooc,WEAK,lie,rimanere,liegen,,,
46,v,cooc,WEAK,lift,alzare,ziehen,,,
47,v,cooc,WEAK,manage,gestire,steuern,,,
48,v,cooc,WEAK,match,pareggiare,entsprechen,,,
49,v,cooc,WEAK,meet,soddisfare,treffen,,,
50,v,cooc,WEAK,obtain,raggiungere,bekommen,,,
51,v,cooc,WEAK,post,assegnare,verbuchen,,,
52,v,cooc,WEAK,produce,produrre,bringen,,,
53,v,cooc,WEAK,provide,fornire,sorgen,,,
54,v,cooc,WEAK,pursue,perseguire,einschlagen,,,
55,v,cooc,WEAK,realise,realizzare,erzielen,,,
56,v,cooc,WEAK,realize,realizzare,erzielen,,,
57,v,cooc,WEAK,recognise,approvare,anerkennen,,,
58,v,cooc,WEAK,record,registrare,eintragen,,,
59,v,cooc,WEAK,register,registrare,eintragen,,,
60,v,cooc,WEAK,reinforce,rafforzare,ausbauen,,,
61,v,cooc,WEAK,represent,rappresentare,symbolisieren,,,
62,v,cooc,WEAK,result,derivare,resultieren,,,
63,v,cooc,WEAK,rule,regolare,entscheiden,,,
64,v,cooc,WEAK,say,dire,sprechen,,,
65,v,cooc,WEAK,score,segnare,erzielen,,,
66,v,cooc,WEAK,seal,sigillare,verschließen,,,
67,v,cooc,WEAK,secure,garantire,sichern,,,
68,v,cooc,WEAK,set,fissare,setzen,,,
69,v,cooc,WEAK,settle,regolare,entscheiden,,,
70,v,cooc,WEAK,share,dividere,teilen,,,
71,v,cooc,WEAK,shift,cambiare,bewegen,,,
72,v,cooc,WEAK,sink,cadere,versenken,,,
73,v,cooc,WEAK,stand,resistere,stehen,,,
74,v,cooc,WEAK,suit,soddisfare,passen,,,
75,v,cooc,WEAK,tend,tirare,hüten,,,
76,v,cooc,WEAK,think,pensare,finden,,,
77,v,cooc,WEAK,undo,distruggere,lösen,,,
78,v,cooc,WEAK,use,utilizzare,nutzen,,,
79,v,cooc,WEAK,yield,cedere,bringen,,,
