idx_group,pos,rel,weak,lex_en,lex_it,lex_de,score,bs_count,babel_synsets
0,n,head,,paper,carta,Totholz Totes_holz Papier,,1,bn:00060464n
1,n,sim,,style,stile,Art,0.337,0,
2,n,sim,,writing,scrittura,Schreiben,0.337,1,bn:00081714n
3,n,sim,,map,mappa,Karte,0.336,1,bn:00053303n
4,n,sim,,hand,mano,Hand,0.321,3,bn:00025555n bn:00042759n bn:00042761n
5,n,sim,,knowledge,conoscenza,Wissen,0.314,1,bn:00020452n
6,n,sim,,language,lingua,Sprache,0.304,2,bn:00049910n bn:00077565n
7,n,sim,,book,libro,Buch,0.303,2,bn:00012059n bn:00012066n
8,n,sim,,computer,computer,Computer,0.303,3,bn:00014691n bn:00021464n bn:00054739n
9,n,sim,,stuff,materiale,Material,0.302,1,bn:00053801n
10,n,sim,,document,documento,Dokument,0.301,2,bn:00028018n bn:00028015n
11,n,sim,,piece,pezzo,Stück,0.299,2,bn:00062297n bn:00062299n
12,n,sim,,page,pagina,Seite,0.292,1,bn:00060158n
13,n,sim,,object,oggetto,Objekt,0.287,4,bn:00002179n bn:00058442n bn:00058443n bn:00058445n
14,n,sim,,topic,argomento,Thema,0.287,1,bn:00074900n
15,n,sim,,essay,prova,Versuch,0.286,0,
16,n,sim,,material,materiale,Material,0.284,3,bn:00053803n bn:00053802n bn:00053801n
17,n,sim,,newspaper,giornale,Zeitung,0.283,2,bn:00057566n bn:00057563n
18,n,sim,,pattern,modello,Muster,0.283,1,bn:00026537n
19,n,sim,,music,musica,Musik,0.282,2,bn:00056443n bn:00031853n
20,n,sim,,image,immagine,Bild,0.279,2,bn:00045972n bn:00045970n
21,n,sim,,picture,immagine,Bild,0.278,2,bn:00032381n bn:00045970n
22,n,sim,,element,elemento,Element,0.277,6,bn:00030299n bn:00030301n bn:00021394n bn:00018105n bn:00021396n bn:00030300n
23,n,sim,,field,campo,Feld,0.277,4,bn:00034267n bn:00034273n bn:00034265n bn:00006752n
24,n,sim,,line,linea,Linie,0.276,4,bn:00014165n bn:00051294n bn:00051289n bn:00014457n
25,n,sim,,thing,cosa,Sache,0.275,2,bn:00076925n bn:00001734n
26,n,sim,,content,contenuto,Inhalt,0.273,2,bn:00022153n bn:00022154n
27,n,sim,,profile,profilo,Profil,0.273,2,bn:00064628n bn:00064627n
28,n,sim,,photo,foto,Foto,0.271,1,bn:00032381n
29,n,sim,,product,prodotto,Produkt,0.27,4,bn:00064584n bn:00053827n bn:00054416n bn:00064585n
30,n,sim,,idea,idea,Idee,0.268,1,bn:00045800n
31,n,sim,,device,dispositivo,Gerät,0.266,1,bn:00026716n
32,n,sim,,plan,piano,Plan,0.265,3,bn:00062759n bn:00026536n bn:00069579n
33,n,sim,,machine,macchina,Maschine,0.264,1,bn:00026716n
34,n,sim,,figure,figura,Figur,0.262,1,bn:00003882n
35,n,sim,,program,programma,Programm,0.262,4,bn:00013235n bn:00021492n bn:00021497n bn:00062899n
36,n,sim,,bill,fattura,Rechnung,0.26,1,bn:00000746n
37,n,sim,,story,storia,Geschichte,0.26,2,bn:00000738n bn:00056857n
38,n,sim,,result,risultato,Ergebnis,0.258,3,bn:00021961n bn:00034520n bn:00004452n
39,n,sim,,sheet,foglio,Blatt,0.257,1,bn:00062308n
40,n,sim,,proposal,proposta,Vorschlag,0.256,1,bn:03851567n
41,n,sim,,tool,strumento,Werkzeug,0.254,2,bn:00023662n bn:00077585n
42,n,sim,,money,denaro,Geld,0.253,1,bn:00055644n
43,n,sim,,word,parola,Wort,0.252,1,bn:00081546n
44,n,sim,,source,fonte,Quelle,0.251,2,bn:00046702n bn:00009635n
45,n,sim,,system,sistema,System,0.251,7,bn:00075760n bn:00075763n bn:00075762n bn:00069580n bn:00075761n bn:00005863n bn:00075759n
46,n,sim,,unit,unità,Einheit,0.251,1,bn:00079106n
47,n,sim,,brand,marchio,Marke,0.249,1,bn:00012758n
48,n,sim,,glass,vetro,Glas,0.249,1,bn:00040605n
49,n,sim,,history,storia,Geschichte,0.249,4,bn:00044268n bn:00000738n bn:00044270n bn:00044267n
50,n,sim,,message,messaggio,Nachricht,0.249,1,bn:00054523n
51,n,sim,,argument,argomento,Argument,0.247,2,bn:00005604n bn:00005600n
52,n,sim,,platform,piattaforma,Plattform,0.247,1,bn:00062900n
53,n,sim,,art,arte,Kunst,0.243,3,bn:00005926n bn:00005928n bn:00005927n
54,n,sim,,job,lavoro,Arbeit,0.242,4,bn:00018756n bn:00030616n bn:00030625n bn:00014138n
55,n,sim,,event,evento,Ereignis,0.24,2,bn:00032021n bn:00032022n
56,n,sim,,solution,soluzione,Lösung,0.24,1,bn:00072760n
57,n,sim,,model,modello,Modell,0.239,7,bn:00036197n bn:00032100n bn:00033735n bn:00022071n bn:00055448n bn:00032101n bn:00055447n
58,n,sim,,service,servizio,Dienst,0.239,1,bn:00070651n
59,n,sim,,statement,dichiarazione,Erklärung,0.238,0,
60,n,sim,,offer,offerta,Angebot,0.237,1,bn:00010264n
61,n,sim,,declaration,dichiarazione,Erklärung,0.236,0,
62,n,sim,,letter,lettera,Brief,0.236,1,bn:00050802n
63,n,sim,,list,lista,Liste,0.236,2,bn:00051508n bn:00023140n
64,n,sim,,performance,prestazione,Leistung,0.236,1,bn:00016286n
65,n,sim,,article,articolo,Artikel,0.235,2,bn:00006121n bn:00006124n
66,n,sim,,series,serie,Serie,0.235,5,bn:00070611n bn:00031227n bn:00070613n bn:00070597n bn:00070609n
67,n,sim,,text,testo,Text,0.235,2,bn:00076732n bn:00069638n
68,n,sim,,instrument,strumento,Instrument,0.233,6,bn:00046961n bn:00023662n bn:00046964n bn:00046965n bn:00077585n bn:00046962n
69,n,sim,,form,forma,Form,0.232,11,bn:00021751n bn:00026512n bn:00003882n bn:00035915n bn:00035911n bn:00035909n bn:00035913n bn:00016529n bn:00035907n bn:00035908n bn:00035912n
70,n,sim,,programme,programma,Programm,0.231,2,bn:00013235n bn:00021492n
71,n,sim,,resolution,soluzione,Lösung,0.23,0,
72,n,sim,,structure,struttura,Struktur,0.224,1,bn:00022071n
73,n,sim,,packaging,imballaggio,Verpackung,0.223,1,bn:00060114n
74,n,sim,,work,lavoro,Arbeit,0.223,5,bn:00030616n bn:00030625n bn:00014138n bn:00081570n bn:00081569n
75,n,sim,,contract,contratto,Auftrag,0.219,0,
76,n,sim,,information,informazione,Information,0.219,2,bn:00046705n bn:00046698n
77,n,sim,,commission,commissione,Auftrag,0.218,0,
78,n,sim,,order,ordine,Auftrag,0.218,1,bn:00059311n
79,n,sim,,energy,energia,Energie,0.217,1,bn:00030820n
80,n,sim,,position,posizione,Position,0.217,10,bn:00063707n bn:00063706n bn:00061746n bn:00063704n bn:00010073n bn:00063708n bn:00062704n bn:00054979n bn:00063703n bn:00007048n
81,n,sim,,rule,regola,Regel,0.216,2,bn:00064192n bn:00066933n
82,n,sim,,building,edificio,Gebäude,0.215,1,bn:00013722n
83,n,sim,,practice,pratica,Praxis,0.215,2,bn:00063989n bn:00063990n
84,n,sim,,case,caso,Fall,0.214,3,bn:00016411n bn:00016402n bn:00016403n
85,n,sim,,food,cibo,Lebensmittel,0.214,1,bn:00035650n
86,n,sim,,action,azione,Aktion,0.213,0,
87,n,sim,,study,studio,Studie,0.213,2,bn:00071923n bn:00074790n
88,n,sim,,version,versione,Version,0.213,4,bn:00029773n bn:00001266n bn:00079827n bn:00047114n
89,n,sim,,good,bene,Gut,0.212,1,bn:00021045n
90,n,sim,,strategy,strategia,Strategie,0.212,2,bn:00069579n bn:00074558n
91,n,sim,,test,prova,Test,0.212,4,bn:00032095n bn:00032089n bn:00076648n bn:00076647n
92,n,sim,,security,sicurezza,Sicherheit,0.21,2,bn:00068799n bn:00070219n
93,n,sim,,quality,qualità,Qualität,0.209,2,bn:00065538n bn:00014731n
94,n,sim,,technology,tecnologia,Technologie,0.209,1,bn:00005105n
95,n,sim,,app,app,App,0.208,1,bn:00005095n
96,n,sim,,design,disegno,Design,0.207,6,bn:00028639n bn:00011593n bn:00045772n bn:00026537n bn:00045963n bn:00002178n
97,n,sim,,sector,settore,Bereich,0.207,0,
98,n,sim,,detail,dettaglio,Detail,0.206,3,bn:00026623n bn:00026622n bn:00026624n
99,n,sim,,organization,organizzazione,Organisation,0.206,5,bn:00005863n bn:00059482n bn:00059483n bn:00001423n bn:00059480n
100,n,sim,,site,luogo,Standort,0.206,1,bn:00051760n
101,n,sim,,client,cliente,Kunde,0.205,1,bn:00019763n
102,n,sim,,number,numero,Anzahl,0.205,1,bn:00034394n
103,n,sim,,initiative,iniziativa,Initiative,0.204,2,bn:00031009n bn:00034797n
104,n,sim,,production,produzione,Produktion,0.204,4,bn:00064590n bn:00064594n bn:00064592n bn:00059790n
105,n,sim,,bank,banca,Bank,0.201,4,bn:00008371n bn:00008370n bn:00008367n bn:00008364n
106,n,sim,,company,azienda,Firma,0.201,4,bn:00073910n bn:00014160n bn:00021286n bn:00022811n
107,n,sim,,term,termine,Begriff,0.201,1,bn:00076590n
108,n,sim,,communication,comunicazione,Mitteilung,0.2,0,
109,n,sim,,project,progetto,Projekt,0.196,1,bn:00064665n
110,n,sim,,support,supporto,Unterstützung,0.196,2,bn:00075332n bn:00075331n
111,n,sim,,policy,politica,Politik,0.194,1,bn:00063329n
112,n,sim,,act,atto,Gesetz,0.191,0,
113,n,sim,,law,legge,Gesetz,0.187,3,bn:00048655n bn:00050251n bn:00050250n
114,n,sim,,request,richiesta,Antrag,0.185,1,bn:00061826n
115,n,sim,,measure,misura,Maßnahme,0.184,0,
116,n,sim,,release,pubblicazione,Veröffentlichung,0.183,0,
117,n,sim,,application,applicazione,Antrag,0.182,0,
118,n,sim,,analysis,analisi,Analyse,0.18,1,bn:00003794n
119,n,sim,,procedure,procedura,Verfahren,0.179,1,bn:00064536n
120,n,sim,,process,processo,Verfahren,0.178,1,bn:00064536n
121,n,sim,,method,metodo,Verfahren,0.177,1,bn:00054625n
122,n,sim,,treaty,trattato,Vertrag,0.176,1,bn:00000728n
123,n,sim,,network,rete,Netzwerk,0.175,4,bn:00054497n bn:00021488n bn:00057379n bn:00024712n
124,n,sim,,question,domanda,Frage,0.175,1,bn:00047208n
125,n,sim,,development,sviluppo,Entwicklung,0.173,1,bn:07804057n
126,n,sim,,feature,caratteristica,Merkmal,0.173,1,bn:00065538n
127,n,sim,,organisation,organizzazione,Organisation,0.173,5,bn:00005863n bn:00059482n bn:00059483n bn:00001423n bn:00059480n
128,n,sim,,group,gruppo,Gruppe,0.171,4,bn:00018111n bn:00073698n bn:00041942n bn:00041943n
129,n,sim,,investment,investimento,Investition,0.171,1,bn:00047358n
130,n,sim,,objective,obiettivo,Ziel,0.171,1,bn:00002179n
131,n,sim,,target,obiettivo,Ziel,0.171,1,bn:00002179n
132,n,sim,,certificate,certificato,Zertifikat,0.169,1,bn:04514649n
133,n,sim,,government,amministrazione,Verwaltung,0.169,0,
134,n,sim,,management,gestione,Verwaltung,0.169,2,bn:00053116n bn:00027355n
135,n,sim,,expenditure,spesa,Kosten,0.168,0,
136,n,sim,,fund,fondo,Fonds,0.168,0,
137,n,sim,,assessment,valutazione,Beurteilung,0.159,0,
138,n,sim,,code,codice,Code,0.158,3,bn:00020353n bn:00020352n bn:00020354n
139,n,sim,,evaluation,valutazione,Beurteilung,0.153,1,bn:00031973n
140,n,sim,,fact,fatto,Tatsache,0.153,2,bn:00032655n bn:00032654n
141,n,sim,,protocol,protocollo,Protokoll,0.153,1,bn:00000728n
142,n,sim,,documentation,documentazione,Dokumentation,0.147,2,bn:00028020n bn:00046704n
143,n,sim,,record,registrazione,Aufzeichnung,0.146,0,
144,n,sim,,publication,pubblicazione,Veröffentlichung,0.145,3,bn:00065106n bn:00065108n bn:00047693n
145,n,sim,,equipment,apparecchiatura,Ausrüstung,0.143,1,bn:00031322n
146,n,sim,,evidence,prova,Beweis,0.143,2,bn:00032047n bn:00032045n
147,n,sim,,indicator,indicatore,Indikator,0.143,1,bn:04172384n
148,n,sim,,arrangement,disposizione,Anordnung,0.142,1,bn:00005862n
149,n,sim,,table,tabella,Tabelle,0.142,1,bn:00075812n
150,n,sim,,waste,rifiuto,Abfall,0.142,3,bn:00035670n bn:00068465n bn:00080543n
151,n,sim,,guarantee,garanzia,Garantie,0.141,2,bn:00042041n bn:00042039n
152,n,sim,,component,componente,Komponente,0.14,1,bn:00021396n
153,n,sim,,criterion,criterio,Kriterium,0.139,2,bn:00023853n bn:00023854n
154,n,sim,,mechanism,meccanismo,Mechanismus,0.138,1,bn:00054065n
155,n,sim,,judgment,valutazione,Beurteilung,0.135,0,
156,n,sim,,activity,attività,Aktivität,0.131,2,bn:00001174n bn:00001128n
157,n,sim,,requirement,requisito,Voraussetzung,0.131,2,bn:00064181n bn:00031631n
1,n,sim,WEAK,account,ragione,Konto,,,
2,n,sim,WEAK,advice,consiglio,Vorschlag,,,
3,n,sim,WEAK,agreement,contratto,Vereinbarung,,,
4,n,sim,WEAK,authority,autorità,Stelle,,,
5,n,sim,WEAK,board,consiglio,Platte,,,
6,n,sim,WEAK,body,corpo,Gruppe,,,
7,n,sim,WEAK,business,azienda,Unternehmen,,,
8,n,sim,WEAK,call,motivo,Gespräch,,,
9,n,sim,WEAK,card,scheda,Karte,,,
10,n,sim,WEAK,change,resto,Börse,,,
11,n,sim,WEAK,check,criterio,Rechnung,,,
12,n,sim,WEAK,claim,richiesta,Forderung,,,
13,n,sim,WEAK,class,classe,Kategorie,,,
14,n,sim,WEAK,conclusion,termine,Schlussfolgerung,,,
15,n,sim,WEAK,control,autorità,Verwaltung,,,
16,n,sim,WEAK,copy,argomento,Kopie,,,
17,n,sim,WEAK,course,campo,Kurs,,,
18,n,sim,WEAK,datum,dato,Datum,,,
19,n,sim,WEAK,deal,mano,Geschäft,,,
20,n,sim,WEAK,department,ufficio,Bereich,,,
21,n,sim,WEAK,description,genere,Beschreibung,,,
22,n,sim,WEAK,effort,costo,Versuch,,,
23,n,sim,WEAK,entry,voce,Vermerk,,,
24,n,sim,WEAK,exchange,mercato,Börse,,,
25,n,sim,WEAK,experience,esperienza,Praxis,,,
26,n,sim,WEAK,facility,infrastruttura,Einrichtung,,,
27,n,sim,WEAK,file,fascicolo,Akte,,,
28,n,sim,WEAK,firm,impresa,Firma,,,
29,n,sim,WEAK,framework,struttura,Rahmen,,,
30,n,sim,WEAK,house,casa,Haushalt,,,
31,n,sim,WEAK,instruction,istruzione,Auftrag,,,
32,n,sim,WEAK,investigation,ricerca,Untersuchung,,,
33,n,sim,WEAK,issue,questione,Ausgabe,,,
34,n,sim,WEAK,item,voce,Artikel,,,
35,n,sim,WEAK,lot,partita,Menge,,,
36,n,sim,WEAK,matter,materia,Sache,,,
37,n,sim,WEAK,medium,mezzo,Medium,,,
38,n,sim,WEAK,memorandum,comunicazione,Vermerk,,,
39,n,sim,WEAK,name,nome,Name,,,
40,n,sim,WEAK,note,biglietto,Ton,,,
41,n,sim,WEAK,notice,messaggio,Bekanntmachung,,,
42,n,sim,WEAK,office,ufficio,Stelle,,,
43,n,sim,WEAK,opinion,pensiero,Meinung,,,
44,n,sim,WEAK,option,scelta,Option,,,
45,n,sim,WEAK,package,imballaggio,Paket,,,
46,n,sim,WEAK,panel,quadro,Platte,,,
47,n,sim,WEAK,part,pezzo,Teil,,,
48,n,sim,WEAK,person,personale,Person,,,
49,n,sim,WEAK,play,gioco,Stück,,,
50,n,sim,WEAK,point,punto,Stelle,,,
51,n,sim,WEAK,press,stampa,Druck,,,
52,n,sim,WEAK,principle,principio,Regel,,,
53,n,sim,WEAK,progress,sviluppo,Bewegung,,,
54,n,sim,WEAK,property,caratteristica,Objekt,,,
55,n,sim,WEAK,reading,lettura,Anzeige,,,
56,n,sim,WEAK,regulation,regolamento,Regel,,,
57,n,sim,WEAK,report,servizio,Bericht,,,
58,n,sim,WEAK,resource,risorsa,Mittel,,,
59,n,sim,WEAK,review,analisi,Beurteilung,,,
60,n,sim,WEAK,scheme,sistema,Programm,,,
61,n,sim,WEAK,section,sezione,Teil,,,
62,n,sim,WEAK,set,serie,Satz,,,
63,n,sim,WEAK,space,luogo,Raum,,,
64,n,sim,WEAK,speech,parola,Sprache,,,
65,n,sim,WEAK,standard,norma,Standard,,,
66,n,sim,WEAK,subject,oggetto,Thema,,,
67,n,sim,WEAK,submission,richiesta,Vorlage,,,
68,n,sim,WEAK,survey,studio,Untersuchung,,,
69,n,sim,WEAK,team,squadra,Gruppe,,,
70,n,sim,WEAK,trade,settore,Handel,,,
71,n,sim,WEAK,type,tipo,Art,,,
72,n,sim,WEAK,view,visione,Sicht,,,
73,n,sim,WEAK,volume,volume,Band,,,
1,n,cooc,,plastic,plastica,Kunststoff,0.566,1,bn:00062856n
2,n,cooc,,glass,vetro,Glas,0.558,1,bn:00040605n
3,n,cooc,,paperboard,cartone,Karton,0.558,0,
4,n,cooc,,cardboard,cartone,Karton,0.545,1,bn:00015937n
5,n,cooc,,pen,penna,Feder,0.541,1,bn:00061314n
6,n,cooc,,cloth,panno,Tuch,0.526,0,
7,n,cooc,,metal,metallo,Metall,0.506,1,bn:00054550n
8,n,cooc,,ribbon,nastro,Band,0.503,1,bn:00067705n
9,n,cooc,,towel,asciugamano,Tuch,0.502,0,
10,n,cooc,,tape,nastro,Band,0.499,0,
11,n,cooc,,bag,sacchetto,Sack,0.485,2,bn:00007922n bn:00016261n
12,n,cooc,,format,formato,Format,0.484,2,bn:00035939n bn:00025321n
13,n,cooc,,document,documento,Dokument,0.478,2,bn:00028018n bn:00028015n
14,n,cooc,,wood,legno,Holz,0.475,1,bn:00081492n
15,n,cooc,,filter,filtro,Filter,0.474,3,bn:00034492n bn:00034491n bn:00002210n
16,n,cooc,,material,materiale,Material,0.474,3,bn:00053803n bn:00053802n bn:00053801n
17,n,cooc,,tissue,tessuto,Gewebe,0.468,1,bn:00077386n
18,n,cooc,,glue,colla,Klebstoff,0.465,2,bn:00040758n bn:00001366n
19,n,cooc,,sheet,foglio,Blatt,0.453,1,bn:00062308n
20,n,cooc,,envelope,busta,Umschlag,0.446,1,bn:00031067n
21,n,cooc,,parchment,pergamena,Pergament,0.445,1,bn:00049774n
22,n,cooc,,map,mappa,Karte,0.437,1,bn:00053303n
23,n,cooc,,canvas,tela,Leinwand,0.435,2,bn:00015381n bn:00015382n
24,n,cooc,,paint,colore,Farbe,0.434,1,bn:00060187n
25,n,cooc,,ink,inchiostro,Tinte,0.432,1,bn:00046794n
26,n,cooc,,pencil,matita,Bleistift,0.428,1,bn:00061334n
27,n,cooc,,size,formato,Format,0.424,0,
28,n,cooc,,stamp,timbro,Stempel,0.423,1,bn:00073890n
29,n,cooc,,film,film,Film,0.421,6,bn:00034472n bn:00020185n bn:00034473n bn:00034471n bn:00017056n bn:00034474n
30,n,cooc,,layer,strato,Schicht,0.419,3,bn:00050305n bn:00050302n bn:00009477n
31,n,cooc,,plate,piatto,Tafel,0.415,1,bn:00062878n
32,n,cooc,,bottle,bottiglia,Flasche,0.413,2,bn:00012340n bn:00012339n
33,n,cooc,,foil,foglio,Folie,0.413,0,
34,n,cooc,,straw,paglia,Stroh,0.411,1,bn:00074572n
35,n,cooc,,box,scatola,Box,0.409,2,bn:00012524n bn:00012526n
36,n,cooc,,fibre,fibra,Faser,0.398,2,bn:00034205n bn:00034207n
37,n,cooc,,rubber,gomma,Gummi,0.396,2,bn:00015396n bn:00068457n
38,n,cooc,,book,libro,Buch,0.391,2,bn:00012059n bn:00012066n
39,n,cooc,,label,etichetta,Etikett,0.391,1,bn:00049560n
40,n,cooc,,leather,pelle,Leder,0.39,1,bn:00050452n
41,n,cooc,,aluminum,alluminio,Aluminium,0.385,1,bn:00002355n
42,n,cooc,,page,pagina,Seite,0.38,1,bn:00060158n
43,n,cooc,,copy,copia,Kopie,0.378,2,bn:00022534n bn:00022525n
44,n,cooc,,letter,lettera,Brief,0.378,1,bn:00050802n
45,n,cooc,,manufacture,fabbricazione,Herstellung,0.374,0,
46,n,cooc,,waste,scarto,Abfall,0.374,1,bn:00068465n
47,n,cooc,,newspaper,giornale,Zeitung,0.372,2,bn:00057566n bn:00057563n
48,n,cooc,,packaging,imballaggio,Verpackung,0.362,1,bn:00060114n
49,n,cooc,,fiber,fibra,Faser,0.36,2,bn:00034205n bn:00034207n
50,n,cooc,,country,nazione,Staat,0.358,2,bn:00023236n bn:00023235n
51,n,cooc,,work,lavoro,Werk,0.355,1,bn:00062309n
52,n,cooc,,journal,giornale,Zeitung,0.348,1,bn:00048453n
53,n,cooc,,effect,effetto,Wirkung,0.337,1,bn:00021961n
54,n,cooc,,chapter,capitolo,Kapitel,0.333,1,bn:00182115n
55,n,cooc,,bill,conto,Rechnung,0.32,1,bn:00000746n
56,n,cooc,,article,articolo,Artikel,0.314,2,bn:00006121n bn:00006124n
57,n,cooc,,item,articolo,Artikel,0.268,0,
1,n,cooc,WEAK,board,tavola,Tafel,,,
2,n,cooc,WEAK,bond,accordo,Bindung,,,
3,n,cooc,WEAK,cabinet,mobile,Kabinett,,,
4,n,cooc,WEAK,can,lattina,Tonne,,,
5,n,cooc,WEAK,carbon,carbone,Kopie,,,
6,n,cooc,WEAK,check,scacco,Prüfung,,,
7,n,cooc,WEAK,cheque,scacco,Prüfung,,,
8,n,cooc,WEAK,debt,debito,Forderung,,,
9,n,cooc,WEAK,discharge,pagamento,Verabschiedung,,,
10,n,cooc,WEAK,draft,schema,Entwurf,,,
11,n,cooc,WEAK,fabric,tessuto,Stoff,,,
12,n,cooc,WEAK,grade,categoria,Sorte,,,
13,n,cooc,WEAK,handkerchief,fazzoletto,Tuch,,,
14,n,cooc,WEAK,identification,documento,Erkennung,,,
15,n,cooc,WEAK,instrument,strumento,Urkunde,,,
16,n,cooc,WEAK,investigation,inchiesta,Überprüfung,,,
17,n,cooc,WEAK,issue,questione,Ausgabe,,,
18,n,cooc,WEAK,magazine,giornale,Depot,,,
19,n,cooc,WEAK,mean,strumento,Mitte,,,
20,n,cooc,WEAK,medium,strumento,Medium,,,
21,n,cooc,WEAK,model,tipo,Muster,,,
22,n,cooc,WEAK,money,moneta,Geld,,,
23,n,cooc,WEAK,note,biglietto,Notiz,,,
24,n,cooc,WEAK,office,servizio,Büro,,,
25,n,cooc,WEAK,panel,tavola,Tafel,,,
26,n,cooc,WEAK,photo,foto,Aufnahme,,,
27,n,cooc,WEAK,photograph,fotografia,Aufnahme,,,
28,n,cooc,WEAK,piece,foglio,Stück,,,
29,n,cooc,WEAK,plan,progetto,Entwurf,,,
30,n,cooc,WEAK,policy,sistema,Regel,,,
31,n,cooc,WEAK,print,stampa,Druck,,,
32,n,cooc,WEAK,printing,stampa,Druck,,,
33,n,cooc,WEAK,product,prodotto,Ware,,,
34,n,cooc,WEAK,project,progetto,Entwurf,,,
35,n,cooc,WEAK,question,questione,Sache,,,
36,n,cooc,WEAK,record,disco,Aufzeichnung,,,
37,n,cooc,WEAK,report,servizio,Liste,,,
38,n,cooc,WEAK,roll,rotolo,Bündel,,,
39,n,cooc,WEAK,route,percorso,Linie,,,
40,n,cooc,WEAK,scrap,scarto,Fetzen,,,
41,n,cooc,WEAK,set,batteria,Reihe,,,
42,n,cooc,WEAK,specimen,tipo,Muster,,,
43,n,cooc,WEAK,stock,materia,Bestand,,,
44,n,cooc,WEAK,ticket,biglietto,Karte,,,
45,n,cooc,WEAK,transfer,passaggio,Umschlag,,,
46,n,cooc,WEAK,web,tela,Gewebe,,,
47,n,cooc,WEAK,wrapper,copertina,Verpackung,,,
48,n,cooc,WEAK,writing,documento,Schrift,,,
1,adj,cooc,,white,bianco,weiß,0.571,1,bn:00113830a
2,adj,cooc,,printed,stampato,gedruckt,0.545,0,
3,adj,cooc,,photographic,fotografico,fotografisch,0.504,1,bn:00108553a
4,adj,cooc,,absorbent,assorbente,saugfähig,0.5,1,bn:00096207a
5,adj,cooc,,green,verde,grün,0.437,1,bn:00100914a
6,adj,cooc,,glossy,lucido,glänzend,0.427,1,bn:00099126a
7,adj,cooc,,valid,valido,gültig,0.414,0,
8,adj,cooc,,thin,sottile,dünn,0.411,0,
9,adj,cooc,,thick,spesso,dick,0.407,1,bn:00111824a
10,adj,cooc,,full,pieno,umfassend,0.357,0,
11,adj,cooc,,damp,umido,feucht,0.354,1,bn:00100892a
12,adj,cooc,,moist,umido,feucht,0.35,2,bn:00100892a bn:00104400a
13,adj,cooc,,similar,simile,gleichartig,0.339,0,
14,adj,cooc,,collective,comune,gemeinsam,0.338,0,
15,adj,cooc,,necessary,necessario,notwendig,0.31,1,bn:00107182a
16,adj,cooc,,dry,asciutto,trocken,0.307,1,bn:00101839a
17,adj,cooc,,valuable,prezioso,wertvoll,0.288,1,bn:00113490a
18,adj,cooc,,available,disponibile,vorhanden,0.263,0,
1,adj,cooc,WEAK,appropriate,adatto,entsprechend,,,
2,adj,cooc,WEAK,blank,bianco,leer,,,
3,adj,cooc,WEAK,complete,perfetto,umfassend,,,
4,adj,cooc,WEAK,delicate,sottile,empfindlich,,,
5,adj,cooc,WEAK,due,adatto,fällig,,,
6,adj,cooc,WEAK,fair,giusto,billig,,,
7,adj,cooc,WEAK,fake,falso,gefälscht,,,
8,adj,cooc,WEAK,fine,fine,fein,,,
9,adj,cooc,WEAK,free,gratuito,lose,,,
10,adj,cooc,WEAK,graphic,grafico,grafisch,,,
11,adj,cooc,WEAK,hard,forte,fest,,,
12,adj,cooc,WEAK,heavy,pesante,dick,,,
13,adj,cooc,WEAK,plain,semplice,glatt,,,
14,adj,cooc,WEAK,present,presente,vorhanden,,,
15,adj,cooc,WEAK,proof,resistente,fest,,,
16,adj,cooc,WEAK,relevant,relativo,entsprechend,,,
17,adj,cooc,WEAK,short,forte,kurzfristig,,,
18,adj,cooc,WEAK,smooth,morbido,glatt,,,
19,adj,cooc,WEAK,strong,forte,fest,,,
20,adj,cooc,WEAK,tough,resistente,fest,,,
21,adj,cooc,WEAK,useful,utile,wertvoll,,,
22,adj,cooc,WEAK,wet,umido,nass,,,
1,v,cooc,,weigh,pesare,wiegen,0.499,2,bn:00095701v bn:00090319v
2,v,cooc,,fold,piegare,falten,0.486,1,bn:00088411v
3,v,cooc,,read,leggere,lesen,0.458,1,bn:00092426v
4,v,cooc,,report,segnalare,berichten,0.444,0,
5,v,cooc,,glue,incollare,kleben,0.421,0,
6,v,cooc,,review,rivedere,überprüfen,0.414,0,
7,v,cooc,,look,guardare,aussehen,0.4,0,
8,v,cooc,,outline,delineare,skizzieren,0.4,0,
9,v,cooc,,use,utilizzare,verwenden,0.395,1,bn:00082705v
10,v,cooc,,color,colorare,färben,0.39,0,
11,v,cooc,,suggest,suggerire,vorschlagen,0.386,1,bn:00082417v
12,v,cooc,,present,presentare,präsentieren,0.377,1,bn:00086557v
13,v,cooc,,describe,descrivere,beschreiben,0.376,1,bn:00082233v
14,v,cooc,,check,verificare,überprüfen,0.375,2,bn:00084865v bn:00084848v
15,v,cooc,,identify,identificare,identifizieren,0.373,1,bn:00089574v
16,v,cooc,,cover,coprire,abdecken,0.372,1,bn:00085497v
17,v,cooc,,forge,falsificare,fälschen,0.37,1,bn:00085880v
18,v,cooc,,contain,contenere,enthalten,0.368,1,bn:00083225v
19,v,cooc,,submit,presentare,einreichen,0.365,0,
20,v,cooc,,cut,tagliare,schneiden,0.362,1,bn:00086178v
21,v,cooc,,generate,generare,erzeugen,0.361,0,
22,v,cooc,,indicate,indicare,zeigen,0.359,0,
23,v,cooc,,waste,sprecare,verschwenden,0.358,0,
24,v,cooc,,show,mostrare,zeigen,0.354,2,bn:00086557v bn:00086567v
25,v,cooc,,produce,produrre,produzieren,0.352,3,bn:00084198v bn:00086013v bn:00084082v
26,v,cooc,,deliver,consegnare,liefern,0.351,1,bn:00086531v
27,v,cooc,,work,funzionare,arbeiten,0.349,0,
28,v,cooc,,own,possedere,besitzen,0.347,1,bn:00089241v
29,v,cooc,,accept,accettare,akzeptieren,0.346,3,bn:00082201v bn:00082198v bn:00082197v
30,v,cooc,,collect,raccogliere,abholen,0.345,0,
31,v,cooc,,introduce,presentare,vorstellen,0.342,0,
32,v,cooc,,buy,acquistare,kaufen,0.34,1,bn:00084331v
33,v,cooc,,sell,vendere,verkaufen,0.34,1,bn:00093472v
34,v,cooc,,remove,rimuovere,entfernen,0.338,0,
35,v,cooc,,confirm,confermare,bestätigen,0.336,0,
36,v,cooc,,throw,gettare,werfen,0.336,1,bn:00094934v
37,v,cooc,,burn,bruciare,brennen,0.33,1,bn:00084270v
38,v,cooc,,process,elaborare,verarbeiten,0.33,0,
39,v,cooc,,pull,tirare,ziehen,0.329,1,bn:00092138v
40,v,cooc,,survey,esaminare,untersuchen,0.329,0,
41,v,cooc,,analyze,analizzare,analysieren,0.328,1,bn:00082596v
42,v,cooc,,distribute,distribuire,verteilen,0.327,1,bn:00082364v
43,v,cooc,,examine,esaminare,prüfen,0.327,0,
44,v,cooc,,put,mettere,setzen,0.325,0,
45,v,cooc,,see,vedere,sehen,0.323,2,bn:00092443v bn:00093430v
46,v,cooc,,find,scoprire,finden,0.322,2,bn:00088204v bn:00084231v
47,v,cooc,,stamp,bollare,stempeln,0.322,0,
48,v,cooc,,purchase,acquistare,kaufen,0.321,1,bn:00084331v
49,v,cooc,,give,dare,geben,0.316,2,bn:00088825v bn:00088815v
50,v,cooc,,serve,servire,dienen,0.314,1,bn:00082867v
51,v,cooc,,concern,riguardare,betreffen,0.311,1,bn:00083240v
52,v,cooc,,discard,scartare,wegwerfen,0.31,0,
53,v,cooc,,obtain,ottenere,erhalten,0.31,0,
54,v,cooc,,analyse,analizzare,analysieren,0.308,1,bn:00082596v
55,v,cooc,,ask,chiedere,fragen,0.307,1,bn:00082819v
56,v,cooc,,seem,sembrare,scheinen,0.303,1,bn:00082690v
57,v,cooc,,represent,rappresentare,darstellen,0.302,1,bn:00083187v
58,v,cooc,,demonstrate,dimostrare,zeigen,0.301,2,bn:00086557v bn:00086567v
59,v,cooc,,walk,andare,gehen,0.295,0,
60,v,cooc,,get,ottenere,erhalten,0.293,0,
61,v,cooc,,draw,disegnare,ziehen,0.288,0,
62,v,cooc,,provide,offrire,bieten,0.283,0,
63,v,cooc,,reflect,riflettere,reflektieren,0.279,1,bn:00084733v
64,v,cooc,,go,andare,gehen,0.276,2,bn:00088629v bn:00086600v
65,v,cooc,,complete,finire,beenden,0.272,1,bn:00085475v
66,v,cooc,,hold,tenere,halten,0.272,1,bn:00089385v
67,v,cooc,,finish,finire,beenden,0.268,1,bn:00085475v
68,v,cooc,,offer,offrire,bieten,0.255,0,
1,v,cooc,WEAK,abstract,estrarre,zusammenfassen,,,
2,v,cooc,WEAK,acknowledge,riconoscere,bestätigen,,,
3,v,cooc,WEAK,adopt,approvare,verabschieden,,,
4,v,cooc,WEAK,aim,puntare,zielen,,,
5,v,cooc,WEAK,appear,sembrare,erscheinen,,,
6,v,cooc,WEAK,apply,riguardare,anwenden,,,
7,v,cooc,WEAK,assume,prendere,setzen,,,
8,v,cooc,WEAK,attach,sequestrare,knüpfen,,,
9,v,cooc,WEAK,base,basare,stellen,,,
10,v,cooc,WEAK,be,diventare,liegen,,,
11,v,cooc,WEAK,bear,portare,tragen,,,
12,v,cooc,WEAK,build,fondare,bauen,,,
13,v,cooc,WEAK,carry,portare,tragen,,,
14,v,cooc,WEAK,charge,caricare,belasten,,,
15,v,cooc,WEAK,compose,costituire,schreiben,,,
16,v,cooc,WEAK,comprise,comprendere,umfassen,,,
17,v,cooc,WEAK,concentrate,concentrare,bündeln,,,
18,v,cooc,WEAK,conclude,finire,schließen,,,
19,v,cooc,WEAK,consider,riflettere,prüfen,,,
20,v,cooc,WEAK,copy,riprodurre,kopieren,,,
21,v,cooc,WEAK,corrugate,ondulare,wellen,,,
22,v,cooc,WEAK,crinkle,increspare,wellen,,,
23,v,cooc,WEAK,deal,trattare,geben,,,
24,v,cooc,WEAK,declare,proclamare,angeben,,,
25,v,cooc,WEAK,define,definire,fixieren,,,
26,v,cooc,WEAK,develop,generare,entwickeln,,,
27,v,cooc,WEAK,dip,bagnare,tauchen,,,
28,v,cooc,WEAK,divide,staccare,aufteilen,,,
29,v,cooc,WEAK,do,eseguire,machen,,,
30,v,cooc,WEAK,draft,stendere,entwerfen,,,
31,v,cooc,WEAK,dress,rivestire,gestalten,,,
32,v,cooc,WEAK,edit,redigere,schneiden,,,
33,v,cooc,WEAK,endorse,approvare,bestätigen,,,
34,v,cooc,WEAK,establish,stabilire,schaffen,,,
35,v,cooc,WEAK,explain,chiarire,erläutern,,,
36,v,cooc,WEAK,explore,analizzare,untersuchen,,,
37,v,cooc,WEAK,extend,stendere,verlängern,,,
38,v,cooc,WEAK,feel,provare,fühlen,,,
39,v,cooc,WEAK,finalise,definire,beenden,,,
40,v,cooc,WEAK,float,lanciare,treiben,,,
41,v,cooc,WEAK,focus,concentrare,bündeln,,,
42,v,cooc,WEAK,follow,seguire,erfolgen,,,
43,v,cooc,WEAK,foresee,prevedere,absehen,,,
44,v,cooc,WEAK,hand,consegnare,übergeben,,,
45,v,cooc,WEAK,head,puntare,gehen,,,
46,v,cooc,WEAK,impregnate,impregnare,erfüllen,,,
47,v,cooc,WEAK,include,comprendere,umfassen,,,
48,v,cooc,WEAK,intend,intendere,vorsehen,,,
49,v,cooc,WEAK,issue,emettere,ausstellen,,,
50,v,cooc,WEAK,launch,lanciare,katapultieren,,,
51,v,cooc,WEAK,lay,stendere,legen,,,
52,v,cooc,WEAK,line,delineare,auslegen,,,
53,v,cooc,WEAK,make,produrre,machen,,,
54,v,cooc,WEAK,manufacture,produrre,fertigen,,,
55,v,cooc,WEAK,mark,distinguere,markieren,,,
56,v,cooc,WEAK,mean,dire,heißen,,,
57,v,cooc,WEAK,note,registrare,notieren,,,
58,v,cooc,WEAK,originate,provenire,entstehen,,,
59,v,cooc,WEAK,place,mettere,platzieren,,,
60,v,cooc,WEAK,plan,disegnare,entwerfen,,,
61,v,cooc,WEAK,point,puntare,zeigen,,,
62,v,cooc,WEAK,prepare,preparare,ausarbeiten,,,
63,v,cooc,WEAK,print,stampare,drucken,,,
64,v,cooc,WEAK,promote,lanciare,fördern,,,
65,v,cooc,WEAK,propose,presentare,vorschlagen,,,
66,v,cooc,WEAK,prove,dimostrare,prüfen,,,
67,v,cooc,WEAK,publish,stampare,veröffentlichen,,,
68,v,cooc,WEAK,quote,riportare,zitieren,,,
69,v,cooc,WEAK,raise,raccogliere,erhöhen,,,
70,v,cooc,WEAK,recognise,riconoscere,einsehen,,,
71,v,cooc,WEAK,recognize,riconoscere,einsehen,,,
72,v,cooc,WEAK,recommend,consigliare,empfehlen,,,
73,v,cooc,WEAK,recover,recuperare,gewinnen,,,
74,v,cooc,WEAK,refer,rinviare,verweisen,,,
75,v,cooc,WEAK,reject,scartare,abstoßen,,,
76,v,cooc,WEAK,relate,raccontare,berichten,,,
77,v,cooc,WEAK,release,rilasciare,lösen,,,
78,v,cooc,WEAK,respond,rispondere,reagieren,,,
79,v,cooc,WEAK,retract,ritirare,einziehen,,,
80,v,cooc,WEAK,reveal,svelare,zeigen,,,
81,v,cooc,WEAK,roll,arrotolare,rollen,,,
82,v,cooc,WEAK,say,dire,sprechen,,,
83,v,cooc,WEAK,send,lanciare,schicken,,,
84,v,cooc,WEAK,set,stabilire,setzen,,,
85,v,cooc,WEAK,sign,firmare,unterzeichnen,,,
86,v,cooc,WEAK,sit,resistere,sitzen,,,
87,v,cooc,WEAK,slip,passare,rutschen,,,
88,v,cooc,WEAK,state,stabilire,angeben,,,
89,v,cooc,WEAK,stick,incollare,halten,,,
90,v,cooc,WEAK,study,studiare,untersuchen,,,
91,v,cooc,WEAK,tear,strappare,reißen,,,
92,v,cooc,WEAK,tell,dire,berichten,,,
93,v,cooc,WEAK,try,provare,prüfen,,,
94,v,cooc,WEAK,underline,evidenziare,unterstreichen,,,
95,v,cooc,WEAK,weave,tessere,wirken,,,
96,v,cooc,WEAK,wind,girare,wickeln,,,
97,v,cooc,WEAK,withdraw,ritirare,abziehen,,,
98,v,cooc,WEAK,write,redigere,schreiben,,,
