idx_group,pos,rel,weak,lex_en,lex_it,lex_de,score,bs_count,babel_synsets
0,n,head,,alert alarm alarum,allarme avvisatore,Alarmsignal Alarmierung Alarm,,1,bn:00002412n
1,n,sim,,emergency,emergenza,Notfall,0.212,1,bn:00030525n
2,n,sim,,alarm,allarme,Alarm,0.207,3,bn:00002410n bn:00002412n bn:00002411n
3,n,sim,,alert,allarme,Alarm,0.207,1,bn:00002412n
4,n,sim,,notification,notifica,Mitteilung,0.198,0,
5,n,sim,,worry,preoccupazione,Sorge,0.198,1,bn:00078425n
6,n,sim,,concern,preoccupazione,Sorge,0.187,1,bn:00021556n
7,n,sim,,warning,avvertimento,Warnung,0.187,1,bn:00080496n
8,n,sim,,signal,segnale,Signal,0.182,1,bn:00071525n
9,n,sim,,lighting,illuminazione,Beleuchtung,0.178,2,bn:00051155n bn:00051154n
10,n,sim,,call,chiamata,Anruf,0.173,1,bn:00014791n
11,n,sim,,noise,rumore,Lärm,0.166,2,bn:00027739n bn:00057864n
12,n,sim,,query,domanda,Abfrage,0.165,1,bn:00744700n
13,n,sim,,telephone,telefono,Telefon,0.16,1,bn:00062020n
14,n,sim,,advertisement,pubblicità,Anzeige,0.159,1,bn:00001227n
15,n,sim,,monitoring,monitoraggio,Überwachung,0.159,1,bn:00055682n
16,n,sim,,radio,radio,Radio,0.159,5,bn:00065900n bn:00006920n bn:00065968n bn:00065899n bn:00065901n
17,n,sim,,announcement,annuncio,Mitteilung,0.158,1,bn:13106904n
18,n,sim,,complaint,denuncia,Beschwerde,0.156,0,
19,n,sim,,instruction,istruzione,Anweisung,0.154,1,bn:00020945n
20,n,sim,,ad,annuncio,Anzeige,0.151,1,bn:00001227n
21,n,sim,,message,messaggio,Nachricht,0.151,1,bn:00054523n
22,n,sim,,check,controllo,Kontrolle,0.149,0,
23,n,sim,,phone,telefono,Telefon,0.149,1,bn:00062020n
24,n,sim,,command,comando,Befehl,0.146,2,bn:00010260n bn:00020945n
25,n,sim,,doubt,dubbio,Zweifel,0.146,2,bn:00028425n bn:00028426n
26,n,sim,,incident,incidente,Vorfall,0.146,1,bn:02131709n
27,n,sim,,news,notizia,Nachricht,0.145,0,
28,n,sim,,report,rapporto,Meldung,0.145,1,bn:00067181n
29,n,sim,,recommendation,raccomandazione,Empfehlung,0.144,1,bn:00893309n
30,n,sim,,communication,comunicazione,Mitteilung,0.143,0,
31,n,sim,,threat,minaccia,Drohung,0.143,1,bn:00532387n
32,n,sim,,fear,paura,Befürchtung,0.142,1,bn:00033854n
33,n,sim,,inquiry,domanda,Anfrage,0.142,1,bn:00047208n
34,n,sim,,uncertainty,incertezza,Zweifel,0.142,2,bn:00028425n bn:00028426n
35,n,sim,,control,controllo,Kontrolle,0.138,1,bn:17607444n
36,n,sim,,surprise,sorpresa,Überraschung,0.138,1,bn:00075412n
37,n,sim,,surveillance,sorveglianza,Überwachung,0.138,1,bn:00075427n
38,n,sim,,accident,incidente,Unfall,0.137,1,bn:00000690n
39,n,sim,,attention,attenzione,Aufmerksamkeit,0.137,1,bn:00007020n
40,n,sim,,contact,contatto,Kontakt,0.136,1,bn:00022113n
41,n,sim,,indicator,indicatore,Anzeige,0.136,0,
42,n,sim,,note,nota,Notiz,0.136,2,bn:00058145n bn:00004350n
43,n,sim,,status,stato,Status,0.136,2,bn:00021644n bn:00063703n
44,n,sim,,switch,interruttore,Schalter,0.136,1,bn:00030170n
45,n,sim,,registration,registrazione,Registrierung,0.135,2,bn:00001411n bn:00066905n
46,n,sim,,recording,registrazione,Aufzeichnung,0.134,1,bn:00066589n
47,n,sim,,response,risposta,Antwort,0.134,3,bn:00004451n bn:00004454n bn:00067180n
48,n,sim,,error,errore,Fehler,0.133,2,bn:00031485n bn:00031487n
49,n,sim,,bug,errore,Fehler,0.131,0,
50,n,sim,,reading,indicazione,Anzeige,0.131,0,
51,n,sim,,statement,dichiarazione,Erklärung,0.131,0,
52,n,sim,,blaze,incendio,Feuer,0.13,0,
53,n,sim,,frequency,frequenza,Frequenz,0.13,2,bn:00000443n bn:00036471n
54,n,sim,,order,ordine,Bestellung,0.13,2,bn:00059308n bn:00059311n
55,n,sim,,appeal,appello,Beschwerde,0.128,0,
56,n,sim,,brake,freno,Bremse,0.128,1,bn:00012710n
57,n,sim,,option,opzione,Option,0.128,3,bn:00003132n bn:00059228n bn:00018661n
58,n,sim,,question,domanda,Anfrage,0.128,1,bn:00047208n
59,n,sim,,input,ingresso,Eingabe,0.127,0,
60,n,sim,,layout,disposizione,Disposition,0.127,0,
61,n,sim,,equipment,apparecchiatura,Ausrüstung,0.126,1,bn:00031322n
62,n,sim,,answer,risposta,Antwort,0.125,2,bn:00004451n bn:00004454n
63,n,sim,,record,registrazione,Aufzeichnung,0.124,0,
64,n,sim,,change,cambiamento,Veränderung,0.123,1,bn:00003125n
65,n,sim,,kit,equipaggiamento,Ausrüstung,0.121,0,
66,n,sim,,damage,danno,Schaden,0.12,1,bn:00025084n
67,n,sim,,enquiry,domanda,Anfrage,0.12,0,
68,n,sim,,fire,fuoco,Feuer,0.12,3,bn:00034627n bn:00034623n bn:00034625n
69,n,sim,,arrest,arresto,Verhaftung,0.119,0,
70,n,sim,,gear,equipaggiamento,Ausrüstung,0.118,1,bn:00005168n
71,n,sim,,transmission,trasmissione,Übertragung,0.118,1,bn:00078027n
72,n,sim,,reaction,reazione,Reaktion,0.116,2,bn:00018121n bn:00032493n
73,n,sim,,broadcast,trasmissione,Übertragung,0.113,1,bn:00013234n
74,n,sim,,button,pulsante,Taste,0.112,1,bn:00014306n
75,n,sim,,inspection,ispezione,Inspektion,0.112,1,bn:00046920n
76,n,sim,,stress,stress,Stress,0.112,7,bn:00035564n bn:00074519n bn:00000641n bn:00074633n bn:00072796n bn:00035778n bn:00074634n
77,n,sim,,indication,indicazione,Anzeige,0.111,0,
78,n,sim,,light,luce,Licht,0.111,3,bn:00051109n bn:00051108n bn:00045956n
79,n,sim,,observation,osservazione,Beobachtung,0.111,1,bn:00058495n
80,n,sim,,training,formazione,Schulung,0.109,1,bn:00041853n
81,n,sim,,intervention,intervento,Intervention,0.107,3,bn:00047234n bn:00047061n bn:00047092n
82,n,sim,,reply,risposta,Antwort,0.107,3,bn:00004451n bn:00004454n bn:00067180n
83,n,sim,,identification,identificazione,Identifizierung,0.106,1,bn:00026542n
84,n,sim,,difficulty,difficoltà,Schwierigkeit,0.105,1,bn:00027040n
85,n,sim,,declaration,dichiarazione,Erklärung,0.104,0,
86,n,sim,,key,pulsante,Taste,0.103,0,
87,n,sim,,rumor,voce,Gerücht,0.102,1,bn:00043378n
88,n,sim,,closure,chiusura,Schließung,0.1,1,bn:01159316n
89,n,sim,,operation,funzionamento,Bedienung,0.1,0,
90,n,sim,,rumour,voce,Gerücht,0.1,1,bn:00043378n
91,n,sim,,release,rilascio,Freigabe,0.098,0,
92,n,sim,,recognition,riconoscimento,Erkennung,0.095,1,bn:00045818n
93,n,sim,,disaster,catastrofe,Katastrophe,0.094,1,bn:00014640n
94,n,sim,,recovery,recupero,Bergung,0.087,0,
95,n,sim,,exercise,esercizio,Übung,0.084,3,bn:00028736n bn:00032203n bn:00032102n
96,n,sim,,occurrence,evento,Ereignis,0.084,1,bn:02131709n
97,n,sim,,measuring,misurazione,Messung,0.08,1,bn:00054019n
1,n,sim,WEAK,access,ingresso,Zugang,,,
2,n,sim,WEAK,account,rapporto,Rechnung,,,
3,n,sim,WEAK,action,azione,Vorgang,,,
4,n,sim,WEAK,adjustment,registrazione,Einstellung,,,
5,n,sim,WEAK,advice,consiglio,Mitteilung,,,
6,n,sim,WEAK,analysis,analisi,Auseinandersetzung,,,
7,n,sim,WEAK,anger,rabbia,Ärger,,,
8,n,sim,WEAK,anxiety,ansia,Sorge,,,
9,n,sim,WEAK,apparatus,apparecchio,Ausrüstung,,,
10,n,sim,WEAK,application,domanda,Applikation,,,
11,n,sim,WEAK,apprehension,timore,Befürchtung,,,
12,n,sim,WEAK,argument,discussione,Auseinandersetzung,,,
13,n,sim,WEAK,assault,attacco,Sturm,,,
14,n,sim,WEAK,bid,dichiarazione,Versuch,,,
15,n,sim,WEAK,calculation,previsione,Rechnung,,,
16,n,sim,WEAK,caution,precauzione,Warnung,,,
17,n,sim,WEAK,chaos,confusione,Chaos,,,
18,n,sim,WEAK,charge,accusa,Ladung,,,
19,n,sim,WEAK,checking,verifica,Kontrolle,,,
20,n,sim,WEAK,comment,osservazione,Hinweis,,,
21,n,sim,WEAK,commitment,impegno,Zusage,,,
22,n,sim,WEAK,consent,consenso,Zusage,,,
23,n,sim,WEAK,damper,freno,Dämpfer,,,
24,n,sim,WEAK,debate,discussione,Auseinandersetzung,,,
25,n,sim,WEAK,discussion,discussione,Besprechung,,,
26,n,sim,WEAK,display,manifestazione,Anzeige,,,
27,n,sim,WEAK,distress,pericolo,Sorge,,,
28,n,sim,WEAK,disturbance,confusione,Störung,,,
29,n,sim,WEAK,door,sportello,Pforte,,,
30,n,sim,WEAK,dossier,pratica,Vorgang,,,
31,n,sim,WEAK,drive,guida,Anfahrt,,,
32,n,sim,WEAK,duty,servizio,Bereitschaft,,,
33,n,sim,WEAK,effect,effetto,Eindruck,,,
34,n,sim,WEAK,entry,voce,Eintrag,,,
35,n,sim,WEAK,feature,carattere,Feature,,,
36,n,sim,WEAK,feed,alimentazione,Eingabe,,,
37,n,sim,WEAK,feeling,sensibilità,Eindruck,,,
38,n,sim,WEAK,file,pratica,Vorgang,,,
39,n,sim,WEAK,fitting,misura,Installation,,,
40,n,sim,WEAK,fixture,apparecchiatura,Termin,,,
41,n,sim,WEAK,gauge,indicatore,Spur,,,
42,n,sim,WEAK,heat,calore,Heizung,,,
43,n,sim,WEAK,heating,riscaldamento,Heizung,,,
44,n,sim,WEAK,information,informazione,Mitteilung,,,
45,n,sim,WEAK,installation,impianto,Installation,,,
46,n,sim,WEAK,item,voce,Nummer,,,
47,n,sim,WEAK,lockdown,blocco,Ausgangssperre,,,
48,n,sim,WEAK,mark,marchio,Zeichen,,,
49,n,sim,WEAK,notice,nota,Mitteilung,,,
50,n,sim,WEAK,opinion,opinione,Stimmung,,,
51,n,sim,WEAK,outlook,prospettiva,Einstellung,,,
52,n,sim,WEAK,package,imballaggio,Paket,,,
53,n,sim,WEAK,plan,piano,Disposition,,,
54,n,sim,WEAK,post,posto,Stellung,,,
55,n,sim,WEAK,presentation,presentazione,Vorführung,,,
56,n,sim,WEAK,pressure,pressione,Stress,,,
57,n,sim,WEAK,refusal,rifiuto,Absage,,,
58,n,sim,WEAK,reservation,restrizione,Reservierung,,,
59,n,sim,WEAK,result,conseguenza,Ausgang,,,
60,n,sim,WEAK,review,revisione,Besprechung,,,
61,n,sim,WEAK,search,ricerca,Suchaktion,,,
62,n,sim,WEAK,security,sicurezza,Halt,,,
63,n,sim,WEAK,sentiment,opinione,Gedanke,,,
64,n,sim,WEAK,setting,ambiente,Einstellung,,,
65,n,sim,WEAK,settlement,comunità,Übertragung,,,
66,n,sim,WEAK,sign,segnale,Zeichen,,,
67,n,sim,WEAK,situation,situazione,Stellung,,,
68,n,sim,WEAK,sound,rumore,Ton,,,
69,n,sim,WEAK,stop,arresto,Halt,,,
70,n,sim,WEAK,suggestion,suggerimento,Eindruck,,,
71,n,sim,WEAK,supply,alimentazione,Bereitstellung,,,
72,n,sim,WEAK,support,supporto,Halt,,,
73,n,sim,WEAK,suspicion,sospetto,Ahnung,,,
74,n,sim,WEAK,talk,discorso,Besprechung,,,
75,n,sim,WEAK,test,test,Versuch,,,
76,n,sim,WEAK,tip,suggerimento,Hinweis,,,
77,n,sim,WEAK,train,treno,Schlange,,,
78,n,sim,WEAK,trial,giudizio,Versuch,,,
79,n,sim,WEAK,trouble,difficoltà,Ärger,,,
80,n,sim,WEAK,watch,sorveglianza,Wache,,,
81,n,sim,WEAK,window,finestrino,Schalter,,,
82,n,sim,WEAK,wireless,radio,Funk,,,
1,n,cooc,,evacuation,evacuazione,Evakuierung,0.538,1,bn:00754972n
2,n,cooc,,siren,sirena,Sirene,0.51,3,bn:00071828n bn:00026049n bn:00071830n
3,n,cooc,,warning,avvertimento,Warnung,0.483,1,bn:00080496n
4,n,cooc,,notification,notifica,Benachrichtigung,0.481,0,
5,n,cooc,,alarm,allarme,Alarm,0.472,3,bn:00002410n bn:00002412n bn:00002411n
6,n,cooc,,alert,allarme,Alarm,0.472,1,bn:00002412n
7,n,cooc,,emergency,emergenza,Notfall,0.47,1,bn:00030525n
8,n,cooc,,timer,timer,Timer,0.451,3,bn:00077310n bn:00077305n bn:00077309n
9,n,cooc,,intervention,intervento,Eingreifen,0.432,0,
10,n,cooc,,caution,avvertimento,Warnung,0.431,0,
11,n,cooc,,panic,panico,Panik,0.426,1,bn:00001793n
12,n,cooc,,sms,sms,Sms,0.417,25,bn:15473621n bn:05561452n bn:01433142n bn:00711035n bn:05801374n bn:01905604n bn:01105248n bn:00209845n bn:17270328n bn:13412084n bn:00521297n bn:00723951n bn:02332520n bn:02898008n bn:03809854n bn:00160372n bn:02094884n bn:01821982n bn:00676123n bn:02212983n bn:03816193n bn:13087360n bn:02184985n bn:02409757n bn:07762955n
13,n,cooc,,activation,attivazione,Aktivierung,0.414,2,bn:00001151n bn:00001152n
14,n,cooc,,stopwatch,cronometro,Stoppuhr,0.408,1,bn:00074440n
15,n,cooc,,button,pulsante,Taste,0.399,1,bn:00014306n
16,n,cooc,,signal,segnale,Signal,0.393,1,bn:00071525n
17,n,cooc,,monitoring,monitoraggio,Überwachung,0.386,1,bn:00055682n
18,n,cooc,,hazard,pericolo,Gefahr,0.375,1,bn:02695864n
19,n,cooc,,message,messaggio,Nachricht,0.373,1,bn:00054523n
20,n,cooc,,surveillance,sorveglianza,Überwachung,0.368,1,bn:00075427n
21,n,cooc,,transmission,trasmissione,Übertragung,0.364,1,bn:00078027n
22,n,cooc,,calendar,calendario,Kalender,0.363,2,bn:00014705n bn:00014707n
23,n,cooc,,call,chiamata,Anruf,0.36,1,bn:00014791n
24,n,cooc,,danger,pericolo,Gefahr,0.352,1,bn:00025171n
25,n,cooc,,installation,impianto,Anlage,0.346,1,bn:00046934n
26,n,cooc,,morning,mattina,Morgen,0.34,1,bn:00035851n
27,n,cooc,,suspicion,sospetto,Verdacht,0.335,1,bn:00045216n
28,n,cooc,,vibration,vibrazione,Vibration,0.334,2,bn:00065749n bn:00059631n
29,n,cooc,,display,display,Anzeige,0.332,1,bn:00027675n
30,n,cooc,,indicator,indicatore,Anzeige,0.308,0,
31,n,cooc,,reminder,promemoria,Erinnerung,0.301,0,
32,n,cooc,,equipment,apparecchiatura,Ausrüstung,0.296,1,bn:00031322n
33,n,cooc,,indication,indicazione,Anzeige,0.296,0,
34,n,cooc,,function,funzione,Funktion,0.269,3,bn:00036825n bn:00036822n bn:00036821n
35,n,cooc,,limit,limite,Grenzwert,0.269,1,bn:00051249n
36,n,cooc,,escape,fuga,Flucht,0.267,1,bn:00031545n
37,n,cooc,,system,sistema,System,0.262,7,bn:00075760n bn:00075761n bn:00069580n bn:00075759n bn:00005863n bn:00075762n bn:00075763n
38,n,cooc,,action,azione,Aktion,0.26,0,
39,n,cooc,,lighting,illuminazione,Beleuchtung,0.251,2,bn:00051155n bn:00051154n
40,n,cooc,,device,dispositivo,Gerät,0.229,1,bn:00026716n
41,n,cooc,,light,luce,Licht,0.222,3,bn:00051109n bn:00051108n bn:00045956n
42,n,cooc,,risk,rischio,Gefahr,0.222,1,bn:00025171n
43,n,cooc,,information,informazione,Information,0.221,2,bn:00046705n bn:00046698n
44,n,cooc,,duration,durata,Dauer,0.206,2,bn:06505489n bn:14664596n
45,n,cooc,,management,gestione,Management,0.2,2,bn:00027355n bn:00053116n
46,n,cooc,,authority,autorità,Behörde,0.172,0,
47,n,cooc,,security,sicurezza,Sicherheit,0.168,2,bn:00070219n bn:00068799n
48,n,cooc,,safety,sicurezza,Sicherheit,0.165,2,bn:00070219n bn:00068799n
49,n,cooc,,protection,protezione,Schutz,0.146,2,bn:00064838n bn:00071020n
50,n,cooc,,service,servizio,Bedienung,0.119,0,
1,n,cooc,WEAK,announcement,comunicazione,Anzeige,,,
2,n,cooc,WEAK,arrangement,predisposizione,Disposition,,,
3,n,cooc,WEAK,assistance,soccorso,Hilfe,,,
4,n,cooc,WEAK,check,controllo,Prüfung,,,
5,n,cooc,WEAK,closing,chiusura,Aufhebung,,,
6,n,cooc,WEAK,closure,chiusura,Beendigung,,,
7,n,cooc,WEAK,concern,preoccupazione,Bedeutung,,,
8,n,cooc,WEAK,control,controllo,Steuerung,,,
9,n,cooc,WEAK,datum,dato,Datum,,,
10,n,cooc,WEAK,deal,trattamento,Menge,,,
11,n,cooc,WEAK,distress,pericolo,Schmerz,,,
12,n,cooc,WEAK,exchange,scambio,Zentrale,,,
13,n,cooc,WEAK,failure,guasto,Ausfall,,,
14,n,cooc,WEAK,fault,guasto,Fehler,,,
15,n,cooc,WEAK,funk,paura,Funk,,,
16,n,cooc,WEAK,gate,cancello,Ausgang,,,
17,n,cooc,WEAK,job,posto,Arbeitsplatz,,,
18,n,cooc,WEAK,kit,kit,Ausrüstung,,,
19,n,cooc,WEAK,motion,azione,Bewegung,,,
20,n,cooc,WEAK,notice,avviso,Benachrichtigung,,,
21,n,cooc,WEAK,outage,interruzione,Ausfall,,,
22,n,cooc,WEAK,panel,pannello,Einsatz,,,
23,n,cooc,WEAK,period,durata,Zeit,,,
24,n,cooc,WEAK,preparedness,preparazione,Bereitschaft,,,
25,n,cooc,WEAK,reference,raccomandazione,Hinweis,,,
26,n,cooc,WEAK,report,servizio,Bericht,,,
27,n,cooc,WEAK,request,richiesta,Wunsch,,,
28,n,cooc,WEAK,response,risposta,Reaktion,,,
29,n,cooc,WEAK,set,servizio,Menge,,,
30,n,cooc,WEAK,sign,segnale,Zeichen,,,
31,n,cooc,WEAK,switch,scambio,Umstellung,,,
32,n,cooc,WEAK,threshold,soglia,Beginn,,,
33,n,cooc,WEAK,tier,piano,Stufe,,,
34,n,cooc,WEAK,vehicle,mezzo,Fahrzeug,,,
35,n,cooc,WEAK,watch,sorveglianza,Uhr,,,
36,n,cooc,WEAK,window,luce,Fenster,,,
1,adj,cooc,,acoustic,acustico,akustisch,0.601,0,
2,adj,cooc,,false,falso,falsch,0.582,0,
3,adj,cooc,,fake,falso,falsch,0.474,2,bn:00098117a bn:00100554a
4,adj,cooc,,silent,silenzioso,still,0.431,1,bn:00110624a
5,adj,cooc,,audible,udibile,hörbar,0.427,0,
6,adj,cooc,,general,generale,allgemein,0.407,1,bn:00103507a
7,adj,cooc,,red,rosso,rot,0.395,1,bn:00098581a
8,adj,cooc,,optical,ottico,optisch,0.382,1,bn:00107730a
9,adj,cooc,,timely,tempestivo,rechtzeitig,0.36,0,
10,adj,cooc,,configurable,configurabile,konfigurierbar,0.358,0,
11,adj,cooc,,visual,visivo,visuell,0.353,0,
12,adj,cooc,,instant,immediato,sofortig,0.349,0,
13,adj,cooc,,quiet,silenzioso,still,0.343,2,bn:00110624a bn:00109359a
14,adj,cooc,,automatic,automatico,automatisch,0.342,1,bn:00097823a
15,adj,cooc,,programmable,programmabile,programmierbar,0.329,1,bn:13605550a
16,adj,cooc,,rapid,rapido,schnell,0.314,2,bn:00109438a bn:00102802a
17,adj,cooc,,yellow,giallo,gelb,0.304,1,bn:00113968a
18,adj,cooc,,real,reale,echt,0.298,0,
19,adj,cooc,,severe,grave,ernst,0.294,0,
20,adj,cooc,,unnecessary,inutile,unnötig,0.269,0,
21,adj,cooc,,distinct,distinto,deutlich,0.224,0,
22,adj,cooc,,early,precoce,früh,0.211,0,
23,adj,cooc,,quick,veloce,schnell,0.188,1,bn:00102807a
24,adj,cooc,,extra,supplementare,zusätzlich,0.177,0,
25,adj,cooc,,true,vero,echt,0.165,0,
26,adj,cooc,,effective,efficace,effektiv,0.159,0,
27,adj,cooc,,external,esterno,extern,0.159,0,
28,adj,cooc,,suitable,idoneo,geeignet,0.141,1,bn:00111427a
29,adj,cooc,,possible,eventuale,eventuell,0.133,0,
30,adj,cooc,,clear,chiaro,deutlich,0.127,1,bn:00099803a
1,adj,cooc,WEAK,appropriate,proprio,geeignet,,,
2,adj,cooc,WEAK,defective,difettoso,fehlerhaft,,,
3,adj,cooc,WEAK,faulty,difettoso,fehlerhaft,,,
4,adj,cooc,WEAK,great,grande,weit,,,
5,adj,cooc,WEAK,groundless,infondato,grundlos,,,
6,adj,cooc,WEAK,high,alto,schrill,,,
7,adj,cooc,WEAK,independent,indipendente,selbsttätig,,,
8,adj,cooc,WEAK,individual,singolo,einzeln,,,
9,adj,cooc,WEAK,late,recente,spät,,,
10,adj,cooc,WEAK,loud,forte,laut,,,
11,adj,cooc,WEAK,particular,particolare,bestimmt,,,
12,adj,cooc,WEAK,relevant,relativo,entsprechend,,,
13,adj,cooc,WEAK,short,forte,kurz,,,
14,adj,cooc,WEAK,smart,sveglio,intelligent,,,
15,adj,cooc,WEAK,sound,efficace,verlässlich,,,
16,adj,cooc,WEAK,special,particolare,bestimmt,,,
17,adj,cooc,WEAK,specific,specifico,gezielt,,,
18,adj,cooc,WEAK,unfounded,infondato,grundlos,,,
19,adj,cooc,WEAK,widespread,diffuso,häufig,,,
1,v,cooc,,brake,frenare,bremsen,0.514,0,
2,v,cooc,,trigger,innescare,auslösen,0.433,0,
3,v,cooc,,excite,suscitare,wecken,0.389,0,
4,v,cooc,,activate,attivare,aktivieren,0.381,0,
5,v,cooc,,alert,avvertire,warnen,0.372,0,
6,v,cooc,,deactivate,disattivare,deaktivieren,0.367,1,bn:00086323v
7,v,cooc,,arouse,suscitare,wecken,0.363,0,
8,v,cooc,,rouse,suscitare,wecken,0.351,0,
9,v,cooc,,raise,sollevare,aufheben,0.343,0,
10,v,cooc,,wake,svegliare,aufwachen,0.331,1,bn:00082769v
11,v,cooc,,flash,lampeggiare,blinken,0.322,1,bn:00083612v
12,v,cooc,,give,dare,geben,0.321,2,bn:00088825v bn:00088815v
13,v,cooc,,install,installare,installieren,0.319,1,bn:00089785v
14,v,cooc,,ignore,ignorare,ignorieren,0.318,0,
15,v,cooc,,notify,notificare,benachrichtigen,0.318,0,
16,v,cooc,,generate,generare,erzeugen,0.317,0,
17,v,cooc,,arm,munire,ausrüsten,0.311,0,
18,v,cooc,,cease,cessare,aufhören,0.308,0,
19,v,cooc,,resolve,risolvere,lösen,0.305,0,
20,v,cooc,,caution,avvertire,warnen,0.3,0,
21,v,cooc,,warn,avvertire,warnen,0.293,0,
22,v,cooc,,signal,segnalare,signalisieren,0.286,0,
23,v,cooc,,awake,svegliare,aufwachen,0.285,1,bn:00082769v
24,v,cooc,,cause,causare,verursachen,0.281,0,
25,v,cooc,,leave,partire,verlassen,0.276,1,bn:00087845v
26,v,cooc,,send,inviare,senden,0.268,0,
27,v,cooc,,strike,colpire,schlagen,0.268,0,
28,v,cooc,,blink,lampeggiare,blinken,0.264,1,bn:00083612v
29,v,cooc,,receive,ricevere,erhalten,0.253,1,bn:00089246v
30,v,cooc,,function,funzionare,funktionieren,0.24,1,bn:00088629v
31,v,cooc,,lift,sollevare,aufheben,0.237,0,
32,v,cooc,,work,funzionare,funktionieren,0.231,1,bn:00088629v
33,v,cooc,,cost,venire,kommen,0.227,0,
34,v,cooc,,shout,gridare,schreien,0.224,4,bn:00093676v bn:00084388v bn:00084428v bn:00093372v
35,v,cooc,,hit,colpire,treffen,0.222,0,
36,v,cooc,,report,segnalare,melden,0.219,0,
37,v,cooc,,scream,gridare,schreien,0.219,3,bn:00093676v bn:00084388v bn:00093372v
38,v,cooc,,get,arrivare,erhalten,0.217,0,
39,v,cooc,,retard,ritardare,verzögern,0.217,0,
40,v,cooc,,follow,seguire,folgen,0.215,1,bn:00088020v
41,v,cooc,,come,venire,kommen,0.213,1,bn:00085335v
42,v,cooc,,initiate,iniziare,einleiten,0.209,0,
43,v,cooc,,pertain,riguardare,betreffen,0.208,1,bn:00083240v
44,v,cooc,,arrive,arrivare,ankommen,0.205,2,bn:00082788v bn:00082790v
45,v,cooc,,stop,fermare,stoppen,0.201,1,bn:00094398v
46,v,cooc,,shriek,gridare,schreien,0.2,0,
47,v,cooc,,switch,passare,schalten,0.2,0,
48,v,cooc,,apply,riguardare,betreffen,0.198,0,
49,v,cooc,,screech,gridare,schreien,0.196,0,
50,v,cooc,,appear,apparire,auftreten,0.193,0,
51,v,cooc,,transfer,trasmettere,übermitteln,0.192,0,
52,v,cooc,,register,registrare,registrieren,0.179,2,bn:00092679v bn:00083775v
53,v,cooc,,dispatch,inviare,senden,0.166,0,
54,v,cooc,,reach,raggiungere,erreichen,0.163,2,bn:00082901v bn:00082226v
55,v,cooc,,place,mettere,setzen,0.156,0,
56,v,cooc,,push,spingere,drücken,0.153,0,
57,v,cooc,,remind,ricordare,erinnern,0.149,0,
58,v,cooc,,signify,significare,bedeuten,0.146,0,
59,v,cooc,,recall,ricordare,erinnern,0.141,0,
60,v,cooc,,contain,contenere,enthalten,0.13,1,bn:00083225v
61,v,cooc,,call,chiamare,rufen,0.128,0,
62,v,cooc,,put,mettere,setzen,0.126,0,
63,v,cooc,,allow,consentire,erlauben,0.124,0,
64,v,cooc,,start,iniziare,beginnen,0.119,2,bn:00083342v bn:00083340v
65,v,cooc,,avoid,evitare,vermeiden,0.112,1,bn:00082958v
66,v,cooc,,produce,produrre,erzeugen,0.11,2,bn:00084198v bn:00086013v
67,v,cooc,,permit,permettere,erlauben,0.097,1,bn:00082536v
68,v,cooc,,begin,iniziare,beginnen,0.09,2,bn:00083342v bn:00083340v
69,v,cooc,,ensure,garantire,gewährleisten,0.087,1,bn:00082812v
70,v,cooc,,mean,dire,bedeuten,0.066,1,bn:00089805v
71,v,cooc,,do,fare,machen,0.06,1,bn:00082286v
1,v,cooc,WEAK,acknowledge,ammettere,bestätigen,,,
2,v,cooc,WEAK,actuate,azionare,betätigen,,,
3,v,cooc,WEAK,advise,avvisare,verständigen,,,
4,v,cooc,WEAK,affect,interessare,betreffen,,,
5,v,cooc,WEAK,answer,servire,quittieren,,,
6,v,cooc,WEAK,ask,richiedere,angehen,,,
7,v,cooc,WEAK,be,diventare,betragen,,,
8,v,cooc,WEAK,blow,scoppiare,blasen,,,
9,v,cooc,WEAK,break,scoppiare,brechen,,,
10,v,cooc,WEAK,broadcast,trasmettere,senden,,,
11,v,cooc,WEAK,check,frenare,aufhalten,,,
12,v,cooc,WEAK,circulate,circolare,umgehen,,,
13,v,cooc,WEAK,close,concludere,löschen,,,
14,v,cooc,WEAK,communicate,trasmettere,mitteilen,,,
15,v,cooc,WEAK,complete,concludere,beenden,,,
16,v,cooc,WEAK,concern,interessare,betreffen,,,
17,v,cooc,WEAK,connect,collegare,schalten,,,
18,v,cooc,WEAK,cover,montare,schützen,,,
19,v,cooc,WEAK,create,creare,verursachen,,,
20,v,cooc,WEAK,deliver,emettere,abgeben,,,
21,v,cooc,WEAK,detect,rivelare,entdecken,,,
22,v,cooc,WEAK,discontinue,cessare,einstellen,,,
23,v,cooc,WEAK,echo,ripetere,schallen,,,
24,v,cooc,WEAK,emit,emettere,aussenden,,,
25,v,cooc,WEAK,enable,permettere,ermöglichen,,,
26,v,cooc,WEAK,enter,entrare,eingehen,,,
27,v,cooc,WEAK,exist,esistere,vorliegen,,,
28,v,cooc,WEAK,express,esprimere,abgeben,,,
29,v,cooc,WEAK,extend,estendere,erweisen,,,
30,v,cooc,WEAK,fire,incendiare,abgeben,,,
31,v,cooc,WEAK,fit,munire,versehen,,,
32,v,cooc,WEAK,forward,inviare,weiterleiten,,,
33,v,cooc,WEAK,go,partire,gehen,,,
34,v,cooc,WEAK,have,disporre,besitzen,,,
35,v,cooc,WEAK,hear,sentire,hören,,,
36,v,cooc,WEAK,include,inserire,enthalten,,,
37,v,cooc,WEAK,increase,crescere,steigen,,,
38,v,cooc,WEAK,indicate,indicare,anzeigen,,,
39,v,cooc,WEAK,inform,avvertire,informieren,,,
40,v,cooc,WEAK,insert,inserire,einrücken,,,
41,v,cooc,WEAK,intend,intendere,vorsehen,,,
42,v,cooc,WEAK,interrupt,fermare,unterbrechen,,,
43,v,cooc,WEAK,introduce,iniziare,einführen,,,
44,v,cooc,WEAK,involve,richiedere,betreffen,,,
45,v,cooc,WEAK,issue,emettere,ausstellen,,,
46,v,cooc,WEAK,keep,continuare,erhalten,,,
47,v,cooc,WEAK,last,bastare,dauern,,,
48,v,cooc,WEAK,launch,lanciare,starten,,,
49,v,cooc,WEAK,lay,disporre,setzen,,,
50,v,cooc,WEAK,lead,portare,leiten,,,
51,v,cooc,WEAK,let,permettere,lassen,,,
52,v,cooc,WEAK,manage,gestire,leiten,,,
53,v,cooc,WEAK,miss,mancare,übersehen,,,
54,v,cooc,WEAK,mount,montare,steigen,,,
55,v,cooc,WEAK,note,registrare,beachten,,,
56,v,cooc,WEAK,occur,venire,auftreten,,,
57,v,cooc,WEAK,originate,provenire,ausgehen,,,
58,v,cooc,WEAK,pop,scoppiare,springen,,,
59,v,cooc,WEAK,post,inviare,anschlagen,,,
60,v,cooc,WEAK,power,azionare,ausrüsten,,,
61,v,cooc,WEAK,prevent,evitare,verhindern,,,
62,v,cooc,WEAK,prompt,spingere,veranlassen,,,
63,v,cooc,WEAK,provide,fornire,sorgen,,,
64,v,cooc,WEAK,provoke,provocare,verursachen,,,
65,v,cooc,WEAK,pull,raccogliere,reißen,,,
66,v,cooc,WEAK,read,ricevere,lauten,,,
67,v,cooc,WEAK,reduce,ridimensionare,reduzieren,,,
68,v,cooc,WEAK,refer,riguardare,hinweisen,,,
69,v,cooc,WEAK,regard,considerare,betreffen,,,
70,v,cooc,WEAK,relay,trasmettere,weitergeben,,,
71,v,cooc,WEAK,release,diffondere,lösen,,,
72,v,cooc,WEAK,require,richiedere,benötigen,,,
73,v,cooc,WEAK,result,derivare,erfolgen,,,
74,v,cooc,WEAK,reveal,rivelare,ergeben,,,
75,v,cooc,WEAK,reverse,revocare,aufheben,,,
76,v,cooc,WEAK,ring,suonare,klingeln,,,
77,v,cooc,WEAK,rise,salire,steigen,,,
78,v,cooc,WEAK,save,memorizzare,retten,,,
79,v,cooc,WEAK,schedule,fissare,programmieren,,,
80,v,cooc,WEAK,secure,garantire,sichern,,,
81,v,cooc,WEAK,set,fissare,setzen,,,
82,v,cooc,WEAK,sound,suonare,klingen,,,
83,v,cooc,WEAK,spark,provocare,wecken,,,
84,v,cooc,WEAK,stand,restare,gelten,,,
85,v,cooc,WEAK,stem,derivare,aufhalten,,,
86,v,cooc,WEAK,subside,cessare,verstummen,,,
87,v,cooc,WEAK,summon,chiamare,befehlen,,,
88,v,cooc,WEAK,tell,dire,mitteilen,,,
89,v,cooc,WEAK,transmit,trasmettere,senden,,,
90,v,cooc,WEAK,use,utilizzare,nehmen,,,
91,v,cooc,WEAK,warrant,giustificare,gewährleisten,,,
92,v,cooc,WEAK,withdraw,levare,räumen,,,
