idx_group,pos,rel,weak,lex_en,lex_it,lex_de,score,bs_count,babel_synsets
0,n,head,,volume book,tomo volume libro,Band,,1,bn:00012060n
1,n,sim,,thing,cosa,Sache,0.423,2,bn:00001734n bn:00076925n
2,n,sim,,movie,film,Film,0.42,1,bn:00034471n
3,n,sim,,story,storia,Geschichte,0.42,2,bn:00056857n bn:00000738n
4,n,sim,,quantity,quantità,Menge,0.393,2,bn:00065553n bn:00003603n
5,n,sim,,experience,esperienza,Erfahrung,0.387,2,bn:00032307n bn:00032306n
6,n,sim,,thought,pensiero,Gedanke,0.387,0,
7,n,sim,,lot,quantità,Menge,0.386,0,
8,n,sim,,piece,pezzo,Stück,0.383,2,bn:00062299n bn:00062297n
9,n,sim,,history,storia,Geschichte,0.379,4,bn:00044268n bn:00000738n bn:00044267n bn:00044270n
10,n,sim,,show,mostra,Show,0.369,1,bn:00027670n
11,n,sim,,song,canzone,Song,0.365,1,bn:00072794n
12,n,sim,,instance,esempio,Beispiel,0.361,3,bn:00032099n bn:00032100n bn:00016401n
13,n,sim,,word,parola,Wort,0.36,1,bn:00081546n
14,n,sim,,course,corso,Kurs,0.357,2,bn:00019477n bn:00019479n
15,n,sim,,idea,idea,Idee,0.354,1,bn:00045800n
16,n,sim,,example,esempio,Beispiel,0.353,3,bn:00032099n bn:00032100n bn:00016401n
17,n,sim,,picture,immagine,Bild,0.351,2,bn:00045970n bn:00032381n
18,n,sim,,edition,edizione,Ausgabe,0.345,1,bn:00065108n
19,n,sim,,day,giorno,Tag,0.344,5,bn:00000086n bn:00025424n bn:00025417n bn:00025422n bn:00025419n
20,n,sim,,style,stile,Stil,0.343,1,bn:15993750n
21,n,sim,,way,modo,Weg,0.343,1,bn:00033729n
22,n,sim,,shape,forma,Form,0.341,5,bn:00003882n bn:00021751n bn:00035908n bn:00035909n bn:00016529n
23,n,sim,,amount,importo,Menge,0.339,0,
24,n,sim,,point,punto,Punkt,0.339,4,bn:00063223n bn:00063218n bn:00036777n bn:00063214n
25,n,sim,,play,gioco,Spiel,0.337,2,bn:00007800n bn:00037180n
26,n,sim,,art,arte,Kunst,0.335,3,bn:00005926n bn:00005928n bn:00005927n
27,n,sim,,character,carattere,Charakter,0.333,1,bn:00017748n
28,n,sim,,novel,romanzo,Roman,0.331,1,bn:00058201n
29,n,sim,,display,mostra,Ausstellung,0.327,0,
30,n,sim,,job,lavoro,Arbeit,0.327,4,bn:00030616n bn:00030625n bn:00018756n bn:00014138n
31,n,sim,,price,prezzo,Kurs,0.327,0,
32,n,sim,,question,domanda,Frage,0.326,1,bn:00047208n
33,n,sim,,number,numero,Zahl,0.325,3,bn:00058287n bn:00058285n bn:00058290n
34,n,sim,,photo,foto,Foto,0.325,1,bn:00032381n
35,n,sim,,world,mondo,Welt,0.325,3,bn:00045153n bn:00029424n bn:00022991n
36,n,sim,,life,vita,Leben,0.324,4,bn:00002761n bn:00051045n bn:00051054n bn:00051047n
37,n,sim,,family,famiglia,Familie,0.322,2,bn:00032896n bn:00032893n
38,n,sim,,book,libro,Buch,0.321,2,bn:00012059n bn:00012066n
39,n,sim,,friend,amico,Freund,0.32,2,bn:00002956n bn:00036538n
40,n,sim,,field,campo,Bereich,0.316,0,
41,n,sim,,time,tempo,Zeit,0.316,2,bn:00077270n bn:00076545n
42,n,sim,,school,scuola,Schule,0.315,3,bn:00069619n bn:00069625n bn:00069620n
43,n,sim,,series,serie,Serie,0.314,5,bn:00031227n bn:00070613n bn:00070597n bn:00070609n bn:00070611n
44,n,sim,,quality,qualità,Qualität,0.312,2,bn:00014731n bn:00065538n
45,n,sim,,house,casa,Haus,0.311,4,bn:00045000n bn:00044994n bn:00000356n bn:00029305n
46,n,sim,,theme,tema,Thema,0.31,3,bn:00074900n bn:00056025n bn:00045803n
47,n,sim,,news,notizia,Nachricht,0.309,0,
48,n,sim,,scene,scena,Szene,0.309,1,bn:00069552n
49,n,sim,,action,azione,Aktion,0.308,0,
50,n,sim,,form,forma,Form,0.308,11,bn:00035915n bn:00035912n bn:00035907n bn:00035913n bn:00003882n bn:00021751n bn:00035911n bn:00026512n bn:00035908n bn:00035909n bn:00016529n
51,n,sim,,child,bambino,Kind,0.306,1,bn:00018345n
52,n,sim,,film,film,Film,0.305,6,bn:00034474n bn:00017056n bn:00020185n bn:00034471n bn:00034472n bn:00034473n
53,n,sim,,output,produzione,Ausgabe,0.305,0,
54,n,sim,,home,casa,Haus,0.303,2,bn:00000356n bn:00044994n
55,n,sim,,kid,bambino,Kind,0.301,1,bn:00018345n
56,n,sim,,woman,donna,Frau,0.299,2,bn:00034016n bn:00001530n
57,n,sim,,nature,natura,Natur,0.297,3,bn:00075760n bn:00057016n bn:00057017n
58,n,sim,,person,persona,Person,0.297,4,bn:00061715n bn:00046516n bn:00044576n bn:00061714n
59,n,sim,,service,servizio,Dienst,0.297,1,bn:00070651n
60,n,sim,,presentation,presentazione,Darstellung,0.296,0,
61,n,sim,,speech,discorso,Sprache,0.295,0,
62,n,sim,,moment,momento,Moment,0.294,5,bn:00055597n bn:00046942n bn:00055596n bn:00010728n bn:00077679n
63,n,sim,,area,area,Bereich,0.293,2,bn:00003268n bn:00082076n
64,n,sim,,demand,domanda,Frage,0.293,0,
65,n,sim,,case,caso,Fall,0.292,3,bn:00016403n bn:00016402n bn:00016411n
66,n,sim,,man,uomo,Mann,0.292,1,bn:00001533n
67,n,sim,,space,spazio,Raum,0.29,2,bn:00053830n bn:00046665n
68,n,sim,,episode,episodio,Folge,0.288,1,bn:00031226n
69,n,sim,,role,ruolo,Rolle,0.288,1,bn:00068130n
70,n,sim,,culture,cultura,Kultur,0.286,1,bn:00024369n
71,n,sim,,love,amore,Liebe,0.286,1,bn:00052121n
72,n,sim,,figure,figura,Figur,0.285,1,bn:00003882n
73,n,sim,,line,linea,Linie,0.285,4,bn:00051289n bn:00051294n bn:00014457n bn:00014165n
74,n,sim,,result,risultato,Ergebnis,0.285,3,bn:00034520n bn:00021961n bn:00004452n
75,n,sim,,sample,campione,Beispiel,0.285,0,
76,n,sim,,issue,emissione,Ausgabe,0.283,1,bn:00047687n
77,n,sim,,place,posto,Platz,0.283,1,bn:00062699n
78,n,sim,,situation,situazione,Situation,0.283,3,bn:00071858n bn:00063707n bn:00071869n
79,n,sim,,music,musica,Musik,0.281,2,bn:00031853n bn:00056443n
80,n,sim,,commodity,prodotto,Artikel,0.28,1,bn:00254490n
81,n,sim,,element,elemento,Element,0.28,6,bn:00030300n bn:00030299n bn:00021396n bn:00021394n bn:00030301n bn:00018105n
82,n,sim,,work,lavoro,Arbeit,0.278,5,bn:00030625n bn:00081570n bn:00030616n bn:00081569n bn:00014138n
83,n,sim,,location,posizione,Position,0.277,0,
84,n,sim,,network,rete,Netzwerk,0.277,4,bn:00021488n bn:00054497n bn:00057379n bn:00024712n
85,n,sim,,design,disegno,Design,0.275,6,bn:00002178n bn:00011593n bn:00045963n bn:00026537n bn:00045772n bn:00028639n
86,n,sim,,target,obiettivo,Ziel,0.275,1,bn:00002179n
87,n,sim,,objective,obiettivo,Ziel,0.274,1,bn:00002179n
88,n,sim,,site,luogo,Stelle,0.274,0,
89,n,sim,,group,gruppo,Gruppe,0.273,4,bn:00041943n bn:00073698n bn:00041942n bn:00018111n
90,n,sim,,project,progetto,Projekt,0.273,1,bn:00064665n
91,n,sim,,album,album,Album,0.272,4,bn:00002488n bn:00020927n bn:00062278n bn:00002489n
92,n,sim,,development,sviluppo,Entwicklung,0.272,1,bn:07804057n
93,n,sim,,portion,parte,Teil,0.27,1,bn:00021395n
94,n,sim,,sector,settore,Bereich,0.269,0,
95,n,sim,,position,posizione,Position,0.268,10,bn:00063704n bn:00063706n bn:00007048n bn:00063703n bn:00063707n bn:00010073n bn:00054979n bn:00061746n bn:00063708n bn:00062704n
96,n,sim,,production,produzione,Produktion,0.267,4,bn:00064592n bn:00064594n bn:00064590n bn:00059790n
97,n,sim,,strength,forza,Kraft,0.266,1,bn:00074615n
98,n,sim,,band,gruppo,Gruppe,0.262,1,bn:00008279n
99,n,sim,,trend,andamento,Entwicklung,0.261,0,
100,n,sim,,supply,fornitura,Angebot,0.26,1,bn:00064922n
101,n,sim,,product,prodotto,Produkt,0.259,4,bn:00064585n bn:00064584n bn:00054416n bn:00053827n
102,n,sim,,programme,programma,Programm,0.259,2,bn:00013235n bn:00021492n
103,n,sim,,system,sistema,System,0.259,7,bn:00005863n bn:00075760n bn:00069580n bn:00075761n bn:00075763n bn:00075762n bn:00075759n
104,n,sim,,policy,politica,Politik,0.258,1,bn:00063329n
105,n,sim,,movement,movimento,Bewegung,0.256,3,bn:00056030n bn:00036632n bn:00056029n
106,n,sim,,club,club,Verein,0.255,1,bn:00020039n
107,n,sim,,image,immagine,Bild,0.255,2,bn:00045972n bn:00045970n
108,n,sim,,sport,sport,Sport,0.255,9,bn:00006747n bn:00006759n bn:00073569n bn:00036814n bn:00073568n bn:00073570n bn:00032203n bn:00056530n bn:00073571n
109,n,sim,,team,squadra,Team,0.254,2,bn:00030339n bn:00073699n
110,n,sim,,pattern,modello,Modell,0.253,0,
111,n,sim,,segment,parte,Teil,0.253,0,
112,n,sim,,material,materiale,Material,0.251,3,bn:00053802n bn:00053801n bn:00053803n
113,n,sim,,power,potenza,Kraft,0.251,0,
114,n,sim,,content,contenuto,Inhalt,0.247,2,bn:00022153n bn:00022154n
115,n,sim,,page,pagina,Seite,0.247,1,bn:00060158n
116,n,sim,,proportion,proporzione,Teil,0.246,1,bn:00064766n
117,n,sim,,topic,argomento,Thema,0.246,1,bn:00074900n
118,n,sim,,brand,marchio,Marke,0.244,1,bn:00012758n
119,n,sim,,company,azienda,Firma,0.242,4,bn:00014160n bn:00022811n bn:00073910n bn:00021286n
120,n,sim,,game,gioco,Spiel,0.238,2,bn:00037182n bn:00037180n
121,n,sim,,student,studente,Student,0.238,3,bn:00079004n bn:00029806n bn:00012135n
122,n,sim,,community,comunità,Gemeinde,0.236,0,
123,n,sim,,mass,massa,Messe,0.236,0,
124,n,sim,,party,festa,Partei,0.236,0,
125,n,sim,,contribution,contributo,Beitrag,0.232,1,bn:00022272n
126,n,sim,,model,modello,Modell,0.232,7,bn:00032101n bn:00022071n bn:00055448n bn:00032100n bn:00036197n bn:00033735n bn:00055447n
127,n,sim,,recording,registrazione,Aufnahme,0.231,1,bn:15598071n
128,n,sim,,investment,investimento,Anlage,0.23,0,
129,n,sim,,device,dispositivo,Gerät,0.229,1,bn:00026716n
130,n,sim,,article,articolo,Artikel,0.224,2,bn:00006124n bn:00006121n
131,n,sim,,market,mercato,Markt,0.223,3,bn:00053458n bn:00053461n bn:00053459n
132,n,sim,,score,partitura,Ergebnis,0.223,0,
133,n,sim,,part,parte,Teil,0.222,1,bn:00021395n
134,n,sim,,unit,unità,Einheit,0.219,1,bn:00079106n
135,n,sim,,operation,funzionamento,Betrieb,0.217,0,
136,n,sim,,object,oggetto,Objekt,0.216,4,bn:00058442n bn:00058443n bn:00002179n bn:00058445n
137,n,sim,,class,classe,Klasse,0.209,6,bn:00019478n bn:00019483n bn:00019477n bn:00016733n bn:00019482n bn:00019479n
138,n,sim,,title,titolo,Titel,0.206,3,bn:00077412n bn:00077409n bn:00035925n
139,n,sim,,machine,macchina,Maschine,0.203,1,bn:00026716n
140,n,sim,,installation,impianto,Anlage,0.199,1,bn:00046934n
141,n,sim,,building,edificio,Gebäude,0.197,1,bn:00013722n
142,n,sim,,text,testo,Text,0.195,2,bn:00069638n bn:00076732n
143,n,sim,,profile,profilo,Profil,0.193,2,bn:00064627n bn:00064628n
144,n,sim,,offer,offerta,Angebot,0.192,1,bn:00010264n
145,n,sim,,tender,offerta,Angebot,0.19,0,
146,n,sim,,energy,energia,Kraft,0.189,0,
147,n,sim,,event,evento,Ereignis,0.188,2,bn:00032022n bn:00032021n
148,n,sim,,program,programma,Programm,0.188,4,bn:00062899n bn:00013235n bn:00021492n bn:00021497n
149,n,sim,,newspaper,giornale,Zeitung,0.18,2,bn:00057566n bn:00057563n
150,n,sim,,tool,strumento,Instrument,0.174,3,bn:00046962n bn:00023662n bn:00077585n
151,n,sim,,instrument,strumento,Instrument,0.171,6,bn:00046961n bn:00046962n bn:00023662n bn:00046964n bn:00077585n bn:00046965n
152,n,sim,,version,versione,Version,0.167,4,bn:00047114n bn:00001266n bn:00029773n bn:00079827n
153,n,sim,,organization,organizzazione,Organisation,0.162,5,bn:00005863n bn:00001423n bn:00059480n bn:00059482n bn:00059483n
154,n,sim,,car,auto,Auto,0.16,1,bn:00007309n
155,n,sim,,mark,marchio,Marke,0.156,0,
156,n,sim,,language,lingua,Sprache,0.149,2,bn:00049910n bn:00077565n
157,n,sim,,message,messaggio,Nachricht,0.148,1,bn:00054523n
158,n,sim,,channel,canale,Sender,0.147,0,
159,n,sim,,sheet,foglio,Blatt,0.096,1,bn:00062308n
1,n,sim,WEAK,account,deposito,Bericht,,,
2,n,sim,WEAK,act,legge,Werk,,,
3,n,sim,WEAK,allowance,riduzione,Satz,,,
4,n,sim,WEAK,arrangement,organizzazione,Einrichtung,,,
5,n,sim,WEAK,bill,fattura,Programm,,,
6,n,sim,WEAK,board,consiglio,Platte,,,
7,n,sim,WEAK,body,corpo,Mensch,,,
8,n,sim,WEAK,business,azienda,Unternehmen,,,
9,n,sim,WEAK,call,invito,Gespräch,,,
10,n,sim,WEAK,campaign,campagna,Aktion,,,
11,n,sim,WEAK,capacity,capacità,Inhalt,,,
12,n,sim,WEAK,card,scheda,Karte,,,
13,n,sim,WEAK,category,categoria,Klasse,,,
14,n,sim,WEAK,charge,carico,Satz,,,
15,n,sim,WEAK,component,componente,Teil,,,
16,n,sim,WEAK,consignment,consegna,Sendung,,,
17,n,sim,WEAK,conversation,discorso,Gespräch,,,
18,n,sim,WEAK,customer,tipo,Kunde,,,
19,n,sim,WEAK,cycle,ciclo,Kreis,,,
20,n,sim,WEAK,deal,quantità,Geschäft,,,
21,n,sim,WEAK,description,descrizione,Darstellung,,,
22,n,sim,WEAK,distribution,distribuzione,Ausgabe,,,
23,n,sim,WEAK,draft,bozza,Konzept,,,
24,n,sim,WEAK,drop,calo,Fall,,,
25,n,sim,WEAK,duty,dazio,Dienst,,,
26,n,sim,WEAK,economy,risparmio,Wirtschaft,,,
27,n,sim,WEAK,effect,effetto,Folge,,,
28,n,sim,WEAK,effort,costo,Unternehmen,,,
29,n,sim,WEAK,employment,occupazione,Arbeit,,,
30,n,sim,WEAK,entry,voce,Artikel,,,
31,n,sim,WEAK,equipment,materiale,Gerät,,,
32,n,sim,WEAK,estimate,stima,Angebot,,,
33,n,sim,WEAK,expansion,espansione,Entwicklung,,,
34,n,sim,WEAK,expenditure,spesa,Ausgabe,,,
35,n,sim,WEAK,expense,spesa,Ausgabe,,,
36,n,sim,WEAK,facility,infrastruttura,Einrichtung,,,
37,n,sim,WEAK,fact,fatto,Moment,,,
38,n,sim,WEAK,factor,fattore,Moment,,,
39,n,sim,WEAK,fee,quota,Beitrag,,,
40,n,sim,WEAK,file,file,Reihe,,,
41,n,sim,WEAK,firm,impresa,Firma,,,
42,n,sim,WEAK,frame,struttura,Bild,,,
43,n,sim,WEAK,function,funzione,Veranstaltung,,,
44,n,sim,WEAK,growth,crescita,Entwicklung,,,
45,n,sim,WEAK,holding,patrimonio,Land,,,
46,n,sim,WEAK,information,informazione,Nachricht,,,
47,n,sim,WEAK,input,potenza,Beitrag,,,
48,n,sim,WEAK,item,voce,Artikel,,,
49,n,sim,WEAK,journal,rivista,Zeitung,,,
50,n,sim,WEAK,kind,tipo,Art,,,
51,n,sim,WEAK,length,durata,Stück,,,
52,n,sim,WEAK,letter,lettera,Sendung,,,
53,n,sim,WEAK,list,lista,Programm,,,
54,n,sim,WEAK,load,carico,Menge,,,
55,n,sim,WEAK,map,carta,Karte,,,
56,n,sim,WEAK,matter,materia,Sache,,,
57,n,sim,WEAK,measure,misura,Menge,,,
58,n,sim,WEAK,medium,mezzo,Medium,,,
59,n,sim,WEAK,member,elemento,Mitglied,,,
60,n,sim,WEAK,memory,memoria,Kopf,,,
61,n,sim,WEAK,method,metodo,Weg,,,
62,n,sim,WEAK,mind,idea,Geist,,,
63,n,sim,WEAK,mode,modo,Art,,,
64,n,sim,WEAK,name,nome,Name,,,
65,n,sim,WEAK,note,nota,Lied,,,
66,n,sim,WEAK,offering,offerta,Vorstellung,,,
67,n,sim,WEAK,office,ufficio,Stelle,,,
68,n,sim,WEAK,opportunity,modo,Möglichkeit,,,
69,n,sim,WEAK,option,scelta,Möglichkeit,,,
70,n,sim,WEAK,order,ordine,Folge,,,
71,n,sim,WEAK,origin,origine,Anfang,,,
72,n,sim,WEAK,paper,carta,Arbeit,,,
73,n,sim,WEAK,people,pubblico,Leute,,,
74,n,sim,WEAK,performance,performance,Vorstellung,,,
75,n,sim,WEAK,phase,fase,Station,,,
76,n,sim,WEAK,photograph,fotografia,Foto,,,
77,n,sim,WEAK,plan,piano,Konzept,,,
78,n,sim,WEAK,platform,piattaforma,Bühne,,,
79,n,sim,WEAK,possibility,caso,Möglichkeit,,,
80,n,sim,WEAK,principle,principio,Element,,,
81,n,sim,WEAK,profit,profitto,Erfolg,,,
82,n,sim,WEAK,property,proprietà,Objekt,,,
83,n,sim,WEAK,purpose,effetto,Ziel,,,
84,n,sim,WEAK,quarter,parte,Seite,,,
85,n,sim,WEAK,range,gamma,Reihe,,,
86,n,sim,WEAK,rate,tasso,Satz,,,
87,n,sim,WEAK,rating,valutazione,Klasse,,,
88,n,sim,WEAK,reading,lettura,Vortrag,,,
89,n,sim,WEAK,record,record,Aufnahme,,,
90,n,sim,WEAK,reference,consultazione,Stelle,,,
91,n,sim,WEAK,register,registro,Stimme,,,
92,n,sim,WEAK,release,pubblicazione,Film,,,
93,n,sim,WEAK,report,servizio,Bericht,,,
94,n,sim,WEAK,room,ambiente,Raum,,,
95,n,sim,WEAK,sale,vendita,Geschäft,,,
96,n,sim,WEAK,scheme,sistema,Programm,,,
97,n,sim,WEAK,scope,portata,Raum,,,
98,n,sim,WEAK,section,sezione,Teil,,,
99,n,sim,WEAK,sequence,ordine,Folge,,,
100,n,sim,WEAK,set,serie,Satz,,,
101,n,sim,WEAK,setting,ambiente,Einrichtung,,,
102,n,sim,WEAK,share,quota,Teil,,,
103,n,sim,WEAK,shipment,carico,Sendung,,,
104,n,sim,WEAK,spending,spesa,Ausgabe,,,
105,n,sim,WEAK,staff,rigo,Stab,,,
106,n,sim,WEAK,standard,livello,Einheit,,,
107,n,sim,WEAK,state,stato,Land,,,
108,n,sim,WEAK,statement,dichiarazione,Darstellung,,,
109,n,sim,WEAK,store,deposito,Geschäft,,,
110,n,sim,WEAK,structure,struttura,Gebäude,,,
111,n,sim,WEAK,subject,oggetto,Thema,,,
112,n,sim,WEAK,table,tabella,Tafel,,,
113,n,sim,WEAK,talk,discorso,Gespräch,,,
114,n,sim,WEAK,term,termine,Wort,,,
115,n,sim,WEAK,test,prova,Arbeit,,,
116,n,sim,WEAK,trade,traffico,Markt,,,
117,n,sim,WEAK,transaction,operazione,Geschäft,,,
118,n,sim,WEAK,type,tipo,Art,,,
119,n,sim,WEAK,yield,rendimento,Ergebnis,,,
1,n,cooc,,movie,film,Film,0.651,1,bn:00034471n
2,n,cooc,,film,film,Film,0.602,6,bn:00034474n bn:00017056n bn:00020185n bn:00034471n bn:00034472n bn:00034473n
3,n,cooc,,margin,margine,Rand,0.587,0,
4,n,cooc,,album,album,Album,0.561,4,bn:00002488n bn:00020927n bn:00062278n bn:00002489n
5,n,cooc,,music,musica,Musik,0.532,2,bn:00031853n bn:00056443n
6,n,cooc,,text,testo,Text,0.532,2,bn:00069638n bn:00076732n
7,n,cooc,,history,storia,Geschichte,0.528,4,bn:00044268n bn:00000738n bn:00044267n bn:00044270n
8,n,cooc,,reading,lettura,Lektüre,0.518,0,
9,n,cooc,,song,canzone,Song,0.505,1,bn:00072794n
10,n,cooc,,speed,velocità,Geschwindigkeit,0.503,2,bn:00033758n bn:00073258n
11,n,cooc,,author,autore,Autor,0.484,1,bn:00007287n
12,n,cooc,,velocity,velocità,Geschwindigkeit,0.481,1,bn:00073258n
13,n,cooc,,artist,artista,Künstler,0.479,1,bn:00006182n
14,n,cooc,,material,materiale,Material,0.478,3,bn:00053802n bn:00053801n bn:00053803n
15,n,cooc,,length,lunghezza,Länge,0.464,2,bn:00027749n bn:00050662n
16,n,cooc,,show,mostra,Show,0.463,1,bn:00027670n
17,n,cooc,,record,registrazione,Aufnahme,0.461,0,
18,n,cooc,,publication,pubblicazione,Veröffentlichung,0.459,3,bn:00065106n bn:00047693n bn:00065108n
19,n,cooc,,dial,disco,Scheibe,0.454,0,
20,n,cooc,,chapter,capitolo,Kapitel,0.451,1,bn:00182115n
21,n,cooc,,publisher,editore,Herausgeber,0.441,0,
22,n,cooc,,tone,tono,Ton,0.441,1,bn:00077554n
23,n,cooc,,series,serie,Reihe,0.439,1,bn:00070613n
24,n,cooc,,story,storia,Geschichte,0.438,2,bn:00056857n bn:00000738n
25,n,cooc,,title,titolo,Titel,0.435,3,bn:00077412n bn:00077409n bn:00035925n
26,n,cooc,,tour,viaggio,Tour,0.43,1,bn:00048463n
27,n,cooc,,disk,disco,Scheibe,0.424,2,bn:00027455n bn:00027457n
28,n,cooc,,disc,disco,Scheibe,0.422,2,bn:00027455n bn:00027457n
29,n,cooc,,release,pubblicazione,Veröffentlichung,0.422,0,
30,n,cooc,,button,pulsante,Knopf,0.419,1,bn:00014306n
31,n,cooc,,thickness,spessore,Stärke,0.419,0,
32,n,cooc,,presentation,presentazione,Vorstellung,0.412,1,bn:03468279n
33,n,cooc,,page,pagina,Seite,0.408,1,bn:00060158n
34,n,cooc,,editor,editore,Herausgeber,0.399,1,bn:15417659n
35,n,cooc,,root,radice,Wurzel,0.397,4,bn:00068247n bn:00008793n bn:00009635n bn:00068246n
36,n,cooc,,ticket,biglietto,Ticket,0.397,2,bn:00075885n bn:00077174n
37,n,cooc,,course,corso,Gang,0.396,0,
38,n,cooc,,quantity,quantità,Menge,0.395,2,bn:00065553n bn:00003603n
39,n,cooc,,article,articolo,Artikel,0.393,2,bn:00006124n bn:00006121n
40,n,cooc,,poem,poesia,Gedicht,0.393,1,bn:15205441n
41,n,cooc,,proportion,proporzione,Teil,0.391,1,bn:00064766n
42,n,cooc,,amount,quantità,Menge,0.39,2,bn:00065553n bn:00003603n
43,n,cooc,,range,serie,Reihe,0.389,0,
44,n,cooc,,quality,qualità,Qualität,0.387,2,bn:00014731n bn:00065538n
45,n,cooc,,pen,penna,Feder,0.383,1,bn:00061314n
46,n,cooc,,trend,tendenza,Entwicklung,0.376,0,
47,n,cooc,,recording,registrazione,Aufnahme,0.37,1,bn:15598071n
48,n,cooc,,essay,tema,Aufsatz,0.369,0,
49,n,cooc,,section,sezione,Abschnitt,0.365,1,bn:00070190n
50,n,cooc,,message,comunicazione,Mitteilung,0.364,0,
51,n,cooc,,import,importazione,Einfuhr,0.358,1,bn:00046137n
52,n,cooc,,work,lavoro,Werk,0.348,1,bn:00062309n
53,n,cooc,,universe,mondo,Welt,0.344,1,bn:00022991n
54,n,cooc,,edition,edizione,Auflage,0.341,1,bn:09082191n
55,n,cooc,,world,mondo,Welt,0.341,3,bn:00045153n bn:00029424n bn:00022991n
1,n,cooc,WEAK,appearance,forma,Auftritt,,,
2,n,cooc,WEAK,area,area,Teil,,,
3,n,cooc,WEAK,balance,proporzione,Rest,,,
4,n,cooc,WEAK,basis,base,Plattform,,,
5,n,cooc,WEAK,board,consiglio,Platte,,,
6,n,cooc,WEAK,brightness,luminosità,Stärke,,,
7,n,cooc,WEAK,business,lavoro,Geschichte,,,
8,n,cooc,WEAK,card,scheda,Blatt,,,
9,n,cooc,WEAK,category,categoria,Klasse,,,
10,n,cooc,WEAK,coating,mano,Auflage,,,
11,n,cooc,WEAK,commodity,merce,Artikel,,,
12,n,cooc,WEAK,component,componente,Teil,,,
13,n,cooc,WEAK,composition,composizione,Aufsatz,,,
14,n,cooc,WEAK,constitution,costituzione,Einrichtung,,,
15,n,cooc,WEAK,copy,argomento,Pause,,,
16,n,cooc,WEAK,customer,cliente,Gast,,,
17,n,cooc,WEAK,deal,affare,Menge,,,
18,n,cooc,WEAK,delivery,distribuzione,Herausgabe,,,
19,n,cooc,WEAK,device,progetto,Vorrichtung,,,
20,n,cooc,WEAK,drive,guida,Tour,,,
21,n,cooc,WEAK,duration,durata,Länge,,,
22,n,cooc,WEAK,employment,lavoro,Verwendung,,,
23,n,cooc,WEAK,entry,voce,Artikel,,,
24,n,cooc,WEAK,equipment,materiale,Einrichtung,,,
25,n,cooc,WEAK,expansion,estensione,Entwicklung,,,
26,n,cooc,WEAK,expenditure,spesa,Verwendung,,,
27,n,cooc,WEAK,fee,quota,Beitrag,,,
28,n,cooc,WEAK,figure,numero,Muster,,,
29,n,cooc,WEAK,file,archivio,Reihe,,,
30,n,cooc,WEAK,form,forma,Klasse,,,
31,n,cooc,WEAK,growth,produzione,Entwicklung,,,
32,n,cooc,WEAK,guest,cliente,Gast,,,
33,n,cooc,WEAK,height,altezza,Länge,,,
34,n,cooc,WEAK,illustration,immagine,Beispiel,,,
35,n,cooc,WEAK,intensity,intensità,Stärke,,,
36,n,cooc,WEAK,item,voce,Artikel,,,
37,n,cooc,WEAK,list,elenco,Programm,,,
38,n,cooc,WEAK,management,direzione,Management,,,
39,n,cooc,WEAK,mass,massa,Menge,,,
40,n,cooc,WEAK,matter,cosa,Stoff,,,
41,n,cooc,WEAK,meter,ritmo,Uhr,,,
42,n,cooc,WEAK,note,nota,Ton,,,
43,n,cooc,WEAK,number,numero,Reihe,,,
44,n,cooc,WEAK,order,assetto,Reihe,,,
45,n,cooc,WEAK,pace,ritmo,Geschwindigkeit,,,
46,n,cooc,WEAK,paper,carta,Blatt,,,
47,n,cooc,WEAK,pattern,disegno,Muster,,,
48,n,cooc,WEAK,period,periodo,Kapitel,,,
49,n,cooc,WEAK,photo,foto,Aufnahme,,,
50,n,cooc,WEAK,photograph,fotografia,Aufnahme,,,
51,n,cooc,WEAK,picture,immagine,Aufnahme,,,
52,n,cooc,WEAK,play,gioco,Stück,,,
53,n,cooc,WEAK,position,posto,Position,,,
54,n,cooc,WEAK,power,capacità,Stärke,,,
55,n,cooc,WEAK,press,stampa,Verlag,,,
56,n,cooc,WEAK,production,produzione,Entwicklung,,,
57,n,cooc,WEAK,profit,guadagno,Erfolg,,,
58,n,cooc,WEAK,publishing,editoria,Herausgabe,,,
59,n,cooc,WEAK,quarter,parte,Seite,,,
60,n,cooc,WEAK,rate,tasso,Geschwindigkeit,,,
61,n,cooc,WEAK,reader,lettore,Lektüre,,,
62,n,cooc,WEAK,report,rapporto,Mitteilung,,,
63,n,cooc,WEAK,review,recensione,Überblick,,,
64,n,cooc,WEAK,route,linea,Weg,,,
65,n,cooc,WEAK,sale,vendita,Abschluss,,,
66,n,cooc,WEAK,sample,saggio,Beispiel,,,
67,n,cooc,WEAK,scheme,sistema,Programm,,,
68,n,cooc,WEAK,segment,parte,Abschnitt,,,
69,n,cooc,WEAK,share,quota,Teil,,,
70,n,cooc,WEAK,shelf,scaffale,Platte,,,
71,n,cooc,WEAK,size,dimensione,Stärke,,,
72,n,cooc,WEAK,sport,gioco,Spaß,,,
73,n,cooc,WEAK,table,tabella,Tafel,,,
74,n,cooc,WEAK,target,sagoma,Scheibe,,,
75,n,cooc,WEAK,tempo,tempo,Geschwindigkeit,,,
76,n,cooc,WEAK,texture,struttura,Gewebe,,,
77,n,cooc,WEAK,time,tempo,Mal,,,
78,n,cooc,WEAK,type,tipo,Muster,,,
79,n,cooc,WEAK,unit,unità,Teil,,,
80,n,cooc,WEAK,variety,varietà,Auswahl,,,
81,n,cooc,WEAK,vehicle,mezzo,Träger,,,
82,n,cooc,WEAK,video,videocassetta,Video,,,
83,n,cooc,WEAK,way,direzione,Weg,,,
84,n,cooc,WEAK,window,luce,Scheibe,,,
85,n,cooc,WEAK,writer,scrittore,Autor,,,
1,adj,cooc,,thin,sottile,dünn,0.477,0,
2,adj,cooc,,new,nuovo,neu,0.457,1,bn:00107267a
3,adj,cooc,,previous,precedente,vorherig,0.434,1,bn:00107791a
4,adj,cooc,,available,disponibile,vorhanden,0.431,0,
5,adj,cooc,,famous,famoso,berühmt,0.431,1,bn:00099411a
6,adj,cooc,,total,totale,gesamt,0.411,0,
7,adj,cooc,,different,diverso,verschieden,0.41,0,
8,adj,cooc,,good,buono,gut,0.409,2,bn:00103672a bn:00103677a
9,adj,cooc,,entire,intero,ganz,0.407,1,bn:00102279a
10,adj,cooc,,great,grande,toll,0.397,0,
11,adj,cooc,,rich,ricco,reich,0.392,1,bn:00096612a
12,adj,cooc,,similar,simile,ähnlich,0.376,2,bn:00105977a bn:00096782a
13,adj,cooc,,long,lungo,lang,0.368,1,bn:00106124a
14,adj,cooc,,only,solo,einzig,0.362,0,
15,adj,cooc,,sufficient,sufficiente,hinreichend,0.329,0,
16,adj,cooc,,suitable,adatto,geeignet,0.326,1,bn:00111427a
17,adj,cooc,,appropriate,adatto,geeignet,0.315,1,bn:00111427a
18,adj,cooc,,positive,certo,bestimmt,0.207,0,
1,adj,cooc,WEAK,absolute,assoluto,einzig,,,
2,adj,cooc,WEAK,actual,reale,wirklich,,,
3,adj,cooc,WEAK,adequate,adeguato,hinreichend,,,
4,adj,cooc,WEAK,aggregate,globale,gesamt,,,
5,adj,cooc,WEAK,big,grande,dick,,,
6,adj,cooc,WEAK,brilliant,splendido,genial,,,
7,adj,cooc,WEAK,close,chiuso,nah,,,
8,adj,cooc,WEAK,complete,completo,komplett,,,
9,adj,cooc,WEAK,expensive,costoso,reich,,,
10,adj,cooc,WEAK,fair,bello,cool,,,
11,adj,cooc,WEAK,fantastic,fantastico,toll,,,
12,adj,cooc,WEAK,fine,sottile,gut,,,
13,adj,cooc,WEAK,full,pieno,ganz,,,
14,adj,cooc,WEAK,gross,lordo,gesamt,,,
15,adj,cooc,WEAK,heavy,pesante,dick,,,
16,adj,cooc,WEAK,high,alto,blau,,,
17,adj,cooc,WEAK,important,importante,einflussreich,,,
18,adj,cooc,WEAK,large,grande,lang,,,
19,adj,cooc,WEAK,late,ultimo,spät,,,
20,adj,cooc,WEAK,likely,probabile,geeignet,,,
21,adj,cooc,WEAK,limited,limitato,eng,,,
22,adj,cooc,WEAK,massive,imponente,breit,,,
23,adj,cooc,WEAK,nominal,nominale,symbolisch,,,
24,adj,cooc,WEAK,open,aperto,weit,,,
25,adj,cooc,WEAK,outstanding,eccezionale,laufend,,,
26,adj,cooc,WEAK,overall,globale,gesamt,,,
27,adj,cooc,WEAK,perfect,perfetto,ganz,,,
28,adj,cooc,WEAK,powerful,poderoso,einflussreich,,,
29,adj,cooc,WEAK,present,presente,vorhanden,,,
30,adj,cooc,WEAK,rare,raro,dünn,,,
31,adj,cooc,WEAK,real,reale,wirklich,,,
32,adj,cooc,WEAK,recent,recente,neu,,,
33,adj,cooc,WEAK,representative,rappresentativo,symbolisch,,,
34,adj,cooc,WEAK,single,unico,einzeln,,,
35,adj,cooc,WEAK,slim,sottile,schmal,,,
36,adj,cooc,WEAK,small,piccolo,schmal,,,
37,adj,cooc,WEAK,solid,pieno,gut,,,
38,adj,cooc,WEAK,special,straordinario,bestimmt,,,
39,adj,cooc,WEAK,substantial,notevole,reich,,,
40,adj,cooc,WEAK,tight,difficile,eng,,,
41,adj,cooc,WEAK,true,vero,wirklich,,,
42,adj,cooc,WEAK,unique,unico,einzig,,,
43,adj,cooc,WEAK,variable,variabile,flexibel,,,
44,adj,cooc,WEAK,weak,scarso,dünn,,,
45,adj,cooc,WEAK,whole,totale,ganz,,,
46,adj,cooc,WEAK,wonderful,meraviglioso,großartig,,,
1,v,cooc,,publish,pubblicare,veröffentlichen,0.613,1,bn:00092123v
2,v,cooc,,write,scrivere,schreiben,0.596,2,bn:00094109v bn:00093281v
3,v,cooc,,read,leggere,lesen,0.594,1,bn:00092426v
4,v,cooc,,speak,parlare,sprechen,0.51,1,bn:00094090v
5,v,cooc,,present,presentare,präsentieren,0.509,1,bn:00086557v
6,v,cooc,,buy,acquistare,kaufen,0.483,1,bn:00084331v
7,v,cooc,,sell,vendere,verkaufen,0.477,1,bn:00093472v
8,v,cooc,,purchase,acquistare,kaufen,0.46,1,bn:00084331v
9,v,cooc,,dedicate,dedicare,widmen,0.454,2,bn:00085427v bn:00086428v
10,v,cooc,,calculate,calcolare,errechnen,0.437,0,
11,v,cooc,,trade,commerciare,handeln,0.435,0,
12,v,cooc,,make,fare,machen,0.426,3,bn:00084198v bn:00086013v bn:00086008v
13,v,cooc,,devote,dedicare,widmen,0.425,1,bn:00085427v
14,v,cooc,,handle,trattare,behandeln,0.424,0,
15,v,cooc,,recount,raccontare,erzählen,0.422,1,bn:00091011v
16,v,cooc,,lose,perdere,verpassen,0.417,0,
17,v,cooc,,open,aprire,eröffnen,0.417,0,
18,v,cooc,,compute,calcolare,errechnen,0.416,0,
19,v,cooc,,have,fare,machen,0.415,0,
20,v,cooc,,print,stampare,abdrucken,0.415,0,
21,v,cooc,,appear,apparire,erscheinen,0.412,2,bn:00082690v bn:00082691v
22,v,cooc,,do,fare,tun,0.405,1,bn:00082286v
23,v,cooc,,love,amare,lieben,0.405,1,bn:00090504v
24,v,cooc,,deliver,consegnare,liefern,0.404,1,bn:00086531v
25,v,cooc,,compare,confrontare,vergleichen,0.403,1,bn:00085450v
26,v,cooc,,record,registrare,aufnehmen,0.402,0,
27,v,cooc,,offer,offrire,bieten,0.401,0,
28,v,cooc,,bring,portare,bringen,0.4,1,bn:00084058v
29,v,cooc,,mix,mescolare,mischen,0.397,3,bn:00082565v bn:00090871v bn:00083597v
30,v,cooc,,call,chiamare,nennen,0.392,1,bn:00084385v
31,v,cooc,,relate,raccontare,erzählen,0.392,0,
32,v,cooc,,characterise,caratterizzare,kennzeichnen,0.39,0,
33,v,cooc,,produce,produrre,produzieren,0.39,3,bn:00084198v bn:00086013v bn:00084082v
34,v,cooc,,close,chiudere,schließen,0.386,1,bn:00085162v
35,v,cooc,,describe,descrivere,beschreiben,0.385,1,bn:00082233v
36,v,cooc,,accompany,accompagnare,begleiten,0.38,1,bn:00082222v
37,v,cooc,,combine,combinare,verbinden,0.38,1,bn:00085314v
38,v,cooc,,attempt,tentare,versuchen,0.377,1,bn:00082844v
39,v,cooc,,celebrate,celebrare,feiern,0.373,1,bn:00084714v
40,v,cooc,,document,documentare,dokumentieren,0.373,1,bn:00087137v
41,v,cooc,,depict,rappresentare,darstellen,0.372,1,bn:00086611v
42,v,cooc,,fill,riempire,füllen,0.372,1,bn:00088177v
43,v,cooc,,inspire,ispirare,inspirieren,0.372,0,
44,v,cooc,,order,ordinare,bestellen,0.371,0,
45,v,cooc,,reflect,riflettere,spiegeln,0.371,0,
46,v,cooc,,follow,seguire,folgen,0.37,1,bn:00088020v
47,v,cooc,,talk,parlare,sprechen,0.37,1,bn:00094090v
48,v,cooc,,devour,divorare,verschlingen,0.369,3,bn:00083503v bn:00083753v bn:00086765v
49,v,cooc,,move,spostare,bewegen,0.369,1,bn:00088912v
50,v,cooc,,try,tentare,versuchen,0.368,2,bn:00087731v bn:00082844v
51,v,cooc,,contain,contenere,enthalten,0.367,1,bn:00083225v
52,v,cooc,,end,finire,enden,0.365,0,
53,v,cooc,,choose,scegliere,auswählen,0.363,1,bn:00084931v
54,v,cooc,,hold,tenere,halten,0.363,1,bn:00089385v
55,v,cooc,,find,trovare,finden,0.36,2,bn:00088204v bn:00084231v
56,v,cooc,,grow,crescere,anwachsen,0.36,0,
57,v,cooc,,load,caricare,laden,0.359,3,bn:00090416v bn:00090165v bn:00090417v
58,v,cooc,,want,desiderare,wünschen,0.359,0,
59,v,cooc,,explain,spiegare,erklären,0.357,1,bn:00087819v
60,v,cooc,,influence,influenzare,beeinflussen,0.356,1,bn:00082304v
61,v,cooc,,carry,trasportare,tragen,0.355,1,bn:00084554v
62,v,cooc,,desire,desiderare,wünschen,0.355,0,
63,v,cooc,,keep,tenere,halten,0.355,0,
64,v,cooc,,represent,rappresentare,darstellen,0.353,1,bn:00083187v
65,v,cooc,,pick,scegliere,auswählen,0.352,0,
66,v,cooc,,introduce,introdurre,vorstellen,0.35,0,
67,v,cooc,,name,chiamare,nennen,0.35,1,bn:00084385v
68,v,cooc,,draw,disegnare,ziehen,0.349,0,
69,v,cooc,,give,dare,geben,0.347,2,bn:00088825v bn:00088815v
70,v,cooc,,characterize,caratterizzare,kennzeichnen,0.345,0,
71,v,cooc,,number,contare,zählen,0.344,0,
72,v,cooc,,supply,fornire,liefern,0.343,0,
73,v,cooc,,affect,influenzare,beeinflussen,0.341,0,
74,v,cooc,,complete,completare,vervollständigen,0.341,1,bn:00085476v
75,v,cooc,,remind,ricordare,erinnern,0.34,0,
76,v,cooc,,pull,tirare,ziehen,0.338,1,bn:00092138v
77,v,cooc,,win,vincere,gewinnen,0.336,2,bn:00084086v bn:00095777v
78,v,cooc,,discover,scoprire,entdecken,0.335,2,bn:00086935v bn:00086936v
79,v,cooc,,absorb,assorbire,aufnehmen,0.334,0,
80,v,cooc,,indicate,indicare,zeigen,0.333,0,
81,v,cooc,,change,cambiare,wechseln,0.332,1,bn:00084772v
82,v,cooc,,form,formare,bilden,0.332,1,bn:00088490v
83,v,cooc,,seek,cercare,suchen,0.328,1,bn:00090460v
84,v,cooc,,exist,esistere,existieren,0.327,1,bn:00083184v
85,v,cooc,,manage,gestire,managen,0.326,0,
86,v,cooc,,summarize,riassumere,zusammenfassen,0.326,2,bn:00092916v bn:00094585v
87,v,cooc,,put,mettere,setzen,0.323,0,
88,v,cooc,,go,andare,gehen,0.322,2,bn:00088629v bn:00086600v
89,v,cooc,,leave,lasciare,verlassen,0.321,1,bn:00087845v
90,v,cooc,,include,includere,umfassen,0.319,0,
91,v,cooc,,know,sapere,wissen,0.318,1,bn:00085261v
92,v,cooc,,maintain,mantenere,halten,0.317,0,
93,v,cooc,,constitute,costituire,bilden,0.316,1,bn:00083187v
94,v,cooc,,prove,dimostrare,beweisen,0.316,2,bn:00086567v bn:00092110v
95,v,cooc,,seem,sembrare,scheinen,0.315,1,bn:00082690v
96,v,cooc,,select,selezionare,auswählen,0.314,1,bn:00084931v
97,v,cooc,,show,mostrare,zeigen,0.312,2,bn:00086567v bn:00086557v
98,v,cooc,,take,prendere,nehmen,0.311,3,bn:00088762v bn:00094731v bn:00085689v
99,v,cooc,,declare,dichiarare,erklären,0.31,1,bn:00086380v
100,v,cooc,,begin,iniziare,beginnen,0.308,2,bn:00083342v bn:00083340v
101,v,cooc,,collect,raccogliere,sammeln,0.307,1,bn:00082246v
102,v,cooc,,belong,appartenere,gehören,0.305,0,
103,v,cooc,,create,creare,schaffen,0.305,1,bn:00086009v
104,v,cooc,,mention,menzionare,nennen,0.298,0,
105,v,cooc,,replace,sostituire,ersetzen,0.296,2,bn:00092817v bn:00087802v
106,v,cooc,,start,iniziare,beginnen,0.296,2,bn:00083342v bn:00083340v
107,v,cooc,,demonstrate,dimostrare,zeigen,0.295,2,bn:00086567v bn:00086557v
108,v,cooc,,receive,ricevere,erhalten,0.293,1,bn:00089246v
109,v,cooc,,switch,passare,wechseln,0.292,0,
110,v,cooc,,tell,dire,sagen,0.292,1,bn:00093287v
111,v,cooc,,place,mettere,legen,0.291,1,bn:00090224v
112,v,cooc,,use,utilizzare,verwenden,0.291,1,bn:00082705v
113,v,cooc,,correspond,corrispondere,entsprechen,0.289,1,bn:00082477v
114,v,cooc,,certify,attestare,attestieren,0.288,0,
115,v,cooc,,contribute,contribuire,mitwirken,0.287,0,
116,v,cooc,,say,dire,sagen,0.285,1,bn:00093287v
117,v,cooc,,remain,rimanere,bleiben,0.283,3,bn:00085719v bn:00091562v bn:00092756v
118,v,cooc,,add,aggiungere,ergänzen,0.274,0,
119,v,cooc,,get,ottenere,erhalten,0.269,0,
120,v,cooc,,obtain,ottenere,erhalten,0.264,0,
121,v,cooc,,see,vedere,sehen,0.257,2,bn:00093430v bn:00092443v
122,v,cooc,,stay,rimanere,bleiben,0.248,3,bn:00085719v bn:00091562v bn:00092756v
123,v,cooc,,mean,dire,bedeuten,0.243,1,bn:00089805v
124,v,cooc,,develop,sviluppare,entwickeln,0.235,1,bn:00086745v
125,v,cooc,,continue,continuare,fortsetzen,0.216,0,
1,v,cooc,WEAK,achieve,raggiungere,schaffen,,,
2,v,cooc,WEAK,administer,somministrare,geben,,,
3,v,cooc,WEAK,agree,convenire,passen,,,
4,v,cooc,WEAK,allow,consentire,lassen,,,
5,v,cooc,WEAK,anticipate,prevedere,erwarten,,,
6,v,cooc,WEAK,arise,derivare,entstehen,,,
7,v,cooc,WEAK,arrive,arrivare,kommen,,,
8,v,cooc,WEAK,associate,unire,verbinden,,,
9,v,cooc,WEAK,attract,attirare,ansprechen,,,
10,v,cooc,WEAK,attribute,attribuire,unterlegen,,,
11,v,cooc,WEAK,balance,confrontare,abschließen,,,
12,v,cooc,WEAK,base,basare,gründen,,,
13,v,cooc,WEAK,be,diventare,liegen,,,
14,v,cooc,WEAK,bear,sostenere,tragen,,,
15,v,cooc,WEAK,become,diventare,stehen,,,
16,v,cooc,WEAK,bind,fissare,binden,,,
17,v,cooc,WEAK,breed,generare,ziehen,,,
18,v,cooc,WEAK,burn,bruciare,heizen,,,
19,v,cooc,WEAK,capture,prendere,einfangen,,,
20,v,cooc,WEAK,cause,determinare,bringen,,,
21,v,cooc,WEAK,cite,citare,aufführen,,,
22,v,cooc,WEAK,come,arrivare,kommen,,,
23,v,cooc,WEAK,compile,compilare,zusammenstellen,,,
24,v,cooc,WEAK,comprise,comprendere,umfassen,,,
25,v,cooc,WEAK,concentrate,concentrare,zusammenfassen,,,
26,v,cooc,WEAK,concern,riguardare,bewegen,,,
27,v,cooc,WEAK,conclude,concludere,abschließen,,,
28,v,cooc,WEAK,consume,distruggere,verschlingen,,,
29,v,cooc,WEAK,contract,restringere,schließen,,,
30,v,cooc,WEAK,control,controllare,leiten,,,
31,v,cooc,WEAK,cost,costare,kommen,,,
32,v,cooc,WEAK,cover,coprire,umfassen,,,
33,v,cooc,WEAK,deal,trattare,geben,,,
34,v,cooc,WEAK,decline,diminuire,absagen,,,
35,v,cooc,WEAK,define,definire,fixieren,,,
36,v,cooc,WEAK,deserve,meritare,gehören,,,
37,v,cooc,WEAK,determine,determinare,beschließen,,,
38,v,cooc,WEAK,displace,spostare,ersetzen,,,
39,v,cooc,WEAK,divide,dividere,teilen,,,
40,v,cooc,WEAK,drive,condurre,bringen,,,
41,v,cooc,WEAK,drop,cadere,werfen,,,
42,v,cooc,WEAK,edit,correggere,schneiden,,,
43,v,cooc,WEAK,encompass,contenere,umfassen,,,
44,v,cooc,WEAK,enter,inserire,betreten,,,
45,v,cooc,WEAK,establish,stabilire,schaffen,,,
46,v,cooc,WEAK,expand,estendere,ergänzen,,,
47,v,cooc,WEAK,expect,prevedere,erwarten,,,
48,v,cooc,WEAK,experience,conoscere,erleben,,,
49,v,cooc,WEAK,express,esprimere,vortragen,,,
50,v,cooc,WEAK,extend,estendere,reichen,,,
51,v,cooc,WEAK,fall,cadere,liegen,,,
52,v,cooc,WEAK,feature,caratterizzare,bringen,,,
53,v,cooc,WEAK,feel,sembrare,merken,,,
54,v,cooc,WEAK,finish,finire,abschließen,,,
55,v,cooc,WEAK,fix,fissare,fixieren,,,
56,v,cooc,WEAK,forecast,prevedere,ankündigen,,,
57,v,cooc,WEAK,generate,generare,entwickeln,,,
58,v,cooc,WEAK,identify,individuare,kennzeichnen,,,
59,v,cooc,WEAK,increase,aumentare,anwachsen,,,
60,v,cooc,WEAK,involve,coinvolgere,umfassen,,,
61,v,cooc,WEAK,issue,pubblicare,herausgeben,,,
62,v,cooc,WEAK,lay,porre,legen,,,
63,v,cooc,WEAK,lead,portare,leiten,,,
64,v,cooc,WEAK,let,lasciare,lassen,,,
65,v,cooc,WEAK,lie,rimanere,liegen,,,
66,v,cooc,WEAK,like,piacere,mögen,,,
67,v,cooc,WEAK,link,unire,verbinden,,,
68,v,cooc,WEAK,list,elencare,aufnehmen,,,
69,v,cooc,WEAK,look,sembrare,sehen,,,
70,v,cooc,WEAK,market,comprare,verkaufen,,,
71,v,cooc,WEAK,match,combinare,entsprechen,,,
72,v,cooc,WEAK,mount,salire,einfassen,,,
73,v,cooc,WEAK,need,mancare,brauchen,,,
74,v,cooc,WEAK,occupy,occupare,beschäftigen,,,
75,v,cooc,WEAK,occur,presentare,auftreten,,,
76,v,cooc,WEAK,organize,ordinare,organisieren,,,
77,v,cooc,WEAK,originate,provenire,entstehen,,,
78,v,cooc,WEAK,please,piacere,gefallen,,,
79,v,cooc,WEAK,plunge,immergere,stecken,,,
80,v,cooc,WEAK,portray,descrivere,darstellen,,,
81,v,cooc,WEAK,preserve,conservare,erhalten,,,
82,v,cooc,WEAK,process,elaborare,entwickeln,,,
83,v,cooc,WEAK,project,spiegare,auftreten,,,
84,v,cooc,WEAK,promote,promuovere,unterstützen,,,
85,v,cooc,WEAK,provide,fornire,bieten,,,
86,v,cooc,WEAK,range,variare,reichen,,,
87,v,cooc,WEAK,reach,raggiungere,kommen,,,
88,v,cooc,WEAK,recommend,consigliare,empfehlen,,,
89,v,cooc,WEAK,recover,recuperare,gewinnen,,,
90,v,cooc,WEAK,register,registrare,buchen,,,
91,v,cooc,WEAK,release,lasciare,lösen,,,
92,v,cooc,WEAK,remove,spostare,lösen,,,
93,v,cooc,WEAK,render,rendere,machen,,,
94,v,cooc,WEAK,report,segnalare,vortragen,,,
95,v,cooc,WEAK,require,richiedere,brauchen,,,
96,v,cooc,WEAK,restore,ripristinare,wiedergeben,,,
97,v,cooc,WEAK,result,derivare,entstehen,,,
98,v,cooc,WEAK,return,tornare,herausgeben,,,
99,v,cooc,WEAK,reveal,svelare,zeigen,,,
100,v,cooc,WEAK,run,gestire,laufen,,,
101,v,cooc,WEAK,send,spedire,geben,,,
102,v,cooc,WEAK,serve,servire,geben,,,
103,v,cooc,WEAK,set,fissare,setzen,,,
104,v,cooc,WEAK,ship,spedire,setzen,,,
105,v,cooc,WEAK,sign,firmare,zeichnen,,,
106,v,cooc,WEAK,stand,restare,stehen,,,
107,v,cooc,WEAK,state,affermare,erklären,,,
108,v,cooc,WEAK,study,studiare,arbeiten,,,
109,v,cooc,WEAK,surround,limitare,umfassen,,,
110,v,cooc,WEAK,tackle,affrontare,anfassen,,,
111,v,cooc,WEAK,teach,insegnare,geben,,,
112,v,cooc,WEAK,tend,tirare,sorgen,,,
113,v,cooc,WEAK,think,pensare,finden,,,
114,v,cooc,WEAK,throw,tirare,werfen,,,
115,v,cooc,WEAK,trace,tracciare,zeichnen,,,
116,v,cooc,WEAK,transact,trattare,abschließen,,,
117,v,cooc,WEAK,translate,tradurre,wiedergeben,,,
118,v,cooc,WEAK,turn,diventare,kehren,,,
119,v,cooc,WEAK,vary,variare,verändern,,,
120,v,cooc,WEAK,verify,controllare,beweisen,,,
121,v,cooc,WEAK,withdraw,ritirare,abheben,,,
122,v,cooc,WEAK,witness,testimoniare,erleben,,,
