idx_group,pos,rel,weak,lex_en,lex_it,lex_de,score,bs_count,babel_synsets
0,n,head,,dish bag cup_of_tea,pane_quotidiano specialità,Ding,,1,bn:00007930n
1,n,sim,,piece,pezzo,Stück,0.247,2,bn:00062299n bn:00062297n
2,n,sim,,color,colore,Farbe,0.246,1,bn:00020726n
3,n,sim,,good,bene,Gut,0.244,1,bn:00021045n
4,n,sim,,meal,pasto,Essen,0.239,1,bn:00053993n
5,n,sim,,sample,campione,Beispiel,0.238,0,
6,n,sim,,fabric,struttura,Struktur,0.236,1,bn:00032592n
7,n,sim,,product,prodotto,Produkt,0.233,4,bn:00064585n bn:00054416n bn:00053827n bn:00064584n
8,n,sim,,colour,colore,Farbe,0.222,1,bn:00020726n
9,n,sim,,food,cibo,Essen,0.222,2,bn:00035649n bn:00035650n
10,n,sim,,style,stile,Art,0.22,0,
11,n,sim,,shop,negozio,Geschäft,0.212,1,bn:00071215n
12,n,sim,,store,negozio,Geschäft,0.21,3,bn:00012452n bn:00071215n bn:00067417n
13,n,sim,,gun,arma,Waffe,0.208,0,
14,n,sim,,bit,pezzo,Stück,0.207,0,
15,n,sim,,portion,porzione,Teil,0.205,0,
16,n,sim,,lot,lotto,Menge,0.204,0,
17,n,sim,,experience,esperienza,Erfahrung,0.2,2,bn:00032307n bn:00032306n
18,n,sim,,texture,struttura,Struktur,0.199,0,
19,n,sim,,structure,struttura,Struktur,0.198,1,bn:00022071n
20,n,sim,,model,modello,Modell,0.197,7,bn:00032101n bn:00022071n bn:00033735n bn:00036197n bn:00032100n bn:00055448n bn:00055447n
21,n,sim,,art,arte,Kunst,0.196,3,bn:00005926n bn:00005927n bn:00005928n
22,n,sim,,technique,tecnica,Technik,0.195,1,bn:16282150n
23,n,sim,,commodity,prodotto,Artikel,0.193,1,bn:00254490n
24,n,sim,,music,musica,Musik,0.191,2,bn:00056443n bn:00031853n
25,n,sim,,plant,pianta,Anlage,0.19,0,
26,n,sim,,arm,arma,Waffe,0.189,1,bn:00005704n
27,n,sim,,weapon,arma,Waffe,0.188,1,bn:00005704n
28,n,sim,,place,località,Ort,0.187,0,
29,n,sim,,form,scheda,Form,0.186,0,
30,n,sim,,culture,cultura,Kultur,0.185,1,bn:00024369n
31,n,sim,,quality,qualità,Qualität,0.178,2,bn:00014731n bn:00065538n
32,n,sim,,sport,sport,Sport,0.178,9,bn:00073569n bn:00036814n bn:00073568n bn:00073571n bn:00073570n bn:00056530n bn:00006759n bn:00006747n bn:00032203n
33,n,sim,,pattern,modello,Modell,0.17,0,
34,n,sim,,character,carattere,Charakter,0.162,1,bn:00017748n
35,n,sim,,feed,pasto,Essen,0.136,0,
36,n,sim,,quantity,quantitativo,Menge,0.133,1,bn:00003603n
37,n,sim,,game,partita,Spiel,0.127,1,bn:00037180n
1,n,sim,WEAK,air,atmosfera,Weise,,,
2,n,sim,WEAK,body,struttura,Körper,,,
3,n,sim,WEAK,brand,marchio,Mal,,,
4,n,sim,WEAK,cake,torta,Stück,,,
5,n,sim,WEAK,card,scheda,Karte,,,
6,n,sim,WEAK,choice,selezione,Wahl,,,
7,n,sim,WEAK,class,classe,Gruppe,,,
8,n,sim,WEAK,component,componente,Teil,,,
9,n,sim,WEAK,cooking,cucina,Essen,,,
10,n,sim,WEAK,design,design,Plan,,,
11,n,sim,WEAK,dinner,cena,Essen,,,
12,n,sim,WEAK,display,manifestazione,Entwicklung,,,
13,n,sim,WEAK,element,componente,Element,,,
14,n,sim,WEAK,equipment,apparecchiatura,Gerät,,,
15,n,sim,WEAK,file,fascicolo,Reihe,,,
16,n,sim,WEAK,finish,finale,Ende,,,
17,n,sim,WEAK,frame,struttura,Bild,,,
18,n,sim,WEAK,fruit,frutta,Ergebnis,,,
19,n,sim,WEAK,grade,qualità,Wahl,,,
20,n,sim,WEAK,house,ditta,Haus,,,
21,n,sim,WEAK,item,voce,Artikel,,,
22,n,sim,WEAK,kind,tipo,Art,,,
23,n,sim,WEAK,list,repertorio,Programm,,,
24,n,sim,WEAK,look,aspetto,Blick,,,
25,n,sim,WEAK,lunch,pranzo,Essen,,,
26,n,sim,WEAK,material,materia,Material,,,
27,n,sim,WEAK,medium,ambiente,Medium,,,
28,n,sim,WEAK,money,moneta,Geld,,,
29,n,sim,WEAK,mould,modello,Form,,,
30,n,sim,WEAK,number,fascicolo,Zahl,,,
31,n,sim,WEAK,order,ordinamento,Folge,,,
32,n,sim,WEAK,outfit,attrezzatura,Einheit,,,
33,n,sim,WEAK,output,produzione,Leistung,,,
34,n,sim,WEAK,pack,imballaggio,Spiel,,,
35,n,sim,WEAK,panel,tavola,Einsatz,,,
36,n,sim,WEAK,paper,giornale,Arbeit,,,
37,n,sim,WEAK,part,pezzo,Teil,,,
38,n,sim,WEAK,pet,tesoro,Tier,,,
39,n,sim,WEAK,picture,spettacolo,Bild,,,
40,n,sim,WEAK,produce,prodotti,Produkt,,,
41,n,sim,WEAK,property,patrimonio,Objekt,,,
42,n,sim,WEAK,range,gamma,Reihe,,,
43,n,sim,WEAK,ring,pista,Gruppe,,,
44,n,sim,WEAK,roll,panino,Rolle,,,
45,n,sim,WEAK,room,ambiente,Raum,,,
46,n,sim,WEAK,round,partita,Lage,,,
47,n,sim,WEAK,scene,spettacolo,Szene,,,
48,n,sim,WEAK,section,sezione,Teil,,,
49,n,sim,WEAK,selection,selezione,Wahl,,,
50,n,sim,WEAK,set,collezione,Satz,,,
51,n,sim,WEAK,setting,ambiente,Einrichtung,,,
52,n,sim,WEAK,shape,modello,Form,,,
53,n,sim,WEAK,shell,struttura,Form,,,
54,n,sim,WEAK,side,aspetto,Seite,,,
55,n,sim,WEAK,sort,tipo,Art,,,
56,n,sim,WEAK,spirit,anima,Geist,,,
57,n,sim,WEAK,story,invenzione,Geschichte,,,
58,n,sim,WEAK,stuff,materia,Material,,,
59,n,sim,WEAK,suit,costume,Farbe,,,
60,n,sim,WEAK,theme,materia,Thema,,,
61,n,sim,WEAK,ticket,etichetta,Karte,,,
62,n,sim,WEAK,tool,attrezzo,Instrument,,,
63,n,sim,WEAK,track,pista,Weg,,,
64,n,sim,WEAK,type,tipo,Art,,,
65,n,sim,WEAK,unit,reparto,Einheit,,,
66,n,sim,WEAK,variety,varietà,Art,,,
67,n,sim,WEAK,version,versione,Modell,,,
1,n,cooc,,gift,regalo,Geschenk,0.413,1,bn:00040436n
2,n,cooc,,purse,borsa,Tasche,0.408,0,
3,n,cooc,,pouch,borsa,Tasche,0.4,0,
4,n,cooc,,sample,campione,Beispiel,0.388,0,
5,n,cooc,,form,forma,Gestalt,0.327,2,bn:00035909n bn:00003882n
6,n,cooc,,food,alimento,Essen,0.32,2,bn:00035649n bn:00035650n
7,n,cooc,,clothes,abbigliamento,Kleidung,0.306,1,bn:00006125n
8,n,cooc,,clothing,abbigliamento,Kleidung,0.297,1,bn:00006125n
9,n,cooc,,seat,posto,Platz,0.286,0,
10,n,cooc,,case,caso,Fall,0.276,3,bn:00016402n bn:00016411n bn:00016403n
11,n,cooc,,bag,borsa,Tasche,0.255,2,bn:00007922n bn:00016261n
12,n,cooc,,service,servizio,Dienst,0.177,1,bn:00070651n
1,n,cooc,WEAK,apparel,abbigliamento,Mode,,,
2,n,cooc,WEAK,cake,torta,Stück,,,
3,n,cooc,WEAK,connection,caso,Zusammenhang,,,
4,n,cooc,WEAK,cooking,cucina,Essen,,,
5,n,cooc,WEAK,dress,abbigliamento,Kleid,,,
6,n,cooc,WEAK,lunch,colazione,Essen,,,
7,n,cooc,WEAK,luncheon,colazione,Essen,,,
8,n,cooc,WEAK,reading,indicazione,Interpretation,,,
9,n,cooc,WEAK,recipe,ricetta,Geheimnis,,,
10,n,cooc,WEAK,set,servizio,Reihe,,,
11,n,cooc,WEAK,sport,gioco,Spaß,,,
12,n,cooc,WEAK,stand,posto,Stand,,,
13,n,cooc,WEAK,taste,gusto,Mode,,,
14,n,cooc,WEAK,toy,gioco,Spielzeug,,,
1,adj,cooc,,delicious,delizioso,lecker,0.496,1,bn:00101116a
2,adj,cooc,,delectable,delizioso,lecker,0.447,1,bn:00101116a
3,adj,cooc,,scrumptious,delizioso,lecker,0.403,1,bn:00101116a
4,adj,cooc,,sweet,dolce,süß,0.389,1,bn:00111540a
5,adj,cooc,,yummy,delizioso,lecker,0.368,1,bn:00101116a
6,adj,cooc,,cool,fresco,cool,0.278,1,bn:00100441a
1,adj,cooc,WEAK,appetizing,appetitoso,lecker,,,
2,adj,cooc,WEAK,delightful,delizioso,wunderbar,,,
3,adj,cooc,WEAK,fine,raffinato,gut,,,
4,adj,cooc,WEAK,fresh,fresco,neu,,,
5,adj,cooc,WEAK,individual,individuale,eigen,,,
6,adj,cooc,WEAK,large,numeroso,groß,,,
7,adj,cooc,WEAK,mouth-watering,appetitoso,lecker,,,
8,adj,cooc,WEAK,nice,gustoso,schön,,,
9,adj,cooc,WEAK,palatable,appetitoso,angenehm,,,
10,adj,cooc,WEAK,savory,salato,lecker,,,
11,adj,cooc,WEAK,savoury,salato,lecker,,,
12,adj,cooc,WEAK,such,tanto,derartig,,,
13,adj,cooc,WEAK,typical,tipico,eigen,,,
1,v,cooc,,pull,trarre,ziehen,0.456,0,
2,v,cooc,,pack,confezionare,packen,0.442,0,
3,v,cooc,,try,provare,versuchen,0.435,2,bn:00082844v bn:00087731v
4,v,cooc,,prepare,preparare,bereiten,0.409,0,
5,v,cooc,,fill,farcire,füllen,0.403,0,
6,v,cooc,,buy,acquistare,kaufen,0.401,1,bn:00084331v
7,v,cooc,,eat,mangiare,essen,0.399,2,bn:00087461v bn:00087460v
8,v,cooc,,purchase,acquistare,kaufen,0.388,1,bn:00084331v
9,v,cooc,,discover,scoprire,entdecken,0.382,2,bn:00086935v bn:00086936v
10,v,cooc,,stuff,farcire,füllen,0.375,0,
11,v,cooc,,draw,trarre,ziehen,0.371,0,
12,v,cooc,,forget,dimenticare,vergessen,0.34,2,bn:00084302v bn:00088482v
13,v,cooc,,offer,offrire,bieten,0.339,0,
14,v,cooc,,belong,appartenere,gehören,0.327,0,
15,v,cooc,,drop,cadere,fallen,0.327,0,
16,v,cooc,,present,presentare,präsentieren,0.306,1,bn:00086557v
17,v,cooc,,miss,mancare,fehlen,0.3,1,bn:00090161v
18,v,cooc,,provide,offrire,bieten,0.292,0,
19,v,cooc,,sell,vendere,verkaufen,0.291,1,bn:00093472v
20,v,cooc,,include,includere,umfassen,0.29,0,
21,v,cooc,,manufacture,produrre,herstellen,0.289,0,
22,v,cooc,,recall,richiamare,erinnern,0.286,0,
23,v,cooc,,love,amare,lieben,0.285,1,bn:00090504v
24,v,cooc,,produce,produrre,herstellen,0.285,3,bn:00084198v bn:00084082v bn:00086013v
25,v,cooc,,find,trovare,finden,0.284,2,bn:00084231v bn:00088204v
26,v,cooc,,keep,conservare,halten,0.28,0,
27,v,cooc,,lack,mancare,fehlen,0.279,1,bn:00090161v
28,v,cooc,,wait,aspettare,warten,0.279,1,bn:00089401v
29,v,cooc,,locate,individuare,finden,0.27,0,
30,v,cooc,,do,fare,tun,0.247,1,bn:00082286v
31,v,cooc,,fall,cadere,fallen,0.244,2,bn:00087976v bn:00087979v
32,v,cooc,,use,usare,verwenden,0.244,1,bn:00082705v
33,v,cooc,,bring,portare,bringen,0.241,1,bn:00084058v
34,v,cooc,,introduce,introdurre,vorstellen,0.24,0,
35,v,cooc,,name,denominare,nennen,0.234,1,bn:00084385v
36,v,cooc,,call,chiamare,nennen,0.233,1,bn:00084385v
37,v,cooc,,hand,dare,geben,0.23,1,bn:00088825v
38,v,cooc,,save,salvare,sparen,0.229,0,
39,v,cooc,,make,fare,machen,0.225,3,bn:00086008v bn:00084198v bn:00086013v
40,v,cooc,,get,ottenere,bekommen,0.219,0,
41,v,cooc,,stay,rimanere,bleiben,0.216,3,bn:00085719v bn:00092756v bn:00091562v
42,v,cooc,,arrive,venire,kommen,0.208,0,
43,v,cooc,,mean,dire,bedeuten,0.208,1,bn:00089805v
44,v,cooc,,hit,colpire,hauen,0.205,0,
45,v,cooc,,seem,sembrare,scheinen,0.199,1,bn:00082690v
46,v,cooc,,represent,rappresentare,darstellen,0.196,1,bn:00083187v
47,v,cooc,,come,venire,kommen,0.188,1,bn:00085335v
48,v,cooc,,go,andare,gehen,0.185,2,bn:00086600v bn:00088629v
49,v,cooc,,consider,considerare,betrachten,0.183,0,
50,v,cooc,,remain,rimanere,bleiben,0.183,3,bn:00085719v bn:00092756v bn:00091562v
51,v,cooc,,constitute,costituire,darstellen,0.181,1,bn:00083187v
1,v,cooc,WEAK,acquire,acquistare,annehmen,,,
2,v,cooc,WEAK,affect,interessare,beeinflussen,,,
3,v,cooc,WEAK,allow,consentire,lassen,,,
4,v,cooc,WEAK,appear,sembrare,erscheinen,,,
5,v,cooc,WEAK,arrange,ordinare,ordnen,,,
6,v,cooc,WEAK,assemble,raggruppare,aufbauen,,,
7,v,cooc,WEAK,await,attendere,warten,,,
8,v,cooc,WEAK,base,basare,aufbauen,,,
9,v,cooc,WEAK,be,diventare,liegen,,,
10,v,cooc,WEAK,bear,portare,führen,,,
11,v,cooc,WEAK,become,diventare,stehen,,,
12,v,cooc,WEAK,break,spezzare,überschlagen,,,
13,v,cooc,WEAK,carry,portare,führen,,,
14,v,cooc,WEAK,cause,indurre,bewirken,,,
15,v,cooc,WEAK,clear,realizzare,klären,,,
16,v,cooc,WEAK,combine,abbinare,verbinden,,,
17,v,cooc,WEAK,compose,costituire,schreiben,,,
18,v,cooc,WEAK,comprise,comprendere,umfassen,,,
19,v,cooc,WEAK,contain,contenere,umfassen,,,
20,v,cooc,WEAK,cook,cucinare,machen,,,
21,v,cooc,WEAK,cost,venire,kosten,,,
22,v,cooc,WEAK,cover,coprire,umfassen,,,
23,v,cooc,WEAK,deliver,distribuire,vortragen,,,
24,v,cooc,WEAK,design,ideare,bestimmen,,,
25,v,cooc,WEAK,direct,ordinare,lenken,,,
26,v,cooc,WEAK,distribute,distribuire,verbreiten,,,
27,v,cooc,WEAK,donate,donare,schenken,,,
28,v,cooc,WEAK,enclose,includere,umgeben,,,
29,v,cooc,WEAK,enjoy,godere,erleben,,,
30,v,cooc,WEAK,examine,studiare,untersuchen,,,
31,v,cooc,WEAK,feature,rappresentare,vorkommen,,,
32,v,cooc,WEAK,feel,ritenere,fühlen,,,
33,v,cooc,WEAK,fit,preparare,passen,,,
34,v,cooc,WEAK,fix,definire,reparieren,,,
35,v,cooc,WEAK,fold,abbracciare,klappen,,,
36,v,cooc,WEAK,form,costituire,gestalten,,,
37,v,cooc,WEAK,forward,promuovere,vorantreiben,,,
38,v,cooc,WEAK,gain,ottenere,gewinnen,,,
39,v,cooc,WEAK,handle,trattare,erledigen,,,
40,v,cooc,WEAK,have,fare,besitzen,,,
41,v,cooc,WEAK,help,servire,helfen,,,
42,v,cooc,WEAK,hold,contenere,halten,,,
43,v,cooc,WEAK,intend,destinare,bestimmen,,,
44,v,cooc,WEAK,involve,coinvolgere,umfassen,,,
45,v,cooc,WEAK,label,classificare,bezeichnen,,,
46,v,cooc,WEAK,lay,porre,legen,,,
47,v,cooc,WEAK,leave,dimenticare,verlassen,,,
48,v,cooc,WEAK,let,permettere,lassen,,,
49,v,cooc,WEAK,lie,rimanere,liegen,,,
50,v,cooc,WEAK,like,piacere,lieben,,,
51,v,cooc,WEAK,look,sembrare,aussehen,,,
52,v,cooc,WEAK,mark,distinguere,zeichnen,,,
53,v,cooc,WEAK,match,accompagnare,entsprechen,,,
54,v,cooc,WEAK,need,mancare,brauchen,,,
55,v,cooc,WEAK,occur,presentare,kommen,,,
56,v,cooc,WEAK,order,ordinare,ordnen,,,
57,v,cooc,WEAK,originate,provenire,entstehen,,,
58,v,cooc,WEAK,own,ammettere,besitzen,,,
59,v,cooc,WEAK,pick,scegliere,lesen,,,
60,v,cooc,WEAK,place,porre,legen,,,
61,v,cooc,WEAK,please,soddisfare,gefallen,,,
62,v,cooc,WEAK,pop,proporre,springen,,,
63,v,cooc,WEAK,pose,porre,stellen,,,
64,v,cooc,WEAK,prove,provare,gehen,,,
65,v,cooc,WEAK,put,porre,setzen,,,
66,v,cooc,WEAK,range,variare,reichen,,,
67,v,cooc,WEAK,remove,asportare,lösen,,,
68,v,cooc,WEAK,require,richiedere,benötigen,,,
69,v,cooc,WEAK,rest,rimanere,liegen,,,
70,v,cooc,WEAK,restrain,contenere,verhalten,,,
71,v,cooc,WEAK,sample,assaggiare,probieren,,,
72,v,cooc,WEAK,satisfy,soddisfare,überzeugen,,,
73,v,cooc,WEAK,savor,assaporare,kosten,,,
74,v,cooc,WEAK,savour,assaporare,kosten,,,
75,v,cooc,WEAK,season,condire,durchsetzen,,,
76,v,cooc,WEAK,secure,garantire,erzielen,,,
77,v,cooc,WEAK,serve,servire,versorgen,,,
78,v,cooc,WEAK,share,distribuire,teilen,,,
79,v,cooc,WEAK,sit,rappresentare,sitzen,,,
80,v,cooc,WEAK,sound,sembrare,klingen,,,
81,v,cooc,WEAK,spot,individuare,erkennen,,,
82,v,cooc,WEAK,stand,restare,stehen,,,
83,v,cooc,WEAK,supply,soddisfare,versorgen,,,
84,v,cooc,WEAK,symbolize,rappresentare,bedeuten,,,
85,v,cooc,WEAK,taste,gustare,schmecken,,,
86,v,cooc,WEAK,travel,andare,reisen,,,
87,v,cooc,WEAK,turn,diventare,drehen,,,
88,v,cooc,WEAK,vary,variare,verändern,,,
89,v,cooc,WEAK,view,considerare,ansehen,,,
