idx_group,pos,rel,weak,lex_en,lex_it,lex_de,score,bs_count,babel_synsets
0,n,head,,plane,livello piano spostamento_della_realtà,Ebene,,1,bn:00062767n
1,n,sim,,construction,costruzione,Aufbau,0.341,0,
2,n,sim,,dimension,dimensione,Dimension,0.34,4,bn:00027152n bn:00007067n bn:00027151n bn:00027153n
3,n,sim,,building,edificio,Aufbau,0.311,0,
4,n,sim,,direction,direzione,Richtung,0.309,1,bn:00027353n
5,n,sim,,property,proprietà,Eigenschaft,0.308,1,bn:00064752n
6,n,sim,,formation,formazione,Bildung,0.297,0,
7,n,sim,,motion,movimento,Bewegung,0.297,2,bn:00056030n bn:00056029n
8,n,sim,,object,oggetto,Objekt,0.296,4,bn:00002179n bn:00058443n bn:00058442n bn:00058445n
9,n,sim,,size,dimensione,Größe,0.296,1,bn:15234561n
10,n,sim,,environment,ambiente,Umwelt,0.295,1,bn:00031075n
11,n,sim,,movement,movimento,Bewegung,0.294,3,bn:00056030n bn:00036632n bn:00056029n
12,n,sim,,power,potere,Macht,0.291,1,bn:00063940n
13,n,sim,,target,obiettivo,Ziel,0.291,1,bn:00002179n
14,n,sim,,branch,campo,Gebiet,0.287,0,
15,n,sim,,component,componente,Komponente,0.287,1,bn:00021396n
16,n,sim,,picture,immagine,Bild,0.287,2,bn:00032381n bn:00045970n
17,n,sim,,source,fonte,Quelle,0.287,2,bn:00009635n bn:00046702n
18,n,sim,,energy,energia,Energie,0.284,1,bn:00030820n
19,n,sim,,center,centro,Zentrum,0.283,2,bn:00017123n bn:00017130n
20,n,sim,,centre,centro,Zentrum,0.281,2,bn:00017123n bn:00017130n
21,n,sim,,project,progetto,Projekt,0.28,1,bn:00064665n
22,n,sim,,side,lato,Seite,0.277,2,bn:00071433n bn:00032604n
23,n,sim,,portion,parte,Teil,0.272,1,bn:00021395n
24,n,sim,,instrument,strumento,Instrument,0.27,6,bn:00046962n bn:00046964n bn:00023662n bn:00046961n bn:00046965n bn:00077585n
25,n,sim,,shape,forma,Form,0.268,5,bn:00035909n bn:00003882n bn:00021751n bn:00016529n bn:00035908n
26,n,sim,,vehicle,mezzo,Mittel,0.267,1,bn:00079676n
27,n,sim,,order,ordine,Ordnung,0.266,2,bn:00059310n bn:00059307n
28,n,sim,,situation,situazione,Situation,0.266,3,bn:00071858n bn:00071869n bn:00063707n
29,n,sim,,event,evento,Ereignis,0.265,2,bn:00032021n bn:00032022n
30,n,sim,,level,livello,Stufe,0.265,0,
31,n,sim,,system,sistema,System,0.265,7,bn:00069580n bn:00075762n bn:00005863n bn:00075760n bn:00075761n bn:00075763n bn:00075759n
32,n,sim,,move,movimento,Bewegung,0.264,1,bn:00056029n
33,n,sim,,region,regione,Region,0.263,2,bn:00005515n bn:00066884n
34,n,sim,,figure,numero,Zahl,0.26,0,
35,n,sim,,position,posizione,Position,0.26,10,bn:00063706n bn:00061746n bn:00054979n bn:00063704n bn:00062704n bn:00010073n bn:00063703n bn:00063708n bn:00063707n bn:00007048n
36,n,sim,,route,percorso,Strecke,0.26,0,
37,n,sim,,form,forma,Form,0.259,11,bn:00035909n bn:00035915n bn:00026512n bn:00035913n bn:00035907n bn:00035911n bn:00003882n bn:00021751n bn:00035912n bn:00016529n bn:00035908n
38,n,sim,,service,servizio,Dienst,0.258,1,bn:00070651n
39,n,sim,,length,durata,Dauer,0.256,0,
40,n,sim,,base,base,Basis,0.254,9,bn:00008781n bn:00008916n bn:00008786n bn:00008782n bn:00008789n bn:00008790n bn:00008870n bn:00008791n bn:00035744n
41,n,sim,,grid,rete,Netz,0.253,0,
42,n,sim,,image,immagine,Bild,0.252,2,bn:00045972n bn:00045970n
43,n,sim,,field,campo,Feld,0.25,4,bn:00034265n bn:00006752n bn:00034273n bn:00034267n
44,n,sim,,pattern,modello,Modell,0.25,0,
45,n,sim,,phase,fase,Phase,0.248,4,bn:00061898n bn:00061900n bn:00035914n bn:00076588n
46,n,sim,,floor,piano,Boden,0.247,0,
47,n,sim,,structure,struttura,Struktur,0.246,1,bn:00022071n
48,n,sim,,bed,fondo,Grund,0.244,0,
49,n,sim,,job,lavoro,Arbeit,0.244,4,bn:00018756n bn:00014138n bn:00030625n bn:00030616n
50,n,sim,,element,elemento,Element,0.242,6,bn:00021394n bn:00030300n bn:00030301n bn:00018105n bn:00021396n bn:00030299n
51,n,sim,,earth,terra,Erde,0.241,5,bn:00028934n bn:00029425n bn:00029424n bn:00029429n bn:00029427n
52,n,sim,,case,caso,Fall,0.238,3,bn:00016411n bn:00016402n bn:00016403n
53,n,sim,,front,fronte,Front,0.237,2,bn:00036629n bn:00009184n
54,n,sim,,view,vista,Ansicht,0.237,0,
55,n,sim,,zone,zona,Bereich,0.237,1,bn:00082076n
56,n,sim,,number,numero,Zahl,0.236,3,bn:00058290n bn:00058287n bn:00058285n
57,n,sim,,operation,funzionamento,Betrieb,0.236,0,
58,n,sim,,range,serie,Reihe,0.236,0,
59,n,sim,,line,linea,Linie,0.234,4,bn:00051289n bn:00014165n bn:00014457n bn:00051294n
60,n,sim,,piece,parte,Teil,0.233,1,bn:05990477n
61,n,sim,,band,gruppo,Gruppe,0.231,1,bn:00008279n
62,n,sim,,part,parte,Teil,0.231,1,bn:00021395n
63,n,sim,,group,gruppo,Gruppe,0.23,4,bn:00041943n bn:00041942n bn:00073698n bn:00018111n
64,n,sim,,half,mezzo,Hälfte,0.229,1,bn:00042601n
65,n,sim,,series,serie,Reihe,0.225,1,bn:00070613n
66,n,sim,,device,dispositivo,Gerät,0.224,1,bn:00026716n
67,n,sim,,control,controllo,Kontrolle,0.223,1,bn:17607444n
68,n,sim,,platform,piattaforma,Plattform,0.223,1,bn:00062900n
69,n,sim,,force,forza,Kraft,0.22,2,bn:00035767n bn:00035768n
70,n,sim,,network,rete,Netzwerk,0.22,4,bn:00057379n bn:00024712n bn:00021488n bn:00054497n
71,n,sim,,spot,posto,Stelle,0.219,1,bn:00062699n
72,n,sim,,boundary,limite,Grenze,0.217,2,bn:00012418n bn:00012417n
73,n,sim,,space,spazio,Raum,0.217,2,bn:00046665n bn:00053830n
74,n,sim,,model,modello,Modell,0.216,7,bn:00032101n bn:00055448n bn:00036197n bn:00055447n bn:00022071n bn:00032100n bn:00033735n
75,n,sim,,authority,autorità,Behörde,0.215,0,
76,n,sim,,unit,unità,Einheit,0.215,1,bn:00079106n
77,n,sim,,definition,definizione,Definition,0.214,2,bn:00025928n bn:00025929n
78,n,sim,,location,posizione,Lage,0.212,1,bn:00051760n
79,n,sim,,plant,impianto,Anlage,0.212,1,bn:00046568n
80,n,sim,,person,persona,Person,0.211,4,bn:00061715n bn:00061714n bn:00044576n bn:00046516n
81,n,sim,,limit,limite,Grenze,0.21,1,bn:00051249n
82,n,sim,,road,strada,Straße,0.208,1,bn:00067975n
83,n,sim,,course,corso,Kurs,0.203,2,bn:00019479n bn:00019477n
84,n,sim,,site,luogo,Standort,0.203,1,bn:00051760n
85,n,sim,,bottom,fondo,Boden,0.196,1,bn:00012366n
86,n,sim,,point,punto,Punkt,0.166,4,bn:00063218n bn:00036777n bn:00063214n bn:00063223n
87,n,sim,,characteristic,caratteristica,Merkmal,0.163,2,bn:00065538n bn:00017762n
88,n,sim,,strength,forza,Kraft,0.161,1,bn:00074615n
89,n,sim,,installation,impianto,Anlage,0.156,1,bn:00046934n
90,n,sim,,middle,mezzo,Hälfte,0.156,0,
91,n,sim,,step,passo,Schritt,0.154,2,bn:00025152n bn:00054018n
1,n,sim,WEAK,agent,operatore,Mittel,,,
2,n,sim,WEAK,air,aspetto,Weise,,,
3,n,sim,WEAK,array,insieme,Feld,,,
4,n,sim,WEAK,back,fondo,Hintergrund,,,
5,n,sim,WEAK,bank,banca,Reihe,,,
6,n,sim,WEAK,board,consiglio,Ausschuss,,,
7,n,sim,WEAK,body,corpo,Organ,,,
8,n,sim,WEAK,business,azienda,Unternehmen,,,
9,n,sim,WEAK,call,motivo,Entscheidung,,,
10,n,sim,WEAK,capacity,capacità,Leistung,,,
11,n,sim,WEAK,card,carta,Programm,,,
12,n,sim,WEAK,circle,ambiente,Kreis,,,
13,n,sim,WEAK,class,classe,Kategorie,,,
14,n,sim,WEAK,combination,unione,Verbindung,,,
15,n,sim,WEAK,connection,rapporto,Verbindung,,,
16,n,sim,WEAK,craft,categoria,Kunst,,,
17,n,sim,WEAK,cycle,periodo,Kreis,,,
18,n,sim,WEAK,design,disegno,Plan,,,
19,n,sim,WEAK,display,manifestazione,Bildschirm,,,
20,n,sim,WEAK,distance,percorso,Distanz,,,
21,n,sim,WEAK,drive,guida,Tour,,,
22,n,sim,WEAK,end,fine,Zweck,,,
23,n,sim,WEAK,equipment,materiale,Gerät,,,
24,n,sim,WEAK,face,fronte,Fläche,,,
25,n,sim,WEAK,facility,infrastruttura,Einrichtung,,,
26,n,sim,WEAK,frame,struttura,Rahmen,,,
27,n,sim,WEAK,ground,terra,Boden,,,
28,n,sim,WEAK,height,quota,Höhe,,,
29,n,sim,WEAK,home,casa,Ziel,,,
30,n,sim,WEAK,house,casa,Parlament,,,
31,n,sim,WEAK,item,elemento,Punkt,,,
32,n,sim,WEAK,journey,percorso,Reise,,,
33,n,sim,WEAK,kind,tipo,Art,,,
34,n,sim,WEAK,land,terra,Land,,,
35,n,sim,WEAK,map,carta,Plan,,,
36,n,sim,WEAK,medium,mezzo,Medium,,,
37,n,sim,WEAK,member,elemento,Mitglied,,,
38,n,sim,WEAK,mission,missione,Aufgabe,,,
39,n,sim,WEAK,mode,modo,Art,,,
40,n,sim,WEAK,office,ufficio,Stelle,,,
41,n,sim,WEAK,opening,luce,Möglichkeit,,,
42,n,sim,WEAK,panel,quadro,Gremium,,,
43,n,sim,WEAK,path,via,Weg,,,
44,n,sim,WEAK,pool,fonte,See,,,
45,n,sim,WEAK,product,genere,Produkt,,,
46,n,sim,WEAK,production,produzione,Förderung,,,
47,n,sim,WEAK,ring,rete,Gruppe,,,
48,n,sim,WEAK,room,ambiente,Raum,,,
49,n,sim,WEAK,scene,luogo,Szene,,,
50,n,sim,WEAK,screen,difesa,Bildschirm,,,
51,n,sim,WEAK,seat,sede,Platz,,,
52,n,sim,WEAK,section,parte,Abschnitt,,,
53,n,sim,WEAK,segment,parte,Abschnitt,,,
54,n,sim,WEAK,sequence,ordine,Folge,,,
55,n,sim,WEAK,set,insieme,Reihe,,,
56,n,sim,WEAK,shop,lavoro,Handlung,,,
57,n,sim,WEAK,sphere,ambiente,Bereich,,,
58,n,sim,WEAK,stage,fase,Stufe,,,
59,n,sim,WEAK,station,posto,Station,,,
60,n,sim,WEAK,table,quadro,Tisch,,,
61,n,sim,WEAK,team,squadra,Gruppe,,,
62,n,sim,WEAK,test,prova,Prüfung,,,
63,n,sim,WEAK,train,serie,Bahn,,,
64,n,sim,WEAK,trip,missione,Reise,,,
65,n,sim,WEAK,type,tipo,Art,,,
66,n,sim,WEAK,volume,volume,Umfang,,,
67,n,sim,WEAK,weight,peso,Bedeutung,,,
1,n,cooc,,programa,programma,Programm,0.501,0,
2,n,cooc,,space,spazio,Raum,0.395,2,bn:00046665n bn:00053830n
3,n,cooc,,area,zona,Bereich,0.39,1,bn:00082076n
4,n,cooc,,world,terra,Welt,0.368,2,bn:00029424n bn:00045153n
5,n,cooc,,surface,superficie,Fläche,0.364,1,bn:02146864n
6,n,cooc,,end,fine,Ende,0.362,3,bn:00030722n bn:00019919n bn:00030719n
7,n,cooc,,mechanism,meccanismo,Mechanismus,0.359,1,bn:00054065n
8,n,cooc,,dimension,dimensione,Dimension,0.354,4,bn:00027152n bn:00007067n bn:00027151n bn:00027153n
9,n,cooc,,control,controllo,Kontrolle,0.352,1,bn:17607444n
10,n,cooc,,line,linea,Linie,0.348,4,bn:00051289n bn:00014165n bn:00014457n bn:00051294n
11,n,cooc,,model,modello,Modell,0.345,7,bn:00032101n bn:00055448n bn:00036197n bn:00055447n bn:00022071n bn:00032100n bn:00033735n
12,n,cooc,,portion,porzione,Teil,0.338,0,
13,n,cooc,,structure,struttura,Struktur,0.321,1,bn:00022071n
14,n,cooc,,zone,zona,Zone,0.319,4,bn:00009824n bn:00040162n bn:00082073n bn:00082076n
15,n,cooc,,seat,posto,Platz,0.312,0,
16,n,cooc,,journey,percorso,Weg,0.285,0,
17,n,cooc,,route,percorso,Weg,0.282,1,bn:00067975n
18,n,cooc,,point,punto,Punkt,0.267,4,bn:00063218n bn:00036777n bn:00063214n bn:00063223n
19,n,cooc,,position,posizione,Position,0.215,10,bn:00063706n bn:00061746n bn:00054979n bn:00063704n bn:00062704n bn:00010073n bn:00063703n bn:00063708n bn:00063707n bn:00007048n
20,n,cooc,,part,parte,Teil,0.198,1,bn:00021395n
1,n,cooc,WEAK,application,domanda,Anwendung,,,
2,n,cooc,WEAK,array,disposizione,Feld,,,
3,n,cooc,WEAK,collision,contrasto,Konflikt,,,
4,n,cooc,WEAK,component,elemento,Teil,,,
5,n,cooc,WEAK,delivery,distribuzione,Lieferung,,,
6,n,cooc,WEAK,direction,gestione,Richtung,,,
7,n,cooc,WEAK,distance,percorso,Abstand,,,
8,n,cooc,WEAK,draught,schema,Konzept,,,
9,n,cooc,WEAK,ground,terra,Boden,,,
10,n,cooc,WEAK,home,casa,Ziel,,,
11,n,cooc,WEAK,land,terra,Land,,,
12,n,cooc,WEAK,maker,fattore,Hersteller,,,
13,n,cooc,WEAK,medium,strumento,Medium,,,
14,n,cooc,WEAK,paper,documento,Arbeit,,,
15,n,cooc,WEAK,parallel,confronto,Entsprechung,,,
16,n,cooc,WEAK,passing,passaggio,Annahme,,,
17,n,cooc,WEAK,picture,quadro,Bild,,,
18,n,cooc,WEAK,reference,relazione,Stelle,,,
19,n,cooc,WEAK,release,emissione,Aufgabe,,,
20,n,cooc,WEAK,side,lato,Rand,,,
21,n,cooc,WEAK,slip,banca,Verschiebung,,,
22,n,cooc,WEAK,tank,serbatoio,Becken,,,
23,n,cooc,WEAK,test,test,Kontrolle,,,
24,n,cooc,WEAK,touch,rapporto,Kontakt,,,
25,n,cooc,WEAK,train,serie,Folge,,,
1,adj,cooc,,perpendicular,perpendicolare,senkrecht,0.534,2,bn:00108482a bn:00108481a
2,adj,cooc,,horizontal,orizzontale,horizontal,0.527,1,bn:00104328a
3,adj,cooc,,parallel,parallelo,parallel,0.51,2,bn:00108246a bn:00108247a
4,adj,cooc,,inclined,inclinato,geneigt,0.474,0,
5,adj,cooc,,vertical,verticale,vertikal,0.473,1,bn:00108482a
6,adj,cooc,,low,basso,niedrig,0.452,0,
7,adj,cooc,,central,centrale,zentral,0.43,0,
8,adj,cooc,,different,diverso,verschieden,0.421,0,
9,adj,cooc,,spiritual,spirituale,geistig,0.41,1,bn:00111042a
10,adj,cooc,,medium,medio,mittel,0.409,0,
11,adj,cooc,,vertifical,verticale,vertikal,0.395,0,
12,adj,cooc,,corresponding,corrispondente,entsprechend,0.385,0,
13,adj,cooc,,respective,rispettivo,jeweilig,0.377,0,
14,adj,cooc,,military,militare,militärisch,0.374,0,
15,adj,cooc,,flat,piatto,flach,0.363,1,bn:00103058a
16,adj,cooc,,same,stesso,gleich,0.357,0,
17,adj,cooc,,identical,uguale,gleich,0.339,0,
18,adj,cooc,,equal,uguale,gleich,0.329,0,
19,adj,cooc,,fine,bello,gut,0.257,0,
1,adj,cooc,WEAK,big,grande,hoch,,,
2,adj,cooc,WEAK,clean,preciso,rein,,,
3,adj,cooc,WEAK,equivalent,equivalente,gleich,,,
4,adj,cooc,WEAK,heavy,grande,hoch,,,
5,adj,cooc,WEAK,large,grande,hoch,,,
6,adj,cooc,WEAK,likely,facile,geeignet,,,
7,adj,cooc,WEAK,mean,medio,niedrig,,,
8,adj,cooc,WEAK,normal,normale,senkrecht,,,
9,adj,cooc,WEAK,oblique,inclinato,schief,,,
10,adj,cooc,WEAK,physical,fisico,physisch,,,
11,adj,cooc,WEAK,private,personale,privat,,,
12,adj,cooc,WEAK,quiet,modesto,gut,,,
13,adj,cooc,WEAK,similar,simile,gleich,,,
14,adj,cooc,WEAK,superior,superiore,hoch,,,
15,adj,cooc,WEAK,uniform,uniforme,gleich,,,
1,v,cooc,,lift,alzare,heben,0.502,1,bn:00084110v
2,v,cooc,,reach,raggiungere,erreichen,0.466,2,bn:00082226v bn:00082901v
3,v,cooc,,wait,servire,bedienen,0.451,1,bn:00095594v
4,v,cooc,,touch,toccare,berühren,0.435,1,bn:00095040v
5,v,cooc,,inspect,controllare,überprüfen,0.414,0,
6,v,cooc,,operate,operare,arbeiten,0.398,0,
7,v,cooc,,occupy,occupare,besetzen,0.39,0,
8,v,cooc,,locate,individuare,finden,0.386,0,
9,v,cooc,,intersect,intersecare,schneiden,0.385,0,
10,v,cooc,,define,definire,definieren,0.38,1,bn:00086465v
11,v,cooc,,divert,derivare,ableiten,0.362,0,
12,v,cooc,,search,cercare,suchen,0.362,1,bn:00090460v
13,v,cooc,,hop,saltare,springen,0.358,0,
14,v,cooc,,enter,entrare,betreten,0.354,0,
15,v,cooc,,return,tornare,zurückkehren,0.35,1,bn:00092969v
16,v,cooc,,manage,amministrare,verwalten,0.349,1,bn:00084527v
17,v,cooc,,arrive,arrivare,ankommen,0.347,2,bn:00082788v bn:00082790v
18,v,cooc,,leave,lasciare,verlassen,0.346,1,bn:00087845v
19,v,cooc,,mean,dire,bedeuten,0.345,1,bn:00089805v
20,v,cooc,,divide,dividere,aufteilen,0.344,1,bn:00084611v
21,v,cooc,,pilot,dirigere,steuern,0.344,0,
22,v,cooc,,indicate,indicare,zeigen,0.343,0,
23,v,cooc,,order,disporre,ordnen,0.342,0,
24,v,cooc,,reflect,riflettere,spiegeln,0.34,0,
25,v,cooc,,extend,estendere,erweitern,0.331,1,bn:00084121v
26,v,cooc,,form,formare,bilden,0.329,1,bn:00088490v
27,v,cooc,,start,iniziare,beginnen,0.317,2,bn:00083342v bn:00083340v
28,v,cooc,,bound,limitare,begrenzen,0.311,0,
29,v,cooc,,contain,contenere,enthalten,0.308,1,bn:00083225v
30,v,cooc,,establish,stabilire,etablieren,0.304,0,
31,v,cooc,,show,mostrare,anzeigen,0.302,0,
32,v,cooc,,coordinate,coordinare,koordinieren,0.3,0,
33,v,cooc,,begin,iniziare,beginnen,0.299,2,bn:00083342v bn:00083340v
34,v,cooc,,break,interrompere,unterbrechen,0.296,0,
35,v,cooc,,own,possedere,besitzen,0.285,1,bn:00089241v
36,v,cooc,,give,dare,geben,0.279,2,bn:00088825v bn:00088815v
37,v,cooc,,steer,dirigere,steuern,0.278,0,
38,v,cooc,,correspond,corrispondere,entsprechen,0.277,1,bn:00082477v
39,v,cooc,,limit,limitare,begrenzen,0.276,0,
40,v,cooc,,replace,sostituire,ersetzen,0.276,2,bn:00092817v bn:00087802v
41,v,cooc,,miss,perdere,fehlen,0.274,0,
42,v,cooc,,follow,seguire,folgen,0.256,1,bn:00088020v
43,v,cooc,,represent,rappresentare,darstellen,0.252,1,bn:00083187v
44,v,cooc,,come,venire,kommen,0.251,1,bn:00085335v
45,v,cooc,,use,utilizzare,verwenden,0.25,1,bn:00082705v
46,v,cooc,,cost,venire,kommen,0.243,0,
47,v,cooc,,move,spostare,bewegen,0.243,1,bn:00088912v
48,v,cooc,,pass,passare,passieren,0.24,1,bn:00091307v
49,v,cooc,,determine,determinare,bestimmen,0.237,0,
50,v,cooc,,permit,permettere,erlauben,0.21,1,bn:00082536v
51,v,cooc,,switch,passare,wechseln,0.209,0,
52,v,cooc,,make,fare,machen,0.134,3,bn:00086013v bn:00086008v bn:00084198v
1,v,cooc,WEAK,accommodate,ospitare,anpassen,,,
2,v,cooc,WEAK,acquire,acquisire,erarbeiten,,,
3,v,cooc,WEAK,align,adeguare,ausrichten,,,
4,v,cooc,WEAK,appear,apparire,wirken,,,
5,v,cooc,WEAK,approach,avvicinare,angehen,,,
6,v,cooc,WEAK,attempt,cercare,versuchen,,,
7,v,cooc,WEAK,be,diventare,liegen,,,
8,v,cooc,WEAK,bear,sostenere,tragen,,,
9,v,cooc,WEAK,belong,concernere,gehören,,,
10,v,cooc,WEAK,bind,vincolare,verbinden,,,
11,v,cooc,WEAK,build,costruire,setzen,,,
12,v,cooc,WEAK,buy,acquistare,lösen,,,
13,v,cooc,WEAK,carry,portare,tragen,,,
14,v,cooc,WEAK,catch,prendere,erreichen,,,
15,v,cooc,WEAK,cause,determinare,bewirken,,,
16,v,cooc,WEAK,clear,superare,löschen,,,
17,v,cooc,WEAK,climb,salire,steigen,,,
18,v,cooc,WEAK,conduct,dirigere,führen,,,
19,v,cooc,WEAK,control,controllare,steuern,,,
20,v,cooc,WEAK,cross,passare,durchqueren,,,
21,v,cooc,WEAK,cut,ridurre,schneiden,,,
22,v,cooc,WEAK,deliver,emettere,abgeben,,,
23,v,cooc,WEAK,descend,scendere,fallen,,,
24,v,cooc,WEAK,design,progettare,planen,,,
25,v,cooc,WEAK,destine,destinare,bestimmen,,,
26,v,cooc,WEAK,detect,individuare,ermitteln,,,
27,v,cooc,WEAK,dip,scendere,senken,,,
28,v,cooc,WEAK,drop,scendere,fallen,,,
29,v,cooc,WEAK,encounter,affrontare,begegnen,,,
30,v,cooc,WEAK,equip,fornire,einrichten,,,
31,v,cooc,WEAK,exit,uscire,verlassen,,,
32,v,cooc,WEAK,experience,sperimentare,erfahren,,,
33,v,cooc,WEAK,fall,scendere,fallen,,,
34,v,cooc,WEAK,fill,occupare,füllen,,,
35,v,cooc,WEAK,flow,circolare,steigen,,,
36,v,cooc,WEAK,force,forzare,durchsetzen,,,
37,v,cooc,WEAK,go,partire,gehen,,,
38,v,cooc,WEAK,ground,fondare,verankern,,,
39,v,cooc,WEAK,guide,dirigere,führen,,,
40,v,cooc,WEAK,head,dirigere,gehen,,,
41,v,cooc,WEAK,hire,noleggiare,einstellen,,,
42,v,cooc,WEAK,hit,raggiungere,treffen,,,
43,v,cooc,WEAK,involve,coinvolgere,umfassen,,,
44,v,cooc,WEAK,join,unire,verbinden,,,
45,v,cooc,WEAK,keep,tenere,bleiben,,,
46,v,cooc,WEAK,launch,lanciare,einführen,,,
47,v,cooc,WEAK,meet,soddisfare,treffen,,,
48,v,cooc,WEAK,mention,citare,ansprechen,,,
49,v,cooc,WEAK,mount,salire,aufstellen,,,
50,v,cooc,WEAK,park,parcheggiare,abstellen,,,
51,v,cooc,WEAK,perform,eseguire,erfüllen,,,
52,v,cooc,WEAK,place,mettere,platzieren,,,
53,v,cooc,WEAK,prepare,preparare,ausarbeiten,,,
54,v,cooc,WEAK,pull,togliere,ziehen,,,
55,v,cooc,WEAK,record,registrare,erfassen,,,
56,v,cooc,WEAK,refer,sottoporre,verweisen,,,
57,v,cooc,WEAK,register,registrare,eintragen,,,
58,v,cooc,WEAK,rent,noleggiare,verleihen,,,
59,v,cooc,WEAK,run,funzionare,laufen,,,
60,v,cooc,WEAK,say,dire,sprechen,,,
61,v,cooc,WEAK,schedule,programmare,planen,,,
62,v,cooc,WEAK,send,trasmettere,richten,,,
63,v,cooc,WEAK,separate,dividere,trennen,,,
64,v,cooc,WEAK,sight,mirare,richten,,,
65,v,cooc,WEAK,sink,scendere,senken,,,
66,v,cooc,WEAK,sit,rappresentare,setzen,,,
67,v,cooc,WEAK,situate,situare,legen,,,
68,v,cooc,WEAK,specify,specificare,bestimmen,,,
69,v,cooc,WEAK,spot,individuare,erkennen,,,
70,v,cooc,WEAK,stall,bloccare,einstellen,,,
71,v,cooc,WEAK,stop,fermare,unterbrechen,,,
72,v,cooc,WEAK,strike,trovare,treffen,,,
73,v,cooc,WEAK,suffer,subire,erfahren,,,
74,v,cooc,WEAK,support,sostenere,unterstützen,,,
75,v,cooc,WEAK,suppose,presupporre,kombinieren,,,
76,v,cooc,WEAK,sustain,sostenere,erhalten,,,
77,v,cooc,WEAK,take,prendere,übernehmen,,,
78,v,cooc,WEAK,turn,trasformare,wenden,,,
79,v,cooc,WEAK,undergo,subire,erfahren,,,
80,v,cooc,WEAK,watch,osservare,sehen,,,
