idx_group,pos,rel,weak,lex_en,lex_it,lex_de,score,bs_count,babel_synsets
0,n,head,,book koran quran,corano,Koran,,1,bn:00002370n
1,n,sim,,bible,bibbia,Bibel,0.232,1,bn:00010217n
2,n,sim,,islam,islam,Islam,0.146,2,bn:00047600n bn:00047599n
3,n,sim,,psalm,salmo,Psalm,0.141,2,bn:00064965n bn:00064966n
4,n,sim,,allah,allah,Allah,0.121,1,bn:00002807n
5,n,sim,,religion,religione,Religion,0.105,2,bn:00032770n bn:00032768n
6,n,sim,,sermon,sermone,Predigt,0.102,1,bn:00027522n
1,n,sim,WEAK,faith,religione,Glaube,,,
2,n,sim,WEAK,gospel,vangelo,Lehre,,,
3,n,sim,WEAK,gospels,vangelo,Lehre,,,
4,n,sim,WEAK,saying,proverbio,Spruch,,,
1,n,cooc,,hadiths,hadith,Hadithe,0.646,0,
2,n,cooc,,sunna,sunna,Sunna,0.634,1,bn:00042444n
3,n,cooc,,hadith,hadith,Hadith,0.619,2,bn:00042444n bn:00042443n
4,n,cooc,,sunnah,sunnah,Sunnah,0.609,1,bn:00042444n
5,n,cooc,,verse,versetto,Vers,0.528,0,
6,n,cooc,,sharia,sharia,Scharia,0.513,1,bn:00047605n
7,n,cooc,,bible,bibbia,Bibel,0.487,1,bn:00010217n
8,n,cooc,,prophet,profeta,Prophet,0.478,2,bn:00064759n bn:00059235n
9,n,cooc,,mohammad,maometto,Mohammed,0.447,1,bn:00052796n
10,n,cooc,,mohammed,maometto,Mohammed,0.442,1,bn:00052796n
11,n,cooc,,text,testo,Text,0.415,2,bn:00069638n bn:00076732n
12,n,cooc,,allah,allah,Allah,0.413,1,bn:00002807n
13,n,cooc,,muhammed,maometto,Muhammed,0.4,1,bn:00052796n
14,n,cooc,,islam,islam,Islam,0.39,2,bn:00047600n bn:00047599n
15,n,cooc,,muhammad,maometto,Muhammad,0.376,1,bn:00052796n
16,n,cooc,,prayer,preghiera,Gebet,0.349,1,bn:27269849n
17,n,cooc,,teaching,insegnamento,Lehre,0.341,0,
18,n,cooc,,tradition,tradizione,Tradition,0.31,2,bn:00077883n bn:00024592n
19,n,cooc,,book,libro,Buch,0.25,2,bn:00012059n bn:00012066n
20,n,cooc,,language,lingua,Sprache,0.225,2,bn:00049910n bn:00077565n
21,n,cooc,,religion,religione,Religion,0.213,2,bn:00032770n bn:00032768n
22,n,cooc,,life,vita,Leben,0.176,4,bn:00002761n bn:00051045n bn:00051054n bn:00051047n
1,n,cooc,WEAK,faith,religione,Glaube,,,
2,n,cooc,WEAK,gospel,vangelo,Lehre,,,
3,n,cooc,WEAK,gospels,vangelo,Lehre,,,
1,adj,cooc,,torn,strappato,zerrissen,0.265,0,
2,adj,cooc,,noble,nobile,edel,0.213,0,
1,adj,cooc,WEAK,unique,unico,eindeutig,,,
1,v,cooc,,recite,recitare,rezitieren,0.53,0,
2,v,cooc,,desecrate,profanare,entweihen,0.509,1,bn:00086665v
3,v,cooc,,prescribe,prescrivere,vorschreiben,0.458,0,
4,v,cooc,,burn,bruciare,verbrennen,0.447,0,
5,v,cooc,,ban,vietare,verbieten,0.427,0,
6,v,cooc,,teach,insegnare,lehren,0.416,1,bn:00089791v
7,v,cooc,,forbid,vietare,verbieten,0.414,1,bn:00086877v
8,v,cooc,,defile,profanare,entweihen,0.407,0,
9,v,cooc,,read,leggere,lesen,0.39,1,bn:00092426v
10,v,cooc,,insult,insultare,beleidigen,0.357,0,
11,v,cooc,,prohibit,vietare,verbieten,0.349,1,bn:00086877v
12,v,cooc,,translate,tradurre,übersetzen,0.325,1,bn:00089840v
13,v,cooc,,reveal,rivelare,offenbaren,0.308,0,
14,v,cooc,,study,studiare,studieren,0.304,2,bn:00094501v bn:00090266v
15,v,cooc,,expose,rivelare,offenbaren,0.277,1,bn:00087013v
16,v,cooc,,interpret,interpretare,interpretieren,0.275,1,bn:00089838v
17,v,cooc,,learn,imparare,lernen,0.269,1,bn:00082281v
18,v,cooc,,know,sapere,kennen,0.254,1,bn:00085261v
19,v,cooc,,recount,narrare,erzählen,0.254,1,bn:00091011v
20,v,cooc,,cite,citare,zitieren,0.232,1,bn:00085007v
21,v,cooc,,distribute,distribuire,verteilen,0.229,1,bn:00082364v
22,v,cooc,,relate,narrare,erzählen,0.224,0,
23,v,cooc,,constitute,costituire,darstellen,0.222,1,bn:00083187v
24,v,cooc,,call,denominare,rufen,0.216,0,
25,v,cooc,,contain,contenere,enthalten,0.216,1,bn:00083225v
26,v,cooc,,narrate,narrare,erzählen,0.21,1,bn:00091011v
27,v,cooc,,talk,parlare,sprechen,0.188,1,bn:00094090v
28,v,cooc,,name,denominare,nennen,0.181,1,bn:00084385v
29,v,cooc,,speak,parlare,sprechen,0.181,1,bn:00094090v
30,v,cooc,,liken,paragonare,vergleichen,0.177,0,
31,v,cooc,,quote,citare,zitieren,0.177,1,bn:00085007v
32,v,cooc,,tell,dire,sagen,0.175,1,bn:00093287v
33,v,cooc,,explain,spiegare,erklären,0.172,1,bn:00087819v
34,v,cooc,,mean,dire,meinen,0.172,1,bn:00089805v
35,v,cooc,,say,dire,sagen,0.168,1,bn:00093287v
36,v,cooc,,assert,affermare,behaupten,0.143,0,
37,v,cooc,,understand,capire,verstehen,0.076,1,bn:00082727v
38,v,cooc,,listen,ascoltare,hören,0.067,3,bn:00089295v bn:00089280v bn:00090400v
1,v,cooc,WEAK,affirm,affermare,bestätigen,,,
2,v,cooc,WEAK,carry,contenere,bringen,,,
3,v,cooc,WEAK,dedicate,intitolare,widmen,,,
4,v,cooc,WEAK,deliver,distribuire,überbringen,,,
5,v,cooc,WEAK,demonstrate,spiegare,beweisen,,,
6,v,cooc,WEAK,entitle,intitolare,legitimieren,,,
7,v,cooc,WEAK,establish,costituire,begründen,,,
8,v,cooc,WEAK,examine,studiare,untersuchen,,,
9,v,cooc,WEAK,follow,praticare,folgen,,,
10,v,cooc,WEAK,get,capire,bringen,,,
11,v,cooc,WEAK,hold,contenere,halten,,,
12,v,cooc,WEAK,lay,posare,legen,,,
13,v,cooc,WEAK,maintain,affermare,halten,,,
14,v,cooc,WEAK,make,praticare,bringen,,,
15,v,cooc,WEAK,mention,citare,erwähnen,,,
16,v,cooc,WEAK,place,posare,legen,,,
17,v,cooc,WEAK,portray,interpretare,darstellen,,,
18,v,cooc,WEAK,print,stampare,drucken,,,
19,v,cooc,WEAK,proclaim,bandire,verkünden,,,
20,v,cooc,WEAK,publish,stampare,bringen,,,
21,v,cooc,WEAK,put,posare,legen,,,
22,v,cooc,WEAK,release,distribuire,lösen,,,
23,v,cooc,WEAK,see,capire,lesen,,,
24,v,cooc,WEAK,send,trasmettere,senden,,,
25,v,cooc,WEAK,set,posare,legen,,,
26,v,cooc,WEAK,show,rivelare,weisen,,,
27,v,cooc,WEAK,state,affermare,erklären,,,
28,v,cooc,WEAK,tear,strappare,reißen,,,
29,v,cooc,WEAK,think,sapere,glauben,,,
30,v,cooc,WEAK,try,studiare,versuchen,,,
