idx_group,pos,rel,weak,lex_en,lex_it,lex_de,score,bs_count,babel_synsets
0,n,head,,band,fascia,Band,,1,bn:00008289n
1,n,sim,,object,oggetto,Objekt,0.289,4,bn:00058443n bn:00058445n bn:00058442n bn:00002179n
2,n,sim,,character,carattere,Charakter,0.276,1,bn:00017748n
3,n,sim,,color,colore,Farbe,0.276,1,bn:00020726n
4,n,sim,,situation,situazione,Situation,0.27,3,bn:00071869n bn:00071858n bn:00063707n
5,n,sim,,couple,coppia,Paar,0.269,3,bn:00023268n bn:00012596n bn:00012597n
6,n,sim,,performance,prestazione,Vorstellung,0.269,0,
7,n,sim,,position,posizione,Position,0.269,10,bn:00063706n bn:00063704n bn:00063707n bn:00007048n bn:00010073n bn:00061746n bn:00054979n bn:00062704n bn:00063708n bn:00063703n
8,n,sim,,quality,qualità,Qualität,0.269,2,bn:00014731n bn:00065538n
9,n,sim,,group,gruppo,Gruppe,0.262,4,bn:00018111n bn:00041943n bn:00041942n bn:00073698n
10,n,sim,,pair,coppia,Paar,0.258,2,bn:00012596n bn:00012597n
11,n,sim,,piece,pezzo,Stück,0.257,2,bn:00062299n bn:00062297n
12,n,sim,,side,lato,Seite,0.256,2,bn:00032604n bn:00071433n
13,n,sim,,club,società,Verein,0.255,1,bn:00020039n
14,n,sim,,circle,cerchio,Kreis,0.248,1,bn:00019169n
15,n,sim,,team,squadra,Team,0.243,2,bn:00073699n bn:00030339n
16,n,sim,,lot,lotto,Menge,0.239,0,
17,n,sim,,family,famiglia,Familie,0.235,2,bn:00032893n bn:00032896n
18,n,sim,,organization,organizzazione,Organisation,0.235,5,bn:00059480n bn:00005863n bn:00059482n bn:00001423n bn:00059483n
19,n,sim,,title,titolo,Titel,0.229,3,bn:00077409n bn:00077412n bn:00035925n
20,n,sim,,company,società,Firma,0.228,4,bn:00021286n bn:00022811n bn:00073910n bn:00014160n
21,n,sim,,crew,squadra,Mannschaft,0.227,0,
22,n,sim,,material,materiale,Material,0.224,3,bn:00053802n bn:00053803n bn:00053801n
23,n,sim,,school,scuola,Schule,0.222,3,bn:00069625n bn:00069619n bn:00069620n
24,n,sim,,community,comunità,Gemeinde,0.221,0,
25,n,sim,,market,mercato,Markt,0.221,3,bn:00053458n bn:00053461n bn:00053459n
26,n,sim,,squad,squadra,Mannschaft,0.219,1,bn:00073699n
27,n,sim,,subject,soggetto,Thema,0.219,2,bn:00045803n bn:00074900n
28,n,sim,,movement,movimento,Bewegung,0.218,3,bn:00056029n bn:00056030n bn:00036632n
29,n,sim,,stage,fase,Bühne,0.217,0,
30,n,sim,,instrument,strumento,Instrument,0.216,6,bn:00046962n bn:00077585n bn:00023662n bn:00046965n bn:00046964n bn:00046961n
31,n,sim,,sample,campione,Beispiel,0.215,0,
32,n,sim,,network,rete,Netzwerk,0.212,4,bn:00021488n bn:00057379n bn:00054497n bn:00024712n
33,n,sim,,building,edificio,Gebäude,0.211,1,bn:00013722n
34,n,sim,,play,gioco,Spiel,0.211,2,bn:00007800n bn:00037180n
35,n,sim,,system,sistema,System,0.21,7,bn:00075761n bn:00005863n bn:00075763n bn:00075760n bn:00075762n bn:00069580n bn:00075759n
36,n,sim,,design,disegno,Design,0.209,6,bn:00002178n bn:00011593n bn:00026537n bn:00045772n bn:00028639n bn:00045963n
37,n,sim,,generation,generazione,Generation,0.209,4,bn:00037681n bn:00037676n bn:00037677n bn:00020407n
38,n,sim,,society,società,Gesellschaft,0.209,2,bn:00072566n bn:00020039n
39,n,sim,,culture,cultura,Kultur,0.208,1,bn:00024369n
40,n,sim,,game,gioco,Spiel,0.204,2,bn:00037180n bn:00037182n
41,n,sim,,voice,voce,Stimme,0.203,2,bn:00060770n bn:00062019n
42,n,sim,,region,regione,Region,0.201,2,bn:00005515n bn:00066884n
43,n,sim,,vehicle,veicolo,Fahrzeug,0.198,1,bn:00079675n
44,n,sim,,individual,individuo,Person,0.194,1,bn:00046516n
45,n,sim,,site,luogo,Stelle,0.193,0,
46,n,sim,,element,elemento,Element,0.191,6,bn:00021396n bn:00018105n bn:00021394n bn:00030301n bn:00030300n bn:00030299n
47,n,sim,,zone,zona,Bereich,0.189,1,bn:00082076n
48,n,sim,,form,forma,Form,0.188,11,bn:00035911n bn:00035912n bn:00003882n bn:00016529n bn:00035915n bn:00026512n bn:00035908n bn:00035909n bn:00021751n bn:00035907n bn:00035913n
49,n,sim,,location,posizione,Position,0.188,0,
50,n,sim,,target,obiettivo,Ziel,0.185,1,bn:00002179n
51,n,sim,,field,campo,Bereich,0.176,0,
52,n,sim,,route,percorso,Weg,0.173,1,bn:00067975n
53,n,sim,,figure,figura,Figur,0.172,1,bn:00003882n
54,n,sim,,line,linea,Linie,0.172,4,bn:00014457n bn:00051289n bn:00051294n bn:00014165n
55,n,sim,,quantity,quantità,Menge,0.171,2,bn:00003603n bn:00065553n
56,n,sim,,number,numero,Zahl,0.166,3,bn:00058290n bn:00058285n bn:00058287n
57,n,sim,,class,classe,Klasse,0.163,6,bn:00019482n bn:00016733n bn:00019479n bn:00019478n bn:00019483n bn:00019477n
58,n,sim,,apparatus,apparato,Gerät,0.161,0,
59,n,sim,,series,serie,Serie,0.148,5,bn:00031227n bn:00070597n bn:00070609n bn:00070611n bn:00070613n
60,n,sim,,device,dispositivo,Gerät,0.143,1,bn:00026716n
61,n,sim,,tender,offerta,Angebot,0.141,0,
62,n,sim,,offer,offerta,Angebot,0.14,1,bn:00010264n
63,n,sim,,installation,impianto,Anlage,0.134,1,bn:00046934n
64,n,sim,,tool,strumento,Instrument,0.134,3,bn:00023662n bn:00046962n bn:00077585n
65,n,sim,,concept,concetto,Konzept,0.132,1,bn:00021547n
66,n,sim,,model,modello,Modell,0.132,7,bn:00033735n bn:00032101n bn:00036197n bn:00055447n bn:00055448n bn:00022071n bn:00032100n
67,n,sim,,channel,canale,Sender,0.13,0,
68,n,sim,,proportion,proporzione,Teil,0.13,1,bn:00064766n
69,n,sim,,pattern,modello,Modell,0.127,0,
70,n,sim,,space,spazio,Raum,0.127,2,bn:00046665n bn:00053830n
71,n,sim,,name,denominazione,Name,0.126,1,bn:00056758n
72,n,sim,,unit,unità,Einheit,0.121,1,bn:00079106n
73,n,sim,,language,lingua,Sprache,0.119,2,bn:00049910n bn:00077565n
74,n,sim,,power,potenza,Kraft,0.116,0,
75,n,sim,,profile,profilo,Profil,0.082,2,bn:00064627n bn:00064628n
76,n,sim,,sheet,foglio,Blatt,0.08,1,bn:00062308n
1,n,sim,WEAK,act,azione,Werk,,,
2,n,sim,WEAK,allowance,indennità,Satz,,,
3,n,sim,WEAK,audience,platea,Publikum,,,
4,n,sim,WEAK,bar,barra,Stange,,,
5,n,sim,WEAK,board,bordo,Platte,,,
6,n,sim,WEAK,body,corpo,Mensch,,,
7,n,sim,WEAK,bracket,braccio,Klasse,,,
8,n,sim,WEAK,business,occupazione,Unternehmen,,,
9,n,sim,WEAK,campaign,campagna,Aktion,,,
10,n,sim,WEAK,card,carta,Karte,,,
11,n,sim,WEAK,case,cassa,Fall,,,
12,n,sim,WEAK,category,categoria,Klasse,,,
13,n,sim,WEAK,center,centro,Platz,,,
14,n,sim,WEAK,chain,catena,Reihe,,,
15,n,sim,WEAK,charge,carico,Satz,,,
16,n,sim,WEAK,clause,clausola,Satz,,,
17,n,sim,WEAK,component,componente,Teil,,,
18,n,sim,WEAK,crowd,massa,Menge,,,
19,n,sim,WEAK,customer,tipo,Kunde,,,
20,n,sim,WEAK,department,reparto,Bereich,,,
21,n,sim,WEAK,description,genere,Darstellung,,,
22,n,sim,WEAK,duty,dazio,Dienst,,,
23,n,sim,WEAK,equipment,materiale,Gerät,,,
24,n,sim,WEAK,estimate,stima,Angebot,,,
25,n,sim,WEAK,event,fatto,Ereignis,,,
26,n,sim,WEAK,facility,infrastruttura,Einrichtung,,,
27,n,sim,WEAK,factor,fattore,Moment,,,
28,n,sim,WEAK,fee,quota,Beitrag,,,
29,n,sim,WEAK,frame,cornice,Bild,,,
30,n,sim,WEAK,function,funzione,Veranstaltung,,,
31,n,sim,WEAK,grade,grado,Klasse,,,
32,n,sim,WEAK,guy,tipo,Junge,,,
33,n,sim,WEAK,hand,braccio,Hand,,,
34,n,sim,WEAK,head,individuo,Kopf,,,
35,n,sim,WEAK,heading,titolo,Kopf,,,
36,n,sim,WEAK,home,abitazione,Haus,,,
37,n,sim,WEAK,house,abitazione,Haus,,,
38,n,sim,WEAK,idea,concetto,Idee,,,
39,n,sim,WEAK,item,voce,Artikel,,,
40,n,sim,WEAK,job,occupazione,Arbeit,,,
41,n,sim,WEAK,kind,tipo,Art,,,
42,n,sim,WEAK,life,durata,Leben,,,
43,n,sim,WEAK,list,lista,Programm,,,
44,n,sim,WEAK,mechanism,meccanismo,Werk,,,
45,n,sim,WEAK,medium,mezzo,Medium,,,
46,n,sim,WEAK,member,elemento,Mitglied,,,
47,n,sim,WEAK,office,funzione,Stelle,,,
48,n,sim,WEAK,panel,pannello,Platte,,,
49,n,sim,WEAK,paper,carta,Arbeit,,,
50,n,sim,WEAK,park,riserva,Anlage,,,
51,n,sim,WEAK,part,pezzo,Teil,,,
52,n,sim,WEAK,party,gruppo,Partei,,,
53,n,sim,WEAK,people,famiglia,Leute,,,
54,n,sim,WEAK,person,personale,Person,,,
55,n,sim,WEAK,picture,quadro,Bild,,,
56,n,sim,WEAK,plan,piano,Konzept,,,
57,n,sim,WEAK,platform,piattaforma,Bühne,,,
58,n,sim,WEAK,product,genere,Produkt,,,
59,n,sim,WEAK,program,canale,Programm,,,
60,n,sim,WEAK,project,piano,Projekt,,,
61,n,sim,WEAK,range,gamma,Reihe,,,
62,n,sim,WEAK,rating,categoria,Klasse,,,
63,n,sim,WEAK,record,disco,Aufnahme,,,
64,n,sim,WEAK,register,lista,Stimme,,,
65,n,sim,WEAK,release,distribuzione,Film,,,
66,n,sim,WEAK,ring,anello,Gruppe,,,
67,n,sim,WEAK,room,ambiente,Raum,,,
68,n,sim,WEAK,scene,luogo,Szene,,,
69,n,sim,WEAK,schedule,orario,Programm,,,
70,n,sim,WEAK,scheme,schema,Programm,,,
71,n,sim,WEAK,seat,fondo,Platz,,,
72,n,sim,WEAK,section,sezione,Teil,,,
73,n,sim,WEAK,segment,segmento,Teil,,,
74,n,sim,WEAK,service,funzione,Dienst,,,
75,n,sim,WEAK,set,insieme,Satz,,,
76,n,sim,WEAK,setting,ambiente,Einrichtung,,,
77,n,sim,WEAK,shop,reparto,Geschäft,,,
78,n,sim,WEAK,sign,segnale,Tafel,,,
79,n,sim,WEAK,signal,segnale,Nachricht,,,
80,n,sim,WEAK,sort,tipo,Art,,,
81,n,sim,WEAK,sport,gioco,Sport,,,
82,n,sim,WEAK,spot,punto,Stelle,,,
83,n,sim,WEAK,staff,personale,Stab,,,
84,n,sim,WEAK,standard,standard,Einheit,,,
85,n,sim,WEAK,station,centro,Station,,,
86,n,sim,WEAK,step,misura,Schritt,,,
87,n,sim,WEAK,structure,struttura,Gebäude,,,
88,n,sim,WEAK,style,modello,Stil,,,
89,n,sim,WEAK,table,tabella,Tafel,,,
90,n,sim,WEAK,thing,oggetto,Sache,,,
91,n,sim,WEAK,track,circuito,Weg,,,
92,n,sim,WEAK,type,tipo,Art,,,
93,n,sim,WEAK,variety,varietà,Art,,,
94,n,sim,WEAK,volume,volume,Buch,,,
95,n,sim,WEAK,word,termine,Wort,,,
96,n,sim,WEAK,work,meccanismo,Arbeit,,,
97,n,sim,WEAK,worker,lavoratore,Kraft,,,
1,n,cooc,,colour,colore,Farbe,0.521,1,bn:00020726n
2,n,cooc,,ring,anello,Ring,0.432,5,bn:00004373n bn:00044712n bn:00019935n bn:00008290n bn:00008287n
3,n,cooc,,belt,cintura,Band,0.43,0,
4,n,cooc,,roll,ruolo,Rolle,0.405,0,
5,n,cooc,,audience,pubblico,Publikum,0.403,1,bn:00007096n
6,n,cooc,,tape,nastro,Band,0.403,0,
7,n,cooc,,ball,palla,Ball,0.386,4,bn:00008120n bn:00013807n bn:00008124n bn:00008122n
8,n,cooc,,hat,cappello,Mütze,0.366,1,bn:00017718n
9,n,cooc,,chain,catena,Kette,0.333,4,bn:00017488n bn:00080500n bn:00017489n bn:00017490n
1,n,cooc,WEAK,cable,fune,Kabel,,,
2,n,cooc,WEAK,club,società,Keule,,,
3,n,cooc,WEAK,gap,apertura,Abstand,,,
4,n,cooc,WEAK,hand,braccio,Seite,,,
5,n,cooc,WEAK,house,pubblico,Vorstellung,,,
6,n,cooc,WEAK,label,etichetta,Plattenfirma,,,
7,n,cooc,WEAK,leader,capitano,Kopf,,,
8,n,cooc,WEAK,line,confine,Reihe,,,
9,n,cooc,WEAK,link,anello,Gelenk,,,
10,n,cooc,WEAK,member,componente,Mitglied,,,
11,n,cooc,WEAK,part,ruolo,Teil,,,
12,n,cooc,WEAK,range,catena,Reihe,,,
13,n,cooc,WEAK,rate,tariffa,Geschwindigkeit,,,
14,n,cooc,WEAK,release,emissione,Veröffentlichung,,,
15,n,cooc,WEAK,section,settore,Abschnitt,,,
16,n,cooc,WEAK,sector,settore,Abschnitt,,,
17,n,cooc,WEAK,strap,cinghia,Gurt,,,
18,n,cooc,WEAK,string,catena,Schnur,,,
19,n,cooc,WEAK,stripe,banda,Streifen,,,
20,n,cooc,WEAK,tag,etichetta,Anhänger,,,
21,n,cooc,WEAK,tie,laccio,Band,,,
22,n,cooc,WEAK,use,utenza,Verwendung,,,
23,n,cooc,WEAK,width,larghezza,Breite,,,
1,adj,cooc,,thin,sottile,dünn,0.508,0,
2,adj,cooc,,yellow,giallo,gelb,0.474,1,bn:00113968a
3,adj,cooc,,elastic,elastico,elastisch,0.472,1,bn:00102068a
4,adj,cooc,,green,verde,grün,0.47,1,bn:00100914a
5,adj,cooc,,red,rosso,rot,0.461,1,bn:00098581a
6,adj,cooc,,white,bianco,weiß,0.421,1,bn:00113830a
7,adj,cooc,,narrow,stretto,schmal,0.419,0,
8,adj,cooc,,broad,ampio,breit,0.415,1,bn:00098887a
9,adj,cooc,,wide,ampio,breit,0.404,1,bn:00098887a
10,adj,cooc,,stretchy,elastico,elastisch,0.39,0,
11,adj,cooc,,coloured,colorato,farbig,0.377,1,bn:00100034a
12,adj,cooc,,full,intero,ganz,0.355,0,
13,adj,cooc,,black,nero,schwarz,0.354,2,bn:00098480a bn:00098481a
14,adj,cooc,,adjacent,adiacente,benachbart,0.34,1,bn:00096456a
15,adj,cooc,,intact,intero,ganz,0.334,0,
16,adj,cooc,,appropriate,appropriato,geeignet,0.241,1,bn:00111427a
1,adj,cooc,WEAK,complete,totale,komplett,,,
2,adj,cooc,WEAK,keen,sottile,gut,,,
3,adj,cooc,WEAK,like,stesso,ähnlich,,,
4,adj,cooc,WEAK,limited,limitato,eng,,,
5,adj,cooc,WEAK,local,orizzontale,lokal,,,
6,adj,cooc,WEAK,loose,ampio,weit,,,
7,adj,cooc,WEAK,outstanding,rilevante,laufend,,,
8,adj,cooc,WEAK,present,attuale,vorhanden,,,
9,adj,cooc,WEAK,sharp,sottile,gut,,,
10,adj,cooc,WEAK,single,singolo,einzeln,,,
11,adj,cooc,WEAK,small,basso,schmal,,,
12,adj,cooc,WEAK,solid,consistente,gut,,,
13,adj,cooc,WEAK,tight,stretto,eng,,,
14,adj,cooc,WEAK,unique,unico,einzig,,,
15,adj,cooc,WEAK,whole,totale,ganz,,,
1,v,cooc,,absorb,occupare,aufnehmen,0.444,0,
2,v,cooc,,wear,indossare,tragen,0.432,1,bn:00083227v
3,v,cooc,,reserve,prenotare,buchen,0.426,1,bn:00083774v
4,v,cooc,,book,prenotare,buchen,0.415,1,bn:00083774v
5,v,cooc,,deliver,consegnare,liefern,0.379,1,bn:00086531v
6,v,cooc,,form,formare,bilden,0.361,1,bn:00088490v
7,v,cooc,,bring,portare,bringen,0.353,1,bn:00084058v
8,v,cooc,,present,presentare,präsentieren,0.345,1,bn:00086557v
9,v,cooc,,appear,apparire,erscheinen,0.342,2,bn:00082691v bn:00082690v
10,v,cooc,,stretch,allungare,dehnen,0.338,0,
11,v,cooc,,alternate,alternare,wechseln,0.321,0,
12,v,cooc,,contain,contenere,enthalten,0.303,1,bn:00083225v
13,v,cooc,,quit,lasciare,verlassen,0.299,0,
14,v,cooc,,win,vincere,gewinnen,0.298,2,bn:00084086v bn:00095777v
15,v,cooc,,continue,continuare,fortsetzen,0.296,0,
16,v,cooc,,leave,lasciare,verlassen,0.293,1,bn:00087845v
17,v,cooc,,represent,rappresentare,darstellen,0.289,1,bn:00083187v
18,v,cooc,,go,andare,gehen,0.288,2,bn:00088629v bn:00086600v
19,v,cooc,,introduce,introdurre,vorstellen,0.286,0,
20,v,cooc,,choose,scegliere,auswählen,0.284,1,bn:00084931v
21,v,cooc,,select,scegliere,auswählen,0.283,1,bn:00084931v
22,v,cooc,,open,aprire,eröffnen,0.281,0,
23,v,cooc,,enter,entrare,betreten,0.28,0,
24,v,cooc,,keep,tenere,halten,0.28,0,
25,v,cooc,,create,creare,schaffen,0.277,1,bn:00086009v
26,v,cooc,,indicate,indicare,zeigen,0.276,0,
27,v,cooc,,see,vedere,sehen,0.273,2,bn:00093430v bn:00092443v
28,v,cooc,,provide,offrire,bieten,0.271,0,
29,v,cooc,,include,includere,umfassen,0.27,0,
30,v,cooc,,get,ottenere,erhalten,0.268,0,
31,v,cooc,,work,funzionare,arbeiten,0.266,0,
32,v,cooc,,hold,tenere,halten,0.265,1,bn:00089385v
33,v,cooc,,stay,rimanere,bleiben,0.265,3,bn:00091562v bn:00085719v bn:00092756v
34,v,cooc,,start,iniziare,beginnen,0.252,2,bn:00083342v bn:00083340v
35,v,cooc,,seem,sembrare,scheinen,0.246,1,bn:00082690v
36,v,cooc,,take,prendere,nehmen,0.244,3,bn:00088762v bn:00094731v bn:00085689v
37,v,cooc,,make,fare,machen,0.242,3,bn:00086013v bn:00086008v bn:00084198v
38,v,cooc,,show,mostrare,zeigen,0.242,2,bn:00086567v bn:00086557v
39,v,cooc,,have,fare,machen,0.241,0,
40,v,cooc,,change,cambiare,wechseln,0.239,1,bn:00084772v
41,v,cooc,,come,venire,kommen,0.239,1,bn:00085335v
42,v,cooc,,correspond,corrispondere,entsprechen,0.239,1,bn:00082477v
43,v,cooc,,begin,iniziare,beginnen,0.235,2,bn:00083342v bn:00083340v
44,v,cooc,,catch,prendere,nehmen,0.231,0,
45,v,cooc,,give,dare,geben,0.226,2,bn:00088825v bn:00088815v
46,v,cooc,,follow,seguire,folgen,0.223,1,bn:00088020v
47,v,cooc,,add,aggiungere,ergänzen,0.222,0,
48,v,cooc,,use,utilizzare,verwenden,0.217,1,bn:00082705v
49,v,cooc,,do,fare,tun,0.215,1,bn:00082286v
1,v,cooc,WEAK,achieve,raggiungere,schaffen,,,
2,v,cooc,WEAK,agree,consentire,passen,,,
3,v,cooc,WEAK,amplify,ampliare,ergänzen,,,
4,v,cooc,WEAK,apply,riguardare,verwenden,,,
5,v,cooc,WEAK,attach,fissare,befestigen,,,
6,v,cooc,WEAK,back,sostenere,unterstützen,,,
7,v,cooc,WEAK,be,diventare,liegen,,,
8,v,cooc,WEAK,bear,sostenere,tragen,,,
9,v,cooc,WEAK,become,diventare,stehen,,,
10,v,cooc,WEAK,border,delimitare,einfassen,,,
11,v,cooc,WEAK,build,fare,setzen,,,
12,v,cooc,WEAK,calculate,contare,errechnen,,,
13,v,cooc,WEAK,call,considerare,nennen,,,
14,v,cooc,WEAK,compose,costituire,zusammenstellen,,,
15,v,cooc,WEAK,comprise,comprendere,umfassen,,,
16,v,cooc,WEAK,concern,interessare,bewegen,,,
17,v,cooc,WEAK,cover,coprire,umfassen,,,
18,v,cooc,WEAK,define,definire,fixieren,,,
19,v,cooc,WEAK,deserve,meritare,gehören,,,
20,v,cooc,WEAK,detect,individuare,entdecken,,,
21,v,cooc,WEAK,determine,determinare,beschließen,,,
22,v,cooc,WEAK,direct,indicare,leiten,,,
23,v,cooc,WEAK,discover,trovare,entdecken,,,
24,v,cooc,WEAK,draw,attirare,ziehen,,,
25,v,cooc,WEAK,dress,vestire,gestalten,,,
26,v,cooc,WEAK,drop,diminuire,werfen,,,
27,v,cooc,WEAK,earn,meritare,bringen,,,
28,v,cooc,WEAK,emerge,risultare,entstehen,,,
29,v,cooc,WEAK,encircle,circondare,umfassen,,,
30,v,cooc,WEAK,entertain,ospitare,unterhalten,,,
31,v,cooc,WEAK,extend,estendere,reichen,,,
32,v,cooc,WEAK,feature,caratterizzare,bringen,,,
33,v,cooc,WEAK,feel,sembrare,merken,,,
34,v,cooc,WEAK,fit,adattare,passen,,,
35,v,cooc,WEAK,found,istituire,gründen,,,
36,v,cooc,WEAK,gain,ottenere,gewinnen,,,
37,v,cooc,WEAK,identify,identificare,kennzeichnen,,,
38,v,cooc,WEAK,join,entrare,verbinden,,,
39,v,cooc,WEAK,know,distinguere,wissen,,,
40,v,cooc,WEAK,lead,portare,leiten,,,
41,v,cooc,WEAK,like,andare,mögen,,,
42,v,cooc,WEAK,meet,soddisfare,entsprechen,,,
43,v,cooc,WEAK,mount,salire,einfassen,,,
44,v,cooc,WEAK,move,portare,bewegen,,,
45,v,cooc,WEAK,name,fissare,nennen,,,
46,v,cooc,WEAK,observe,rispettare,feiern,,,
47,v,cooc,WEAK,occupy,occupare,beschäftigen,,,
48,v,cooc,WEAK,perform,fare,spielen,,,
49,v,cooc,WEAK,place,sistemare,legen,,,
50,v,cooc,WEAK,play,rappresentare,spielen,,,
51,v,cooc,WEAK,post,assegnare,buchen,,,
52,v,cooc,WEAK,produce,presentare,produzieren,,,
53,v,cooc,WEAK,pull,togliere,ziehen,,,
54,v,cooc,WEAK,put,presentare,setzen,,,
55,v,cooc,WEAK,raise,aumentare,aufnehmen,,,
56,v,cooc,WEAK,receive,accogliere,erhalten,,,
57,v,cooc,WEAK,release,sbloccare,lösen,,,
58,v,cooc,WEAK,remove,togliere,lösen,,,
59,v,cooc,WEAK,return,tornare,herausgeben,,,
60,v,cooc,WEAK,run,funzionare,laufen,,,
61,v,cooc,WEAK,schedule,fissare,aufführen,,,
62,v,cooc,WEAK,sell,cedere,verkaufen,,,
63,v,cooc,WEAK,separate,dividere,trennen,,,
64,v,cooc,WEAK,set,fissare,setzen,,,
65,v,cooc,WEAK,share,dividere,teilen,,,
66,v,cooc,WEAK,snap,scattare,reißen,,,
67,v,cooc,WEAK,sound,sembrare,klingen,,,
68,v,cooc,WEAK,split,dividere,teilen,,,
69,v,cooc,WEAK,stop,bloccare,anhalten,,,
70,v,cooc,WEAK,strike,colpire,greifen,,,
71,v,cooc,WEAK,support,sostenere,unterstützen,,,
72,v,cooc,WEAK,think,parere,finden,,,
73,v,cooc,WEAK,tie,annodare,binden,,,
74,v,cooc,WEAK,travel,percorrere,reisen,,,
75,v,cooc,WEAK,weave,intrecciare,weben,,,
