idx_group,pos,rel,weak,lex_en,lex_it,lex_de,score,bs_count,babel_synsets
0,n,head,,computer_memory storage memory,memoria memoria_informatica memoria_per_computer,Arbeitsspeicher Datenspeicher Speichermedium,,1,bn:00021483n
1,n,sim,,volume,volume,Volumen,0.227,1,bn:00080229n
2,n,sim,,function,funzione,Funktion,0.217,3,bn:00036825n bn:00036822n bn:00036821n
3,n,sim,,capacity,capacità,Kapazität,0.187,1,bn:00005193n
4,n,sim,,feature,caratteristica,Feature,0.186,2,bn:00065538n bn:00017761n
5,n,sim,,drive,guida,Antrieb,0.171,0,
6,n,sim,,performance,performance,Performance,0.17,7,bn:00061562n bn:00036838n bn:00061561n bn:00016286n bn:00021559n bn:00029876n bn:00061560n
7,n,sim,,equipment,apparecchiatura,Ausstattung,0.169,1,bn:00031322n
8,n,sim,,component,componente,Komponente,0.168,1,bn:00021396n
9,n,sim,,software,software,Software,0.167,1,bn:00021497n
10,n,sim,,case,caso,Gehäuse,0.157,0,
11,n,sim,,module,modulo,Modul,0.157,1,bn:00055499n
12,n,sim,,power,potere,Power,0.149,4,bn:00000318n bn:00058685n bn:00035773n bn:00063940n
13,n,sim,,code,codice,Code,0.148,3,bn:00020354n bn:00020353n bn:00020352n
14,n,sim,,resource,risorsa,Ressource,0.146,1,bn:00067352n
15,n,sim,,file,archivio,Datei,0.144,1,bn:00034423n
1,n,sim,WEAK,aid,aiuto,Hilfsmittel,,,
2,n,sim,WEAK,application,domanda,Applikation,,,
3,n,sim,WEAK,bit,momento,Bit,,,
4,n,sim,WEAK,charge,carico,Tarif,,,
5,n,sim,WEAK,design,disegno,Grafik,,,
6,n,sim,WEAK,display,manifestazione,Bildschirm,,,
7,n,sim,WEAK,frame,struttura,Datenübertragung,,,
8,n,sim,WEAK,list,lista,Verzeichnis,,,
9,n,sim,WEAK,memory,ricordo,Speicher,,,
10,n,sim,WEAK,movement,movimento,Antrieb,,,
11,n,sim,WEAK,panel,quadro,Platte,,,
12,n,sim,WEAK,production,produzione,Ausstattung,,,
13,n,sim,WEAK,range,serie,Reichweite,,,
14,n,sim,WEAK,record,registrazione,Verzeichnis,,,
15,n,sim,WEAK,register,registro,Verzeichnis,,,
16,n,sim,WEAK,screen,difesa,Bildschirm,,,
17,n,sim,WEAK,segment,parte,Modul,,,
18,n,sim,WEAK,set,serie,Kassette,,,
19,n,sim,WEAK,setup,situazione,Zubehör,,,
1,n,cooc,,capacity,capacità,Kapazität,0.538,1,bn:00005193n
2,n,cooc,,gpu,gpu,Gpu,0.485,5,bn:03117766n bn:00599812n bn:02031119n bn:03111526n bn:13111819n
3,n,cooc,,battery,batteria,Batterie,0.469,2,bn:00009063n bn:00009064n
4,n,cooc,,processor,processore,Prozessor,0.46,1,bn:00014395n
5,n,cooc,,cpu,processore,Cpu,0.427,1,bn:00014395n
6,n,cooc,,ssd,ssd,Ssd,0.415,15,bn:03535262n bn:03605071n bn:00777127n bn:03229634n bn:05199711n bn:23600238n bn:17486881n bn:04139785n bn:00283527n bn:05219777n bn:02589770n bn:16968456n bn:01889866n bn:06251674n bn:01007166n
7,n,cooc,,connection,collegamento,Anschluss,0.406,0,
8,n,cooc,,usb,usb,Usb,0.401,6,bn:19782265n bn:08356666n bn:24197821n bn:14887570n bn:23063998n bn:00320439n
9,n,cooc,,circuit,circuito,Schaltkreis,0.397,0,
10,n,cooc,,cpus,cpu,Cpu,0.388,0,
11,n,cooc,,module,modulo,Modul,0.387,1,bn:00055499n
12,n,cooc,,image,immagine,Abbild,0.378,3,bn:00045970n bn:00045772n bn:00060201n
13,n,cooc,,speed,velocità,Geschwindigkeit,0.355,2,bn:00033758n bn:00073258n
14,n,cooc,,ssds,ssd,Ssds,0.354,0,
15,n,cooc,,interface,interfaccia,Schnittstelle,0.352,1,bn:00047090n
16,n,cooc,,document,documento,Dokument,0.348,2,bn:00028015n bn:00028018n
17,n,cooc,,file,archivio,Datei,0.347,1,bn:00034423n
18,n,cooc,,place,luogo,Platz,0.333,2,bn:00062699n bn:00051760n
19,n,cooc,,space,spazio,Platz,0.326,0,
20,n,cooc,,function,funzione,Funktion,0.308,3,bn:00036825n bn:00036822n bn:00036821n
21,n,cooc,,generation,generazione,Generation,0.295,4,bn:00020407n bn:00037677n bn:00037681n bn:00037676n
22,n,cooc,,room,spazio,Platz,0.277,0,
23,n,cooc,,device,dispositivo,Gerät,0.272,1,bn:00026716n
24,n,cooc,,site,luogo,Platz,0.261,1,bn:00051760n
25,n,cooc,,test,prova,Test,0.243,4,bn:00032089n bn:00032095n bn:00076648n bn:00076647n
1,n,cooc,WEAK,account,motivo,Darstellung,,,
2,n,cooc,WEAK,application,istanza,Anwendung,,,
3,n,cooc,WEAK,area,luogo,Bereich,,,
4,n,cooc,WEAK,business,storia,Betrieb,,,
5,n,cooc,WEAK,capability,capacità,Leistungsfähigkeit,,,
6,n,cooc,WEAK,card,scheda,Karte,,,
7,n,cooc,WEAK,core,cuore,Kern,,,
8,n,cooc,WEAK,datum,dato,Datum,,,
9,n,cooc,WEAK,deficit,deficit,Verlust,,,
10,n,cooc,WEAK,disk,disco,Diskette,,,
11,n,cooc,WEAK,display,display,Bildschirm,,,
12,n,cooc,WEAK,division,divisione,Kategorie,,,
13,n,cooc,WEAK,heart,cuore,Kern,,,
14,n,cooc,WEAK,limit,termine,Begrenzung,,,
15,n,cooc,WEAK,meaning,senso,Inhalt,,,
16,n,cooc,WEAK,memory,ricordo,Speicher,,,
17,n,cooc,WEAK,need,istanza,Bedarf,,,
18,n,cooc,WEAK,obligation,impegno,Leistung,,,
19,n,cooc,WEAK,operation,funzione,Betrieb,,,
20,n,cooc,WEAK,performance,rappresentazione,Performance,,,
21,n,cooc,WEAK,period,tempo,Zeitalter,,,
22,n,cooc,WEAK,picture,immagine,Foto,,,
23,n,cooc,WEAK,power,capacità,Power,,,
24,n,cooc,WEAK,problem,difficoltà,Problem,,,
25,n,cooc,WEAK,protection,difesa,Sicherung,,,
26,n,cooc,WEAK,purchase,valore,Kauf,,,
27,n,cooc,WEAK,reflection,riflessione,Abbild,,,
28,n,cooc,WEAK,release,uscita,Entlastung,,,
29,n,cooc,WEAK,resolution,decisione,Auflösung,,,
30,n,cooc,WEAK,scheme,progetto,Programm,,,
31,n,cooc,WEAK,service,funzione,Dienst,,,
32,n,cooc,WEAK,size,numero,Größe,,,
33,n,cooc,WEAK,slot,spazio,Steckplatz,,,
34,n,cooc,WEAK,time,tempo,Takt,,,
35,n,cooc,WEAK,transfer,collegamento,Wechsel,,,
36,n,cooc,WEAK,unit,unità,Teil,,,
37,n,cooc,WEAK,volume,capacità,Umfang,,,
1,adj,cooc,,expandable,espandibile,erweiterbar,0.482,0,
2,adj,cooc,,external,esterno,extern,0.457,0,
3,adj,cooc,,virtual,virtuale,virtuell,0.426,1,bn:00113632a
4,adj,cooc,,dynamic,dinamico,dynamisch,0.4,0,
5,adj,cooc,,volatile,volatile,flüchtig,0.4,1,bn:00113659a
6,adj,cooc,,available,disponibile,verfügbar,0.386,0,
7,adj,cooc,,ample,sufficiente,genügend,0.381,0,
8,adj,cooc,,enough,sufficiente,genügend,0.344,0,
9,adj,cooc,,inbuilt,integrato,integriert,0.342,0,
10,adj,cooc,,temporary,temporaneo,vorübergehend,0.333,0,
11,adj,cooc,,adequate,sufficiente,ausreichend,0.332,0,
12,adj,cooc,,accessible,accessibile,zugänglich,0.329,0,
13,adj,cooc,,central,centrale,zentral,0.316,0,
14,adj,cooc,,sufficient,sufficiente,ausreichend,0.307,0,
15,adj,cooc,,fast,veloce,schnell,0.286,4,bn:00109438a bn:00102807a bn:00102805a bn:00102802a
16,adj,cooc,,permanent,permanente,dauerhaft,0.285,0,
17,adj,cooc,,local,locale,lokal,0.236,1,bn:00106109a
18,adj,cooc,,extra,supplementare,zusätzlich,0.211,0,
19,adj,cooc,,additional,supplementare,zusätzlich,0.197,0,
20,adj,cooc,,relative,relativo,relativ,0.096,0,
1,adj,cooc,WEAK,capable,capace,leistungsfähig,,,
2,adj,cooc,WEAK,efficient,capace,leistungsfähig,,,
3,adj,cooc,WEAK,fleeting,labile,flüchtig,,,
4,adj,cooc,WEAK,free,disponibile,großzügig,,,
5,adj,cooc,WEAK,full,pieno,satt,,,
6,adj,cooc,WEAK,good,buono,geeignet,,,
7,adj,cooc,WEAK,internal,interno,intern,,,
8,adj,cooc,WEAK,large,capace,groß,,,
9,adj,cooc,WEAK,long,lungo,groß,,,
10,adj,cooc,WEAK,low,scarso,gering,,,
11,adj,cooc,WEAK,physical,fisico,physikalisch,,,
12,adj,cooc,WEAK,poor,scarso,gering,,,
13,adj,cooc,WEAK,possible,eventuale,gängig,,,
14,adj,cooc,WEAK,prodigious,prodigioso,gewaltig,,,
15,adj,cooc,WEAK,raw,vivo,rein,,,
16,adj,cooc,WEAK,real,buono,ordentlich,,,
17,adj,cooc,WEAK,reasonable,accessibile,billig,,,
18,adj,cooc,WEAK,separate,separato,separat,,,
19,adj,cooc,WEAK,sharp,vivo,groß,,,
20,adj,cooc,WEAK,short,breve,gering,,,
21,adj,cooc,WEAK,small,scarso,gering,,,
22,adj,cooc,WEAK,solid,pieno,kompakt,,,
23,adj,cooc,WEAK,standard,comune,serienmäßig,,,
24,adj,cooc,WEAK,stationary,fermo,stehend,,,
25,adj,cooc,WEAK,visual,visivo,optisch,,,
26,adj,cooc,WEAK,weak,debole,mager,,,
1,v,cooc,,erase,cancellare,löschen,0.456,2,bn:00086518v bn:00087490v
2,v,cooc,,preserve,preservare,erhalten,0.364,2,bn:00085644v bn:00083242v
3,v,cooc,,write,scrivere,schreiben,0.358,2,bn:00094109v bn:00093281v
4,v,cooc,,record,registrare,aufzeichnen,0.346,1,bn:00087679v
5,v,cooc,,expand,espandere,erweitern,0.34,0,
6,v,cooc,,shed,perdere,verlieren,0.34,0,
7,v,cooc,,play,giocare,abspielen,0.313,0,
8,v,cooc,,lose,perdere,verlieren,0.31,2,bn:00090486v bn:00090489v
9,v,cooc,,extend,espandere,erweitern,0.307,1,bn:00084121v
10,v,cooc,,retrieve,richiamare,abrufen,0.302,0,
11,v,cooc,,free,liberare,befreien,0.297,1,bn:00088545v
12,v,cooc,,work,funzionare,arbeiten,0.295,0,
13,v,cooc,,serve,servire,dienen,0.293,1,bn:00082867v
14,v,cooc,,install,installare,installieren,0.285,1,bn:00089785v
15,v,cooc,,integrate,integrare,integrieren,0.278,1,bn:00089803v
16,v,cooc,,change,scambiare,wechseln,0.269,1,bn:00084772v
17,v,cooc,,bring,portare,mitbringen,0.259,0,
18,v,cooc,,fill,occupare,belegen,0.256,0,
19,v,cooc,,possess,possedere,besitzen,0.254,1,bn:00089241v
20,v,cooc,,associate,associare,verbinden,0.246,0,
21,v,cooc,,enhance,aumentare,erhöhen,0.246,0,
22,v,cooc,,limit,limitare,begrenzen,0.241,0,
23,v,cooc,,make,fare,vornehmen,0.241,0,
24,v,cooc,,require,richiedere,erfordern,0.239,0,
25,v,cooc,,manufacture,produrre,herstellen,0.238,0,
26,v,cooc,,charge,caricare,laden,0.231,0,
27,v,cooc,,save,salvare,speichern,0.229,2,bn:00093281v bn:00090229v
28,v,cooc,,couple,associare,verbinden,0.228,0,
29,v,cooc,,increase,aumentare,erhöhen,0.226,1,bn:00089667v
30,v,cooc,,collect,raccogliere,sammeln,0.219,1,bn:00082246v
31,v,cooc,,wait,servire,bedienen,0.203,1,bn:00095594v
32,v,cooc,,include,includere,umfassen,0.199,0,
33,v,cooc,,contain,contenere,enthalten,0.194,1,bn:00083225v
34,v,cooc,,restrict,limitare,beschränken,0.194,0,
35,v,cooc,,offer,offrire,bieten,0.186,0,
36,v,cooc,,deliver,consegnare,liefern,0.178,1,bn:00086531v
37,v,cooc,,permit,permettere,erlauben,0.171,1,bn:00082536v
38,v,cooc,,ensure,assicurare,sorgen,0.169,0,
39,v,cooc,,do,fare,vornehmen,0.153,0,
40,v,cooc,,operate,operare,arbeiten,0.151,0,
41,v,cooc,,use,utilizzare,verwenden,0.15,1,bn:00082705v
42,v,cooc,,belong,appartenere,gehören,0.142,0,
43,v,cooc,,allow,consentire,erlauben,0.131,0,
44,v,cooc,,come,venire,kommen,0.131,1,bn:00085335v
45,v,cooc,,start,iniziare,starten,0.082,2,bn:00083342v bn:00083340v
1,v,cooc,WEAK,add,aumentare,zulegen,,,
2,v,cooc,WEAK,address,indirizzare,adressieren,,,
3,v,cooc,WEAK,aid,aiutare,unterstützen,,,
4,v,cooc,WEAK,apply,ricorrere,verwenden,,,
5,v,cooc,WEAK,arrange,fissare,stellen,,,
6,v,cooc,WEAK,attach,fissare,anschließen,,,
7,v,cooc,WEAK,augment,aumentare,vergrößern,,,
8,v,cooc,WEAK,base,basare,stellen,,,
9,v,cooc,WEAK,be,diventare,liegen,,,
10,v,cooc,WEAK,become,diventare,stehen,,,
11,v,cooc,WEAK,begin,iniziare,aufnehmen,,,
12,v,cooc,WEAK,block,fissare,blockieren,,,
13,v,cooc,WEAK,call,chiamare,bezeichnen,,,
14,v,cooc,WEAK,carry,portare,transportieren,,,
15,v,cooc,WEAK,clear,liberare,löschen,,,
16,v,cooc,WEAK,combine,abbinare,kombinieren,,,
17,v,cooc,WEAK,commence,cominciare,aufnehmen,,,
18,v,cooc,WEAK,comprise,comprendere,umfassen,,,
19,v,cooc,WEAK,concern,riguardare,angehen,,,
20,v,cooc,WEAK,conserve,conservare,erhalten,,,
21,v,cooc,WEAK,construct,costruire,erstellen,,,
22,v,cooc,WEAK,consume,distruggere,verbrauchen,,,
23,v,cooc,WEAK,cost,venire,kosten,,,
24,v,cooc,WEAK,cover,comprendere,umfassen,,,
25,v,cooc,WEAK,create,costruire,treiben,,,
26,v,cooc,WEAK,decrease,diminuire,fallen,,,
27,v,cooc,WEAK,develop,potenziare,erweitern,,,
28,v,cooc,WEAK,draw,emettere,aufzeichnen,,,
29,v,cooc,WEAK,drive,portare,treiben,,,
30,v,cooc,WEAK,drop,diminuire,fallen,,,
31,v,cooc,WEAK,dump,abbandonare,lagern,,,
32,v,cooc,WEAK,enable,permettere,ermöglichen,,,
33,v,cooc,WEAK,enclose,includere,einlegen,,,
34,v,cooc,WEAK,enter,accedere,einsetzen,,,
35,v,cooc,WEAK,fall,diminuire,fallen,,,
36,v,cooc,WEAK,file,archiviare,ablegen,,,
37,v,cooc,WEAK,fix,fissare,festlegen,,,
38,v,cooc,WEAK,flow,ricadere,steigen,,,
39,v,cooc,WEAK,follow,seguire,erfolgen,,,
40,v,cooc,WEAK,form,costituire,schließen,,,
41,v,cooc,WEAK,function,funzionare,fungieren,,,
42,v,cooc,WEAK,gain,aumentare,bekommen,,,
43,v,cooc,WEAK,go,andare,kommen,,,
44,v,cooc,WEAK,grow,coltivare,wachsen,,,
45,v,cooc,WEAK,hang,ricadere,liegen,,,
46,v,cooc,WEAK,have,fare,besitzen,,,
47,v,cooc,WEAK,hold,contenere,besitzen,,,
48,v,cooc,WEAK,impair,danneggiare,beeinträchtigen,,,
49,v,cooc,WEAK,improve,migliorare,erhöhen,,,
50,v,cooc,WEAK,incorporate,incorporare,integrieren,,,
51,v,cooc,WEAK,insure,assicurare,sichern,,,
52,v,cooc,WEAK,intend,destinare,bestimmen,,,
53,v,cooc,WEAK,involve,richiedere,umfassen,,,
54,v,cooc,WEAK,keep,mantenere,aufbewahren,,,
55,v,cooc,WEAK,last,durare,reichen,,,
56,v,cooc,WEAK,leak,perdere,laufen,,,
57,v,cooc,WEAK,leave,lasciare,lassen,,,
58,v,cooc,WEAK,let,lasciare,lassen,,,
59,v,cooc,WEAK,lodge,collocare,einlegen,,,
60,v,cooc,WEAK,mean,dire,bezeichnen,,,
61,v,cooc,WEAK,mount,aumentare,steigen,,,
62,v,cooc,WEAK,occur,presentare,kommen,,,
63,v,cooc,WEAK,open,cominciare,öffnen,,,
64,v,cooc,WEAK,partition,dividere,teilen,,,
65,v,cooc,WEAK,perform,fare,versehen,,,
66,v,cooc,WEAK,place,collocare,stellen,,,
67,v,cooc,WEAK,promote,promuovere,unterstützen,,,
68,v,cooc,WEAK,protect,proteggere,sichern,,,
69,v,cooc,WEAK,provide,fornire,bieten,,,
70,v,cooc,WEAK,range,collocare,reichen,,,
71,v,cooc,WEAK,reach,pervenire,kommen,,,
72,v,cooc,WEAK,read,ricevere,anzeigen,,,
73,v,cooc,WEAK,recount,raccontare,wiedergeben,,,
74,v,cooc,WEAK,recover,recuperare,retten,,,
75,v,cooc,WEAK,reduce,diminuire,beeinträchtigen,,,
76,v,cooc,WEAK,refer,rimandare,übergeben,,,
77,v,cooc,WEAK,register,registrare,erfassen,,,
78,v,cooc,WEAK,render,rendere,übertragen,,,
79,v,cooc,WEAK,reserve,conservare,reservieren,,,
80,v,cooc,WEAK,restore,restituire,wiederherstellen,,,
81,v,cooc,WEAK,retain,conservare,speichern,,,
82,v,cooc,WEAK,return,tornare,wählen,,,
83,v,cooc,WEAK,rise,aumentare,steigen,,,
84,v,cooc,WEAK,run,funzionare,laufen,,,
85,v,cooc,WEAK,rush,correre,treiben,,,
86,v,cooc,WEAK,secure,assicurare,sichern,,,
87,v,cooc,WEAK,share,dividere,teilen,,,
88,v,cooc,WEAK,show,presentare,anzeigen,,,
89,v,cooc,WEAK,sit,resistere,stehen,,,
90,v,cooc,WEAK,site,collocare,anlegen,,,
91,v,cooc,WEAK,slip,passare,fallen,,,
92,v,cooc,WEAK,spend,passare,verbrauchen,,,
93,v,cooc,WEAK,spur,stimolare,antreiben,,,
94,v,cooc,WEAK,stand,resistere,stehen,,,
95,v,cooc,WEAK,store,immagazzinare,speichern,,,
96,v,cooc,WEAK,stretch,tendere,reichen,,,
97,v,cooc,WEAK,summon,chiamare,laden,,,
98,v,cooc,WEAK,support,aiutare,unterstützen,,,
99,v,cooc,WEAK,surround,limitare,umfassen,,,
100,v,cooc,WEAK,swap,scambiare,tauschen,,,
101,v,cooc,WEAK,take,portare,aufnehmen,,,
102,v,cooc,WEAK,test,esaminare,testen,,,
103,v,cooc,WEAK,unlock,sbloccare,öffnen,,,
104,v,cooc,WEAK,upgrade,promuovere,erweitern,,,
105,v,cooc,WEAK,utilize,utilizzare,nutzen,,,
106,v,cooc,WEAK,walk,andare,laufen,,,
