idx_group,pos,rel,weak,lex_en,lex_it,lex_de,score,bs_count,babel_synsets
0,n,head,,film plastic_film,film,Plastikfolie,,1,bn:00034474n
1,n,sim,,plastic,plastica,Plastik,0.097,1,bn:00062856n
2,n,sim,,tape,nastro,Klebeband,0.097,0,
3,n,sim,,foil,foglio,Folie,0.096,0,
4,n,sim,,bag,borsa,Beutel,0.082,2,bn:00007922n bn:00016261n
1,n,sim,WEAK,card,scheda,Pappe,,,
2,n,sim,WEAK,case,caso,Schachtel,,,
3,n,sim,WEAK,coating,strato,Überzug,,,
4,n,sim,WEAK,cotton,cotone,Watte,,,
5,n,sim,WEAK,fabric,tessuto,Tuch,,,
6,n,sim,WEAK,package,confezione,Schachtel,,,
7,n,sim,WEAK,sheet,foglio,Laken,,,
1,n,cooc,,paperboard,cartone,Karton,0.482,0,
2,n,cooc,,cardboard,cartone,Karton,0.394,1,bn:00015937n
3,n,cooc,,tape,nastro,Klebeband,0.361,0,
4,n,cooc,,wire,filo,Draht,0.316,1,bn:00021675n
5,n,cooc,,material,materiale,Stoff,0.112,1,bn:00053801n
1,n,cooc,WEAK,cartoon,fumetto,Karton,,,
2,n,cooc,WEAK,paper,documento,Papier,,,
3,n,cooc,WEAK,play,gioco,Stück,,,
4,n,cooc,WEAK,subject,soggetto,Stoff,,,
1,adj,cooc,,thin,sottile,dünn,0.459,0,
2,adj,cooc,,see-through,trasparente,durchsichtig,0.371,0,
3,adj,cooc,,thick,denso,dick,0.348,0,
4,adj,cooc,,opaque,opaco,undurchsichtig,0.27,1,bn:00107877a
5,adj,cooc,,protective,protettivo,schützend,0.268,0,
6,adj,cooc,,transparent,trasparente,transparent,0.233,1,bn:00100744a
1,adj,cooc,WEAK,big,grande,dick,,,
2,adj,cooc,WEAK,brilliant,splendido,glänzend,,,
3,adj,cooc,WEAK,clear,visibile,transparent,,,
4,adj,cooc,WEAK,close,prossimo,dick,,,
5,adj,cooc,WEAK,full,pieno,dick,,,
6,adj,cooc,WEAK,heavy,forte,dick,,,
7,adj,cooc,WEAK,high,grande,blau,,,
8,adj,cooc,WEAK,proper,adatto,billig,,,
9,adj,cooc,WEAK,strong,forte,stabil,,,
1,v,cooc,,open,aprire,aufmachen,0.562,0,
2,v,cooc,,include,includere,umfassen,0.327,0,
3,v,cooc,,set,mettere,legen,0.3,1,bn:00090224v
4,v,cooc,,raise,raccogliere,aufbringen,0.235,0,
5,v,cooc,,seal,chiudere,verschließen,0.178,0,
1,v,cooc,WEAK,capture,prendere,aufbringen,,,
2,v,cooc,WEAK,comprise,comprendere,umfassen,,,
3,v,cooc,WEAK,contain,contenere,umfassen,,,
4,v,cooc,WEAK,cover,comprendere,abdecken,,,
5,v,cooc,WEAK,draw,trarre,spannen,,,
6,v,cooc,WEAK,feature,caratterizzare,aufmachen,,,
7,v,cooc,WEAK,find,scoprire,aufbringen,,,
8,v,cooc,WEAK,hold,contenere,versehen,,,
9,v,cooc,WEAK,involve,coinvolgere,umfassen,,,
10,v,cooc,WEAK,make,fare,bauen,,,
11,v,cooc,WEAK,manage,dirigere,packen,,,
12,v,cooc,WEAK,perform,svolgere,versehen,,,
13,v,cooc,WEAK,pick,scegliere,entfernen,,,
14,v,cooc,WEAK,release,lasciare,befreien,,,
15,v,cooc,WEAK,remove,andare,entfernen,,,
16,v,cooc,WEAK,screen,proiettare,schützen,,,
17,v,cooc,WEAK,wrap,confezionare,wickeln,,,
