idx_group,pos,rel,weak,lex_en,lex_it,lex_de,score,bs_count,babel_synsets
0,n,head,,pin bowling_pin,birillo,Kegel,,1,bn:00012513n
1,n,sim,WEAK,cap,puntale,Kappe,,,
2,n,sim,WEAK,disk,piattello,Scheibe,,,
3,n,sim,WEAK,pole,paletto,Stab,,,
4,n,sim,WEAK,rod,stecca,Stange,,,
5,n,sim,WEAK,stick,stecca,Stab,,,
6,n,sim,WEAK,tip,puntale,Spitze,,,
7,n,sim,WEAK,top,trottola,Spitze,,,
1,n,cooc,,ball,palla,Ball,0.358,4,bn:00008124n bn:00008120n bn:00008122n bn:00013807n
1,n,cooc,WEAK,check,ostacolo,Schach,,,
2,n,cooc,WEAK,drawing,tiro,Bild,,,
3,n,cooc,WEAK,ring,cerchio,Ring,,,
1,adj,cooc,WEAK,low,abbattuto,schwach,,,
1,v,cooc,,drop,cadere,fallen,0.233,0,
2,v,cooc,,knock,colpire,schlagen,0.23,0,
3,v,cooc,,fall,cadere,fallen,0.152,2,bn:00087976v bn:00087979v
4,v,cooc,,strike,colpire,schlagen,0.123,0,
5,v,cooc,,touch,toccare,berühren,0.121,1,bn:00095040v
6,v,cooc,,pop,saltare,springen,0.117,0,
1,v,cooc,WEAK,break,abbattere,schlagen,,,
2,v,cooc,WEAK,dispose,disporre,aufstellen,,,
3,v,cooc,WEAK,fix,sistemare,bestimmen,,,
4,v,cooc,WEAK,get,venire,lassen,,,
5,v,cooc,WEAK,place,collocare,setzen,,,
6,v,cooc,WEAK,position,posizionare,aufstellen,,,
7,v,cooc,WEAK,put,collocare,setzen,,,
8,v,cooc,WEAK,reach,toccare,erreichen,,,
9,v,cooc,WEAK,remove,rimuovere,abnehmen,,,
10,v,cooc,WEAK,set,collocare,setzen,,,
