idx_group,pos,rel,weak,lex_en,lex_it,lex_de,score,bs_count,babel_synsets
0,n,head,,human_relationship relationship interpersonal_relationship,relazione_interpersonale legame relazione,Verbindung Beziehung Zwischenmenschliche_beziehung,,1,bn:00045161n
1,n,sim,,order,ordine,Ordnung,0.415,2,bn:00059307n bn:00059310n
2,n,sim,,thought,pensiero,Gedanke,0.388,0,
3,n,sim,,link,collegamento,Verbindung,0.38,2,bn:00021912n bn:00021901n
4,n,sim,,life,vita,Leben,0.363,4,bn:00051047n bn:00051054n bn:00051045n bn:00002761n
5,n,sim,,example,esempio,Beispiel,0.362,3,bn:00016401n bn:00032099n bn:00032100n
6,n,sim,,mind,spirito,Geist,0.358,0,
7,n,sim,,word,parola,Wort,0.357,1,bn:00081546n
8,n,sim,,reality,realtà,Wirklichkeit,0.355,1,bn:00066418n
9,n,sim,,relation,relazione,Beziehung,0.351,1,bn:00066995n
10,n,sim,,character,carattere,Charakter,0.348,1,bn:00017748n
11,n,sim,,design,progetto,Design,0.347,0,
12,n,sim,,presence,presenza,Gegenwart,0.347,0,
13,n,sim,,perspective,prospettiva,Perspektive,0.345,1,bn:00051351n
14,n,sim,,energy,energia,Energie,0.344,1,bn:00030820n
15,n,sim,,identity,identità,Identität,0.344,2,bn:00045825n bn:00045824n
16,n,sim,,contact,contatto,Kontakt,0.339,1,bn:00022113n
17,n,sim,,dialogue,dialogo,Dialog,0.337,3,bn:00026835n bn:00026836n bn:00026834n
18,n,sim,,history,storia,Geschichte,0.337,4,bn:00044268n bn:00044267n bn:00044270n bn:00000738n
19,n,sim,,job,lavoro,Job,0.337,4,bn:00014138n bn:00030616n bn:00018756n bn:00030625n
20,n,sim,,service,servizio,Service,0.335,6,bn:00070647n bn:00070651n bn:00070653n bn:00070654n bn:00044916n bn:00070659n
21,n,sim,,level,livello,Ebene,0.334,0,
22,n,sim,,connection,connessione,Verbindung,0.332,3,bn:00021912n bn:00021915n bn:00021901n
23,n,sim,,friendship,amicizia,Freundschaft,0.332,1,bn:00036545n
24,n,sim,,love,amore,Liebe,0.332,1,bn:00052121n
25,n,sim,,story,storia,Geschichte,0.332,2,bn:00056857n bn:00000738n
26,n,sim,,association,associazione,Verein,0.33,2,bn:00020039n bn:00006539n
27,n,sim,,cooperation,cooperazione,Zusammenarbeit,0.33,1,bn:00022452n
28,n,sim,,engagement,impegno,Engagement,0.329,3,bn:00012127n bn:00002819n bn:00030844n
29,n,sim,,subject,soggetto,Thema,0.329,2,bn:00045803n bn:00074900n
30,n,sim,,knowledge,conoscenza,Wissen,0.327,1,bn:00020452n
31,n,sim,,politics,politica,Politik,0.327,1,bn:00063351n
32,n,sim,,collaboration,collaborazione,Zusammenarbeit,0.326,1,bn:00020128n
33,n,sim,,number,numero,Anzahl,0.324,1,bn:00034394n
34,n,sim,,culture,cultura,Kultur,0.323,1,bn:00024369n
35,n,sim,,idea,idea,Idee,0.323,1,bn:00045800n
36,n,sim,,approach,approccio,Ansatz,0.321,0,
37,n,sim,,partnership,associazione,Partnerschaft,0.319,0,
38,n,sim,,co-operation,cooperazione,Zusammenarbeit,0.318,0,
39,n,sim,,pattern,modello,Modell,0.317,0,
40,n,sim,,response,risposta,Antwort,0.317,3,bn:00004454n bn:00004451n bn:00067180n
41,n,sim,,conflict,conflitto,Konflikt,0.315,3,bn:00009080n bn:00021766n bn:00021769n
42,n,sim,,context,contesto,Zusammenhang,0.315,1,bn:00019219n
43,n,sim,,aspect,aspetto,Aspekt,0.314,1,bn:00006385n
44,n,sim,,thing,cosa,Sache,0.314,2,bn:00076925n bn:00001734n
45,n,sim,,communication,comunicazione,Kommunikation,0.313,1,bn:00021221n
46,n,sim,,comparison,confronto,Vergleich,0.311,2,bn:00021303n bn:00021304n
47,n,sim,,marriage,matrimonio,Ehe,0.311,3,bn:00053518n bn:00053520n bn:00053107n
48,n,sim,,outcome,risultato,Ergebnis,0.311,2,bn:00021961n bn:00034520n
49,n,sim,,value,valore,Wert,0.311,5,bn:00079509n bn:00058151n bn:00029680n bn:00079508n bn:00079511n
50,n,sim,,understanding,comprensione,Verständnis,0.303,2,bn:00005134n bn:00021432n
51,n,sim,,arrangement,accordo,Vereinbarung,0.301,1,bn:04094003n
52,n,sim,,space,spazio,Raum,0.301,2,bn:00053830n bn:00046665n
53,n,sim,,behavior,comportamento,Verhalten,0.3,2,bn:00009657n bn:00009656n
54,n,sim,,situation,situazione,Situation,0.3,3,bn:00063707n bn:00071869n bn:00071858n
55,n,sim,,system,sistema,System,0.3,7,bn:00075759n bn:00075761n bn:00075762n bn:00005863n bn:00075763n bn:00069580n bn:00075760n
56,n,sim,,conversation,conversazione,Gespräch,0.299,1,bn:00022349n
57,n,sim,,program,programma,Programm,0.299,4,bn:00013235n bn:00021497n bn:00021492n bn:00062899n
58,n,sim,,society,società,Gesellschaft,0.298,2,bn:00020039n bn:00072566n
59,n,sim,,environment,ambiente,Umwelt,0.296,1,bn:00031075n
60,n,sim,,term,termine,Begriff,0.296,1,bn:00076590n
61,n,sim,,work,lavoro,Arbeit,0.296,5,bn:00081570n bn:00014138n bn:00030625n bn:00030616n bn:00081569n
62,n,sim,,family,famiglia,Familie,0.295,2,bn:00032896n bn:00032893n
63,n,sim,,success,successo,Erfolg,0.295,1,bn:00075023n
64,n,sim,,way,modo,Weg,0.295,1,bn:00033729n
65,n,sim,,analysis,analisi,Analyse,0.294,1,bn:00003794n
66,n,sim,,organization,organizzazione,Organisation,0.291,5,bn:00059480n bn:00059483n bn:00005863n bn:00001423n bn:00059482n
67,n,sim,,part,parte,Teil,0.291,1,bn:00021395n
68,n,sim,,attitude,atteggiamento,Haltung,0.29,1,bn:00007048n
69,n,sim,,decision,decisione,Entscheidung,0.29,3,bn:00025693n bn:00018661n bn:00003132n
70,n,sim,,agreement,accordo,Vereinbarung,0.288,1,bn:00002086n
71,n,sim,,image,immagine,Bild,0.288,2,bn:00045970n bn:00045972n
72,n,sim,,struggle,lotta,Kampf,0.288,1,bn:00074762n
73,n,sim,,world,mondo,Welt,0.287,3,bn:00045153n bn:00022991n bn:00029424n
74,n,sim,,experience,esperienza,Erfahrung,0.286,2,bn:00032306n bn:00032307n
75,n,sim,,solution,soluzione,Lösung,0.286,1,bn:00072760n
76,n,sim,,interest,interesse,Interesse,0.285,6,bn:00047083n bn:00047077n bn:00047079n bn:00047080n bn:00047081n bn:00021556n
77,n,sim,,programme,programma,Programm,0.285,2,bn:00013235n bn:00021492n
78,n,sim,,project,progetto,Projekt,0.285,1,bn:00064665n
79,n,sim,,state,stato,Zustand,0.285,4,bn:02220665n bn:03347921n bn:17345320n bn:02108701n
80,n,sim,,activity,attività,Aktivität,0.284,2,bn:00001128n bn:00001174n
81,n,sim,,exchange,scambio,Austausch,0.283,2,bn:00032125n bn:00032127n
82,n,sim,,group,gruppo,Gruppe,0.283,4,bn:00041942n bn:00018111n bn:00073698n bn:00041943n
83,n,sim,,picture,immagine,Bild,0.283,2,bn:00045970n bn:00032381n
84,n,sim,,result,risultato,Ergebnis,0.283,3,bn:00004452n bn:00021961n bn:00034520n
85,n,sim,,difference,differenza,Unterschied,0.282,1,bn:00027022n
86,n,sim,,commitment,impegno,Engagement,0.281,1,bn:00002819n
87,n,sim,,distinction,distinzione,Unterschied,0.281,0,
88,n,sim,,fight,lotta,Kampf,0.281,2,bn:00009078n bn:00020858n
89,n,sim,,moment,momento,Moment,0.281,5,bn:00055596n bn:00010728n bn:00046942n bn:00055597n bn:00077679n
90,n,sim,,existence,esistenza,Existenz,0.28,1,bn:00009676n
91,n,sim,,sense,senso,Sinn,0.28,4,bn:00070494n bn:00070498n bn:00000657n bn:00070499n
92,n,sim,,belief,fede,Glaube,0.279,1,bn:00032768n
93,n,sim,,community,comunità,Gemeinschaft,0.279,1,bn:00021248n
94,n,sim,,book,libro,Buch,0.278,2,bn:00012059n bn:00012066n
95,n,sim,,principle,principio,Prinzip,0.278,1,bn:00064428n
96,n,sim,,structure,struttura,Struktur,0.278,1,bn:00022071n
97,n,sim,,war,guerra,Krieg,0.276,1,bn:00080439n
98,n,sim,,aid,aiuto,Hilfe,0.275,2,bn:00002155n bn:00055177n
99,n,sim,,future,futuro,Zukunft,0.275,2,bn:00036941n bn:00036942n
100,n,sim,,integration,integrazione,Integration,0.274,4,bn:00047010n bn:00026516n bn:00022007n bn:00047014n
101,n,sim,,production,produzione,Produktion,0.274,4,bn:00064590n bn:00064594n bn:00064592n bn:00059790n
102,n,sim,,participation,partecipazione,Beteiligung,0.273,1,bn:00030844n
103,n,sim,,policy,politica,Politik,0.272,1,bn:00063329n
104,n,sim,,control,controllo,Kontrolle,0.271,1,bn:17607444n
105,n,sim,,development,sviluppo,Entwicklung,0.27,1,bn:07804057n
106,n,sim,,element,elemento,Element,0.269,6,bn:00021396n bn:00030300n bn:00021394n bn:00030301n bn:00018105n bn:00030299n
107,n,sim,,past,passato,Vergangenheit,0.269,1,bn:00060927n
108,n,sim,,assistance,assistenza,Hilfe,0.268,1,bn:00002155n
109,n,sim,,crisis,crisi,Krise,0.268,2,bn:00023845n bn:00023844n
110,n,sim,,language,linguaggio,Sprache,0.268,2,bn:00049910n bn:00077565n
111,n,sim,,right,diritto,Recht,0.267,1,bn:00067807n
112,n,sim,,strength,forza,Kraft,0.267,1,bn:00074615n
113,n,sim,,action,azione,Aktion,0.266,0,
114,n,sim,,ability,capacità,Fähigkeit,0.263,2,bn:00005193n bn:00000317n
115,n,sim,,competence,competenza,Zuständigkeit,0.263,1,bn:00021335n
116,n,sim,,growth,crescita,Wachstum,0.263,2,bn:00041979n bn:00026697n
117,n,sim,,initiative,iniziativa,Initiative,0.263,2,bn:00034797n bn:00031009n
118,n,sim,,message,messaggio,Mitteilung,0.263,0,
119,n,sim,,nature,natura,Natur,0.262,3,bn:00057016n bn:00075760n bn:00057017n
120,n,sim,,practice,pratica,Praxis,0.261,2,bn:00063990n bn:00063989n
121,n,sim,,problem,problema,Problem,0.26,3,bn:00064526n bn:00048242n bn:00064527n
122,n,sim,,product,prodotto,Produkt,0.26,4,bn:00064584n bn:00054416n bn:00064585n bn:00053827n
123,n,sim,,consequence,conseguenza,Folge,0.259,1,bn:00021961n
124,n,sim,,meeting,riunione,Treffen,0.258,0,
125,n,sim,,role,ruolo,Rolle,0.258,1,bn:00068130n
126,n,sim,,discussion,discussione,Diskussion,0.257,1,bn:00027523n
127,n,sim,,position,posizione,Position,0.257,10,bn:00063707n bn:00061746n bn:00054979n bn:00063708n bn:00063704n bn:00007048n bn:00063706n bn:00063703n bn:00010073n bn:00062704n
128,n,sim,,place,posto,Ort,0.256,1,bn:00062699n
129,n,sim,,training,formazione,Ausbildung,0.256,1,bn:00041853n
130,n,sim,,effect,effetto,Wirkung,0.255,1,bn:00021961n
131,n,sim,,individual,individuo,Person,0.255,1,bn:00046516n
132,n,sim,,security,sicurezza,Sicherheit,0.255,2,bn:00068799n bn:00070219n
133,n,sim,,sector,settore,Sektor,0.254,1,bn:11333488n
134,n,sim,,choice,scelta,Wahl,0.253,3,bn:00018661n bn:00003132n bn:00018660n
135,n,sim,,conduct,comportamento,Verhalten,0.253,2,bn:00009657n bn:00009656n
136,n,sim,,contribution,contributo,Beitrag,0.253,1,bn:00022272n
137,n,sim,,research,ricerca,Forschung,0.253,1,bn:00067280n
138,n,sim,,issue,problema,Problem,0.252,0,
139,n,sim,,case,caso,Fall,0.251,3,bn:00016411n bn:00016402n bn:00016403n
140,n,sim,,question,domanda,Frage,0.251,1,bn:00047208n
141,n,sim,,organisation,organizzazione,Organisation,0.248,5,bn:00059480n bn:00059483n bn:00005863n bn:00001423n bn:00059482n
142,n,sim,,safety,sicurezza,Sicherheit,0.248,2,bn:00068799n bn:00070219n
143,n,sim,,event,evento,Ereignis,0.247,2,bn:00032021n bn:00032022n
144,n,sim,,process,processo,Verfahren,0.247,1,bn:00064536n
145,n,sim,,access,accesso,Zugang,0.243,2,bn:00000663n bn:00000666n
146,n,sim,,fact,fatto,Tatsache,0.243,2,bn:00032654n bn:00032655n
147,n,sim,,form,forma,Form,0.243,11,bn:00035913n bn:00035915n bn:00021751n bn:00026512n bn:00003882n bn:00035911n bn:00035907n bn:00035909n bn:00035912n bn:00016529n bn:00035908n
148,n,sim,,network,rete,Netzwerk,0.243,4,bn:00021488n bn:00057379n bn:00024712n bn:00054497n
149,n,sim,,quality,qualità,Qualität,0.243,2,bn:00014731n bn:00065538n
150,n,sim,,assessment,valutazione,Bewertung,0.242,0,
151,n,sim,,behaviour,comportamento,Verhalten,0.242,2,bn:00009657n bn:00009656n
152,n,sim,,movement,movimento,Bewegung,0.242,3,bn:00036632n bn:00056030n bn:00056029n
153,n,sim,,act,atto,Gesetz,0.241,0,
154,n,sim,,plan,piano,Plan,0.241,3,bn:00062759n bn:00069579n bn:00026536n
155,n,sim,,support,supporto,Unterstützung,0.241,2,bn:00075332n bn:00075331n
156,n,sim,,function,funzione,Funktion,0.24,3,bn:00036825n bn:00036822n bn:00036821n
157,n,sim,,information,informazione,Information,0.24,2,bn:00046705n bn:00046698n
158,n,sim,,measure,misura,Maßnahme,0.24,0,
159,n,sim,,proposal,proposta,Vorschlag,0.24,1,bn:03851567n
160,n,sim,,concept,concetto,Konzept,0.239,1,bn:00021547n
161,n,sim,,consultation,consultazione,Konsultation,0.239,1,bn:00022092n
162,n,sim,,law,legge,Recht,0.239,2,bn:00050250n bn:00048655n
163,n,sim,,procedure,procedura,Verfahren,0.239,1,bn:00064536n
164,n,sim,,competition,concorrenza,Wettbewerb,0.238,2,bn:00021337n bn:00021339n
165,n,sim,,document,documento,Dokument,0.237,2,bn:00028018n bn:00028015n
166,n,sim,,battle,battaglia,Kampf,0.236,2,bn:00009078n bn:00020858n
167,n,sim,,power,potere,Macht,0.236,1,bn:00063940n
168,n,sim,,resource,risorsa,Ressource,0.235,1,bn:00067352n
169,n,sim,,condition,condizione,Zustand,0.234,1,bn:13935995n
170,n,sim,,objective,obiettivo,Ziel,0.234,1,bn:00002179n
171,n,sim,,responsibility,responsabilità,Verantwortung,0.234,2,bn:00029239n bn:00067370n
172,n,sim,,rule,regola,Regel,0.234,2,bn:00064192n bn:00066933n
173,n,sim,,challenge,sfida,Herausforderung,0.233,1,bn:00017558n
174,n,sim,,undertaking,impresa,Unternehmen,0.233,0,
175,n,sim,,model,modello,Modell,0.231,7,bn:00055448n bn:00033735n bn:00022071n bn:00032100n bn:00036197n bn:00032101n bn:00055447n
176,n,sim,,operation,operazione,Betrieb,0.231,1,bn:00059129n
177,n,sim,,claim,richiesta,Anspruch,0.23,1,bn:00019405n
178,n,sim,,evaluation,valutazione,Beurteilung,0.23,1,bn:00031973n
179,n,sim,,feature,caratteristica,Eigenschaft,0.229,0,
180,n,sim,,matter,questione,Angelegenheit,0.228,0,
181,n,sim,,economy,economia,Wirtschaft,0.225,1,bn:00029678n
182,n,sim,,strategy,strategia,Strategie,0.225,2,bn:00069579n bn:00074558n
183,n,sim,,establishment,istituzione,Einrichtung,0.223,0,
184,n,sim,,obligation,obbligo,Verpflichtung,0.222,1,bn:00029239n
185,n,sim,,investigation,indagine,Untersuchung,0.221,1,bn:00047354n
186,n,sim,,investment,investimento,Investition,0.221,1,bn:00047358n
187,n,sim,,standard,norma,Norm,0.221,0,
188,n,sim,,regulation,regolamento,Verordnung,0.22,1,bn:00059436n
189,n,sim,,contract,contratto,Auftrag,0.219,0,
190,n,sim,,management,gestione,Verwaltung,0.218,2,bn:00027355n bn:00053116n
191,n,sim,,mechanism,meccanismo,Mechanismus,0.218,1,bn:00054065n
192,n,sim,,performance,prestazione,Leistung,0.217,1,bn:00016286n
193,n,sim,,financing,finanziamento,Finanzierung,0.216,2,bn:00034524n bn:00034545n
194,n,sim,,instrument,strumento,Instrument,0.216,6,bn:00046964n bn:00077585n bn:00046961n bn:00046962n bn:00023662n bn:00046965n
195,n,sim,,application,applicazione,Anwendung,0.214,2,bn:00005094n bn:00005095n
196,n,sim,,supply,offerta,Angebot,0.213,1,bn:03251267n
197,n,sim,,funding,finanziamento,Finanzierung,0.21,1,bn:00034545n
198,n,sim,,health,salute,Gesundheit,0.209,1,bn:00043358n
199,n,sim,,freedom,libertà,Freiheit,0.208,1,bn:00050954n
200,n,sim,,trend,tendenza,Entwicklung,0.206,0,
201,n,sim,,criterion,criterio,Kriterium,0.205,2,bn:00023854n bn:00023853n
202,n,sim,,duty,obbligo,Pflicht,0.204,1,bn:00029239n
203,n,sim,,interpretation,interpretazione,Auslegung,0.204,1,bn:04810972n
204,n,sim,,need,bisogno,Notwendigkeit,0.204,0,
205,n,sim,,risk,rischio,Risiko,0.202,1,bn:00030747n
206,n,sim,,factor,fattore,Faktor,0.201,2,bn:00021394n bn:00046695n
207,n,sim,,innovation,innovazione,Innovation,0.201,1,bn:00021551n
208,n,sim,,treatment,trattamento,Behandlung,0.201,3,bn:00042823n bn:00076843n bn:00047235n
209,n,sim,,restriction,restrizione,Beschränkung,0.2,1,bn:00051254n
210,n,sim,,capacity,capacità,Kapazität,0.199,1,bn:00005193n
211,n,sim,,dispute,controversia,Streit,0.197,1,bn:00005599n
212,n,sim,,trade,commercio,Handel,0.197,2,bn:00077860n bn:00008735n
213,n,sim,,possibility,possibilità,Möglichkeit,0.194,1,bn:00017621n
214,n,sim,,change,cambiamento,Änderung,0.191,1,bn:00003125n
215,n,sim,,review,revisione,Überprüfung,0.189,0,
216,n,sim,,circumstance,circostanza,Umstand,0.187,2,bn:00019218n bn:00019219n
217,n,sim,,definition,definizione,Definition,0.187,2,bn:00025928n bn:00025929n
218,n,sim,,task,compito,Aufgabe,0.186,1,bn:00018756n
219,n,sim,,protection,tutela,Schutz,0.184,0,
220,n,sim,,opportunity,opportunità,Möglichkeit,0.183,1,bn:00017621n
221,n,sim,,reform,riforma,Reform,0.182,1,bn:00066830n
222,n,sim,,advantage,vantaggio,Vorteil,0.178,2,bn:00001560n bn:00001559n
223,n,sim,,progress,progresso,Fortschritt,0.177,3,bn:00001557n bn:00001551n bn:00001548n
224,n,sim,,benefit,beneficio,Vorteil,0.175,1,bn:00009905n
225,n,sim,,characteristic,caratteristica,Merkmal,0.173,2,bn:00017762n bn:00065538n
226,n,sim,,difficulty,difficoltà,Schwierigkeit,0.17,1,bn:00027040n
227,n,sim,,recognition,riconoscimento,Anerkennung,0.17,1,bn:00066552n
228,n,sim,,improvement,miglioramento,Verbesserung,0.165,1,bn:00046191n
1,n,sim,WEAK,account,ragione,Rechnung,,,
2,n,sim,WEAK,affair,affare,Angelegenheit,,,
3,n,sim,WEAK,amendment,miglioramento,Änderung,,,
4,n,sim,WEAK,bond,legame,Übereinkommen,,,
5,n,sim,WEAK,business,azienda,Unternehmen,,,
6,n,sim,WEAK,call,vocazione,Gespräch,,,
7,n,sim,WEAK,class,classe,Kategorie,,,
8,n,sim,WEAK,concern,interesse,Bedeutung,,,
9,n,sim,WEAK,consideration,valutazione,Prüfung,,,
10,n,sim,WEAK,content,concetto,Inhalt,,,
11,n,sim,WEAK,datum,dato,Datum,,,
12,n,sim,WEAK,deal,affare,Abkommen,,,
13,n,sim,WEAK,education,istruzione,Bildung,,,
14,n,sim,WEAK,effort,sforzo,Versuch,,,
15,n,sim,WEAK,employment,lavoro,Beschäftigung,,,
16,n,sim,WEAK,evidence,prova,Aussage,,,
17,n,sim,WEAK,exercise,pratica,Bewegung,,,
18,n,sim,WEAK,finding,conclusione,Erkenntnis,,,
19,n,sim,WEAK,framework,contesto,Rahmen,,,
20,n,sim,WEAK,gap,divario,Abstand,,,
21,n,sim,WEAK,goal,rete,Ziel,,,
22,n,sim,WEAK,industry,attività,Industrie,,,
23,n,sim,WEAK,influence,potere,Einfluss,,,
24,n,sim,WEAK,kind,tipo,Art,,,
25,n,sim,WEAK,liability,responsabilità,Verpflichtung,,,
26,n,sim,WEAK,medium,mezzo,Medium,,,
27,n,sim,WEAK,mission,missione,Aufgabe,,,
28,n,sim,WEAK,negotiation,negoziato,Verhandlung,,,
29,n,sim,WEAK,option,scelta,Möglichkeit,,,
30,n,sim,WEAK,property,patrimonio,Eigenschaft,,,
31,n,sim,WEAK,provision,clausola,Bestimmung,,,
32,n,sim,WEAK,purpose,fine,Ziel,,,
33,n,sim,WEAK,record,documento,Aufnahme,,,
34,n,sim,WEAK,regime,regime,System,,,
35,n,sim,WEAK,requirement,esigenza,Voraussetzung,,,
36,n,sim,WEAK,return,risposta,Wahl,,,
37,n,sim,WEAK,scene,luogo,Szene,,,
38,n,sim,WEAK,scheme,schema,Programm,,,
39,n,sim,WEAK,scope,possibilità,Umfang,,,
40,n,sim,WEAK,share,quota,Teil,,,
41,n,sim,WEAK,sport,gioco,Sport,,,
42,n,sim,WEAK,status,stato,Stellung,,,
43,n,sim,WEAK,study,studio,Untersuchung,,,
44,n,sim,WEAK,style,modello,Art,,,
45,n,sim,WEAK,talk,discorso,Gespräch,,,
46,n,sim,WEAK,tie,legame,Verbindung,,,
47,n,sim,WEAK,transaction,transazione,Geschäft,,,
48,n,sim,WEAK,transfer,trasferimento,Wechsel,,,
49,n,sim,WEAK,type,tipo,Art,,,
50,n,sim,WEAK,view,visione,Blick,,,
51,n,sim,WEAK,vision,visione,Vorstellung,,,
1,n,cooc,,rapport,rapporto,Beziehung,0.528,0,
2,n,cooc,,contact,contatto,Kontakt,0.526,1,bn:00022113n
3,n,cooc,,interaction,interazione,Interaktion,0.509,1,bn:21705770n
4,n,cooc,,bond,legame,Bindung,0.487,0,
5,n,cooc,,job,lavoro,Job,0.483,4,bn:00014138n bn:00030616n bn:00018756n bn:00030625n
6,n,cooc,,link,collegamento,Verbindung,0.475,2,bn:00021912n bn:00021901n
7,n,cooc,,marriage,matrimonio,Heirat,0.473,2,bn:00045458n bn:00053519n
8,n,cooc,,tie,legame,Bindung,0.473,0,
9,n,cooc,,matter,questione,Angelegenheit,0.465,0,
10,n,cooc,,friendship,amicizia,Freundschaft,0.464,1,bn:00036545n
11,n,cooc,,affair,affare,Affäre,0.461,1,bn:14459343n
12,n,cooc,,communication,comunicazione,Kommunikation,0.458,1,bn:00021221n
13,n,cooc,,management,gestione,Leitung,0.458,0,
14,n,cooc,,love,amore,Liebe,0.454,1,bn:00052121n
15,n,cooc,,dialogue,dialogo,Dialog,0.446,3,bn:00026835n bn:00026836n bn:00026834n
16,n,cooc,,public,pubblico,Publikum,0.446,2,bn:00063584n bn:00007096n
17,n,cooc,,feeling,sentimento,Gefühl,0.444,1,bn:00033963n
18,n,cooc,,behavior,comportamento,Verhalten,0.438,2,bn:00009657n bn:00009656n
19,n,cooc,,dynamics,dinamica,Dynamik,0.436,1,bn:00029296n
20,n,cooc,,difficulty,difficoltà,Schwierigkeit,0.435,1,bn:00027040n
21,n,cooc,,customer,cliente,Kunde,0.431,1,bn:00019763n
22,n,cooc,,dependency,dipendenza,Abhängigkeit,0.429,2,bn:00001287n bn:00026351n
23,n,cooc,,experience,esperienza,Erfahrung,0.427,2,bn:00032306n bn:00032307n
24,n,cooc,,client,cliente,Kunde,0.426,1,bn:00019763n
25,n,cooc,,person,persona,Person,0.424,4,bn:00044576n bn:00046516n bn:00061715n bn:00061714n
26,n,cooc,,collaboration,collaborazione,Zusammenarbeit,0.423,1,bn:00020128n
27,n,cooc,,sexuality,sessualità,Sexualität,0.423,2,bn:02287748n bn:16104355n
28,n,cooc,,working,lavoro,Arbeit,0.422,0,
29,n,cooc,,behaviour,comportamento,Verhalten,0.421,2,bn:00009657n bn:00009656n
30,n,cooc,,connection,connessione,Verbindung,0.418,3,bn:00021912n bn:00021915n bn:00021901n
31,n,cooc,,couple,coppia,Paar,0.415,3,bn:00012596n bn:00012597n bn:00023268n
32,n,cooc,,life,vita,Leben,0.414,4,bn:00051047n bn:00051054n bn:00051045n bn:00002761n
33,n,cooc,,role,ruolo,Rolle,0.414,1,bn:00068130n
34,n,cooc,,employment,lavoro,Arbeit,0.413,3,bn:00014138n bn:00030616n bn:00030625n
35,n,cooc,,capability,capacità,Fähigkeit,0.411,1,bn:00005193n
36,n,cooc,,cooperation,cooperazione,Zusammenarbeit,0.411,1,bn:00022452n
37,n,cooc,,identity,identità,Identität,0.411,2,bn:00045825n bn:00045824n
38,n,cooc,,network,rete,Netzwerk,0.411,4,bn:00021488n bn:00057379n bn:00024712n bn:00054497n
39,n,cooc,,development,sviluppo,Entwicklung,0.41,1,bn:07804057n
40,n,cooc,,ability,capacità,Fähigkeit,0.407,2,bn:00005193n bn:00000317n
41,n,cooc,,knowledge,conoscenza,Kenntnis,0.402,1,bn:00020452n
42,n,cooc,,judgement,valutazione,Beurteilung,0.401,0,
43,n,cooc,,influence,influenza,Einfluss,0.394,1,bn:00046693n
44,n,cooc,,assistance,aiuto,Hilfe,0.392,1,bn:00002155n
45,n,cooc,,ending,fine,Ende,0.391,2,bn:00030719n bn:00019919n
46,n,cooc,,health,salute,Gesundheit,0.389,1,bn:00043358n
47,n,cooc,,work,lavoro,Arbeit,0.389,5,bn:00081570n bn:00014138n bn:00030625n bn:00030616n bn:00081569n
48,n,cooc,,conflict,conflitto,Konflikt,0.388,3,bn:00009080n bn:00021766n bn:00021769n
49,n,cooc,,situation,situazione,Situation,0.387,3,bn:00063707n bn:00071869n bn:00071858n
50,n,cooc,,building,costruzione,Aufbau,0.386,0,
51,n,cooc,,emotion,emozione,Emotion,0.383,1,bn:00030581n
52,n,cooc,,partner,partner,Partner,0.376,6,bn:00060821n bn:00020592n bn:00028157n bn:00006531n bn:00060819n bn:00010161n
53,n,cooc,,responsibility,responsabilità,Verantwortlichkeit,0.375,1,bn:00067370n
54,n,cooc,,community,comunità,Gemeinschaft,0.372,1,bn:00021248n
55,n,cooc,,factor,fattore,Faktor,0.372,2,bn:00021394n bn:00046695n
56,n,cooc,,opportunity,opportunità,Möglichkeit,0.372,1,bn:00017621n
57,n,cooc,,agreement,accordo,Vereinbarung,0.37,1,bn:00002086n
58,n,cooc,,encounter,incontro,Begegnung,0.367,1,bn:00030702n
59,n,cooc,,end,fine,Ende,0.366,3,bn:00030722n bn:00030719n bn:00019919n
60,n,cooc,,term,termine,Begriff,0.366,1,bn:00076590n
61,n,cooc,,past,passato,Vergangenheit,0.361,1,bn:00060927n
62,n,cooc,,age,periodo,Zeit,0.359,0,
63,n,cooc,,way,modo,Weg,0.359,1,bn:00033729n
64,n,cooc,,sense,senso,Sinn,0.358,4,bn:00070494n bn:00070498n bn:00000657n bn:00070499n
65,n,cooc,,manner,modo,Weise,0.357,0,
66,n,cooc,,politics,politica,Politik,0.355,1,bn:00063351n
67,n,cooc,,process,processo,Verfahren,0.351,1,bn:00064536n
68,n,cooc,,status,stato,Status,0.35,2,bn:00021644n bn:00063703n
69,n,cooc,,activity,attività,Aktivität,0.346,2,bn:00001128n bn:00001174n
70,n,cooc,,trust,fiducia,Vertrauen,0.346,2,bn:02691972n bn:03732876n
71,n,cooc,,interest,interesse,Interesse,0.345,6,bn:00047083n bn:00047077n bn:00047079n bn:00047080n bn:00047081n bn:00021556n
72,n,cooc,,difference,differenza,Unterschied,0.34,1,bn:00027022n
73,n,cooc,,field,campo,Bereich,0.34,0,
74,n,cooc,,intimacy,intimità,Intimität,0.335,1,bn:00019951n
75,n,cooc,,obligation,obbligo,Verpflichtung,0.334,1,bn:00029239n
76,n,cooc,,cause,motivo,Grund,0.33,1,bn:00016851n
77,n,cooc,,aspect,aspetto,Aspekt,0.328,1,bn:00006385n
78,n,cooc,,conduct,comportamento,Verhalten,0.327,2,bn:00009657n bn:00009656n
79,n,cooc,,resolution,risoluzione,Lösung,0.32,0,
80,n,cooc,,context,contesto,Kontext,0.317,2,bn:00022168n bn:00019219n
81,n,cooc,,right,diritto,Recht,0.314,1,bn:00067807n
82,n,cooc,,function,funzione,Funktion,0.31,3,bn:00036825n bn:00036822n bn:00036821n
83,n,cooc,,judgment,valutazione,Beurteilung,0.309,0,
84,n,cooc,,engagement,impegno,Engagement,0.308,3,bn:00012127n bn:00002819n bn:00030844n
85,n,cooc,,question,domanda,Frage,0.304,1,bn:00047208n
86,n,cooc,,reason,motivo,Grund,0.304,3,bn:00066443n bn:00041881n bn:00016851n
87,n,cooc,,commitment,impegno,Engagement,0.294,1,bn:00002819n
88,n,cooc,,complexity,complessità,Komplexität,0.294,1,bn:00021383n
89,n,cooc,,inclusion,inclusione,Aufnahme,0.29,0,
90,n,cooc,,family,famiglia,Familie,0.283,2,bn:00032896n bn:00032893n
91,n,cooc,,attention,attenzione,Achtung,0.275,0,
92,n,cooc,,topic,tema,Thema,0.272,2,bn:00045803n bn:00074900n
93,n,cooc,,point,punto,Punkt,0.27,4,bn:00063218n bn:00036777n bn:00063214n bn:00063223n
94,n,cooc,,living,vita,Leben,0.267,1,bn:00002761n
95,n,cooc,,meaning,senso,Bedeutung,0.267,2,bn:00046139n bn:00054009n
96,n,cooc,,consequence,risultato,Ergebnis,0.262,1,bn:00021961n
97,n,cooc,,problem,problema,Problem,0.262,3,bn:00064526n bn:00048242n bn:00064527n
98,n,cooc,,value,valore,Wert,0.262,5,bn:00079509n bn:00058151n bn:00029680n bn:00079508n bn:00079511n
99,n,cooc,,participation,partecipazione,Beteiligung,0.261,1,bn:00030844n
100,n,cooc,,quality,qualità,Qualität,0.257,2,bn:00014731n bn:00065538n
101,n,cooc,,act,atto,Handlung,0.254,1,bn:16082183n
102,n,cooc,,foundation,fondamento,Grundlage,0.234,1,bn:00008786n
103,n,cooc,,world,mondo,Welt,0.213,3,bn:00045153n bn:00022991n bn:00029424n
104,n,cooc,,attitude,attitudine,Einstellung,0.207,1,bn:00007047n
105,n,cooc,,article,articolo,Artikel,0.193,2,bn:00006124n bn:00006121n
106,n,cooc,,result,risultato,Ergebnis,0.19,3,bn:00004452n bn:00021961n bn:00034520n
107,n,cooc,,association,società,Verein,0.147,1,bn:00020039n
108,n,cooc,,society,società,Gesellschaft,0.121,2,bn:00020039n bn:00072566n
1,n,cooc,WEAK,achievement,risultato,Erfüllung,,,
2,n,cooc,WEAK,adjustment,perizia,Einstellung,,,
3,n,cooc,WEAK,advice,raccomandazione,Beratung,,,
4,n,cooc,WEAK,application,domanda,Anwendung,,,
5,n,cooc,WEAK,arrangement,accordo,Anordnung,,,
6,n,cooc,WEAK,asset,attività,Vermögenswert,,,
7,n,cooc,WEAK,attribute,qualità,Attribut,,,
8,n,cooc,WEAK,balance,bilancio,Saldo,,,
9,n,cooc,WEAK,boundary,termine,Grenze,,,
10,n,cooc,WEAK,breakdown,rottura,Abbau,,,
11,n,cooc,WEAK,business,lavoro,Unternehmen,,,
12,n,cooc,WEAK,character,ruolo,Charakter,,,
13,n,cooc,WEAK,contract,accordo,Vertrag,,,
14,n,cooc,WEAK,control,controllo,Regelung,,,
15,n,cooc,WEAK,conversation,dialogo,Gespräch,,,
16,n,cooc,WEAK,course,campo,Verlauf,,,
17,n,cooc,WEAK,culture,cultura,Bildung,,,
18,n,cooc,WEAK,deal,affare,Abkommen,,,
19,n,cooc,WEAK,desire,richiesta,Bedürfnis,,,
20,n,cooc,WEAK,distance,distanza,Strecke,,,
21,n,cooc,WEAK,effect,risultato,Wirkung,,,
22,n,cooc,WEAK,entity,entità,Objekt,,,
23,n,cooc,WEAK,faith,fiducia,Glaube,,,
24,n,cooc,WEAK,framework,contesto,Rahmen,,,
25,n,cooc,WEAK,functioning,funzionamento,Funktion,,,
26,n,cooc,WEAK,goal,scopo,Ziel,,,
27,n,cooc,WEAK,importance,momento,Bedeutung,,,
28,n,cooc,WEAK,inquiry,domanda,Untersuchung,,,
29,n,cooc,WEAK,issue,problema,Ausgabe,,,
30,n,cooc,WEAK,leadership,direzione,Leitung,,,
31,n,cooc,WEAK,list,nota,Liste,,,
32,n,cooc,WEAK,making,sviluppo,Herstellung,,,
33,n,cooc,WEAK,memory,ricordo,Erinnerung,,,
34,n,cooc,WEAK,nature,sorta,Natur,,,
35,n,cooc,WEAK,object,scopo,Objekt,,,
36,n,cooc,WEAK,office,ufficio,Stelle,,,
37,n,cooc,WEAK,outlook,modo,Einstellung,,,
38,n,cooc,WEAK,partnership,società,Partnerschaft,,,
39,n,cooc,WEAK,party,gruppo,Partei,,,
40,n,cooc,WEAK,pattern,motivo,Modell,,,
41,n,cooc,WEAK,position,funzione,Lage,,,
42,n,cooc,WEAK,power,capacità,Gewalt,,,
43,n,cooc,WEAK,presence,partecipazione,Präsenz,,,
44,n,cooc,WEAK,price,valore,Preis,,,
45,n,cooc,WEAK,respect,aspetto,Respekt,,,
46,n,cooc,WEAK,rumor,voce,Rede,,,
47,n,cooc,WEAK,rumour,voce,Rede,,,
48,n,cooc,WEAK,scope,campo,Umfang,,,
49,n,cooc,WEAK,share,azione,Anteil,,,
50,n,cooc,WEAK,significance,momento,Bedeutung,,,
51,n,cooc,WEAK,skill,abilità,Fähigkeit,,,
52,n,cooc,WEAK,structure,conformazione,Struktur,,,
53,n,cooc,WEAK,success,risultato,Gelingen,,,
54,n,cooc,WEAK,supply,domanda,Angebot,,,
55,n,cooc,WEAK,thing,affare,Sache,,,
56,n,cooc,WEAK,tip,notizia,Ende,,,
57,n,cooc,WEAK,trade,settore,Handel,,,
58,n,cooc,WEAK,transaction,affare,Transaktion,,,
59,n,cooc,WEAK,trouble,difficoltà,Problem,,,
60,n,cooc,WEAK,understanding,accordo,Verständnis,,,
61,n,cooc,WEAK,use,scopo,Verwendung,,,
62,n,cooc,WEAK,view,scopo,Blick,,,
1,adj,cooc,,interpersonal,interpersonale,zwischenmenschlich,0.575,0,
2,adj,cooc,,strong,forte,stark,0.543,3,bn:00111312a bn:00103942a bn:00103195a
3,adj,cooc,,bilateral,bilaterale,bilateral,0.541,2,bn:00098371a bn:00098369a
4,adj,cooc,,diplomatic,diplomatico,diplomatisch,0.534,0,
5,adj,cooc,,intimate,intimo,intim,0.534,0,
6,adj,cooc,,direct,diretto,direkt,0.533,0,
7,adj,cooc,,personal,personale,persönlich,0.527,1,bn:00108488a
8,adj,cooc,,lasting,duraturo,dauerhaft,0.524,2,bn:00101901a bn:00101902a
9,adj,cooc,,contractual,contrattuale,vertraglich,0.519,1,bn:00100391a
10,adj,cooc,,human,umano,menschlich,0.502,1,bn:00104386a
11,adj,cooc,,sexual,sessuale,sexuell,0.495,1,bn:00110486a
12,adj,cooc,,vertical,verticale,vertikal,0.494,1,bn:00108482a
13,adj,cooc,,familial,familiare,familiär,0.493,0,
14,adj,cooc,,durable,durevole,dauerhaft,0.492,2,bn:00101901a bn:00101902a
15,adj,cooc,,social,sociale,sozial,0.492,0,
16,adj,cooc,,reciprocal,reciproco,gegenseitig,0.491,0,
17,adj,cooc,,therapeutic,terapeutico,therapeutisch,0.488,1,bn:00111810a
18,adj,cooc,,deep,profondo,tief,0.481,0,
19,adj,cooc,,existing,esistente,bestehend,0.473,1,bn:00102542a
20,adj,cooc,,positive,positivo,positiv,0.471,0,
21,adj,cooc,,causal,causale,kausal,0.47,1,bn:00099396a
22,adj,cooc,,solid,solido,fest,0.46,1,bn:00103937a
23,adj,cooc,,strained,teso,angespannt,0.46,0,
24,adj,cooc,,transatlantic,transatlantico,transatlantisch,0.455,1,bn:00112057a
25,adj,cooc,,historical,storico,historisch,0.453,1,bn:00104223a
26,adj,cooc,,stable,stabile,stabil,0.453,0,
27,adj,cooc,,symbiotic,simbiotico,symbiotisch,0.453,0,
28,adj,cooc,,privileged,privilegiato,privilegiert,0.452,0,
29,adj,cooc,,friendly,amichevole,freundschaftlich,0.449,0,
30,adj,cooc,,tense,teso,angespannt,0.445,0,
31,adj,cooc,,linear,lineare,linear,0.443,1,bn:00106013a
32,adj,cooc,,good,buono,gut,0.44,2,bn:00103672a bn:00103677a
33,adj,cooc,,homosexual,omosessuale,homosexuell,0.44,1,bn:00104297a
34,adj,cooc,,commercial,commerciale,kommerziell,0.439,0,
35,adj,cooc,,future,futuro,künftig,0.438,0,
36,adj,cooc,,healthy,sano,gesund,0.435,1,bn:00104025a
37,adj,cooc,,economic,economico,wirtschaftlich,0.434,0,
38,adj,cooc,,complex,complesso,komplex,0.433,0,
39,adj,cooc,,marital,coniugale,ehelich,0.428,3,bn:00111066a bn:00106427a bn:00100275a
40,adj,cooc,,special,speciale,speziell,0.422,1,bn:00108295a
41,adj,cooc,,evident,evidente,offensichtlich,0.419,2,bn:00097350a bn:00107706a
42,adj,cooc,,clear,chiaro,klar,0.418,1,bn:00099803a
43,adj,cooc,,long,lungo,lang,0.417,1,bn:00106124a
44,adj,cooc,,toxic,tossico,toxisch,0.415,0,
45,adj,cooc,,intense,intenso,intensiv,0.414,0,
46,adj,cooc,,hierarchical,gerarchico,hierarchisch,0.411,1,bn:00104156a
47,adj,cooc,,spatial,spaziale,räumlich,0.41,1,bn:00110975a
48,adj,cooc,,serious,serio,ernst,0.409,0,
49,adj,cooc,,unique,unico,einzigartig,0.408,1,bn:00110682a
50,adj,cooc,,complicated,complicato,kompliziert,0.406,0,
51,adj,cooc,,previous,precedente,vorherig,0.405,1,bn:00107791a
52,adj,cooc,,difficult,difficile,schwierig,0.403,1,bn:00101358a
53,adj,cooc,,professional,professionale,beruflich,0.399,0,
54,adj,cooc,,functional,funzionale,funktional,0.396,0,
55,adj,cooc,,obvious,evidente,offensichtlich,0.396,2,bn:00097350a bn:00107706a
56,adj,cooc,,strategic,strategico,strategisch,0.396,1,bn:00111286a
57,adj,cooc,,indirect,indiretto,indirekt,0.392,0,
58,adj,cooc,,alleged,presunto,angeblich,0.391,0,
59,adj,cooc,,apparent,apparente,offensichtlich,0.389,0,
60,adj,cooc,,hard,difficile,schwierig,0.387,1,bn:00101358a
61,adj,cooc,,relevant,pertinente,relevant,0.386,1,bn:00109659a
62,adj,cooc,,possible,possibile,möglich,0.381,1,bn:00108830a
63,adj,cooc,,common,comune,häufig,0.38,0,
64,adj,cooc,,important,importante,wichtig,0.379,0,
65,adj,cooc,,enduring,duraturo,dauerhaft,0.376,1,bn:00101902a
66,adj,cooc,,effective,efficace,wirksam,0.375,1,bn:00102038a
67,adj,cooc,,perfect,perfetto,perfekt,0.371,0,
68,adj,cooc,,sufficient,sufficiente,hinreichend,0.371,0,
69,adj,cooc,,profound,profondo,tief,0.364,0,
70,adj,cooc,,formal,formale,formell,0.36,1,bn:00103223a
71,adj,cooc,,new,nuovo,neu,0.358,1,bn:00107267a
72,adj,cooc,,normal,normale,normal,0.357,1,bn:00107587a
73,adj,cooc,,necessary,necessario,notwendig,0.356,1,bn:00107182a
74,adj,cooc,,fresh,nuovo,neu,0.351,0,
75,adj,cooc,,excellent,eccellente,ausgezeichnet,0.346,1,bn:00102496a
76,adj,cooc,,secret,segreto,geheim,0.33,2,bn:00109031a bn:00110253a
77,adj,cooc,,constructive,costruttivo,konstruktiv,0.306,0,
78,adj,cooc,,intricate,complicato,kompliziert,0.299,0,
79,adj,cooc,,problematic,problematico,problematisch,0.292,0,
80,adj,cooc,,ideal,ideale,ideal,0.281,2,bn:00104501a bn:00104502a
81,adj,cooc,,private,privato,privat,0.268,0,
82,adj,cooc,,everyday,quotidiano,täglich,0.244,1,bn:00102469a
1,adj,cooc,WEAK,actual,reale,tatsächlich,,,
2,adj,cooc,WEAK,alive,vivo,lebendig,,,
3,adj,cooc,WEAK,authentic,autentico,echt,,,
4,adj,cooc,WEAK,basic,fondamentale,basisch,,,
5,adj,cooc,WEAK,casual,casuale,flüchtig,,,
6,adj,cooc,WEAK,close,stretto,eng,,,
7,adj,cooc,WEAK,consistent,costante,einheitlich,,,
8,adj,cooc,WEAK,explicit,esplicito,eindeutig,,,
9,adj,cooc,WEAK,fine,sottile,gut,,,
10,adj,cooc,WEAK,genuine,autentico,echt,,,
11,adj,cooc,WEAK,happy,buono,glücklich,,,
12,adj,cooc,WEAK,honest,sincero,rechtlich,,,
13,adj,cooc,WEAK,individual,individuale,einzeln,,,
14,adj,cooc,WEAK,intrinsic,intrinseco,wirklich,,,
15,adj,cooc,WEAK,loving,amoroso,liebevoll,,,
16,adj,cooc,WEAK,meaningful,significativo,sinnvoll,,,
17,adj,cooc,WEAK,natural,naturale,logisch,,,
18,adj,cooc,WEAK,open,disponibile,offen,,,
19,adj,cooc,WEAK,ordinary,comune,normal,,,
20,adj,cooc,WEAK,peaceful,pacifico,friedlich,,,
21,adj,cooc,WEAK,poor,scarso,schlecht,,,
22,adj,cooc,WEAK,proper,corretto,wirklich,,,
23,adj,cooc,WEAK,quiet,privato,gut,,,
24,adj,cooc,WEAK,real,reale,wirklich,,,
25,adj,cooc,WEAK,responsible,responsabile,zuverlässig,,,
26,adj,cooc,WEAK,robust,forte,stabil,,,
27,adj,cooc,WEAK,significant,significativo,wichtig,,,
28,adj,cooc,WEAK,smooth,regolare,nahtlos,,,
29,adj,cooc,WEAK,tricky,difficile,kompliziert,,,
30,adj,cooc,WEAK,true,vero,wirklich,,,
31,adj,cooc,WEAK,uneasy,difficile,schlecht,,,
32,adj,cooc,WEAK,unhealthy,morboso,schlecht,,,
33,adj,cooc,WEAK,vital,vitale,lebendig,,,
34,adj,cooc,WEAK,working,lavorativo,aktiv,,,
1,v,cooc,,maintain,mantenere,pflegen,0.538,0,
2,v,cooc,,strengthen,rafforzare,stärken,0.535,1,bn:00083317v
3,v,cooc,,develop,sviluppare,entwickeln,0.524,1,bn:00086745v
4,v,cooc,,build,costruire,bauen,0.517,1,bn:00084198v
5,v,cooc,,break,rompere,brechen,0.495,2,bn:00083950v bn:00083904v
6,v,cooc,,cultivate,coltivare,pflegen,0.487,0,
7,v,cooc,,deepen,approfondire,vertiefen,0.47,1,bn:00086443v
8,v,cooc,,improve,migliorare,verbessern,0.465,1,bn:00082573v
9,v,cooc,,investigate,indagare,untersuchen,0.451,0,
10,v,cooc,,end,finire,beenden,0.45,1,bn:00087608v
11,v,cooc,,work,funzionare,arbeiten,0.449,0,
12,v,cooc,,exist,esistere,existieren,0.447,1,bn:00083184v
13,v,cooc,,create,creare,schaffen,0.446,1,bn:00086009v
14,v,cooc,,damage,danneggiare,beschädigen,0.444,1,bn:00086494v
15,v,cooc,,reinforce,rafforzare,verstärken,0.443,0,
16,v,cooc,,examine,esaminare,prüfen,0.439,0,
17,v,cooc,,study,studiare,studieren,0.428,2,bn:00094501v bn:00090266v
18,v,cooc,,explore,esplorare,erforschen,0.423,0,
19,v,cooc,,understand,capire,verstehen,0.422,1,bn:00082727v
20,v,cooc,,form,formare,bilden,0.421,1,bn:00088490v
21,v,cooc,,suspend,sospendere,suspendieren,0.421,0,
22,v,cooc,,analyze,analizzare,analysieren,0.416,1,bn:00082596v
23,v,cooc,,discuss,discutere,diskutieren,0.415,0,
24,v,cooc,,intensify,intensificare,intensivieren,0.414,0,
25,v,cooc,,last,durare,dauern,0.413,1,bn:00087620v
26,v,cooc,,bind,legare,binden,0.41,1,bn:00083498v
27,v,cooc,,keep,tenere,halten,0.409,0,
28,v,cooc,,do,fare,tun,0.408,1,bn:00082286v
29,v,cooc,,show,mostrare,anzeigen,0.408,0,
30,v,cooc,,evolve,evolvere,entwickeln,0.405,0,
31,v,cooc,,clarify,chiarire,klären,0.402,0,
32,v,cooc,,cement,cementare,festigen,0.401,0,
33,v,cooc,,analyse,analizzare,analysieren,0.4,1,bn:00082596v
34,v,cooc,,begin,iniziare,beginnen,0.4,2,bn:00083340v bn:00083342v
35,v,cooc,,characterise,caratterizzare,kennzeichnen,0.4,0,
36,v,cooc,,confirm,confermare,bestätigen,0.4,0,
37,v,cooc,,demonstrate,dimostrare,zeigen,0.396,2,bn:00086557v bn:00086567v
38,v,cooc,,hold,tenere,halten,0.395,1,bn:00089385v
39,v,cooc,,distinguish,distinguere,unterscheiden,0.393,0,
40,v,cooc,,restore,ripristinare,wiederherstellen,0.393,1,bn:00092614v
41,v,cooc,,define,definire,definieren,0.391,1,bn:00086465v
42,v,cooc,,emerge,emergere,entstehen,0.388,1,bn:00087561v
43,v,cooc,,describe,descrivere,beschreiben,0.387,1,bn:00082233v
44,v,cooc,,indicate,indicare,zeigen,0.387,0,
45,v,cooc,,start,iniziare,beginnen,0.387,2,bn:00083340v bn:00083342v
46,v,cooc,,evaluate,valutare,bewerten,0.386,0,
47,v,cooc,,terminate,terminare,beenden,0.386,1,bn:00087608v
48,v,cooc,,reflect,riflettere,reflektieren,0.383,1,bn:00084733v
49,v,cooc,,regard,considerare,betrachten,0.383,0,
50,v,cooc,,heal,curare,heilen,0.376,1,bn:00084071v
51,v,cooc,,explain,spiegare,erklären,0.375,1,bn:00087819v
52,v,cooc,,consider,considerare,betrachten,0.373,0,
53,v,cooc,,expire,finire,enden,0.373,0,
54,v,cooc,,display,mostrare,anzeigen,0.372,0,
55,v,cooc,,emphasize,enfatizzare,betonen,0.366,2,bn:00082195v bn:00087572v
56,v,cooc,,identify,identificare,identifizieren,0.365,1,bn:00089574v
57,v,cooc,,re-establish,ristabilire,wiederherstellen,0.362,0,
58,v,cooc,,characterize,caratterizzare,kennzeichnen,0.359,0,
59,v,cooc,,determine,determinare,bestimmen,0.359,0,
60,v,cooc,,expand,espandere,ausdehnen,0.359,0,
61,v,cooc,,express,esprimere,ausdrücken,0.359,0,
62,v,cooc,,vary,modificare,verändern,0.359,0,
63,v,cooc,,recognize,riconoscere,erkennen,0.357,1,bn:00086904v
64,v,cooc,,facilitate,facilitare,erleichtern,0.354,1,bn:00082531v
65,v,cooc,,influence,influenzare,beeinflussen,0.354,1,bn:00082304v
66,v,cooc,,verify,verificare,überprüfen,0.35,1,bn:00095516v
67,v,cooc,,constitute,costituire,bilden,0.349,1,bn:00083187v
68,v,cooc,,cover,coprire,decken,0.347,2,bn:00084032v bn:00085917v
69,v,cooc,,discover,scoprire,entdecken,0.347,2,bn:00086935v bn:00086936v
70,v,cooc,,alter,modificare,ändern,0.346,1,bn:00082553v
71,v,cooc,,estimate,stimare,schätzen,0.346,0,
72,v,cooc,,mean,dire,bedeuten,0.346,1,bn:00089805v
73,v,cooc,,destroy,distruggere,zerstören,0.344,2,bn:00086699v bn:00086698v
74,v,cooc,,promote,promuovere,fördern,0.344,0,
75,v,cooc,,emphasise,enfatizzare,betonen,0.343,2,bn:00082195v bn:00087572v
76,v,cooc,,connect,collegare,verbinden,0.341,1,bn:00085623v
77,v,cooc,,go,andare,gehen,0.341,2,bn:00088629v bn:00086600v
78,v,cooc,,exclude,escludere,ausschließen,0.339,0,
79,v,cooc,,give,dare,geben,0.333,2,bn:00088825v bn:00088815v
80,v,cooc,,retain,conservare,behalten,0.333,1,bn:00089386v
81,v,cooc,,represent,rappresentare,darstellen,0.331,1,bn:00083187v
82,v,cooc,,prove,dimostrare,nachweisen,0.33,0,
83,v,cooc,,depend,dipendere,abhängen,0.328,1,bn:00086606v
84,v,cooc,,endure,resistere,aushalten,0.328,1,bn:00087617v
85,v,cooc,,depict,rappresentare,darstellen,0.327,1,bn:00086611v
86,v,cooc,,feel,sentire,fühlen,0.319,0,
87,v,cooc,,make,fare,machen,0.318,3,bn:00086008v bn:00086013v bn:00084198v
88,v,cooc,,place,mettere,legen,0.318,1,bn:00090224v
89,v,cooc,,continue,continuare,fortsetzen,0.316,0,
90,v,cooc,,require,richiedere,erfordern,0.313,0,
91,v,cooc,,stress,sottolineare,betonen,0.312,1,bn:00082195v
92,v,cooc,,get,ricevere,erhalten,0.309,0,
93,v,cooc,,grow,crescere,wachsen,0.308,0,
94,v,cooc,,find,scoprire,finden,0.304,2,bn:00084231v bn:00088204v
95,v,cooc,,harm,danneggiare,schaden,0.304,0,
96,v,cooc,,seem,sembrare,scheinen,0.304,1,bn:00082690v
97,v,cooc,,raise,elevare,erhöhen,0.3,0,
98,v,cooc,,reach,raggiungere,erreichen,0.299,2,bn:00082226v bn:00082901v
99,v,cooc,,take,prendere,nehmen,0.299,3,bn:00094731v bn:00085689v bn:00088762v
100,v,cooc,,remain,rimanere,bleiben,0.298,3,bn:00091562v bn:00085719v bn:00092756v
101,v,cooc,,see,vedere,sehen,0.298,2,bn:00092443v bn:00093430v
102,v,cooc,,protect,tutelare,schützen,0.288,0,
103,v,cooc,,satisfy,appagare,erfüllen,0.285,0,
104,v,cooc,,appear,apparire,erscheinen,0.282,2,bn:00082691v bn:00082690v
105,v,cooc,,preserve,preservare,erhalten,0.276,2,bn:00083242v bn:00085644v
106,v,cooc,,include,includere,einschließen,0.275,1,bn:00089662v
107,v,cooc,,report,segnalare,berichten,0.275,0,
108,v,cooc,,allow,consentire,zulassen,0.274,0,
109,v,cooc,,lack,mancare,fehlen,0.266,1,bn:00090161v
110,v,cooc,,relate,raccontare,erzählen,0.265,0,
111,v,cooc,,stay,rimanere,bleiben,0.264,3,bn:00091562v bn:00085719v bn:00092756v
112,v,cooc,,ensure,garantire,gewährleisten,0.263,1,bn:00082812v
113,v,cooc,,come,venire,kommen,0.254,1,bn:00085335v
114,v,cooc,,handle,trattare,behandeln,0.237,0,
115,v,cooc,,drive,guidare,fahren,0.211,2,bn:00087327v bn:00087328v
116,v,cooc,,bring,portare,bringen,0.189,1,bn:00084058v
117,v,cooc,,follow,seguire,folgen,0.187,1,bn:00088020v
118,v,cooc,,enrich,arricchire,bereichern,0.147,1,bn:00087659v
1,v,cooc,WEAK,acknowledge,riconoscere,bestätigen,,,
2,v,cooc,WEAK,affect,interessare,beeinflussen,,,
3,v,cooc,WEAK,apply,riguardare,anwenden,,,
4,v,cooc,WEAK,appreciate,valorizzare,schätzen,,,
5,v,cooc,WEAK,arise,sorgere,entstehen,,,
6,v,cooc,WEAK,assess,valutare,beurteilen,,,
7,v,cooc,WEAK,base,basare,basieren,,,
8,v,cooc,WEAK,be,avere,liegen,,,
9,v,cooc,WEAK,bear,portare,tragen,,,
10,v,cooc,WEAK,become,diventare,stehen,,,
11,v,cooc,WEAK,cause,provocare,bewirken,,,
12,v,cooc,WEAK,cease,finire,einstellen,,,
13,v,cooc,WEAK,change,modificare,wechseln,,,
14,v,cooc,WEAK,claim,vantare,fordern,,,
15,v,cooc,WEAK,concern,interessare,betreffen,,,
16,v,cooc,WEAK,conclude,concludere,abschließen,,,
17,v,cooc,WEAK,disclose,rilevare,enthüllen,,,
18,v,cooc,WEAK,discontinue,interrompere,einstellen,,,
19,v,cooc,WEAK,document,documentare,belegen,,,
20,v,cooc,WEAK,effect,determinare,bewirken,,,
21,v,cooc,WEAK,elevate,elevare,heben,,,
22,v,cooc,WEAK,enable,permettere,ermöglichen,,,
23,v,cooc,WEAK,enhance,intensificare,verbessern,,,
24,v,cooc,WEAK,enter,scrivere,eingeben,,,
25,v,cooc,WEAK,establish,stabilire,schaffen,,,
26,v,cooc,WEAK,extend,estendere,ausdehnen,,,
27,v,cooc,WEAK,fail,mancare,scheitern,,,
28,v,cooc,WEAK,fall,ricadere,fallen,,,
29,v,cooc,WEAK,foster,favorire,fördern,,,
30,v,cooc,WEAK,govern,governare,bestimmen,,,
31,v,cooc,WEAK,happen,avvenire,geschehen,,,
32,v,cooc,WEAK,have,avere,besitzen,,,
33,v,cooc,WEAK,head,dirigere,gehen,,,
34,v,cooc,WEAK,help,favorire,helfen,,,
35,v,cooc,WEAK,hide,nascondere,bergen,,,
36,v,cooc,WEAK,hinder,ostacolare,erschweren,,,
37,v,cooc,WEAK,hit,raggiungere,treffen,,,
38,v,cooc,WEAK,impair,danneggiare,beeinträchtigen,,,
39,v,cooc,WEAK,imply,implicare,bedeuten,,,
40,v,cooc,WEAK,inspire,suscitare,erwecken,,,
41,v,cooc,WEAK,interpret,spiegare,auslegen,,,
42,v,cooc,WEAK,involve,coinvolgere,umfassen,,,
43,v,cooc,WEAK,lead,portare,führen,,,
44,v,cooc,WEAK,link,collegare,verknüpfen,,,
45,v,cooc,WEAK,look,sembrare,aussehen,,,
46,v,cooc,WEAK,manage,gestire,schaffen,,,
47,v,cooc,WEAK,matter,interessare,ausmachen,,,
48,v,cooc,WEAK,meet,rispondere,treffen,,,
49,v,cooc,WEAK,mend,correggere,heilen,,,
50,v,cooc,WEAK,move,portare,gehen,,,
51,v,cooc,WEAK,need,mancare,brauchen,,,
52,v,cooc,WEAK,negotiate,trattare,verhandeln,,,
53,v,cooc,WEAK,note,osservare,beachten,,,
54,v,cooc,WEAK,observe,osservare,beachten,,,
55,v,cooc,WEAK,occur,avvenire,auftreten,,,
56,v,cooc,WEAK,persist,durare,bestehen,,,
57,v,cooc,WEAK,play,rappresentare,spielen,,,
58,v,cooc,WEAK,portray,descrivere,darstellen,,,
59,v,cooc,WEAK,provide,fornire,bieten,,,
60,v,cooc,WEAK,pursue,proseguire,verfolgen,,,
61,v,cooc,WEAK,qualify,definire,bestimmen,,,
62,v,cooc,WEAK,question,esaminare,fragen,,,
63,v,cooc,WEAK,rebuild,ricostruire,aufbauen,,,
64,v,cooc,WEAK,refer,sottoporre,verweisen,,,
65,v,cooc,WEAK,regulate,regolare,regeln,,,
66,v,cooc,WEAK,renew,rinnovare,auffrischen,,,
67,v,cooc,WEAK,result,derivare,resultieren,,,
68,v,cooc,WEAK,reveal,svelare,zeigen,,,
69,v,cooc,WEAK,ruin,perdere,ruinieren,,,
70,v,cooc,WEAK,set,fissare,setzen,,,
71,v,cooc,WEAK,shape,formare,gestalten,,,
72,v,cooc,WEAK,stand,resistere,stehen,,,
73,v,cooc,WEAK,stem,derivare,hemmen,,,
74,v,cooc,WEAK,strain,tendere,belasten,,,
75,v,cooc,WEAK,stretch,tendere,ausdehnen,,,
76,v,cooc,WEAK,suffer,subire,leiden,,,
77,v,cooc,WEAK,suggest,suggerire,unterstellen,,,
78,v,cooc,WEAK,survive,durare,überstehen,,,
79,v,cooc,WEAK,sustain,mantenere,erhalten,,,
80,v,cooc,WEAK,test,provare,testen,,,
81,v,cooc,WEAK,think,riflettere,denken,,,
82,v,cooc,WEAK,transform,trasformare,umwandeln,,,
83,v,cooc,WEAK,unfold,spiegare,entfalten,,,
84,v,cooc,WEAK,upgrade,promuovere,verbessern,,,
85,v,cooc,WEAK,value,valutare,schätzen,,,
86,v,cooc,WEAK,view,vedere,ansehen,,,
87,v,cooc,WEAK,want,cercare,wünschen,,,
