idx_group,pos,rel,weak,lex_en,lex_it,lex_de,score,bs_count,babel_synsets
0,n,head,,skamya bench,banco panca panchina,Bank Skamja Sitzbank,,1,bn:00009850n
1,n,sim,,shop,negozio,Geschäft,0.256,1,bn:00071215n
2,n,sim,,spot,posto,Stelle,0.256,1,bn:00062699n
3,n,sim,,club,club,Verein,0.246,1,bn:00020039n
4,n,sim,,player,giocatore,Spieler,0.242,1,bn:00060799n
5,n,sim,,stool,sgabello,Hocker,0.241,1,bn:00074427n
6,n,sim,,play,gioco,Spiel,0.238,2,bn:00007800n bn:00037180n
7,n,sim,,room,camera,Raum,0.236,1,bn:00068233n
8,n,sim,,coach,allenatore,Trainer,0.233,3,bn:00020120n bn:00077924n bn:00020119n
9,n,sim,,sofa,divano,Sofa,0.233,1,bn:00023101n
10,n,sim,,couch,divano,Couch,0.232,1,bn:00023101n
11,n,sim,,court,corte,Gericht,0.23,3,bn:00023308n bn:00023301n bn:00023302n
12,n,sim,,field,campo,Bereich,0.23,0,
13,n,sim,,performance,prestazione,Leistung,0.23,1,bn:00016286n
14,n,sim,,team,squadra,Team,0.23,2,bn:00030339n bn:00073699n
15,n,sim,,chamber,camera,Raum,0.228,1,bn:00068233n
16,n,sim,,fan,tifoso,Fan,0.226,1,bn:00033600n
17,n,sim,,game,gioco,Spiel,0.226,2,bn:00037182n bn:00037180n
18,n,sim,,squad,squadra,Mannschaft,0.226,1,bn:00073699n
19,n,sim,,position,posizione,Position,0.22,10,bn:00063707n bn:00061746n bn:00007048n bn:00010073n bn:00063704n bn:00063708n bn:00063703n bn:00062704n bn:00063706n bn:00054979n
20,n,sim,,success,successo,Erfolg,0.22,1,bn:00075023n
21,n,sim,,enclosure,recinto,Anlage,0.216,0,
22,n,sim,,office,ufficio,Amt,0.216,2,bn:00036823n bn:00001961n
23,n,sim,,standing,posizione,Position,0.215,0,
24,n,sim,,building,edificio,Gebäude,0.213,1,bn:00013722n
25,n,sim,,match,partita,Spiel,0.213,0,
26,n,sim,,chair,sedia,Stuhl,0.211,1,bn:00017515n
27,n,sim,,line,linea,Linie,0.21,4,bn:00014457n bn:00051294n bn:00051289n bn:00014165n
28,n,sim,,point,punto,Punkt,0.209,4,bn:00063218n bn:00063223n bn:00063214n bn:00036777n
29,n,sim,,situation,situazione,Situation,0.209,3,bn:00063707n bn:00071858n bn:00071869n
30,n,sim,,duty,servizio,Dienst,0.208,0,
31,n,sim,,house,casa,Haus,0.208,4,bn:00045000n bn:00000356n bn:00044994n bn:00029305n
32,n,sim,,man,uomo,Mann,0.208,1,bn:00001533n
33,n,sim,,figure,numero,Zahl,0.203,0,
34,n,sim,,home,casa,Haus,0.203,2,bn:00044994n bn:00000356n
35,n,sim,,selection,scelta,Wahl,0.198,2,bn:00018661n bn:00018660n
36,n,sim,,belt,cinta,Band,0.197,0,
37,n,sim,,space,spazio,Raum,0.197,2,bn:00053830n bn:00046665n
38,n,sim,,square,piazza,Platz,0.192,1,bn:00065099n
39,n,sim,,place,posto,Platz,0.187,1,bn:00062699n
40,n,sim,,contest,gara,Wettbewerb,0.18,1,bn:00021338n
41,n,sim,,net,rete,Netz,0.18,4,bn:00024712n bn:00034434n bn:00057367n bn:00054497n
42,n,sim,,opponent,avversario,Gegner,0.177,2,bn:00001582n bn:00059186n
43,n,sim,,porch,veranda,Veranda,0.176,1,bn:00063608n
44,n,sim,,tub,vasca,Wanne,0.176,0,
45,n,sim,,floor,piano,Fußboden,0.173,0,
46,n,sim,,furniture,arredamento,Möbel,0.172,1,bn:00006129n
47,n,sim,,desk,scrivania,Schreibtisch,0.171,1,bn:00026554n
48,n,sim,,unit,unità,Einheit,0.169,1,bn:00079106n
49,n,sim,,frame,telaio,Rahmen,0.168,1,bn:00036189n
50,n,sim,,mat,tappetino,Matte,0.166,0,
51,n,sim,,road,strada,Straße,0.166,1,bn:00067975n
52,n,sim,,street,strada,Straße,0.166,2,bn:00074595n bn:00067975n
53,n,sim,,council,consiglio,Rat,0.164,1,bn:00023119n
54,n,sim,,staff,personale,Personal,0.164,0,
55,n,sim,,cushion,cuscino,Kissen,0.163,1,bn:00024566n
56,n,sim,,fountain,fontana,Brunnen,0.162,1,bn:00036076n
57,n,sim,,terrace,terrazza,Terrasse,0.161,1,bn:00061019n
58,n,sim,,balcony,balcone,Balkon,0.16,1,bn:00008079n
59,n,sim,,pillow,cuscino,Kissen,0.16,1,bn:00062414n
60,n,sim,,shelf,scaffale,Regal,0.159,1,bn:00070999n
61,n,sim,,carpet,tappeto,Teppich,0.158,1,bn:00016205n
62,n,sim,,tile,piastrella,Fliese,0.158,1,bn:21705914n
63,n,sim,,cover,copertura,Abdeckung,0.156,0,
64,n,sim,,fireplace,camino,Kamin,0.156,1,bn:00034702n
65,n,sim,,bath,bagno,Badewanne,0.154,1,bn:00008992n
66,n,sim,,railing,ringhiera,Geländer,0.154,2,bn:00066008n bn:00042062n
67,n,sim,,sink,lavandino,Waschbecken,0.153,1,bn:00071766n
68,n,sim,,mattress,materasso,Matratze,0.151,1,bn:00053881n
69,n,sim,,lamp,lampada,Lampe,0.15,2,bn:00030151n bn:00045882n
70,n,sim,,pool,piscina,Schwimmbecken,0.147,1,bn:00056911n
71,n,sim,,rug,tappeto,Teppich,0.146,1,bn:00016205n
72,n,sim,,grill,griglia,Grill,0.145,4,bn:00041780n bn:00041795n bn:00013274n bn:00041796n
73,n,sim,,flooring,pavimentazione,Bodenbelag,0.143,1,bn:17814865n
74,n,sim,,interior,interno,Interieur,0.143,1,bn:15211951n
75,n,sim,,ramp,rampa,Rampe,0.143,1,bn:00046304n
76,n,sim,,seat,sede,Sitz,0.141,1,bn:00252195n
77,n,sim,,sidewalk,marciapiede,Gehweg,0.131,1,bn:00061084n
78,n,sim,,lighting,illuminazione,Beleuchtung,0.13,2,bn:00051155n bn:00051154n
79,n,sim,,cap,coperchio,Deckel,0.128,1,bn:00051011n
80,n,sim,,chassis,telaio,Chassis,0.092,1,bn:00078983n
1,n,sim,WEAK,back,schiena,Rückenlehne,,,
2,n,sim,WEAK,bar,bar,Leiste,,,
3,n,sim,WEAK,base,basamento,Sockel,,,
4,n,sim,WEAK,bathroom,bagno,Toilette,,,
5,n,sim,WEAK,beam,trave,Balken,,,
6,n,sim,WEAK,bed,letto,Grund,,,
7,n,sim,WEAK,board,consiglio,Vorstand,,,
8,n,sim,WEAK,boat,barca,Schiff,,,
9,n,sim,WEAK,booth,cabina,Hütte,,,
10,n,sim,WEAK,bottom,fondo,Ende,,,
11,n,sim,WEAK,bridge,ponte,Steg,,,
12,n,sim,WEAK,cabin,cabina,Hütte,,,
13,n,sim,WEAK,cabinet,mobile,Schrank,,,
14,n,sim,WEAK,card,scheda,Karte,,,
15,n,sim,WEAK,center,centro,Platz,,,
16,n,sim,WEAK,centre,centro,Platz,,,
17,n,sim,WEAK,chance,occasione,Möglichkeit,,,
18,n,sim,WEAK,chest,cassa,Truhe,,,
19,n,sim,WEAK,class,classe,Gruppe,,,
20,n,sim,WEAK,counter,banco,Theke,,,
21,n,sim,WEAK,crowd,massa,Volk,,,
22,n,sim,WEAK,deck,ponte,Terrasse,,,
23,n,sim,WEAK,display,schermo,Entwicklung,,,
24,n,sim,WEAK,end,finale,Ende,,,
25,n,sim,WEAK,equipment,apparecchiatura,Gerät,,,
26,n,sim,WEAK,facility,infrastruttura,Einrichtung,,,
27,n,sim,WEAK,fence,recinto,Zaun,,,
28,n,sim,WEAK,finish,finale,Ende,,,
29,n,sim,WEAK,fixture,apparecchiatura,Spiel,,,
30,n,sim,WEAK,form,modulo,Form,,,
31,n,sim,WEAK,goal,porta,Ziel,,,
32,n,sim,WEAK,green,prato,Grünfläche,,,
33,n,sim,WEAK,ground,terreno,Grund,,,
34,n,sim,WEAK,half,mezzo,Seite,,,
35,n,sim,WEAK,hall,sala,Diele,,,
36,n,sim,WEAK,hand,mano,Seite,,,
37,n,sim,WEAK,handle,maniglia,Bügel,,,
38,n,sim,WEAK,head,testa,Krise,,,
39,n,sim,WEAK,job,posto,Arbeit,,,
40,n,sim,WEAK,league,associazione,Bund,,,
41,n,sim,WEAK,list,lista,Programm,,,
42,n,sim,WEAK,manager,dirigente,Trainer,,,
43,n,sim,WEAK,mark,voto,Marke,,,
44,n,sim,WEAK,meeting,riunione,Veranstaltung,,,
45,n,sim,WEAK,monitor,consigliere,Mitarbeiter,,,
46,n,sim,WEAK,mount,montagna,Rahmen,,,
47,n,sim,WEAK,mounting,allestimento,Sockel,,,
48,n,sim,WEAK,pack,pacchetto,Spiel,,,
49,n,sim,WEAK,pad,tampone,Kissen,,,
50,n,sim,WEAK,panel,pannello,Verkleidung,,,
51,n,sim,WEAK,park,parco,Anlage,,,
52,n,sim,WEAK,pavement,marciapiede,Pflaster,,,
53,n,sim,WEAK,pile,palo,Arbeit,,,
54,n,sim,WEAK,pillar,pilastro,Stütze,,,
55,n,sim,WEAK,pitch,punto,Platz,,,
56,n,sim,WEAK,plate,piastra,Schild,,,
57,n,sim,WEAK,platform,piattaforma,Tribüne,,,
58,n,sim,WEAK,pole,palo,Mast,,,
59,n,sim,WEAK,possession,bene,Kontrolle,,,
60,n,sim,WEAK,post,posto,Post,,,
61,n,sim,WEAK,press,stampa,Verlag,,,
62,n,sim,WEAK,rack,scaffale,Gestell,,,
63,n,sim,WEAK,rail,binario,Geländer,,,
64,n,sim,WEAK,record,disco,Dokument,,,
65,n,sim,WEAK,ring,anello,Gruppe,,,
66,n,sim,WEAK,roof,tetto,Überdachung,,,
67,n,sim,WEAK,round,turno,Kreis,,,
68,n,sim,WEAK,run,corsa,Reihe,,,
69,n,sim,WEAK,scene,scena,Bild,,,
70,n,sim,WEAK,schedule,programma,Plan,,,
71,n,sim,WEAK,score,punto,Ergebnis,,,
72,n,sim,WEAK,screen,schermo,Schirm,,,
73,n,sim,WEAK,section,sezione,Teil,,,
74,n,sim,WEAK,set,gruppo,Reihe,,,
75,n,sim,WEAK,shelter,pensilina,Wartehäuschen,,,
76,n,sim,WEAK,side,squadra,Seite,,,
77,n,sim,WEAK,slide,scivolo,Schlitten,,,
78,n,sim,WEAK,stand,posizione,Ständer,,,
79,n,sim,WEAK,station,stazione,Platz,,,
80,n,sim,WEAK,strip,fascia,Leiste,,,
81,n,sim,WEAK,tank,vasca,Tank,,,
82,n,sim,WEAK,toilet,bagno,Toilette,,,
83,n,sim,WEAK,top,testa,Deckel,,,
84,n,sim,WEAK,track,pista,Weg,,,
85,n,sim,WEAK,trail,pista,Weg,,,
86,n,sim,WEAK,wheel,ruota,Steuer,,,
87,n,sim,WEAK,wing,ala,Kotflügel,,,
88,n,sim,WEAK,yard,cantiere,Platz,,,
89,n,sim,WEAK,zone,fascia,Bereich,,,
1,n,cooc,,table,tavolo,Tisch,0.58,2,bn:00075814n bn:00075813n
2,n,cooc,,seat,sedile,Sitz,0.508,1,bn:00070066n
3,n,cooc,,chair,sedia,Stuhl,0.494,1,bn:00017515n
4,n,cooc,,stool,sgabello,Hocker,0.483,1,bn:00074427n
5,n,cooc,,shelf,scaffale,Regal,0.45,1,bn:00070999n
6,n,cooc,,tree,albero,Baum,0.445,1,bn:00078131n
7,n,cooc,,rack,scaffale,Regal,0.443,0,
8,n,cooc,,gazebo,gazebo,Pavillon,0.438,1,bn:00037552n
9,n,cooc,,railing,ringhiera,Geländer,0.428,2,bn:00066008n bn:00042062n
10,n,cooc,,fountain,fontana,Brunnen,0.419,1,bn:00036076n
11,n,cooc,,cushion,cuscino,Polster,0.413,0,
12,n,cooc,,fence,staccionata,Zaun,0.413,0,
13,n,cooc,,armchair,poltrona,Sessel,0.41,1,bn:00005729n
14,n,cooc,,pew,banco,Bank,0.393,0,
15,n,cooc,,lighting,illuminazione,Beleuchtung,0.382,2,bn:00051155n bn:00051154n
16,n,cooc,,handrail,corrimano,Geländer,0.38,2,bn:00008247n bn:00066008n
17,n,cooc,,wall,parete,Wand,0.335,2,bn:00080386n bn:00060663n
18,n,cooc,,bed,letto,Bett,0.319,2,bn:00009472n bn:00009474n
19,n,cooc,,wood,legno,Holz,0.311,1,bn:00081492n
20,n,cooc,,equipment,attrezzatura,Ausstattung,0.305,1,bn:00031322n
21,n,cooc,,piece,parte,Teil,0.263,1,bn:05990477n
22,n,cooc,,path,sentiero,Weg,0.249,1,bn:15485216n
23,n,cooc,,pathway,sentiero,Weg,0.236,0,
24,n,cooc,,kitchen,cucina,Küche,0.227,1,bn:00049248n
25,n,cooc,,trail,sentiero,Weg,0.226,1,bn:00077905n
26,n,cooc,,floor,piano,Boden,0.212,0,
1,n,cooc,WEAK,bar,bar,Theke,,,
2,n,cooc,WEAK,can,bidone,Mülleimer,,,
3,n,cooc,WEAK,case,cassa,Fall,,,
4,n,cooc,WEAK,circuit,giro,Bereich,,,
5,n,cooc,WEAK,control,comando,Kontrolle,,,
6,n,cooc,WEAK,counsel,consiglio,Rechtsanwalt,,,
7,n,cooc,WEAK,counter,banco,Theke,,,
8,n,cooc,WEAK,desk,scrivania,Tisch,,,
9,n,cooc,WEAK,division,serie,Liga,,,
10,n,cooc,WEAK,duty,servizio,Verpflichtung,,,
11,n,cooc,WEAK,front,fronte,Stirnseite,,,
12,n,cooc,WEAK,judgement,valutazione,Urteil,,,
13,n,cooc,WEAK,judgment,valutazione,Urteil,,,
14,n,cooc,WEAK,ledge,ripiano,Kante,,,
15,n,cooc,WEAK,machine,macchina,Automat,,,
16,n,cooc,WEAK,option,scelta,Möglichkeit,,,
17,n,cooc,WEAK,order,comando,Auftrag,,,
18,n,cooc,WEAK,park,parco,Anlage,,,
19,n,cooc,WEAK,play,gioco,Spielraum,,,
20,n,cooc,WEAK,point,punto,Spitze,,,
21,n,cooc,WEAK,role,parte,Rolle,,,
22,n,cooc,WEAK,roller,rotella,Rolle,,,
23,n,cooc,WEAK,shade,ombra,Farbe,,,
24,n,cooc,WEAK,stand,bancarella,Tribüne,,,
25,n,cooc,WEAK,step,gradino,Trittbrett,,,
26,n,cooc,WEAK,strength,resistenza,Macht,,,
27,n,cooc,WEAK,test,prova,Kontrolle,,,
28,n,cooc,WEAK,top,testa,Spitze,,,
29,n,cooc,WEAK,track,pista,Weg,,,
30,n,cooc,WEAK,unit,gruppo,Anlage,,,
1,adj,cooc,,adjustable,regolabile,verstellbar,0.391,0,
2,adj,cooc,,circular,circolare,kreisförmig,0.352,0,
3,adj,cooc,,rustic,rustico,rustikal,0.346,0,
4,adj,cooc,,easy,comodo,bequem,0.283,0,
5,adj,cooc,,uncomfortable,scomodo,unbequem,0.28,0,
6,adj,cooc,,great,grosso,groß,0.277,0,
7,adj,cooc,,big,grosso,groß,0.273,1,bn:00098342a
8,adj,cooc,,narrow,stretto,schmal,0.243,0,
9,adj,cooc,,long,lungo,lang,0.242,1,bn:00106124a
10,adj,cooc,,only,solo,einzig,0.24,0,
11,adj,cooc,,solid,solido,solide,0.233,0,
12,adj,cooc,,comfortable,confortevole,komfortabel,0.226,2,bn:00100067a bn:00100070a
13,adj,cooc,,large,grosso,groß,0.22,1,bn:00098342a
14,adj,cooc,,appropriate,appropriato,angebracht,0.174,1,bn:00111427a
15,adj,cooc,,small,piccolo,klein,0.132,0,
16,adj,cooc,,available,disponibile,vorhanden,0.106,0,
1,adj,cooc,WEAK,back,posteriore,rückwärtig,,,
2,adj,cooc,WEAK,bare,nudo,bar,,,
3,adj,cooc,WEAK,clear,libero,direkt,,,
4,adj,cooc,WEAK,deep,largo,stark,,,
5,adj,cooc,WEAK,different,nuovo,verschieden,,,
6,adj,cooc,WEAK,fantastic,fantastico,wunderlich,,,
7,adj,cooc,WEAK,full,pieno,besetzt,,,
8,adj,cooc,WEAK,heavy,pesante,stark,,,
9,adj,cooc,WEAK,light,leggero,schwach,,,
10,adj,cooc,WEAK,low,basso,klein,,,
11,adj,cooc,WEAK,near,vicino,groß,,,
12,adj,cooc,WEAK,open,libero,öffentlich,,,
13,adj,cooc,WEAK,opposite,inverso,gegenüberliegend,,,
14,adj,cooc,WEAK,perfect,vero,direkt,,,
15,adj,cooc,WEAK,rear,posteriore,rückwärtig,,,
16,adj,cooc,WEAK,short,corto,klein,,,
17,adj,cooc,WEAK,single,singolo,einzeln,,,
18,adj,cooc,WEAK,stable,stabile,sicher,,,
19,adj,cooc,WEAK,standard,classico,serienmäßig,,,
20,adj,cooc,WEAK,strong,robusto,stark,,,
21,adj,cooc,WEAK,sturdy,robusto,solide,,,
22,adj,cooc,WEAK,thin,leggero,schmal,,,
23,adj,cooc,WEAK,tough,duro,stark,,,
24,adj,cooc,WEAK,vacant,vacante,lang,,,
25,adj,cooc,WEAK,weak,leggero,schwach,,,
26,adj,cooc,WEAK,wide,largo,groß,,,
27,adj,cooc,WEAK,wooden,rigido,hölzern,,,
28,adj,cooc,WEAK,young,piccolo,neu,,,
1,v,cooc,,absorb,occupare,aufnehmen,0.421,0,
2,v,cooc,,hold,tenere,halten,0.402,1,bn:00089385v
3,v,cooc,,constitute,costituire,darstellen,0.379,1,bn:00083187v
4,v,cooc,,prove,provare,nachweisen,0.371,0,
5,v,cooc,,reject,rifiutare,ablehnen,0.353,1,bn:00086390v
6,v,cooc,,refuse,rifiutare,verweigern,0.349,0,
7,v,cooc,,press,stringere,drücken,0.345,0,
8,v,cooc,,sit,sedere,sitzen,0.343,0,
9,v,cooc,,deliver,consegnare,abgeben,0.342,0,
10,v,cooc,,occupy,occupare,besetzen,0.342,0,
11,v,cooc,,note,notare,beachten,0.337,0,
12,v,cooc,,crowd,affollare,drängen,0.325,0,
13,v,cooc,,accept,accettare,akzeptieren,0.317,3,bn:00082198v bn:00082197v bn:00082201v
14,v,cooc,,watch,guardare,beobachten,0.317,0,
15,v,cooc,,clear,liberare,räumen,0.31,0,
16,v,cooc,,position,posizionare,platzieren,0.302,0,
17,v,cooc,,leave,lasciare,verlassen,0.3,1,bn:00087845v
18,v,cooc,,move,spostare,bewegen,0.299,1,bn:00088912v
19,v,cooc,,strengthen,rinforzare,stärken,0.296,1,bn:00083317v
20,v,cooc,,run,correre,laufen,0.293,1,bn:00093170v
21,v,cooc,,quit,lasciare,verlassen,0.29,0,
22,v,cooc,,request,richiedere,anfordern,0.289,0,
23,v,cooc,,assemble,montare,montieren,0.288,1,bn:00082845v
24,v,cooc,,join,collegare,verbinden,0.286,0,
25,v,cooc,,mount,montare,montieren,0.285,0,
26,v,cooc,,race,correre,laufen,0.281,0,
27,v,cooc,,donate,donare,spenden,0.279,1,bn:00087156v
28,v,cooc,,purchase,acquistare,kaufen,0.269,1,bn:00084331v
29,v,cooc,,consider,considerare,betrachten,0.263,0,
30,v,cooc,,wait,aspettare,warten,0.261,1,bn:00089401v
31,v,cooc,,build,costruire,bauen,0.259,1,bn:00084198v
32,v,cooc,,construct,costruire,bauen,0.259,1,bn:00084198v
33,v,cooc,,order,ordinare,bestellen,0.257,0,
34,v,cooc,,install,installare,installieren,0.255,1,bn:00089785v
35,v,cooc,,play,giocare,spielen,0.253,2,bn:00091708v bn:00091711v
36,v,cooc,,stay,rimanere,bleiben,0.253,3,bn:00091562v bn:00092756v bn:00085719v
37,v,cooc,,swing,ruotare,schwingen,0.253,0,
38,v,cooc,,point,indicare,zeigen,0.236,0,
39,v,cooc,,locate,individuare,finden,0.235,0,
40,v,cooc,,step,andare,gehen,0.234,0,
41,v,cooc,,allow,consentire,gestatten,0.228,0,
42,v,cooc,,give,dare,geben,0.223,2,bn:00088815v bn:00088825v
43,v,cooc,,decide,decidere,entscheiden,0.222,2,bn:00082354v bn:00086370v
44,v,cooc,,fill,riempire,füllen,0.218,1,bn:00088177v
45,v,cooc,,follow,seguire,folgen,0.214,1,bn:00088020v
46,v,cooc,,help,aiutare,helfen,0.208,1,bn:00082481v
47,v,cooc,,accommodate,ospitare,unterbringen,0.203,1,bn:00082218v
48,v,cooc,,encircle,circondare,umgeben,0.2,1,bn:00083797v
49,v,cooc,,remove,rimuovere,entfernen,0.198,0,
50,v,cooc,,surround,circondare,umgeben,0.197,1,bn:00083797v
51,v,cooc,,make,fare,machen,0.183,3,bn:00084198v bn:00086008v bn:00086013v
52,v,cooc,,ask,chiedere,fragen,0.169,1,bn:00082819v
53,v,cooc,,use,utilizzare,verwenden,0.169,1,bn:00082705v
54,v,cooc,,replace,sostituire,ersetzen,0.157,2,bn:00092817v bn:00087802v
55,v,cooc,,design,progettare,entwerfen,0.149,0,
56,v,cooc,,tuck,mettere,stecken,0.099,0,
1,v,cooc,WEAK,agree,consentire,vereinbaren,,,
2,v,cooc,WEAK,appoint,designare,bestellen,,,
3,v,cooc,WEAK,approach,accedere,angehen,,,
4,v,cooc,WEAK,arrange,disporre,anordnen,,,
5,v,cooc,WEAK,ascend,salire,steigen,,,
6,v,cooc,WEAK,await,attendere,erwarten,,,
7,v,cooc,WEAK,bolt,abbandonare,schließen,,,
8,v,cooc,WEAK,carve,intagliare,schneiden,,,
9,v,cooc,WEAK,combine,abbinare,kombinieren,,,
10,v,cooc,WEAK,cry,piangere,klagen,,,
11,v,cooc,WEAK,cushion,imbottire,polstern,,,
12,v,cooc,WEAK,deal,servire,geben,,,
13,v,cooc,WEAK,decline,rifiutare,sinken,,,
14,v,cooc,WEAK,direct,indicare,richten,,,
15,v,cooc,WEAK,dismiss,rimuovere,kündigen,,,
16,v,cooc,WEAK,dispose,disporre,anordnen,,,
17,v,cooc,WEAK,empty,svuotare,räumen,,,
18,v,cooc,WEAK,end,chiudere,enden,,,
19,v,cooc,WEAK,erect,alzare,errichten,,,
20,v,cooc,WEAK,examine,riguardare,prüfen,,,
21,v,cooc,WEAK,explode,esplodere,sprengen,,,
22,v,cooc,WEAK,extend,allungare,erweitern,,,
23,v,cooc,WEAK,face,guardare,verkraften,,,
24,v,cooc,WEAK,feature,rappresentare,bringen,,,
25,v,cooc,WEAK,fix,fissare,befestigen,,,
26,v,cooc,WEAK,fold,avvolgere,klappen,,,
27,v,cooc,WEAK,form,formare,gestalten,,,
28,v,cooc,WEAK,frame,inquadrare,fassen,,,
29,v,cooc,WEAK,grant,dare,gewähren,,,
30,v,cooc,WEAK,grip,stringere,greifen,,,
31,v,cooc,WEAK,hear,sentire,verhandeln,,,
32,v,cooc,WEAK,impose,costringere,auferlegen,,,
33,v,cooc,WEAK,incline,inclinare,veranlassen,,,
34,v,cooc,WEAK,inquire,chiedere,erkundigen,,,
35,v,cooc,WEAK,instruct,ordinare,anweisen,,,
36,v,cooc,WEAK,invite,invitare,laden,,,
37,v,cooc,WEAK,issue,spiccare,erteilen,,,
38,v,cooc,WEAK,lead,portare,führen,,,
39,v,cooc,WEAK,lean,appoggiare,lehnen,,,
40,v,cooc,WEAK,line,allineare,begrenzen,,,
41,v,cooc,WEAK,mark,notare,zeichnen,,,
42,v,cooc,WEAK,mould,formare,gestalten,,,
43,v,cooc,WEAK,observe,notare,beobachten,,,
44,v,cooc,WEAK,pad,imbottire,füllen,,,
45,v,cooc,WEAK,paint,dipingere,streichen,,,
46,v,cooc,WEAK,pass,passare,gehen,,,
47,v,cooc,WEAK,place,mettere,platzieren,,,
48,v,cooc,WEAK,plan,progettare,planen,,,
49,v,cooc,WEAK,post,assegnare,verbuchen,,,
50,v,cooc,WEAK,read,ricevere,deuten,,,
51,v,cooc,WEAK,recline,reclinare,zurückstellen,,,
52,v,cooc,WEAK,refer,riguardare,verweisen,,,
53,v,cooc,WEAK,reserve,riservare,bestellen,,,
54,v,cooc,WEAK,rest,appoggiare,ausruhen,,,
55,v,cooc,WEAK,rule,regolare,entscheiden,,,
56,v,cooc,WEAK,say,indicare,sagen,,,
57,v,cooc,WEAK,scatter,spargere,verteilen,,,
58,v,cooc,WEAK,score,vincere,erzielen,,,
59,v,cooc,WEAK,seat,collocare,setzen,,,
60,v,cooc,WEAK,shoot,tirare,aufnehmen,,,
61,v,cooc,WEAK,site,collocare,anlegen,,,
62,v,cooc,WEAK,situate,situare,legen,,,
63,v,cooc,WEAK,slide,scivolare,rutschen,,,
64,v,cooc,WEAK,stock,tenere,führen,,,
65,v,cooc,WEAK,summon,chiamare,laden,,,
66,v,cooc,WEAK,tell,indicare,sagen,,,
67,v,cooc,WEAK,term,chiamare,bezeichnen,,,
68,v,cooc,WEAK,test,provare,prüfen,,,
69,v,cooc,WEAK,upholster,imbottire,polstern,,,
70,v,cooc,WEAK,utilize,utilizzare,nutzen,,,
71,v,cooc,WEAK,wear,portare,abtreten,,,
