idx_group,pos,rel,weak,lex_en,lex_it,lex_de,score,bs_count,babel_synsets
0,n,head,,justice justness,giustizia equità,Gerechtigkeit Billigkeit,,1,bn:00048668n
1,n,sim,,faith,fede,Glaube,0.369,2,bn:00032768n bn:00032770n
2,n,sim,,religion,religione,Religion,0.363,2,bn:00032768n bn:00032770n
3,n,sim,,freedom,libertà,Freiheit,0.36,1,bn:00050954n
4,n,sim,,peace,pace,Frieden,0.359,2,bn:00061149n bn:00060095n
5,n,sim,,belief,fede,Glaube,0.347,1,bn:00032768n
6,n,sim,,democracy,democrazia,Demokratie,0.345,1,bn:00021207n
7,n,sim,,liberty,libertà,Freiheit,0.333,1,bn:00050954n
8,n,sim,,science,scienza,Wissenschaft,0.331,1,bn:00069670n
9,n,sim,,violence,violenza,Gewalt,0.32,2,bn:00035772n bn:00034115n
10,n,sim,,existence,esistenza,Existenz,0.318,1,bn:00009676n
11,n,sim,,intelligence,intelligenza,Intelligenz,0.312,1,bn:00047025n
12,n,sim,,being,essere,Sein,0.311,2,bn:00009677n bn:00009676n
13,n,sim,,thinking,pensiero,Denken,0.311,1,bn:00017339n
14,n,sim,,will,volontà,Wille,0.311,1,bn:00080216n
15,n,sim,,health,salute,Gesundheit,0.31,1,bn:00043358n
16,n,sim,,consciousness,coscienza,Bewusstsein,0.308,1,bn:00007498n
17,n,sim,,truth,verità,Wahrheit,0.305,4,bn:00072816n bn:00000782n bn:00076789n bn:00078460n
18,n,sim,,authority,autorità,Autorität,0.304,1,bn:00007293n
19,n,sim,,love,amore,Liebe,0.302,1,bn:00052121n
20,n,sim,,trust,fiducia,Vertrauen,0.3,2,bn:02691972n bn:03732876n
21,n,sim,,reform,riforma,Reform,0.299,1,bn:00066830n
22,n,sim,,nature,natura,Natur,0.298,3,bn:00057016n bn:00075760n bn:00057017n
23,n,sim,,spirit,spirito,Geist,0.295,1,bn:00027551n
24,n,sim,,revolution,rivoluzione,Revolution,0.294,3,bn:00042360n bn:00067567n bn:00067568n
25,n,sim,,politics,politica,Politik,0.291,1,bn:00063351n
26,n,sim,,grace,grazia,Gnade,0.289,2,bn:00036349n bn:00041221n
27,n,sim,,recognition,riconoscimento,Anerkennung,0.289,1,bn:00066552n
28,n,sim,,happiness,felicità,Glück,0.286,2,bn:00042905n bn:00033981n
29,n,sim,,philosophy,filosofia,Philosophie,0.286,2,bn:00061984n bn:00028013n
30,n,sim,,reason,motivo,Vernunft,0.285,0,
31,n,sim,,tradition,tradizione,Tradition,0.285,2,bn:00077883n bn:00024592n
32,n,sim,,order,ordine,Ordnung,0.283,2,bn:00059307n bn:00059310n
33,n,sim,,individual,individuo,Individuum,0.282,1,bn:00046516n
34,n,sim,,responsibility,responsabilità,Verantwortung,0.28,2,bn:00029239n bn:00067370n
35,n,sim,,christ,cristo,Christus,0.278,1,bn:00018805n
36,n,sim,,reality,realtà,Wirklichkeit,0.278,1,bn:00066418n
37,n,sim,,culture,cultura,Kultur,0.277,1,bn:00024369n
38,n,sim,,security,sicurezza,Sicherheit,0.277,2,bn:00068799n bn:00070219n
39,n,sim,,wisdom,saggezza,Weisheit,0.275,1,bn:00069220n
40,n,sim,,institution,istituzione,Institution,0.274,2,bn:00046954n bn:00031641n
41,n,sim,,conduct,comportamento,Verhalten,0.273,2,bn:00009657n bn:00009656n
42,n,sim,,behavior,comportamento,Verhalten,0.272,2,bn:00009657n bn:00009656n
43,n,sim,,charity,carità,Nächstenliebe,0.272,1,bn:00013380n
44,n,sim,,conflict,conflitto,Konflikt,0.272,3,bn:00009080n bn:00021766n bn:00021769n
45,n,sim,,safety,sicurezza,Sicherheit,0.272,2,bn:00068799n bn:00070219n
46,n,sim,,nation,nazione,Nation,0.271,3,bn:00023235n bn:00023236n bn:00076734n
47,n,sim,,law,legge,Recht,0.27,2,bn:00050250n bn:00048655n
48,n,sim,,behaviour,comportamento,Verhalten,0.269,2,bn:00009657n bn:00009656n
49,n,sim,,policy,politica,Politik,0.269,1,bn:00063329n
50,n,sim,,economy,economia,Wirtschaft,0.267,1,bn:00029678n
51,n,sim,,economics,economia,Wirtschaft,0.266,0,
52,n,sim,,sustainability,sostenibilità,Nachhaltigkeit,0.264,1,bn:01083464n
53,n,sim,,morality,moralità,Moral,0.263,1,bn:00055860n
54,n,sim,,community,comunità,Gemeinschaft,0.257,1,bn:00021248n
55,n,sim,,unity,unità,Einheit,0.257,1,bn:00059005n
56,n,sim,,innovation,innovazione,Innovation,0.256,1,bn:00021551n
57,n,sim,,power,potere,Macht,0.255,1,bn:00063940n
58,n,sim,,commitment,impegno,Engagement,0.253,1,bn:00002819n
59,n,sim,,identity,identità,Identität,0.251,2,bn:00045825n bn:00045824n
60,n,sim,,sense,senso,Sinn,0.251,4,bn:00070494n bn:00070498n bn:00000657n bn:00070499n
61,n,sim,,solidarity,solidarietà,Solidarität,0.25,1,bn:00072727n
62,n,sim,,right,diritto,Recht,0.249,1,bn:00067807n
63,n,sim,,rule,regola,Herrschaft,0.249,0,
64,n,sim,,hope,speranza,Hoffnung,0.248,2,bn:00044737n bn:00044740n
65,n,sim,,act,atto,Handlung,0.247,1,bn:16082183n
66,n,sim,,environment,ambiente,Umwelt,0.247,1,bn:00031075n
67,n,sim,,engagement,impegno,Engagement,0.246,3,bn:00012127n bn:00002819n bn:00030844n
68,n,sim,,humanity,umanità,Menschheit,0.245,1,bn:00045153n
69,n,sim,,good,bene,Gut,0.244,1,bn:00021045n
70,n,sim,,meaning,senso,Sinn,0.244,0,
71,n,sim,,independence,indipendenza,Unabhängigkeit,0.241,1,bn:00046406n
72,n,sim,,communication,comunicazione,Kommunikation,0.24,1,bn:00021221n
73,n,sim,,future,futuro,Zukunft,0.24,2,bn:00036941n bn:00036942n
74,n,sim,,strength,forza,Stärke,0.239,1,bn:00074615n
75,n,sim,,diversity,diversità,Vielfalt,0.238,1,bn:00027862n
76,n,sim,,force,vigore,Gewalt,0.238,0,
77,n,sim,,principle,principio,Prinzip,0.238,1,bn:00064428n
78,n,sim,,stability,stabilità,Stabilität,0.238,0,
79,n,sim,,progress,progresso,Fortschritt,0.237,3,bn:00001557n bn:00001551n bn:00001548n
80,n,sim,,constitution,costituzione,Verfassung,0.236,1,bn:00022052n
81,n,sim,,understanding,comprensione,Verständnis,0.228,2,bn:00005134n bn:00021432n
82,n,sim,,freeness,libertà,Freiheit,0.226,0,
83,n,sim,,change,cambiamento,Veränderung,0.224,1,bn:00003125n
84,n,sim,,resource,risorsa,Ressource,0.223,1,bn:00067352n
85,n,sim,,learning,apprendimento,Lernen,0.222,1,bn:17277242n
86,n,sim,,wealth,ricchezza,Reichtum,0.222,1,bn:00080746n
87,n,sim,,opposition,opposizione,Widerstand,0.221,0,
88,n,sim,,awareness,consapevolezza,Bewusstsein,0.22,1,bn:00007498n
89,n,sim,,poverty,povertà,Armut,0.216,1,bn:00046157n
90,n,sim,,standard,standard,Norm,0.215,1,bn:00022335n
91,n,sim,,accountability,responsabilità,Rechenschaftspflicht,0.214,1,bn:00858646n
92,n,sim,,fact,fatto,Tatsache,0.214,2,bn:00032654n bn:00032655n
93,n,sim,,creativity,creatività,Kreativität,0.212,1,bn:00023659n
94,n,sim,,regulation,regolamento,Regulierung,0.212,1,bn:03570807n
95,n,sim,,protection,protezione,Schutz,0.209,2,bn:00071020n bn:00064838n
96,n,sim,,transparency,trasparenza,Transparenz,0.208,1,bn:00078038n
97,n,sim,,defense,difesa,Verteidigung,0.202,3,bn:00025880n bn:00025878n bn:00025871n
98,n,sim,,employment,occupazione,Beschäftigung,0.202,3,bn:00014138n bn:00030616n bn:00030625n
99,n,sim,,partnership,associazione,Partnerschaft,0.202,0,
100,n,sim,,perspective,prospettiva,Perspektive,0.201,1,bn:00051351n
101,n,sim,,ability,capacità,Fähigkeit,0.197,2,bn:00005193n bn:00000317n
102,n,sim,,competence,competenza,Kompetenz,0.196,1,bn:00021335n
103,n,sim,,welfare,benessere,Wohlergehen,0.191,1,bn:00031801n
104,n,sim,,cooperation,cooperazione,Zusammenarbeit,0.185,1,bn:00022452n
105,n,sim,,defence,difesa,Verteidigung,0.182,3,bn:00025880n bn:00025878n bn:00025871n
106,n,sim,,integration,integrazione,Integration,0.179,4,bn:00047010n bn:00026516n bn:00022007n bn:00047014n
107,n,sim,,agriculture,agricoltura,Landwirtschaft,0.178,1,bn:00002096n
108,n,sim,,humaneness,umanità,Menschlichkeit,0.178,0,
109,n,sim,,movement,movimento,Bewegung,0.178,3,bn:00036632n bn:00056030n bn:00056029n
110,n,sim,,situation,situazione,Sachlage,0.178,1,bn:00071869n
111,n,sim,,mobility,mobilità,Mobilität,0.176,1,bn:00766961n
112,n,sim,,cohesion,coesione,Zusammenhalt,0.175,1,bn:03340155n
113,n,sim,,opportunity,opportunità,Chance,0.174,1,bn:00017621n
114,n,sim,,equity,giustizia,Gerechtigkeit,0.17,1,bn:00048668n
115,n,sim,,dialogue,dialogo,Dialog,0.169,3,bn:00026835n bn:00026836n bn:00026834n
116,n,sim,,provision,approvvigionamento,Versorgung,0.167,1,bn:00064922n
117,n,sim,,integrity,integrità,Integrität,0.165,1,bn:00047017n
118,n,sim,,quality,qualità,Qualität,0.163,2,bn:00014731n bn:00065538n
119,n,sim,,improvement,miglioramento,Verbesserung,0.161,1,bn:00046191n
120,n,sim,,infrastructure,infrastruttura,Infrastruktur,0.158,2,bn:00046727n bn:00008794n
121,n,sim,,lucidity,lucidità,Klarheit,0.15,1,bn:00019459n
122,n,sim,,co-operation,cooperazione,Zusammenarbeit,0.142,0,
123,n,sim,,tourism,turismo,Tourismus,0.142,1,bn:00077747n
124,n,sim,,openess,apertura,Offenheit,0.135,0,
125,n,sim,,rights,diritti,Rechte,0.135,1,bn:00067807n
126,n,sim,,advisability,opportunità,Zweckmäßigkeit,0.13,0,
127,n,sim,,perspicuity,chiarezza,Klarheit,0.129,0,
128,n,sim,,efficiency,efficienza,Leistungsfähigkeit,0.127,0,
129,n,sim,,expediency,opportunità,Zweckmäßigkeit,0.127,0,
130,n,sim,,foreseeability,prevedibilità,Vorhersehbarkeit,0.125,0,
131,n,sim,,plainness,chiarezza,Klarheit,0.122,0,
132,n,sim,,rectitude,rettitudine,Rechtschaffenheit,0.122,1,bn:14362002n
133,n,sim,,clearness,chiarezza,Klarheit,0.118,1,bn:00019459n
134,n,sim,,appropriateness,appropriatezza,Angemessenheit,0.113,1,bn:00005153n
135,n,sim,,objectiveness,obiettività,Objektivität,0.112,0,
136,n,sim,,reasonableness,ragionevolezza,Angemessenheit,0.109,0,
137,n,sim,,pureness,purezza,Lauterkeit,0.107,0,
138,n,sim,,reasonability,ragionevolezza,Angemessenheit,0.105,0,
139,n,sim,,expedience,convenienza,Zweckmäßigkeit,0.1,0,
140,n,sim,,proportionality,proporzionalità,Verhältnismäßigkeit,0.1,0,
141,n,sim,,genuineness,autenticità,Echtheit,0.097,1,bn:00037778n
142,n,sim,,universality,universalità,Universalität,0.097,1,bn:00016781n
143,n,sim,,correctness,correttezza,Korrektheit,0.095,1,bn:02918442n
144,n,sim,,believability,credibilità,Glaubwürdigkeit,0.089,1,bn:00009718n
145,n,sim,,impartiality,imparzialità,Unparteilichkeit,0.083,0,
146,n,sim,,nonpartisanship,imparzialità,Unparteilichkeit,0.083,0,
147,n,sim,,trustworthiness,attendibilità,Vertrauenswürdigkeit,0.079,0,
148,n,sim,,non-partisanship,imparzialità,Unparteilichkeit,0.073,0,
1,n,sim,WEAK,action,azione,Handeln,,,
2,n,sim,WEAK,affair,affare,Verhältnis,,,
3,n,sim,WEAK,aid,aiuto,Förderung,,,
4,n,sim,WEAK,assessment,valutazione,Abwägung,,,
5,n,sim,WEAK,association,associazione,Umgang,,,
6,n,sim,WEAK,body,struttura,Stärke,,,
7,n,sim,WEAK,candor,sincerità,Offenheit,,,
8,n,sim,WEAK,candour,sincerità,Offenheit,,,
9,n,sim,WEAK,care,diligenza,Pflege,,,
10,n,sim,WEAK,consideration,valutazione,Rücksichtnahme,,,
11,n,sim,WEAK,control,autorità,Herrschaft,,,
12,n,sim,WEAK,decency,decoro,Anstand,,,
13,n,sim,WEAK,decision,decisione,Erkenntnis,,,
14,n,sim,WEAK,development,sviluppo,Weiterentwicklung,,,
15,n,sim,WEAK,education,istruzione,Bildung,,,
16,n,sim,WEAK,equality,parità,Gleichheit,,,
17,n,sim,WEAK,establishment,istituzione,Bildung,,,
18,n,sim,WEAK,even-handedness,imparzialità,Gleichmäßigkeit,,,
19,n,sim,WEAK,evenhandedness,imparzialità,Gleichmäßigkeit,,,
20,n,sim,WEAK,evolution,evoluzione,Bewegung,,,
21,n,sim,WEAK,family,famiglia,Geschlecht,,,
22,n,sim,WEAK,group,gruppo,Gemeinschaft,,,
23,n,sim,WEAK,humbleness,umiltà,Einfachheit,,,
24,n,sim,WEAK,investigation,indagine,Forschung,,,
25,n,sim,WEAK,job,lavoro,Arbeitsplatz,,,
26,n,sim,WEAK,judgment,sentenza,Verstand,,,
27,n,sim,WEAK,jurisdiction,giurisdizione,Kompetenz,,,
28,n,sim,WEAK,knowledge,conoscenza,Erkenntnis,,,
29,n,sim,WEAK,manner,modo,Haltung,,,
30,n,sim,WEAK,matter,materia,Ding,,,
31,n,sim,WEAK,need,dovere,Notwendigkeit,,,
32,n,sim,WEAK,organisation,organizzazione,Ordnung,,,
33,n,sim,WEAK,organization,organizzazione,Ordnung,,,
34,n,sim,WEAK,participation,intervento,Partizipation,,,
35,n,sim,WEAK,plausibility,ragionevolezza,Plausibilität,,,
36,n,sim,WEAK,priority,precedenza,Dringlichkeit,,,
37,n,sim,WEAK,public,pubblico,Volk,,,
38,n,sim,WEAK,research,indagine,Forschung,,,
39,n,sim,WEAK,resolution,decisione,Lösung,,,
40,n,sim,WEAK,rightfulness,legittimità,Rechtmäßigkeit,,,
41,n,sim,WEAK,rightness,correttezza,Rechtmäßigkeit,,,
42,n,sim,WEAK,service,servizio,Verdienst,,,
43,n,sim,WEAK,soundness,solidità,Gesundheit,,,
44,n,sim,WEAK,state,stato,Verfassung,,,
45,n,sim,WEAK,straightforwardness,rettitudine,Einfachheit,,,
46,n,sim,WEAK,support,sostegno,Förderung,,,
47,n,sim,WEAK,tenability,sostenibilità,Vertretbarkeit,,,
48,n,sim,WEAK,thoroughness,precisione,Sorgfalt,,,
49,n,sim,WEAK,training,formazione,Erziehung,,,
50,n,sim,WEAK,union,unione,Harmonie,,,
51,n,sim,WEAK,uprightness,rigore,Rechtschaffenheit,,,
52,n,sim,WEAK,work,lavoro,Wirken,,,
53,n,sim,WEAK,youth,giovane,Jugend,,,
1,n,cooc,,truth,verità,Wahrheit,0.611,4,bn:00072816n bn:00000782n bn:00076789n bn:00078460n
2,n,cooc,,reasonableness,ragionevolezza,Angemessenheit,0.58,0,
3,n,cooc,,mercy,misericordia,Barmherzigkeit,0.548,1,bn:22860508n
4,n,cooc,,unjustness,ingiustizia,Ungerechtigkeit,0.544,1,bn:00046793n
5,n,cooc,,dignity,dignità,Würde,0.526,1,bn:00027103n
6,n,cooc,,democracy,democrazia,Demokratie,0.52,1,bn:00021207n
7,n,cooc,,peace,pace,Frieden,0.519,2,bn:00061149n bn:00060095n
8,n,cooc,,right,diritto,Recht,0.516,1,bn:00067807n
9,n,cooc,,sustainability,sostenibilità,Nachhaltigkeit,0.509,1,bn:01083464n
10,n,cooc,,reconciliation,riconciliazione,Versöhnung,0.504,0,
11,n,cooc,,love,amore,Liebe,0.494,1,bn:00052121n
12,n,cooc,,righteousness,giustizia,Gerechtigkeit,0.492,0,
13,n,cooc,,freedom,libertà,Freiheit,0.488,1,bn:00050954n
14,n,cooc,,charity,carità,Nächstenliebe,0.481,1,bn:00013380n
15,n,cooc,,question,questione,Frage,0.474,0,
16,n,cooc,,compassion,compassione,Barmherzigkeit,0.471,0,
17,n,cooc,,solidarity,solidarietà,Solidarität,0.471,1,bn:00072727n
18,n,cooc,,transparency,trasparenza,Transparenz,0.471,1,bn:00078038n
19,n,cooc,,appropriateness,appropriatezza,Angemessenheit,0.468,1,bn:00005153n
20,n,cooc,,security,sicurezza,Sicherheit,0.465,2,bn:00068799n bn:00070219n
21,n,cooc,,humanity,umanità,Menschlichkeit,0.46,1,bn:00045172n
22,n,cooc,,kindness,bontà,Güte,0.46,0,
23,n,cooc,,rightness,correttezza,Richtigkeit,0.457,1,bn:00022853n
24,n,cooc,,court,tribunale,Gericht,0.456,3,bn:00023308n bn:00023301n bn:00023302n
25,n,cooc,,law,legge,Recht,0.456,2,bn:00050250n bn:00048655n
26,n,cooc,,cohesion,coesione,Zusammenhalt,0.452,1,bn:03340155n
27,n,cooc,,holiness,santità,Heiligkeit,0.452,1,bn:00044420n
28,n,cooc,,virtue,virtù,Tugend,0.45,1,bn:00055848n
29,n,cooc,,fairness,equità,Fairness,0.449,2,bn:00031334n bn:00048668n
30,n,cooc,,accountability,responsabilità,Verantwortlichkeit,0.447,1,bn:00000751n
31,n,cooc,,safety,sicurezza,Sicherheit,0.447,2,bn:00068799n bn:00070219n
32,n,cooc,,liberty,libertà,Freiheit,0.446,1,bn:00050954n
33,n,cooc,,tolerance,tolleranza,Toleranz,0.444,2,bn:00077517n bn:00077518n
34,n,cooc,,respect,rispetto,Respekt,0.438,2,bn:00031654n bn:00066866n
35,n,cooc,,morality,moralità,Moral,0.437,1,bn:00055860n
36,n,cooc,,revenge,vendetta,Rache,0.431,2,bn:00061113n bn:00067427n
37,n,cooc,,vengeance,vendetta,Rache,0.428,2,bn:00061113n bn:00067427n
38,n,cooc,,diversity,diversità,Vielfalt,0.42,1,bn:00027862n
39,n,cooc,,moderation,moderazione,Mäßigung,0.417,1,bn:00055459n
40,n,cooc,,principle,principio,Prinzip,0.417,1,bn:00064428n
41,n,cooc,,reparation,risarcimento,Wiedergutmachung,0.416,0,
42,n,cooc,,wisdom,saggezza,Weisheit,0.415,1,bn:00069220n
43,n,cooc,,goodness,bontà,Güte,0.412,0,
44,n,cooc,,injustice,ingiustizia,Ungerechtigkeit,0.41,1,bn:00046793n
45,n,cooc,,responsibility,responsabilità,Verantwortung,0.41,2,bn:00029239n bn:00067370n
46,n,cooc,,honesty,onestà,Ehrlichkeit,0.407,1,bn:00044620n
47,n,cooc,,commission,commissione,Auftrag,0.404,0,
48,n,cooc,,politics,politica,Politik,0.401,1,bn:00063351n
49,n,cooc,,progress,progresso,Fortschritt,0.401,3,bn:00001557n bn:00001551n bn:00001548n
50,n,cooc,,honor,onore,Ehre,0.399,1,bn:00044654n
51,n,cooc,,development,sviluppo,Entwicklung,0.392,1,bn:07804057n
52,n,cooc,,protection,protezione,Schutz,0.391,2,bn:00071020n bn:00064838n
53,n,cooc,,order,ordine,Ordnung,0.39,2,bn:00059307n bn:00059310n
54,n,cooc,,honour,onore,Ehre,0.387,1,bn:00044654n
55,n,cooc,,propriety,correttezza,Richtigkeit,0.387,0,
56,n,cooc,,reason,ragione,Grund,0.38,4,bn:00066443n bn:00041881n bn:00016851n bn:00066444n
57,n,cooc,,welfare,benessere,Wohlfahrt,0.379,1,bn:00031801n
58,n,cooc,,judiciary,magistratura,Justiz,0.378,1,bn:00048503n
59,n,cooc,,forgiveness,perdono,Vergebung,0.375,2,bn:00035898n bn:00035897n
60,n,cooc,,faith,fede,Glaube,0.373,2,bn:00032768n bn:00032770n
61,n,cooc,,governance,governance,Verwaltung,0.371,1,bn:00001423n
62,n,cooc,,liberation,liberazione,Befreiung,0.366,1,bn:00036396n
63,n,cooc,,punishment,pena,Strafe,0.364,1,bn:00061325n
64,n,cooc,,justice,giustizia,Gerechtigkeit,0.363,2,bn:00048669n bn:00048668n
65,n,cooc,,correctness,correttezza,Richtigkeit,0.361,1,bn:00022853n
66,n,cooc,,service,servizio,Dienst,0.359,1,bn:00070651n
67,n,cooc,,judgement,sentenza,Beurteilung,0.358,1,bn:00048496n
68,n,cooc,,judgment,sentenza,Beurteilung,0.358,1,bn:00048496n
69,n,cooc,,tribunal,tribunale,Gericht,0.357,1,bn:00023301n
70,n,cooc,,issue,problema,Problem,0.353,0,
71,n,cooc,,compensation,compensazione,Entschädigung,0.352,1,bn:00021329n
72,n,cooc,,sense,senso,Sinn,0.352,4,bn:00070494n bn:00070498n bn:00000657n bn:00070499n
73,n,cooc,,administration,amministrazione,Verwaltung,0.349,5,bn:00027355n bn:00053116n bn:00001424n bn:00001423n bn:00001422n
74,n,cooc,,opportunity,opportunità,Chance,0.349,1,bn:00017621n
75,n,cooc,,policy,politica,Politik,0.335,1,bn:00063329n
76,n,cooc,,argument,argomento,Argument,0.32,2,bn:00005604n bn:00005600n
77,n,cooc,,economy,economia,Wirtschaftlichkeit,0.319,0,
78,n,cooc,,assessment,valutazione,Beurteilung,0.27,0,
79,n,cooc,,sector,settore,Bereich,0.248,0,
80,n,cooc,,programme,programma,Programm,0.206,2,bn:00013235n bn:00021492n
81,n,cooc,,improvement,miglioramento,Verbesserung,0.2,1,bn:00046191n
82,n,cooc,,necessity,necessità,Notwendigkeit,0.167,1,bn:01444232n
1,n,cooc,WEAK,act,legge,Akt,,,
2,n,cooc,WEAK,advocate,difensore,Anwalt,,,
3,n,cooc,WEAK,affair,affare,Sache,,,
4,n,cooc,WEAK,bureau,dipartimento,Behörde,,,
5,n,cooc,WEAK,conduct,direzione,Tun,,,
6,n,cooc,WEAK,courage,valore,Tapferkeit,,,
7,n,cooc,WEAK,crime,reato,Tat,,,
8,n,cooc,WEAK,culture,cultura,Bildung,,,
9,n,cooc,WEAK,defence,difesa,Rechtfertigung,,,
10,n,cooc,WEAK,defense,difesa,Rechtfertigung,,,
11,n,cooc,WEAK,department,dipartimento,Bereich,,,
12,n,cooc,WEAK,education,istruzione,Bildung,,,
13,n,cooc,WEAK,empowerment,potere,Stärkung,,,
14,n,cooc,WEAK,equality,parità,Gleichheit,,,
15,n,cooc,WEAK,equity,equità,Gerechtigkeit,,,
16,n,cooc,WEAK,foundation,istituzione,Grundlage,,,
17,n,cooc,WEAK,harmony,accordo,Harmonie,,,
18,n,cooc,WEAK,inclusion,inclusione,Zurechnung,,,
19,n,cooc,WEAK,individual,individuo,Mensch,,,
20,n,cooc,WEAK,integrity,integrità,Einheit,,,
21,n,cooc,WEAK,matter,questione,Sache,,,
22,n,cooc,WEAK,opinion,giudizio,Ansicht,,,
23,n,cooc,WEAK,play,attività,Stück,,,
24,n,cooc,WEAK,poverty,necessità,Armut,,,
25,n,cooc,WEAK,provision,costruzione,Bestimmung,,,
26,n,cooc,WEAK,prudence,prudenza,Klugheit,,,
27,n,cooc,WEAK,rule,norma,Regel,,,
28,n,cooc,WEAK,settlement,composizione,Ausgleich,,,
29,n,cooc,WEAK,society,mondo,Gesellschaft,,,
30,n,cooc,WEAK,trial,processo,Prüfung,,,
31,n,cooc,WEAK,unity,unione,Einheit,,,
1,adj,cooc,,social,sociale,sozial,0.633,0,
2,adj,cooc,,divine,divino,göttlich,0.538,1,bn:00101642a
3,adj,cooc,,distributive,distributivo,verteilend,0.499,0,
4,adj,cooc,,intergenerational,intergenerazionale,intergenerational,0.433,1,bn:13716751a
5,adj,cooc,,poetic,poetico,poetisch,0.392,3,bn:00108733a bn:00108730a bn:00108731a
6,adj,cooc,,procedural,procedurale,prozedural,0.379,0,
7,adj,cooc,,punitive,punitivo,strafend,0.362,1,bn:00109237a
8,adj,cooc,,global,globale,weltweit,0.337,2,bn:00100536a bn:00103624a
9,adj,cooc,,eternal,eterno,ewig,0.335,1,bn:00096562a
10,adj,cooc,,impartial,imparziale,unparteiisch,0.332,0,
11,adj,cooc,,true,vero,wahr,0.33,1,bn:00112146a
12,adj,cooc,,universal,universale,universal,0.327,2,bn:00100536a bn:00112911a
13,adj,cooc,,fair,equo,gerecht,0.308,0,
14,adj,cooc,,equitable,equo,gerecht,0.303,0,
15,adj,cooc,,strict,rigoroso,streng,0.301,0,
16,adj,cooc,,infinite,infinito,unendlich,0.295,1,bn:00105064a
17,adj,cooc,,international,internazionale,international,0.289,2,bn:00105294a bn:00102626a
18,adj,cooc,,harsh,severo,streng,0.282,0,
19,adj,cooc,,major,grande,groß,0.282,0,
20,adj,cooc,,merciful,misericordioso,barmherzig,0.268,1,bn:00106612a
21,adj,cooc,,cosmic,cosmico,kosmisch,0.266,1,bn:00100530a
22,adj,cooc,,abstract,astratto,abstrakt,0.263,0,
23,adj,cooc,,economic,economico,wirtschaftlich,0.261,0,
24,adj,cooc,,absolute,assoluto,absolut,0.24,0,
25,adj,cooc,,great,grande,groß,0.215,0,
26,adj,cooc,,natural,naturale,natürlich,0.185,1,bn:00107151a
1,adj,cooc,WEAK,complete,perfetto,vollständig,,,
2,adj,cooc,WEAK,distinct,diverso,individuell,,,
3,adj,cooc,WEAK,effective,efficace,tatsächlich,,,
4,adj,cooc,WEAK,environmental,ambientale,ökologisch,,,
5,adj,cooc,WEAK,full,pieno,vollständig,,,
6,adj,cooc,WEAK,paramount,supremo,übergeordnet,,,
7,adj,cooc,WEAK,perfect,perfetto,vollkommen,,,
8,adj,cooc,WEAK,pure,mero,hundertprozentig,,,
9,adj,cooc,WEAK,real,reale,wirklich,,,
10,adj,cooc,WEAK,retributive,retributivo,vergeltend,,,
11,adj,cooc,WEAK,substantial,sostanziale,wirklich,,,
12,adj,cooc,WEAK,substantive,sostanziale,materiell,,,
13,adj,cooc,WEAK,sure,certo,gewiss,,,
1,v,cooc,,pursue,perseguire,verfolgen,0.402,0,
2,v,cooc,,ensure,garantire,gewährleisten,0.377,1,bn:00082812v
3,v,cooc,,restore,ripristinare,wiederherstellen,0.377,1,bn:00092614v
4,v,cooc,,do,fare,tun,0.368,1,bn:00082286v
5,v,cooc,,triumph,trionfare,triumphieren,0.365,0,
6,v,cooc,,punish,punire,bestrafen,0.361,0,
7,v,cooc,,hinder,ostacolare,behindern,0.354,0,
8,v,cooc,,condemn,condannare,verdammen,0.348,0,
9,v,cooc,,serve,servire,dienen,0.346,1,bn:00082867v
10,v,cooc,,practice,praticare,üben,0.344,0,
11,v,cooc,,seek,cercare,suchen,0.344,1,bn:00090460v
12,v,cooc,,act,agire,handeln,0.342,0,
13,v,cooc,,offend,offendere,verletzen,0.336,1,bn:00083897v
14,v,cooc,,require,richiedere,erfordern,0.331,0,
15,v,cooc,,violate,violare,verletzen,0.329,1,bn:00083897v
16,v,cooc,,impose,imporre,auferlegen,0.321,0,
17,v,cooc,,satisfy,soddisfare,erfüllen,0.311,0,
18,v,cooc,,oblige,obbligare,verpflichten,0.309,0,
19,v,cooc,,deserve,meritare,verdienen,0.308,0,
20,v,cooc,,promise,promettere,versprechen,0.305,0,
21,v,cooc,,declare,proclamare,verkünden,0.301,1,bn:00082638v
22,v,cooc,,bind,legare,binden,0.3,1,bn:00083498v
23,v,cooc,,explain,esporre,darlegen,0.3,0,
24,v,cooc,,realize,realizzare,verwirklichen,0.299,1,bn:00082311v
25,v,cooc,,exercise,esercitare,ausüben,0.297,0,
26,v,cooc,,have,fare,machen,0.296,0,
27,v,cooc,,open,aprire,öffnen,0.296,0,
28,v,cooc,,impede,impedire,behindern,0.288,0,
29,v,cooc,,proclaim,proclamare,verkünden,0.287,2,bn:00082637v bn:00087811v
30,v,cooc,,promote,promuovere,fördern,0.286,0,
31,v,cooc,,stay,restare,bleiben,0.285,3,bn:00091562v bn:00085719v bn:00092756v
32,v,cooc,,mean,significare,bedeuten,0.284,2,bn:00089805v bn:00087672v
33,v,cooc,,insure,assicurare,gewährleisten,0.281,1,bn:00082812v
34,v,cooc,,get,ottenere,bekommen,0.274,0,
35,v,cooc,,obtain,ottenere,bekommen,0.271,0,
36,v,cooc,,preach,predicare,predigen,0.267,0,
37,v,cooc,,guarantee,garantire,garantieren,0.265,1,bn:00082877v
38,v,cooc,,believe,ritenere,glauben,0.263,1,bn:00083370v
39,v,cooc,,symbolize,simboleggiare,symbolisieren,0.263,1,bn:00092837v
40,v,cooc,,bring,portare,bringen,0.261,1,bn:00084058v
41,v,cooc,,hope,sperare,hoffen,0.258,0,
42,v,cooc,,depend,dipendere,abhängen,0.246,1,bn:00086606v
43,v,cooc,,perceive,percepire,wahrnehmen,0.245,1,bn:00085496v
44,v,cooc,,exist,esistere,existieren,0.243,1,bn:00083184v
45,v,cooc,,name,nominare,nennen,0.243,0,
46,v,cooc,,agree,acconsentire,vereinbaren,0.236,0,
47,v,cooc,,remain,restare,bleiben,0.236,3,bn:00091562v bn:00085719v bn:00092756v
48,v,cooc,,achieve,raggiungere,erreichen,0.234,1,bn:00082226v
49,v,cooc,,examine,esaminare,prüfen,0.231,0,
50,v,cooc,,go,andare,gehen,0.231,2,bn:00088629v bn:00086600v
51,v,cooc,,defend,difendere,verteidigen,0.218,2,bn:00090041v bn:00086453v
52,v,cooc,,talk,parlare,sprechen,0.218,1,bn:00094090v
53,v,cooc,,decide,decidere,entscheiden,0.217,2,bn:00082354v bn:00086370v
54,v,cooc,,strike,colpire,treffen,0.213,0,
55,v,cooc,,refuse,rifiutare,verweigern,0.212,0,
56,v,cooc,,justify,giustificare,rechtfertigen,0.21,1,bn:00090025v
57,v,cooc,,mention,menzionare,erwähnen,0.206,1,bn:00082412v
58,v,cooc,,seem,sembrare,scheinen,0.203,1,bn:00082690v
59,v,cooc,,attain,raggiungere,erreichen,0.2,2,bn:00082226v bn:00082901v
60,v,cooc,,give,dare,geben,0.199,2,bn:00088825v bn:00088815v
61,v,cooc,,call,chiamare,nennen,0.198,1,bn:00084385v
62,v,cooc,,improve,migliorare,verbessern,0.198,1,bn:00082573v
63,v,cooc,,appear,sembrare,scheinen,0.193,1,bn:00082690v
64,v,cooc,,reach,raggiungere,erreichen,0.184,2,bn:00082226v bn:00082901v
65,v,cooc,,strengthen,rafforzare,stärken,0.174,1,bn:00083317v
66,v,cooc,,constitute,costituire,darstellen,0.172,1,bn:00083187v
67,v,cooc,,show,dimostrare,erweisen,0.17,0,
68,v,cooc,,define,definire,definieren,0.153,1,bn:00086465v
69,v,cooc,,allow,consentire,erlauben,0.151,0,
70,v,cooc,,determine,determinare,bestimmen,0.143,0,
71,v,cooc,,lack,mancare,fehlen,0.143,1,bn:00090161v
72,v,cooc,,make,fare,machen,0.141,3,bn:00086008v bn:00086013v bn:00084198v
73,v,cooc,,see,vedere,sehen,0.115,2,bn:00092443v bn:00093430v
1,v,cooc,WEAK,accept,intendere,glauben,,,
2,v,cooc,WEAK,accord,concedere,erweisen,,,
3,v,cooc,WEAK,add,aumentare,hinzufügen,,,
4,v,cooc,WEAK,administer,amministrare,führen,,,
5,v,cooc,WEAK,admit,riconoscere,einräumen,,,
6,v,cooc,WEAK,adopt,adottare,einschlagen,,,
7,v,cooc,WEAK,answer,servire,beantworten,,,
8,v,cooc,WEAK,apply,applicare,anwenden,,,
9,v,cooc,WEAK,appoint,nominare,bestimmen,,,
10,v,cooc,WEAK,argue,dimostrare,argumentieren,,,
11,v,cooc,WEAK,ask,chiedere,verlangen,,,
12,v,cooc,WEAK,assess,valutare,feststellen,,,
13,v,cooc,WEAK,assure,assicurare,sichern,,,
14,v,cooc,WEAK,await,attendere,erwarten,,,
15,v,cooc,WEAK,base,basare,basieren,,,
16,v,cooc,WEAK,become,diventare,stehen,,,
17,v,cooc,WEAK,charge,incaricare,erheben,,,
18,v,cooc,WEAK,comprise,comprendere,beinhalten,,,
19,v,cooc,WEAK,concern,interessare,betreffen,,,
20,v,cooc,WEAK,concur,concorrere,übereinstimmen,,,
21,v,cooc,WEAK,consider,considerare,prüfen,,,
22,v,cooc,WEAK,cover,comprendere,beziehen,,,
23,v,cooc,WEAK,deal,servire,geben,,,
24,v,cooc,WEAK,decline,rifiutare,untergehen,,,
25,v,cooc,WEAK,deliver,emettere,ausliefern,,,
26,v,cooc,WEAK,demand,chiedere,verlangen,,,
27,v,cooc,WEAK,deny,negare,verweigern,,,
28,v,cooc,WEAK,derive,scaturire,schließen,,,
29,v,cooc,WEAK,designate,nominare,bestimmen,,,
30,v,cooc,WEAK,develop,generare,bekommen,,,
31,v,cooc,WEAK,direct,ordinare,richten,,,
32,v,cooc,WEAK,dispense,dispensare,verteilen,,,
33,v,cooc,WEAK,draw,emettere,beziehen,,,
34,v,cooc,WEAK,elude,eludere,entgehen,,,
35,v,cooc,WEAK,embody,incorporare,verkörpern,,,
36,v,cooc,WEAK,enact,decretare,spielen,,,
37,v,cooc,WEAK,enforce,applicare,vollziehen,,,
38,v,cooc,WEAK,entitle,autorizzare,legitimieren,,,
39,v,cooc,WEAK,establish,stabilire,schaffen,,,
40,v,cooc,WEAK,evade,eludere,entkommen,,,
41,v,cooc,WEAK,exact,esigere,fordern,,,
42,v,cooc,WEAK,face,affrontare,verkleiden,,,
43,v,cooc,WEAK,feel,ritenere,empfinden,,,
44,v,cooc,WEAK,find,considerare,finden,,,
45,v,cooc,WEAK,foster,favorire,fördern,,,
46,v,cooc,WEAK,grant,concedere,geben,,,
47,v,cooc,WEAK,hand,passare,geben,,,
48,v,cooc,WEAK,head,affrontare,leiten,,,
49,v,cooc,WEAK,hear,intendere,hören,,,
50,v,cooc,WEAK,hold,possedere,halten,,,
51,v,cooc,WEAK,impeach,accusare,anzweifeln,,,
52,v,cooc,WEAK,imply,implicare,bedeuten,,,
53,v,cooc,WEAK,include,comprendere,zurechnen,,,
54,v,cooc,WEAK,investigate,indagare,überprüfen,,,
55,v,cooc,WEAK,involve,comportare,betreffen,,,
56,v,cooc,WEAK,join,raggiungere,verbinden,,,
57,v,cooc,WEAK,lay,elaborare,erheben,,,
58,v,cooc,WEAK,lead,portare,führen,,,
59,v,cooc,WEAK,let,lasciare,lassen,,,
60,v,cooc,WEAK,lie,restare,liegen,,,
61,v,cooc,WEAK,link,collegare,verknüpfen,,,
62,v,cooc,WEAK,need,occorrere,brauchen,,,
63,v,cooc,WEAK,observe,rispettare,beachten,,,
64,v,cooc,WEAK,obstruct,ostruire,behindern,,,
65,v,cooc,WEAK,order,ordinare,ordnen,,,
66,v,cooc,WEAK,organize,ordinare,ordnen,,,
67,v,cooc,WEAK,preside,presiedere,führen,,,
68,v,cooc,WEAK,prevail,prevalere,herrschen,,,
69,v,cooc,WEAK,question,esaminare,bezweifeln,,,
70,v,cooc,WEAK,reason,valutare,argumentieren,,,
71,v,cooc,WEAK,recall,ripensare,einziehen,,,
72,v,cooc,WEAK,receive,percepire,empfangen,,,
73,v,cooc,WEAK,recognise,riconoscere,kennen,,,
74,v,cooc,WEAK,recognize,riconoscere,kennen,,,
75,v,cooc,WEAK,reform,riformare,verbessern,,,
76,v,cooc,WEAK,regard,considerare,betreffen,,,
77,v,cooc,WEAK,rely,dipendere,vertrauen,,,
78,v,cooc,WEAK,render,rendere,machen,,,
79,v,cooc,WEAK,replace,rimettere,ersetzen,,,
80,v,cooc,WEAK,resign,lasciare,aufgeben,,,
81,v,cooc,WEAK,rest,restare,ruhen,,,
82,v,cooc,WEAK,rule,regolare,regieren,,,
83,v,cooc,WEAK,save,preservare,retten,,,
84,v,cooc,WEAK,say,affermare,sprechen,,,
85,v,cooc,WEAK,secure,garantire,sichern,,,
86,v,cooc,WEAK,send,mandare,richten,,,
87,v,cooc,WEAK,set,stabilire,setzen,,,
88,v,cooc,WEAK,state,affermare,darlegen,,,
89,v,cooc,WEAK,stress,sollecitare,betonen,,,
90,v,cooc,WEAK,study,esaminare,lernen,,,
91,v,cooc,WEAK,support,sostenere,fordern,,,
92,v,cooc,WEAK,suspend,sospendere,einstellen,,,
93,v,cooc,WEAK,take,portare,treffen,,,
94,v,cooc,WEAK,think,sembrare,glauben,,,
95,v,cooc,WEAK,transfer,passare,überführen,,,
96,v,cooc,WEAK,turn,diventare,richten,,,
97,v,cooc,WEAK,uphold,sostenere,wahren,,,
98,v,cooc,WEAK,urge,sollecitare,mahnen,,,
99,v,cooc,WEAK,vindicate,rivendicare,rechtfertigen,,,
100,v,cooc,WEAK,want,desiderare,wollen,,,
