idx_group,pos,rel,weak,lex_en,lex_it,lex_de,score,bs_count,babel_synsets
0,n,head,,lacrymal_fluid teardrop tear,luccicone lagrima lacrima,Träne Tränentropfen Zähre,,1,bn:00076312n
1,n,sim,,smile,sorriso,Lächeln,0.307,1,bn:00041807n
2,n,sim,,grief,dolore,Trauer,0.268,0,
3,n,sim,,sorrow,dolore,Trauer,0.268,1,bn:00072854n
4,n,sim,,rage,rabbia,Wut,0.25,1,bn:00036910n
5,n,sim,,anger,rabbia,Zorn,0.247,2,bn:00004085n bn:00004086n
6,n,sim,,joy,gioia,Freude,0.243,1,bn:00048468n
7,n,sim,,pain,dolore,Schmerz,0.24,2,bn:00060181n bn:00060182n
8,n,sim,,emotion,emozione,Emotion,0.238,1,bn:00030581n
9,n,sim,,cry,grido,Schrei,0.237,0,
10,n,sim,,sweat,sudore,Schweiß,0.236,2,bn:00026874n bn:00061748n
11,n,sim,,despair,disperazione,Verzweiflung,0.235,1,bn:00026577n
12,n,sim,,blood,sangue,Blut,0.234,1,bn:00011346n
13,n,sim,,breath,respiro,Atem,0.234,3,bn:00012965n bn:00012973n bn:00012966n
14,n,sim,,sadness,tristezza,Traurigkeit,0.233,2,bn:00068782n bn:00068783n
15,n,sim,,laughter,risata,Lachen,0.22,2,bn:00050204n bn:00050198n
16,n,sim,,suffering,sofferenza,Leiden,0.216,0,
17,n,sim,,feeling,sensazione,Gefühl,0.214,2,bn:00033965n bn:00033963n
18,n,sim,,disappointment,delusione,Enttäuschung,0.21,1,bn:00027430n
19,n,sim,,silence,silenzio,Stille,0.21,1,bn:00065703n
20,n,sim,,hope,speranza,Hoffnung,0.207,2,bn:00044737n bn:00044740n
21,n,sim,,anxiety,ansia,Angst,0.205,1,bn:00004801n
22,n,sim,,drop,goccia,Tropfen,0.205,1,bn:00028709n
23,n,sim,,fear,paura,Angst,0.205,1,bn:00033854n
24,n,sim,,happiness,felicità,Glück,0.204,2,bn:00033981n bn:00042905n
25,n,sim,,dream,sogno,Traum,0.201,2,bn:00028659n bn:00028658n
26,n,sim,,rain,pioggia,Regen,0.201,1,bn:00066032n
27,n,sim,,distress,angoscia,Not,0.2,0,
28,n,sim,,laugh,risata,Lachen,0.2,1,bn:00050198n
29,n,sim,,shadow,ombra,Schatten,0.2,2,bn:00070820n bn:00070830n
30,n,sim,,mouth,bocca,Mund,0.197,2,bn:00056136n bn:00056135n
31,n,sim,,lip,labbro,Lippe,0.195,1,bn:00051440n
32,n,sim,,sense,sensazione,Gefühl,0.195,1,bn:00070494n
33,n,sim,,wound,ferita,Wunde,0.194,1,bn:00081668n
34,n,sim,,darkness,buio,Dunkelheit,0.193,0,
35,n,sim,,terror,terrore,Schrecken,0.192,0,
36,n,sim,,gesture,gesto,Geste,0.189,2,bn:00040336n bn:00040335n
37,n,sim,,prayer,preghiera,Gebet,0.188,1,bn:27269849n
38,n,sim,,scream,urlo,Schrei,0.188,1,bn:00069841n
39,n,sim,,sensation,sensazione,Empfindung,0.188,1,bn:00070494n
40,n,sim,,face,faccia,Gesicht,0.187,1,bn:00032600n
41,n,sim,,passion,passione,Leidenschaft,0.187,1,bn:00060907n
42,n,sim,,soul,anima,Seele,0.187,1,bn:00072886n
43,n,sim,,moment,attimo,Moment,0.185,3,bn:00011276n bn:00046942n bn:00010728n
44,n,sim,,hair,capello,Haar,0.184,2,bn:00042528n bn:00042526n
45,n,sim,,love,amore,Liebe,0.182,1,bn:00052121n
46,n,sim,,enthusiasm,entusiasmo,Begeisterung,0.18,0,
47,n,sim,,hatred,odio,Hass,0.18,2,bn:00004710n bn:00043140n
48,n,sim,,heart,cuore,Herz,0.18,3,bn:00012289n bn:00001744n bn:00043383n
49,n,sim,,shower,pioggia,Regen,0.18,0,
50,n,sim,,surprise,sorpresa,Überraschung,0.18,1,bn:00075412n
51,n,sim,,thought,pensiero,Gedanke,0.18,0,
52,n,sim,,flame,fiamma,Flamme,0.179,1,bn:00034625n
53,n,sim,,wonder,meraviglia,Wunder,0.179,1,bn:00053600n
54,n,sim,,eye,occhio,Auge,0.177,1,bn:00032512n
55,n,sim,,memory,memoria,Erinnerung,0.177,0,
56,n,sim,,pride,orgoglio,Stolz,0.177,1,bn:00064338n
57,n,sim,,sleep,sonno,Schlaf,0.177,1,bn:00072101n
58,n,sim,,horror,orrore,Entsetzen,0.176,0,
59,n,sim,,flower,fiore,Blume,0.173,2,bn:00011422n bn:00035378n
60,n,sim,,spirit,spirito,Geist,0.173,1,bn:00027551n
61,n,sim,,worry,preoccupazione,Sorge,0.173,1,bn:00078425n
62,n,sim,,arm,braccio,Arm,0.172,2,bn:00005703n bn:00005702n
63,n,sim,,beauty,bellezza,Schönheit,0.172,2,bn:00009439n bn:00009436n
64,n,sim,,frustration,frustrazione,Frust,0.172,1,bn:00025856n
65,n,sim,,mood,umore,Stimmung,0.172,1,bn:00045201n
66,n,sim,,dust,polvere,Staub,0.171,2,bn:00029193n bn:00029192n
67,n,sim,,tongue,lingua,Zunge,0.171,4,bn:00049910n bn:00077567n bn:00019439n bn:00077565n
68,n,sim,,humor,umore,Humor,0.17,3,bn:00045201n bn:00045200n bn:00011735n
69,n,sim,,misery,miseria,Elend,0.169,1,bn:15976649n
70,n,sim,,cloud,nuvola,Wolke,0.168,1,bn:00020002n
71,n,sim,,finger,dito,Finger,0.168,3,bn:00024979n bn:00027079n bn:00034565n
72,n,sim,,ear,orecchio,Ohr,0.167,1,bn:00029372n
73,n,sim,,look,sguardo,Blick,0.167,1,bn:00051968n
74,n,sim,,sound,suono,Ton,0.166,0,
75,n,sim,,snow,neve,Schnee,0.165,3,bn:00011445n bn:00072456n bn:00072455n
76,n,sim,,sun,sole,Sonne,0.165,2,bn:00075173n bn:00075170n
77,n,sim,,grace,grazia,Gnade,0.164,2,bn:00041221n bn:00036349n
78,n,sim,,noise,rumore,Geräusch,0.163,1,bn:00057863n
79,n,sim,,sin,peccato,Sünde,0.163,1,bn:00071707n
80,n,sim,,wave,onda,Welle,0.163,2,bn:00056171n bn:00079036n
81,n,sim,,magic,magia,Magie,0.161,2,bn:00021893n bn:00052688n
82,n,sim,,doubt,dubbio,Zweifel,0.16,2,bn:00028425n bn:00028426n
83,n,sim,,nose,naso,Nase,0.157,1,bn:00058117n
84,n,sim,,glory,gloria,Ehre,0.155,0,
85,n,sim,,stone,pietra,Stein,0.155,2,bn:00068045n bn:00068046n
86,n,sim,,breast,petto,Brust,0.154,3,bn:00012950n bn:00012047n bn:00018207n
87,n,sim,,desire,desiderio,Wunsch,0.153,1,bn:03683735n
88,n,sim,,applause,applauso,Beifall,0.152,1,bn:00005053n
89,n,sim,,delight,diletto,Freude,0.147,0,
90,n,sim,,mind,mente,Geist,0.145,1,bn:00012681n
91,n,sim,,panic,panico,Panik,0.144,1,bn:00001793n
92,n,sim,,voice,voce,Stimme,0.14,2,bn:00062019n bn:00060770n
93,n,sim,,question,dubbio,Zweifel,0.136,2,bn:00028425n bn:00028426n
94,n,sim,,agony,agonia,Qual,0.134,1,bn:00002071n
95,n,sim,,chaos,caos,Chaos,0.134,2,bn:00017706n bn:00009503n
96,n,sim,,tension,tensione,Spannung,0.131,1,bn:00076553n
97,n,sim,,present,regalo,Geschenk,0.126,1,bn:00040436n
98,n,sim,,crowd,folla,Menge,0.125,4,bn:00024065n bn:00013874n bn:00005804n bn:00021604n
99,n,sim,,word,parola,Wort,0.124,1,bn:00081546n
100,n,sim,,air,aria,Luft,0.121,2,bn:00002185n bn:00002190n
101,n,sim,,drama,dramma,Drama,0.116,3,bn:00028605n bn:00028604n bn:00028606n
102,n,sim,,strain,tensione,Spannung,0.114,0,
103,n,sim,,leg,gamba,Bein,0.111,1,bn:00050541n
104,n,sim,,gift,regalo,Geschenk,0.106,1,bn:00040436n
105,n,sim,,death,morte,Tod,0.104,2,bn:00025583n bn:00025582n
106,n,sim,,reaction,reazione,Reaktion,0.1,2,bn:00032493n bn:00018121n
107,n,sim,,regret,rammarico,Bedauern,0.097,0,
108,n,sim,,picture,immagine,Bild,0.096,2,bn:00032381n bn:00045970n
109,n,sim,,message,messaggio,Botschaft,0.086,0,
110,n,sim,,hand,mano,Hand,0.085,3,bn:00042759n bn:00025555n bn:00042761n
111,n,sim,,outrage,indignazione,Empörung,0.083,1,bn:00046491n
112,n,sim,,scene,scena,Szene,0.081,1,bn:00069552n
113,n,sim,,song,canzone,Song,0.081,1,bn:00072794n
114,n,sim,,photo,foto,Foto,0.08,1,bn:00032381n
115,n,sim,,head,testa,Kopf,0.076,1,bn:00015784n
1,n,sim,WEAK,anguish,angoscia,Qual,,,
2,n,sim,WEAK,baby,bimbo,Kleine,,,
3,n,sim,WEAK,back,dietro,Rücken,,,
4,n,sim,WEAK,bit,attimo,Stück,,,
5,n,sim,WEAK,blessing,dono,Segen,,,
6,n,sim,WEAK,bone,osso,Bein,,,
7,n,sim,WEAK,comment,commento,Hinweis,,,
8,n,sim,WEAK,confusion,imbarazzo,Verwirrung,,,
9,n,sim,WEAK,difficulty,fatica,Schwierigkeit,,,
10,n,sim,WEAK,excitement,emozione,Aufregung,,,
11,n,sim,WEAK,expression,aria,Ausdruck,,,
12,n,sim,WEAK,fun,allegria,Spaß,,,
13,n,sim,WEAK,heat,calore,Druck,,,
14,n,sim,WEAK,illness,male,Leiden,,,
15,n,sim,WEAK,lot,destino,Menge,,,
16,n,sim,WEAK,nerve,coraggio,Nerv,,,
17,n,sim,WEAK,note,commento,Ton,,,
18,n,sim,WEAK,pleasure,soddisfazione,Vergnügen,,,
19,n,sim,WEAK,promise,parola,Hoffnung,,,
20,n,sim,WEAK,reflection,dubbio,Bild,,,
21,n,sim,WEAK,response,reazione,Antwort,,,
22,n,sim,WEAK,shot,foto,Schlag,,,
23,n,sim,WEAK,sight,sguardo,Anblick,,,
24,n,sim,WEAK,sign,firma,Spur,,,
25,n,sim,WEAK,smoke,fumo,Nebel,,,
26,n,sim,WEAK,story,storia,Witz,,,
27,n,sim,WEAK,stress,tensione,Stress,,,
28,n,sim,WEAK,stroke,battuta,Strich,,,
29,n,sim,WEAK,tragedy,tragedia,Unglück,,,
30,n,sim,WEAK,trouble,male,Mühe,,,
31,n,sim,WEAK,vein,vena,Gang,,,
32,n,sim,WEAK,wind,vento,Luft,,,
1,n,cooc,,laughter,risata,Lachen,0.621,2,bn:00050204n bn:00050198n
2,n,cooc,,laugh,risata,Lachen,0.581,1,bn:00050198n
3,n,cooc,,sweat,sudore,Schweiß,0.549,2,bn:00026874n bn:00061748n
4,n,cooc,,hug,abbraccio,Umarmung,0.522,2,bn:00030497n bn:00019811n
5,n,cooc,,sob,singhiozzo,Schluchzen,0.513,1,bn:00072514n
6,n,cooc,,embrace,abbraccio,Umarmung,0.495,2,bn:00030497n bn:00019811n
7,n,cooc,,applause,applauso,Applaus,0.481,1,bn:00005053n
8,n,cooc,,joy,gioia,Freude,0.481,1,bn:00048468n
9,n,cooc,,cry,grido,Schrei,0.472,0,
10,n,cooc,,face,viso,Gesicht,0.467,1,bn:00032600n
11,n,cooc,,smile,sorriso,Lächeln,0.463,1,bn:00041807n
12,n,cooc,,sorrow,dolore,Trauer,0.459,1,bn:00072854n
13,n,cooc,,grief,dolore,Trauer,0.456,0,
14,n,cooc,,lamentation,lamento,Wehklage,0.446,0,
15,n,cooc,,anger,rabbia,Zorn,0.441,2,bn:00004085n bn:00004086n
16,n,cooc,,sigh,sospiro,Seufzer,0.437,1,bn:00071505n
17,n,cooc,,sadness,tristezza,Traurigkeit,0.433,2,bn:00068782n bn:00068783n
18,n,cooc,,despair,disperazione,Verzweiflung,0.432,1,bn:00026577n
19,n,cooc,,blood,sangue,Blut,0.428,1,bn:00011346n
20,n,cooc,,disappointment,delusione,Enttäuschung,0.424,1,bn:00027430n
21,n,cooc,,shout,grido,Schrei,0.421,1,bn:00069841n
22,n,cooc,,scream,urlo,Schrei,0.393,1,bn:00069841n
23,n,cooc,,rage,rabbia,Wut,0.392,1,bn:00036910n
24,n,cooc,,silence,silenzio,Schweigen,0.39,1,bn:00065703n
25,n,cooc,,regret,rimpianto,Reue,0.388,1,bn:00066917n
26,n,cooc,,saliva,saliva,Speichel,0.387,1,bn:00068949n
27,n,cooc,,drop,goccia,Tropfen,0.386,1,bn:00028709n
28,n,cooc,,emotion,emozione,Emotion,0.377,1,bn:00030581n
29,n,cooc,,suffering,sofferenza,Leiden,0.366,0,
30,n,cooc,,supplication,supplica,Flehen,0.364,1,bn:00062966n
31,n,cooc,,repentance,pentimento,Buße,0.363,1,bn:00061330n
32,n,cooc,,eye,occhio,Auge,0.36,1,bn:00032512n
33,n,cooc,,argument,polemica,Streit,0.355,1,bn:00005599n
34,n,cooc,,prayer,preghiera,Gebet,0.343,1,bn:27269849n
35,n,cooc,,rain,pioggia,Regen,0.34,1,bn:00066032n
36,n,cooc,,pain,dolore,Schmerz,0.332,2,bn:00060181n bn:00060182n
37,n,cooc,,canopy,cielo,Himmel,0.331,0,
38,n,cooc,,breath,respiro,Atem,0.322,3,bn:00012965n bn:00012973n bn:00012966n
39,n,cooc,,urine,urina,Urin,0.322,2,bn:00054812n bn:00061253n
40,n,cooc,,fear,paura,Angst,0.303,1,bn:00033854n
41,n,cooc,,voice,voce,Stimme,0.297,2,bn:00062019n bn:00060770n
42,n,cooc,,happiness,felicità,Glück,0.295,2,bn:00033981n bn:00042905n
43,n,cooc,,heart,cuore,Herz,0.285,3,bn:00012289n bn:00001744n bn:00043383n
44,n,cooc,,word,parola,Wort,0.268,1,bn:00081546n
45,n,cooc,,love,amore,Liebe,0.174,1,bn:00052121n
1,n,cooc,WEAK,agony,angoscia,Qual,,,
2,n,cooc,WEAK,anguish,angoscia,Qual,,,
3,n,cooc,WEAK,bead,goccia,Perle,,,
4,n,cooc,WEAK,excitement,emozione,Aufregung,,,
5,n,cooc,WEAK,frustration,delusione,Frust,,,
6,n,cooc,WEAK,memory,ricordo,Erinnerung,,,
7,n,cooc,WEAK,strain,tensione,Druck,,,
8,n,cooc,WEAK,toil,fatica,Mühe,,,
1,adj,cooc,,bitter,amaro,bitter,0.608,2,bn:00098464a bn:00098461a
2,adj,cooc,,salty,salato,salzig,0.498,1,bn:00110068a
3,adj,cooc,,artificial,artificiale,künstlich,0.461,0,
4,adj,cooc,,silent,silenzioso,still,0.445,1,bn:00110624a
5,adj,cooc,,hot,caldo,heiß,0.386,1,bn:00104348a
6,adj,cooc,,lonely,solitario,einsam,0.373,1,bn:00106122a
7,adj,cooc,,bloody,sanguinoso,blutig,0.362,1,bn:00098594a
8,adj,cooc,,copious,abbondante,reichlich,0.359,1,bn:00097001a
9,adj,cooc,,wet,bagnato,nass,0.346,1,bn:00113818a
10,adj,cooc,,abundant,abbondante,reichlich,0.336,1,bn:00097001a
11,adj,cooc,,plentiful,abbondante,reichlich,0.321,1,bn:00097001a
12,adj,cooc,,painful,doloroso,schmerzlich,0.319,0,
13,adj,cooc,,angry,rabbioso,wütend,0.317,0,
14,adj,cooc,,sudden,improvviso,plötzlich,0.303,1,bn:00111415a
15,adj,cooc,,tiny,minuscolo,winzig,0.299,1,bn:00098029a
16,adj,cooc,,frozen,ghiacciato,gefroren,0.258,0,
17,adj,cooc,,fake,falso,falsch,0.195,2,bn:00100554a bn:00098117a
18,adj,cooc,,late,tardivo,spät,0.143,0,
1,adj,cooc,WEAK,big,grosso,dick,,,
2,adj,cooc,WEAK,close,unito,dick,,,
3,adj,cooc,WEAK,deep,profondo,dick,,,
4,adj,cooc,WEAK,fat,grosso,dick,,,
5,adj,cooc,WEAK,large,grosso,reichlich,,,
6,adj,cooc,WEAK,likely,facile,wahrscheinlich,,,
7,adj,cooc,WEAK,real,vero,wirklich,,,
8,adj,cooc,WEAK,sad,triste,schmerzlich,,,
9,adj,cooc,WEAK,small,minuscolo,klein,,,
10,adj,cooc,WEAK,stray,sparso,verirrt,,,
11,adj,cooc,WEAK,warm,caldo,heftig,,,
1,v,cooc,,cry,piangere,weinen,0.652,1,bn:00086122v
2,v,cooc,,dry,asciugare,trocknen,0.603,1,bn:00087401v
3,v,cooc,,weep,piangere,weinen,0.6,1,bn:00086122v
4,v,cooc,,choke,soffocare,ersticken,0.521,0,
5,v,cooc,,pour,versare,strömen,0.448,0,
6,v,cooc,,fill,riempire,füllen,0.436,1,bn:00088177v
7,v,cooc,,flow,fluire,fließen,0.422,0,
8,v,cooc,,roll,rotolare,rollen,0.416,0,
9,v,cooc,,run,correre,laufen,0.402,1,bn:00093170v
10,v,cooc,,flood,inondare,überschwemmen,0.397,1,bn:00088334v
11,v,cooc,,stifle,soffocare,ersticken,0.395,1,bn:00086267v
12,v,cooc,,spill,versare,verschütten,0.388,0,
13,v,cooc,,hide,nascondere,verstecken,0.383,2,bn:00089332v bn:00085509v
14,v,cooc,,slide,scorrere,gleiten,0.382,0,
15,v,cooc,,conceal,nascondere,verbergen,0.381,0,
16,v,cooc,,dim,offuscare,trüben,0.358,0,
17,v,cooc,,come,venire,kommen,0.357,1,bn:00085335v
18,v,cooc,,drip,gocciolare,tropfen,0.347,0,
19,v,cooc,,gather,raccogliere,sammeln,0.336,0,
20,v,cooc,,occur,venire,kommen,0.336,0,
21,v,cooc,,wash,lavare,waschen,0.335,1,bn:00095650v
22,v,cooc,,swallow,inghiottire,schlucken,0.331,1,bn:00088759v
23,v,cooc,,gulp,inghiottire,schlucken,0.327,0,
24,v,cooc,,cloud,offuscare,trüben,0.326,0,
25,v,cooc,,soak,bagnare,tränken,0.32,0,
26,v,cooc,,dampen,inumidire,befeuchten,0.319,1,bn:00086268v
27,v,cooc,,moisten,inumidire,befeuchten,0.319,1,bn:00086268v
28,v,cooc,,burn,bruciare,brennen,0.316,1,bn:00084270v
29,v,cooc,,slip,scivolare,gleiten,0.313,0,
30,v,cooc,,water,bagnare,tränken,0.308,0,
31,v,cooc,,form,formare,bilden,0.307,1,bn:00088490v
32,v,cooc,,shine,brillare,glänzen,0.306,0,
33,v,cooc,,elicit,suscitare,entlocken,0.303,1,bn:00082768v
34,v,cooc,,drop,cadere,fallen,0.302,0,
35,v,cooc,,stop,fermare,stoppen,0.282,1,bn:00094398v
36,v,cooc,,repress,reprimere,unterdrücken,0.281,0,
37,v,cooc,,lick,leccare,lecken,0.28,1,bn:00090187v
38,v,cooc,,kiss,baciare,küssen,0.278,2,bn:00084312v bn:00090112v
39,v,cooc,,fall,cadere,fallen,0.277,2,bn:00087976v bn:00087979v
40,v,cooc,,mingle,mescolare,mischen,0.274,1,bn:00082565v
41,v,cooc,,wet,bagnare,befeuchten,0.274,0,
42,v,cooc,,suppress,reprimere,unterdrücken,0.273,0,
43,v,cooc,,rain,piovere,regnen,0.272,0,
44,v,cooc,,mix,mescolare,mischen,0.269,3,bn:00082565v bn:00083597v bn:00090871v
45,v,cooc,,collect,raccogliere,sammeln,0.265,1,bn:00082246v
46,v,cooc,,touch,toccare,berühren,0.26,1,bn:00095040v
47,v,cooc,,shape,formare,formen,0.255,2,bn:00088480v bn:00088490v
48,v,cooc,,feel,sentire,fühlen,0.25,0,
49,v,cooc,,leave,lasciare,verlassen,0.243,1,bn:00087845v
50,v,cooc,,melt,sciogliere,auflösen,0.241,0,
51,v,cooc,,save,salvare,ersparen,0.229,0,
52,v,cooc,,squeeze,spremere,drücken,0.229,0,
53,v,cooc,,forget,dimenticare,vergessen,0.195,2,bn:00084302v bn:00088482v
54,v,cooc,,start,iniziare,beginnen,0.193,2,bn:00083342v bn:00083340v
55,v,cooc,,behold,vedere,sehen,0.19,1,bn:00093430v
56,v,cooc,,cause,causare,hervorrufen,0.185,0,
57,v,cooc,,prevent,impedire,verhindern,0.184,2,bn:00090033v bn:00088454v
58,v,cooc,,begin,iniziare,beginnen,0.182,2,bn:00083342v bn:00083340v
59,v,cooc,,contain,contenere,enthalten,0.168,1,bn:00083225v
60,v,cooc,,see,vedere,sehen,0.162,2,bn:00092443v bn:00093430v
61,v,cooc,,bring,portare,bringen,0.151,1,bn:00084058v
62,v,cooc,,follow,seguire,folgen,0.137,1,bn:00088020v
63,v,cooc,,ensue,seguire,folgen,0.132,0,
64,v,cooc,,draw,trarre,ziehen,0.094,0,
1,v,cooc,WEAK,appear,comparire,scheinen,,,
2,v,cooc,WEAK,be,diventare,sein,,,
3,v,cooc,WEAK,blur,annebbiare,verwischen,,,
4,v,cooc,WEAK,brush,sfiorare,wischen,,,
5,v,cooc,WEAK,cease,cessare,enden,,,
6,v,cooc,WEAK,close,serrare,auflösen,,,
7,v,cooc,WEAK,control,manovrare,führen,,,
8,v,cooc,WEAK,dab,sfiorare,tupfen,,,
9,v,cooc,WEAK,escape,sfuggire,entweichen,,,
10,v,cooc,WEAK,evoke,suscitare,hervorrufen,,,
11,v,cooc,WEAK,freeze,gelare,frieren,,,
12,v,cooc,WEAK,get,arrivare,lassen,,,
13,v,cooc,WEAK,glisten,brillare,glitzern,,,
14,v,cooc,WEAK,glitter,brillare,funkeln,,,
15,v,cooc,WEAK,gush,sgorgare,strömen,,,
16,v,cooc,WEAK,hang,appendere,kleben,,,
17,v,cooc,WEAK,have,bere,sein,,,
18,v,cooc,WEAK,hold,contenere,halten,,,
19,v,cooc,WEAK,induce,provocare,hervorrufen,,,
20,v,cooc,WEAK,keep,impedire,halten,,,
21,v,cooc,WEAK,leak,fuoriuscire,lecken,,,
22,v,cooc,WEAK,let,lasciare,lassen,,,
23,v,cooc,WEAK,mop,asciugare,wischen,,,
24,v,cooc,WEAK,notice,scorgere,bemerken,,,
25,v,cooc,WEAK,overflow,traboccare,überströmen,,,
26,v,cooc,WEAK,prick,pungere,brennen,,,
27,v,cooc,WEAK,produce,produrre,bringen,,,
28,v,cooc,WEAK,read,interpretare,lesen,,,
29,v,cooc,WEAK,remember,ricordare,merken,,,
30,v,cooc,WEAK,restrain,frenare,zurückhalten,,,
31,v,cooc,WEAK,rise,salire,steigen,,,
32,v,cooc,WEAK,rush,correre,stürzen,,,
33,v,cooc,WEAK,score,segnare,schießen,,,
34,v,cooc,WEAK,secrete,secernere,verbergen,,,
35,v,cooc,WEAK,shed,versare,vergießen,,,
36,v,cooc,WEAK,show,mostrare,laufen,,,
37,v,cooc,WEAK,smudge,macchiare,verwischen,,,
38,v,cooc,WEAK,sparkle,brillare,funkeln,,,
39,v,cooc,WEAK,spring,sgorgare,quellen,,,
40,v,cooc,WEAK,stand,restare,stehen,,,
41,v,cooc,WEAK,sting,pungere,brennen,,,
42,v,cooc,WEAK,stream,fluire,strömen,,,
43,v,cooc,WEAK,swell,gonfiare,quellen,,,
44,v,cooc,WEAK,swim,scivolare,schwimmen,,,
45,v,cooc,WEAK,taste,gustare,schmecken,,,
46,v,cooc,WEAK,think,sembrare,denken,,,
47,v,cooc,WEAK,trickle,gocciolare,sickern,,,
48,v,cooc,WEAK,wipe,asciugare,wischen,,,
