idx_group,pos,rel,weak,lex_en,lex_it,lex_de,score,bs_count,babel_synsets
0,n,head,,bottleful bottle,boccia biberon bottiglia,Flasche,,1,bn:00012340n
1,n,sim,,glass,vetro,Glas,0.352,1,bn:00040605n
2,n,sim,,jar,vaso,Glas,0.338,1,bn:00048023n
3,n,sim,,bag,sacchetto,Tasche,0.301,2,bn:00016261n bn:00007922n
4,n,sim,,container,contenitore,Container,0.301,1,bn:00022129n
5,n,sim,,cup,tazza,Tasse,0.286,1,bn:00024410n
6,n,sim,,bowl,ciotola,Schale,0.28,1,bn:00382479n
7,n,sim,,beer,birra,Bier,0.279,2,bn:00002554n bn:00009589n
8,n,sim,,box,scatola,Box,0.269,2,bn:00012524n bn:00012526n
9,n,sim,,tube,tubo,Rohr,0.267,0,
10,n,sim,,drink,bevanda,Getränk,0.263,2,bn:00010183n bn:00028749n
11,n,sim,,shoe,scarpa,Schuh,0.26,1,bn:00071172n
12,n,sim,,wine,vino,Wein,0.257,1,bn:00080022n
13,n,sim,,pipe,tubo,Rohr,0.254,1,bn:00062568n
14,n,sim,,can,lattina,Dose,0.25,1,bn:00015103n
15,n,sim,,lamp,lampada,Lampe,0.247,2,bn:00030151n bn:00045882n
16,n,sim,,egg,uovo,Ei,0.245,3,bn:00029914n bn:00029913n bn:00008124n
17,n,sim,,drop,goccia,Tropfen,0.242,1,bn:00028709n
18,n,sim,,stone,pietra,Stein,0.242,2,bn:00068045n bn:00068046n
19,n,sim,,pot,pentola,Topf,0.24,3,bn:00069352n bn:00022422n bn:00063820n
20,n,sim,,coffee,caffè,Kaffee,0.234,3,bn:00020414n bn:00020416n bn:00020411n
21,n,sim,,stuff,roba,Zeug,0.234,1,bn:00074798n
22,n,sim,,pack,pacchetto,Packung,0.23,0,
23,n,sim,,sheet,foglio,Blatt,0.228,1,bn:00062308n
24,n,sim,,cloth,stoffa,Tuch,0.226,0,
25,n,sim,,knife,coltello,Messer,0.225,1,bn:00049322n
26,n,sim,,clothes,abbigliamento,Kleidung,0.223,1,bn:00006125n
27,n,sim,,plastic,plastica,Kunststoff,0.223,1,bn:00062856n
28,n,sim,,piece,pezzo,Stück,0.222,2,bn:00062297n bn:00062299n
29,n,sim,,tank,serbatoio,Tank,0.222,2,bn:00037421n bn:00074452n
30,n,sim,,ingredient,ingrediente,Zutat,0.221,1,bn:00034946n
31,n,sim,,food,cibo,Essen,0.22,2,bn:00035650n bn:00035649n
32,n,sim,,mirror,specchio,Spiegel,0.22,1,bn:00055261n
33,n,sim,,gold,oro,Gold,0.219,5,bn:00040935n bn:00006911n bn:00040922n bn:00003255n bn:00040921n
34,n,sim,,meal,pasto,Mahlzeit,0.217,1,bn:00053993n
35,n,sim,,sample,campione,Probe,0.217,1,bn:00069078n
36,n,sim,,toy,giocattolo,Spielzeug,0.216,1,bn:00062965n
37,n,sim,,fruit,frutta,Obst,0.215,1,bn:14220451n
38,n,sim,,towel,asciugamano,Tuch,0.215,0,
39,n,sim,,clothing,abbigliamento,Kleidung,0.214,1,bn:00006125n
40,n,sim,,package,pacchetto,Paket,0.214,1,bn:00013882n
41,n,sim,,flower,fiore,Blume,0.212,2,bn:00011422n bn:00035378n
42,n,sim,,vessel,nave,Schiff,0.212,2,bn:00079862n bn:00071103n
43,n,sim,,fish,pesce,Fisch,0.211,3,bn:00034816n bn:00034817n bn:00062612n
44,n,sim,,paper,carta,Papier,0.209,1,bn:00060464n
45,n,sim,,wood,legno,Holz,0.209,1,bn:00081492n
46,n,sim,,chair,sedia,Stuhl,0.208,1,bn:00017515n
47,n,sim,,coin,moneta,Münze,0.207,1,bn:00020497n
48,n,sim,,ring,anello,Ring,0.207,5,bn:00004373n bn:00019935n bn:00008287n bn:00044712n bn:00008290n
49,n,sim,,cake,torta,Kuchen,0.206,2,bn:00014610n bn:00014609n
50,n,sim,,oil,olio,Öl,0.205,1,bn:00058732n
51,n,sim,,machine,macchina,Maschine,0.204,1,bn:00026716n
52,n,sim,,meat,carne,Fleisch,0.202,1,bn:00054026n
53,n,sim,,ball,palla,Ball,0.2,4,bn:00013807n bn:00008120n bn:00008124n bn:00008122n
54,n,sim,,bit,pezzo,Stück,0.2,0,
55,n,sim,,bread,pane,Brot,0.2,1,bn:00012873n
56,n,sim,,wheel,ruota,Rad,0.2,1,bn:00080972n
57,n,sim,,leaf,foglia,Blatt,0.198,1,bn:00035596n
58,n,sim,,ice,ghiaccio,Eis,0.196,1,bn:00045705n
59,n,sim,,mask,maschera,Maske,0.196,1,bn:00053637n
60,n,sim,,packaging,imballaggio,Verpackung,0.196,1,bn:00060114n
61,n,sim,,gift,regalo,Geschenk,0.194,1,bn:00040436n
62,n,sim,,quantity,quantità,Menge,0.194,2,bn:00003603n bn:00065553n
63,n,sim,,dress,vestito,Kleid,0.193,1,bn:00028682n
64,n,sim,,material,materiale,Material,0.193,3,bn:00053802n bn:00053803n bn:00053801n
65,n,sim,,disc,disco,Scheibe,0.192,2,bn:00027457n bn:00027455n
66,n,sim,,pad,blocco,Block,0.191,0,
67,n,sim,,pair,paio,Paar,0.188,2,bn:00012596n bn:00012597n
68,n,sim,,pool,piscina,Becken,0.187,0,
69,n,sim,,boat,barca,Boot,0.186,1,bn:00011674n
70,n,sim,,candle,candela,Kerze,0.184,1,bn:00015211n
71,n,sim,,bed,letto,Bett,0.183,2,bn:00009472n bn:00009474n
72,n,sim,,liquid,liquido,Flüssigkeit,0.183,1,bn:00051472n
73,n,sim,,chocolate,cioccolato,Schokolade,0.182,2,bn:00018638n bn:00018639n
74,n,sim,,table,tavolo,Tisch,0.182,2,bn:00075814n bn:00075813n
75,n,sim,,tree,albero,Baum,0.182,1,bn:00078131n
76,n,sim,,hair,capello,Haar,0.181,2,bn:00042528n bn:00042526n
77,n,sim,,instrument,apparecchio,Gerät,0.181,1,bn:00026716n
78,n,sim,,block,blocco,Block,0.18,4,bn:00011315n bn:00011313n bn:00011308n bn:00007533n
79,n,sim,,dog,cane,Hund,0.18,1,bn:00015267n
80,n,sim,,packet,pacchetto,Paket,0.18,1,bn:00013882n
81,n,sim,,kitchen,cucina,Küche,0.179,1,bn:00049248n
82,n,sim,,plant,pianta,Pflanze,0.179,1,bn:00035324n
83,n,sim,,stick,bastone,Stock,0.179,2,bn:00074254n bn:00080381n
84,n,sim,,barrel,barile,Fass,0.177,1,bn:00008691n
85,n,sim,,film,pellicola,Folie,0.176,0,
86,n,sim,,good,bene,Gut,0.176,1,bn:00021045n
87,n,sim,,gun,pistola,Gewehr,0.176,0,
88,n,sim,,weapon,arma,Waffe,0.176,1,bn:00005704n
89,n,sim,,car,auto,Auto,0.175,1,bn:00007309n
90,n,sim,,room,camera,Zimmer,0.175,1,bn:00068233n
91,n,sim,,beverage,bevanda,Getränk,0.174,1,bn:00010183n
92,n,sim,,brand,marchio,Marke,0.174,1,bn:00012758n
93,n,sim,,device,dispositivo,Gerät,0.174,1,bn:00026716n
94,n,sim,,bucket,secchio,Eimer,0.173,1,bn:00013590n
95,n,sim,,plate,piastra,Platte,0.171,0,
96,n,sim,,amount,quantità,Menge,0.169,2,bn:00003603n bn:00065553n
97,n,sim,,arm,braccio,Arm,0.169,2,bn:00005703n bn:00005702n
98,n,sim,,t-shirt,maglietta,T-shirt,0.169,0,
99,n,sim,,vegetable,verdura,Gemüse,0.164,2,bn:00079663n bn:00079666n
100,n,sim,,kit,equipaggiamento,Ausrüstung,0.163,0,
101,n,sim,,litre,litro,Liter,0.162,1,bn:00024266n
102,n,sim,,ticket,biglietto,Ticket,0.162,2,bn:00075885n bn:00077174n
103,n,sim,,tea,tè,Tee,0.16,3,bn:00076264n bn:00015001n bn:00076266n
104,n,sim,,animal,animale,Tier,0.158,1,bn:00004222n
105,n,sim,,copy,copia,Exemplar,0.156,0,
106,n,sim,,lot,lotto,Menge,0.154,0,
107,n,sim,,cigarette,sigaretta,Zigarette,0.153,2,bn:00014238n bn:00072322n
108,n,sim,,truck,camion,Lkw,0.153,1,bn:00056059n
109,n,sim,,equipment,apparecchiatura,Ausrüstung,0.15,1,bn:00031322n
110,n,sim,,product,prodotto,Produkt,0.15,4,bn:00064584n bn:00053827n bn:00054416n bn:00064585n
111,n,sim,,shop,negozio,Geschäft,0.15,1,bn:00071215n
112,n,sim,,shot,bicchierino,Schuss,0.15,0,
113,n,sim,,specimen,campione,Probe,0.15,1,bn:00073223n
114,n,sim,,mug,boccale,Becher,0.148,1,bn:00056230n
115,n,sim,,store,negozio,Laden,0.148,3,bn:00071215n bn:00012452n bn:00067417n
116,n,sim,,tire,pneumatico,Reifen,0.148,1,bn:00077377n
117,n,sim,,water,acqua,Wasser,0.148,3,bn:00061253n bn:00080561n bn:00042379n
118,n,sim,,cat,gatto,Katze,0.144,1,bn:00016606n
119,n,sim,,backpack,zaino,Rucksack,0.141,1,bn:00007752n
120,n,sim,,hole,buca,Loch,0.141,0,
121,n,sim,,blanket,coperta,Decke,0.139,1,bn:00011119n
122,n,sim,,cylinder,cilindro,Zylinder,0.139,2,bn:00024781n bn:00024779n
123,n,sim,,sack,sacco,Sack,0.139,5,bn:00016261n bn:00052007n bn:00068731n bn:00007922n bn:00068734n
124,n,sim,,variety,varietà,Sorte,0.135,0,
125,n,sim,,air,aria,Luft,0.133,2,bn:00002185n bn:00002190n
126,n,sim,,gas,gas,Gas,0.132,8,bn:00037384n bn:00037457n bn:00037383n bn:00037385n bn:00031987n bn:00035120n bn:00037382n bn:00000632n
127,n,sim,,appliance,apparecchio,Gerät,0.131,0,
128,n,sim,,reservoir,serbatoio,Behälter,0.13,0,
129,n,sim,,tool,utensile,Werkzeug,0.13,1,bn:00077585n
130,n,sim,,apparatus,apparecchio,Gerät,0.129,0,
131,n,sim,,drug,farmaco,Droge,0.128,1,bn:00028872n
132,n,sim,,rifle,fucile,Gewehr,0.128,1,bn:00067785n
133,n,sim,,mixture,miscela,Mischung,0.126,1,bn:00055384n
134,n,sim,,bullet,proiettile,Kugel,0.125,1,bn:00013807n
135,n,sim,,object,oggetto,Objekt,0.125,4,bn:00058445n bn:00058443n bn:00002179n bn:00058442n
136,n,sim,,packing,imballaggio,Verpackung,0.125,0,
137,n,sim,,book,libro,Buch,0.124,2,bn:00012066n bn:00012059n
138,n,sim,,bomb,bomba,Bombe,0.123,1,bn:00011917n
139,n,sim,,feedingstuff,mangime,Futter,0.122,0,
140,n,sim,,layer,strato,Schicht,0.114,3,bn:00050305n bn:00009477n bn:00050302n
141,n,sim,,vehicle,veicolo,Fahrzeug,0.114,1,bn:00079675n
142,n,sim,,window,finestra,Fenster,0.113,2,bn:00081285n bn:00081292n
143,n,sim,,carton,scatolone,Karton,0.111,0,
144,n,sim,,body,corpo,Körper,0.11,1,bn:00011744n
145,n,sim,,hand,mano,Hand,0.11,3,bn:00042759n bn:00025555n bn:00042761n
146,n,sim,,mark,marchio,Marke,0.109,0,
147,n,sim,,chamber,camera,Kammer,0.1,1,bn:00017581n
148,n,sim,,alcohol,alcol,Alkohol,0.093,2,bn:00031694n bn:00002520n
149,n,sim,,tyre,pneumatico,Reifen,0.09,1,bn:00077377n
150,n,sim,,waste,rifiuto,Abfall,0.087,3,bn:00035670n bn:00080543n bn:00068465n
151,n,sim,,cell,cella,Zelle,0.066,0,
1,n,sim,WEAK,baby,neonato,Baby,,,
2,n,sim,WEAK,bar,bar,Stange,,,
3,n,sim,WEAK,batch,partita,Partie,,,
4,n,sim,WEAK,battery,batteria,Reihe,,,
5,n,sim,WEAK,beaker,coppa,Becherglas,,,
6,n,sim,WEAK,bike,bici,Fahrrad,,,
7,n,sim,WEAK,bin,bidone,Tonne,,,
8,n,sim,WEAK,blade,coltello,Blatt,,,
9,n,sim,WEAK,board,tavola,Platte,,,
10,n,sim,WEAK,brush,pennello,Stange,,,
11,n,sim,WEAK,bulk,quantità,Masse,,,
12,n,sim,WEAK,cabinet,mobile,Schrank,,,
13,n,sim,WEAK,candy,caramella,Schokolade,,,
14,n,sim,WEAK,card,scheda,Karte,,,
15,n,sim,WEAK,cash,cassa,Bargeld,,,
16,n,sim,WEAK,coat,mano,Schicht,,,
17,n,sim,WEAK,coating,rivestimento,Schicht,,,
18,n,sim,WEAK,commodity,merce,Ware,,,
19,n,sim,WEAK,compound,miscela,Lager,,,
20,n,sim,WEAK,cover,coperchio,Decke,,,
21,n,sim,WEAK,dish,piatto,Schale,,,
22,n,sim,WEAK,display,schermo,Anzeige,,,
23,n,sim,WEAK,drum,batteria,Fass,,,
24,n,sim,WEAK,engine,motore,Maschine,,,
25,n,sim,WEAK,fabric,tessuto,Stoff,,,
26,n,sim,WEAK,feed,pasto,Futter,,,
27,n,sim,WEAK,firearm,arma,Schusswaffe,,,
28,n,sim,WEAK,form,modulo,Form,,,
29,n,sim,WEAK,furniture,mobile,Möbel,,,
30,n,sim,WEAK,gear,equipaggiamento,Gang,,,
31,n,sim,WEAK,grade,categoria,Note,,,
32,n,sim,WEAK,jacket,rivestimento,Jacke,,,
33,n,sim,WEAK,kind,tipo,Sorte,,,
34,n,sim,WEAK,label,etichetta,Schild,,,
35,n,sim,WEAK,light,lampada,Licht,,,
36,n,sim,WEAK,medicine,medicinale,Medikament,,,
37,n,sim,WEAK,medium,veicolo,Medium,,,
38,n,sim,WEAK,merchandise,merce,Ware,,,
39,n,sim,WEAK,motor,motore,Auto,,,
40,n,sim,WEAK,note,biglietto,Note,,,
41,n,sim,WEAK,pan,padella,Topf,,,
42,n,sim,WEAK,panel,pannello,Platte,,,
43,n,sim,WEAK,picture,disegno,Foto,,,
44,n,sim,WEAK,portion,porzione,Stück,,,
45,n,sim,WEAK,produce,produzione,Produkt,,,
46,n,sim,WEAK,receptacle,recipiente,Behälter,,,
47,n,sim,WEAK,rod,canna,Stange,,,
48,n,sim,WEAK,round,partita,Schuss,,,
49,n,sim,WEAK,sandwich,panino,Brot,,,
50,n,sim,WEAK,screen,schermo,Wand,,,
51,n,sim,WEAK,seat,sedile,Boden,,,
52,n,sim,WEAK,set,apparecchio,Set,,,
53,n,sim,WEAK,shape,corpo,Form,,,
54,n,sim,WEAK,shell,involucro,Schale,,,
55,n,sim,WEAK,space,vuoto,Raum,,,
56,n,sim,WEAK,stand,chiosco,Box,,,
57,n,sim,WEAK,stock,scorta,Stock,,,
58,n,sim,WEAK,top,superficie,Kopf,,,
59,n,sim,WEAK,tub,vasca,Tonne,,,
60,n,sim,WEAK,type,tipo,Sorte,,,
61,n,sim,WEAK,unit,unità,Anlage,,,
62,n,sim,WEAK,volume,volume,Buch,,,
63,n,sim,WEAK,wagon,camion,Wagen,,,
1,n,cooc,,neck,collo,Hals,0.635,1,bn:00017395n
2,n,cooc,,can,lattina,Dose,0.598,1,bn:00015103n
3,n,cooc,,stopper,tappo,Stopfen,0.58,0,
4,n,cooc,,label,etichetta,Etikett,0.562,1,bn:00049560n
5,n,cooc,,container,contenitore,Behälter,0.535,1,bn:00022129n
6,n,cooc,,champagne,champagne,Champagner,0.52,1,bn:00013551n
7,n,cooc,,glass,vetro,Glas,0.517,1,bn:00040605n
8,n,cooc,,beer,birra,Bier,0.515,2,bn:00002554n bn:00009589n
9,n,cooc,,wine,vino,Wein,0.515,1,bn:00080022n
10,n,cooc,,box,scatola,Kasten,0.514,1,bn:00012524n
11,n,cooc,,teat,tettarella,Sauger,0.514,0,
12,n,cooc,,cartridge,cartuccia,Patrone,0.512,1,bn:00016332n
13,n,cooc,,lid,coperchio,Deckel,0.512,1,bn:00051011n
14,n,cooc,,cork,tappo,Korken,0.508,1,bn:00013887n
15,n,cooc,,cup,tazza,Tasse,0.508,1,bn:00024410n
16,n,cooc,,stone,pietra,Stein,0.507,2,bn:00068045n bn:00068046n
17,n,cooc,,jar,vaso,Glas,0.506,1,bn:00048023n
18,n,cooc,,top,coperchio,Deckel,0.505,0,
19,n,cooc,,litre,litro,Liter,0.488,1,bn:00024266n
20,n,cooc,,pouch,borsa,Beutel,0.483,0,
21,n,cooc,,sachet,sacchetto,Beutel,0.482,0,
22,n,cooc,,diaper,pannolino,Windel,0.472,1,bn:00026869n
23,n,cooc,,liter,litro,Liter,0.466,1,bn:00024266n
24,n,cooc,,pot,vaso,Topf,0.464,0,
25,n,cooc,,vodka,vodka,Wodka,0.461,1,bn:00080182n
26,n,cooc,,ampoule,fiala,Ampulle,0.457,1,bn:00003672n
27,n,cooc,,bag,sacchetto,Tasche,0.457,2,bn:00016261n bn:00007922n
28,n,cooc,,pitcher,brocca,Krug,0.455,1,bn:00032067n
29,n,cooc,,plastic,plastica,Plastik,0.452,1,bn:00062856n
30,n,cooc,,trash,spazzatura,Müll,0.451,3,bn:00035670n bn:00080543n bn:00068465n
31,n,cooc,,mug,boccale,Becher,0.442,1,bn:00056230n
32,n,cooc,,vase,vaso,Vase,0.442,1,bn:00079628n
33,n,cooc,,cigarette,sigaretta,Zigarette,0.439,2,bn:00014238n bn:00072322n
34,n,cooc,,drink,bibita,Getränk,0.438,2,bn:00010183n bn:00028749n
35,n,cooc,,rubbish,spazzatura,Müll,0.438,4,bn:00035670n bn:00080543n bn:00051570n bn:00068465n
36,n,cooc,,syringe,siringa,Spritze,0.437,1,bn:00075757n
37,n,cooc,,garbage,spazzatura,Müll,0.431,3,bn:00035670n bn:00080543n bn:00068465n
38,n,cooc,,liquor,liquore,Alkohol,0.427,0,
39,n,cooc,,plate,piastra,Teller,0.425,0,
40,n,cooc,,bowl,ciotola,Schüssel,0.415,1,bn:00382479n
41,n,cooc,,tank,tanica,Tank,0.412,0,
42,n,cooc,,sanitizer,disinfettante,Desinfektionsmittel,0.408,0,
43,n,cooc,,stick,bastone,Stock,0.408,2,bn:00074254n bn:00080381n
44,n,cooc,,knife,coltello,Messer,0.407,1,bn:00049322n
45,n,cooc,,packaging,imballaggio,Verpackung,0.404,1,bn:00060114n
46,n,cooc,,paper,carta,Papier,0.402,1,bn:00060464n
47,n,cooc,,object,oggetto,Gegenstand,0.401,1,bn:09067735n
48,n,cooc,,cardboard,cartone,Karton,0.4,1,bn:00015937n
49,n,cooc,,water,acqua,Wasser,0.396,3,bn:00061253n bn:00080561n bn:00042379n
50,n,cooc,,tube,tubo,Tube,0.388,2,bn:00078521n bn:00078520n
51,n,cooc,,sanitiser,disinfettante,Desinfektionsmittel,0.386,0,
52,n,cooc,,brick,mattone,Ziegelstein,0.385,1,bn:00013047n
53,n,cooc,,egg,uovo,Ei,0.385,3,bn:00029914n bn:00029913n bn:00008124n
54,n,cooc,,pipe,tubo,Rohr,0.384,1,bn:00062568n
55,n,cooc,,packet,pacchetto,Packung,0.382,0,
56,n,cooc,,chair,sedia,Stuhl,0.377,1,bn:00017515n
57,n,cooc,,waste,rifiuto,Abfall,0.377,3,bn:00035670n bn:00080543n bn:00068465n
58,n,cooc,,alcohol,alcolico,Alkohol,0.372,0,
59,n,cooc,,pack,pacchetto,Packung,0.369,0,
60,n,cooc,,rack,scaffale,Regal,0.369,0,
61,n,cooc,,shoe,scarpa,Schuh,0.363,1,bn:00071172n
62,n,cooc,,cutter,coltello,Messer,0.344,0,
63,n,cooc,,juice,succo,Saft,0.337,2,bn:00048535n bn:00048532n
64,n,cooc,,baby,bambino,Baby,0.324,3,bn:00007630n bn:00008252n bn:00007646n
65,n,cooc,,item,articolo,Gegenstand,0.294,0,
66,n,cooc,,mark,marchio,Marke,0.26,0,
67,n,cooc,,apparatus,apparecchio,Gerät,0.219,0,
1,n,cooc,WEAK,breast,seno,Brust,,,
2,n,cooc,WEAK,bulk,quantità,Großteil,,,
3,n,cooc,WEAK,butt,mozzicone,Zigarettenstummel,,,
4,n,cooc,WEAK,cap,coperchio,Kappe,,,
5,n,cooc,WEAK,cap.,coperchio,Kappe,,,
6,n,cooc,WEAK,carton,pacco,Karton,,,
7,n,cooc,WEAK,cask,fusto,Fass,,,
8,n,cooc,WEAK,dish,piatto,Schale,,,
9,n,cooc,WEAK,flask,pallone,Flasche,,,
10,n,cooc,WEAK,form,classe,Form,,,
11,n,cooc,WEAK,grade,classe,Sorte,,,
12,n,cooc,WEAK,gun,arma,Büchse,,,
13,n,cooc,WEAK,jug,boccale,Krug,,,
14,n,cooc,WEAK,making,confezione,Herstellung,,,
15,n,cooc,WEAK,package,pacchetto,Verpackung,,,
16,n,cooc,WEAK,pan,tazza,Topf,,,
17,n,cooc,WEAK,product,prodotto,Ware,,,
18,n,cooc,WEAK,shop,lavoro,Geschäft,,,
19,n,cooc,WEAK,size,formato,Größe,,,
20,n,cooc,WEAK,spray,bomboletta,Spritze,,,
21,n,cooc,WEAK,tin,scatola,Dose,,,
22,n,cooc,WEAK,use,maneggio,Verwendung,,,
23,n,cooc,WEAK,wrapper,involucro,Verpackung,,,
1,adj,cooc,,empty,vuoto,leer,0.645,1,bn:00102177a
2,adj,cooc,,airtight,ermetico,luftdicht,0.483,1,bn:00096715a
3,adj,cooc,,reusable,riutilizzabile,wiederverwendbar,0.445,0,
4,adj,cooc,,expensive,costoso,teuer,0.401,1,bn:00100545a
5,adj,cooc,,cylindrical,cilindrico,zylindrisch,0.4,0,
6,adj,cooc,,see-through,trasparente,durchsichtig,0.369,0,
7,adj,cooc,,half,mezzo,halb,0.357,0,
8,adj,cooc,,dark,scuro,dunkel,0.35,1,bn:00100902a
9,adj,cooc,,full,pieno,voll,0.336,1,bn:00103391a
10,adj,cooc,,black,scuro,dunkel,0.332,0,
11,adj,cooc,,transparent,trasparente,transparent,0.331,1,bn:00100744a
12,adj,cooc,,sterile,sterile,steril,0.324,1,bn:00105063a
13,adj,cooc,,finished,finito,fertig,0.321,0,
14,adj,cooc,,green,verde,grün,0.321,1,bn:00100914a
15,adj,cooc,,open,aperto,geöffnet,0.295,0,
16,adj,cooc,,elegant,elegante,elegant,0.29,3,bn:00102104a bn:00103705a bn:00102103a
17,adj,cooc,,sleek,elegante,elegant,0.285,0,
18,adj,cooc,,blue,blu,blau,0.28,1,bn:00098606a
19,adj,cooc,,defective,difettoso,defekt,0.271,0,
20,adj,cooc,,stylish,elegante,elegant,0.268,0,
21,adj,cooc,,pretty,bello,hübsch,0.264,0,
22,adj,cooc,,round,tondo,rund,0.262,1,bn:00099702a
23,adj,cooc,,small,piccolo,klein,0.262,0,
24,adj,cooc,,white,bianco,weiß,0.254,1,bn:00113830a
25,adj,cooc,,lovely,bello,hübsch,0.244,0,
26,adj,cooc,,neat,pulito,sauber,0.244,0,
27,adj,cooc,,hot,caldo,heiß,0.24,1,bn:00104348a
28,adj,cooc,,available,disponibile,erhältlich,0.235,0,
29,adj,cooc,,uncommon,raro,selten,0.23,0,
30,adj,cooc,,nice,bello,gut,0.228,0,
31,adj,cooc,,clean,pulito,sauber,0.216,0,
32,adj,cooc,,large,grande,groß,0.212,1,bn:00098342a
33,adj,cooc,,great,grande,groß,0.198,0,
34,adj,cooc,,intact,intero,ganz,0.191,0,
35,adj,cooc,,big,grande,groß,0.188,1,bn:00098342a
36,adj,cooc,,rare,raro,selten,0.18,0,
37,adj,cooc,,good,buono,gut,0.173,2,bn:00103672a bn:00103677a
38,adj,cooc,,tall,grande,groß,0.164,1,bn:00111630a
1,adj,cooc,WEAK,appropriate,opportuno,entsprechend,,,
2,adj,cooc,WEAK,clear,pulito,transparent,,,
3,adj,cooc,WEAK,common,normale,häufig,,,
4,adj,cooc,WEAK,complete,completo,ganz,,,
5,adj,cooc,WEAK,convenient,adatto,günstig,,,
6,adj,cooc,WEAK,distinct,diverso,getrennt,,,
7,adj,cooc,WEAK,equivalent,equivalente,entsprechend,,,
8,adj,cooc,WEAK,fine,raffinato,gut,,,
9,adj,cooc,WEAK,free,disponibile,leer,,,
10,adj,cooc,WEAK,heavy,pesante,dicht,,,
11,adj,cooc,WEAK,huge,enorme,überdimensional,,,
12,adj,cooc,WEAK,mini,mini,klein,,,
13,adj,cooc,WEAK,perfect,completo,ganz,,,
14,adj,cooc,WEAK,ready,pronto,fertig,,,
15,adj,cooc,WEAK,thick,grosso,dicht,,,
16,adj,cooc,WEAK,total,completo,ganz,,,
1,v,cooc,,drink,bere,trinken,0.554,2,bn:00087321v bn:00083796v
2,v,cooc,,uncork,stappare,entkorken,0.52,1,bn:00095332v
3,v,cooc,,fill,riempire,füllen,0.487,1,bn:00088177v
4,v,cooc,,break,rompere,zerbrechen,0.468,1,bn:00083904v
5,v,cooc,,throw,gettare,werfen,0.442,1,bn:00094934v
6,v,cooc,,empty,svuotare,leeren,0.44,1,bn:00087578v
7,v,cooc,,steal,rubare,stehlen,0.425,2,bn:00094314v bn:00093882v
8,v,cooc,,buy,acquistare,kaufen,0.424,1,bn:00084331v
9,v,cooc,,pop,scoppiare,knallen,0.424,0,
10,v,cooc,,shut,chiudere,verschließen,0.412,0,
11,v,cooc,,grab,afferrare,greifen,0.411,1,bn:00088996v
12,v,cooc,,purchase,acquistare,kaufen,0.409,1,bn:00084331v
13,v,cooc,,pack,imballare,packen,0.4,0,
14,v,cooc,,toss,gettare,werfen,0.398,0,
15,v,cooc,,fling,scagliare,schleudern,0.394,0,
16,v,cooc,,sell,vendere,verkaufen,0.394,1,bn:00093472v
17,v,cooc,,cost,costare,kosten,0.389,0,
18,v,cooc,,order,ordinare,bestellen,0.386,0,
19,v,cooc,,produce,produrre,produzieren,0.379,3,bn:00084198v bn:00084082v bn:00086013v
20,v,cooc,,fly,volare,fliegen,0.367,2,bn:00088378v bn:00088386v
21,v,cooc,,finish,finire,ausklingen,0.36,0,
22,v,cooc,,consume,consumare,verbrauchen,0.357,0,
23,v,cooc,,explode,esplodere,explodieren,0.357,1,bn:00083680v
24,v,cooc,,picture,raffigurare,darstellen,0.351,1,bn:00086611v
25,v,cooc,,collect,raccogliere,sammeln,0.346,1,bn:00082246v
26,v,cooc,,tip,inclinare,kippen,0.346,0,
27,v,cooc,,open,aprire,öffnen,0.343,0,
28,v,cooc,,pull,tirare,ziehen,0.343,1,bn:00092138v
29,v,cooc,,shake,agitare,schütteln,0.342,1,bn:00082470v
30,v,cooc,,shatter,frantumare,zerbrechen,0.341,0,
31,v,cooc,,chill,raffreddare,kühlen,0.34,1,bn:00084893v
32,v,cooc,,tilt,inclinare,kippen,0.34,0,
33,v,cooc,,snatch,afferrare,greifen,0.339,0,
34,v,cooc,,manufacture,produrre,herstellen,0.334,0,
35,v,cooc,,distribute,distribuire,verteilen,0.33,1,bn:00082364v
36,v,cooc,,wrap,avvolgere,wickeln,0.33,1,bn:00087593v
37,v,cooc,,burst,scoppiare,platzen,0.32,1,bn:00083983v
38,v,cooc,,dispense,distribuire,verteilen,0.319,1,bn:00082364v
39,v,cooc,,hide,nascondere,verstecken,0.317,2,bn:00089332v bn:00085509v
40,v,cooc,,rinse,sciacquare,spülen,0.317,1,bn:00093048v
41,v,cooc,,contain,contenere,enthalten,0.311,1,bn:00083225v
42,v,cooc,,lie,giacere,liegen,0.311,2,bn:00090322v bn:00090321v
43,v,cooc,,roll,rotolare,rollen,0.311,0,
44,v,cooc,,close,chiudere,verschließen,0.307,0,
45,v,cooc,,clean,pulire,reinigen,0.303,0,
46,v,cooc,,hang,appendere,hängen,0.301,1,bn:00089178v
47,v,cooc,,conceal,nascondere,verstecken,0.294,1,bn:00085509v
48,v,cooc,,donate,donare,spenden,0.292,1,bn:00087156v
49,v,cooc,,attain,raggiungere,erzielen,0.289,0,
50,v,cooc,,refuse,rifiutare,verweigern,0.283,0,
51,v,cooc,,weigh,pesare,wiegen,0.283,2,bn:00090319v bn:00095701v
52,v,cooc,,pile,accatastare,stapeln,0.282,1,bn:00091631v
53,v,cooc,,cool,raffreddare,kühlen,0.277,1,bn:00084893v
54,v,cooc,,use,utilizzare,verwenden,0.267,1,bn:00082705v
55,v,cooc,,remove,eliminare,entfernen,0.266,0,
56,v,cooc,,try,provare,probieren,0.258,3,bn:00082844v bn:00093251v bn:00087731v
57,v,cooc,,carry,trasportare,tragen,0.253,1,bn:00084554v
58,v,cooc,,rest,riposare,ruhen,0.25,0,
59,v,cooc,,return,tornare,zurückgeben,0.249,0,
60,v,cooc,,find,trovare,finden,0.247,2,bn:00088204v bn:00084231v
61,v,cooc,,bring,portare,bringen,0.246,1,bn:00084058v
62,v,cooc,,drop,cadere,fallen,0.246,0,
63,v,cooc,,deliver,consegnare,liefern,0.244,1,bn:00086531v
64,v,cooc,,connect,collegare,verbinden,0.241,1,bn:00085623v
65,v,cooc,,spin,girare,drehen,0.24,0,
66,v,cooc,,recall,ricordare,erinnern,0.234,0,
67,v,cooc,,taste,degustare,schmecken,0.233,0,
68,v,cooc,,strike,colpire,schlagen,0.232,0,
69,v,cooc,,cover,coprire,abdecken,0.223,1,bn:00085497v
70,v,cooc,,hold,tenere,halten,0.221,1,bn:00089385v
71,v,cooc,,spot,riconoscere,erkennen,0.217,1,bn:00086904v
72,v,cooc,,lift,alzare,heben,0.212,1,bn:00084110v
73,v,cooc,,keep,tenere,halten,0.207,0,
74,v,cooc,,look,guardare,aussehen,0.207,0,
75,v,cooc,,fall,cadere,fallen,0.188,2,bn:00087976v bn:00087979v
76,v,cooc,,get,ottenere,erhalten,0.178,0,
77,v,cooc,,hit,colpire,treffen,0.172,0,
78,v,cooc,,obtain,ottenere,erhalten,0.169,0,
79,v,cooc,,include,includere,einschließen,0.163,1,bn:00089662v
80,v,cooc,,leave,lasciare,verlassen,0.148,1,bn:00087845v
81,v,cooc,,remain,rimanere,bleiben,0.144,3,bn:00091562v bn:00092756v bn:00085719v
82,v,cooc,,represent,rappresentare,darstellen,0.143,1,bn:00083187v
83,v,cooc,,put,mettere,setzen,0.141,0,
84,v,cooc,,place,mettere,stellen,0.134,1,bn:00090224v
85,v,cooc,,meet,incontrare,treffen,0.122,2,bn:00085339v bn:00088791v
86,v,cooc,,come,venire,kommen,0.108,1,bn:00085335v
87,v,cooc,,make,fare,machen,0.083,3,bn:00084198v bn:00086008v bn:00086013v
88,v,cooc,,give,dare,geben,0.08,2,bn:00088815v bn:00088825v
89,v,cooc,,have,fare,machen,0.023,0,
1,v,cooc,WEAK,age,invecchiare,altern,,,
2,v,cooc,WEAK,allow,consentire,lassen,,,
3,v,cooc,WEAK,be,diventare,liegen,,,
4,v,cooc,WEAK,bear,sostenere,tragen,,,
5,v,cooc,WEAK,become,diventare,stehen,,,
6,v,cooc,WEAK,blow,soffiare,explodieren,,,
7,v,cooc,WEAK,bob,muovere,machen,,,
8,v,cooc,WEAK,brandish,brandire,schwenken,,,
9,v,cooc,WEAK,bury,dimenticare,vergraben,,,
10,v,cooc,WEAK,calculate,contare,berechnen,,,
11,v,cooc,WEAK,cause,produrre,bringen,,,
12,v,cooc,WEAK,chuck,buttare,schmeißen,,,
13,v,cooc,WEAK,clutch,afferrare,schnappen,,,
14,v,cooc,WEAK,cork,tappare,verkorken,,,
15,v,cooc,WEAK,crush,schiacciare,zerschlagen,,,
16,v,cooc,WEAK,decorate,decorare,zieren,,,
17,v,cooc,WEAK,define,definire,bestimmen,,,
18,v,cooc,WEAK,design,designare,bestimmen,,,
19,v,cooc,WEAK,discard,abbandonare,wegwerfen,,,
20,v,cooc,WEAK,discover,trovare,entdecken,,,
21,v,cooc,WEAK,display,mostrare,darstellen,,,
22,v,cooc,WEAK,down,rovesciare,niederschlagen,,,
23,v,cooc,WEAK,drain,scolare,leeren,,,
24,v,cooc,WEAK,dump,abbandonare,wegwerfen,,,
25,v,cooc,WEAK,ensure,garantire,sichern,,,
26,v,cooc,WEAK,exchange,scambiare,tauschen,,,
27,v,cooc,WEAK,feature,rappresentare,aufmachen,,,
28,v,cooc,WEAK,fetch,portare,holen,,,
29,v,cooc,WEAK,fit,munire,passen,,,
30,v,cooc,WEAK,float,galleggiare,schwimmen,,,
31,v,cooc,WEAK,follow,seguire,einschlagen,,,
32,v,cooc,WEAK,hand,consegnare,geben,,,
33,v,cooc,WEAK,hurl,lanciare,schleudern,,,
34,v,cooc,WEAK,indicate,mostrare,angeben,,,
35,v,cooc,WEAK,intend,volere,bestimmen,,,
36,v,cooc,WEAK,knock,colpire,klopfen,,,
37,v,cooc,WEAK,land,cadere,landen,,,
38,v,cooc,WEAK,last,bastare,dauern,,,
39,v,cooc,WEAK,lay,porre,setzen,,,
40,v,cooc,WEAK,let,lasciare,lassen,,,
41,v,cooc,WEAK,mark,contrassegnare,bemerken,,,
42,v,cooc,WEAK,market,comprare,verkaufen,,,
43,v,cooc,WEAK,mold,maneggiare,gießen,,,
44,v,cooc,WEAK,notice,osservare,bemerken,,,
45,v,cooc,WEAK,number,numerare,zählen,,,
46,v,cooc,WEAK,pelt,colpire,bewerfen,,,
47,v,cooc,WEAK,pick,scegliere,sammeln,,,
48,v,cooc,WEAK,pour,rovesciare,gießen,,,
49,v,cooc,WEAK,prepare,preparare,ansetzen,,,
50,v,cooc,WEAK,protect,difendere,schützen,,,
51,v,cooc,WEAK,rattle,agitare,klappern,,,
52,v,cooc,WEAK,recover,recuperare,gewinnen,,,
53,v,cooc,WEAK,reserve,riservare,bestellen,,,
54,v,cooc,WEAK,sample,assaggiare,probieren,,,
55,v,cooc,WEAK,scatter,spargere,verteilen,,,
56,v,cooc,WEAK,seal,sigillare,verschließen,,,
57,v,cooc,WEAK,seize,prendere,greifen,,,
58,v,cooc,WEAK,ship,spedire,setzen,,,
59,v,cooc,WEAK,show,mostrare,weisen,,,
60,v,cooc,WEAK,sit,partecipare,sitzen,,,
61,v,cooc,WEAK,slip,infilare,rutschen,,,
62,v,cooc,WEAK,smash,rompere,zerschlagen,,,
63,v,cooc,WEAK,spill,rovesciare,schütten,,,
64,v,cooc,WEAK,squeeze,schiacciare,drücken,,,
65,v,cooc,WEAK,stand,restare,stehen,,,
66,v,cooc,WEAK,stick,attaccare,halten,,,
67,v,cooc,WEAK,stuff,riempire,stopfen,,,
68,v,cooc,WEAK,supply,munire,liefern,,,
69,v,cooc,WEAK,swallow,bere,einstecken,,,
70,v,cooc,WEAK,swing,ruotare,schwenken,,,
71,v,cooc,WEAK,test,testare,testen,,,
72,v,cooc,WEAK,transport,trasportare,transportieren,,,
73,v,cooc,WEAK,warm,riscaldare,erwärmen,,,
74,v,cooc,WEAK,wash,lavare,spülen,,,
75,v,cooc,WEAK,wave,agitare,winken,,,
