idx_group,pos,rel,weak,lex_en,lex_it,lex_de,score,bs_count,babel_synsets
0,n,head,,table,tavolo tavola,Tisch,,1,bn:00075814n
1,n,sim,,frame,cornice,Rahmen,0.302,1,bn:03336864n
2,n,sim,,size,dimensione,Größe,0.291,1,bn:15234561n
3,n,sim,,character,carattere,Charakter,0.282,1,bn:00017748n
4,n,sim,,chair,sedia,Stuhl,0.281,1,bn:00017515n
5,n,sim,,floor,piano,Boden,0.266,0,
6,n,sim,,bed,letto,Bett,0.264,2,bn:00009472n bn:00009474n
7,n,sim,,world,terra,Welt,0.261,2,bn:00029424n bn:00045153n
8,n,sim,,computer,computer,Computer,0.259,3,bn:00014691n bn:00021464n bn:00054739n
9,n,sim,,object,oggetto,Objekt,0.259,4,bn:00058445n bn:00058443n bn:00002179n bn:00058442n
10,n,sim,,wall,parete,Wand,0.259,2,bn:00080386n bn:00060663n
11,n,sim,,screen,schermo,Bildschirm,0.258,1,bn:00021486n
12,n,sim,,body,corpo,Körper,0.255,1,bn:00011744n
13,n,sim,,sheet,foglio,Blatt,0.254,1,bn:00062308n
14,n,sim,,pattern,modello,Modell,0.253,0,
15,n,sim,,display,schermo,Bildschirm,0.25,1,bn:00021486n
16,n,sim,,window,finestra,Fenster,0.247,2,bn:00081285n bn:00081292n
17,n,sim,,plate,piatto,Platte,0.245,1,bn:00062878n
18,n,sim,,stage,fase,Bühne,0.244,0,
19,n,sim,,meeting,riunione,Sitzung,0.243,1,bn:00070689n
20,n,sim,,space,spazio,Raum,0.241,2,bn:00053830n bn:00046665n
21,n,sim,,surface,superficie,Oberfläche,0.238,1,bn:21705848n
22,n,sim,,room,camera,Zimmer,0.237,1,bn:00068233n
23,n,sim,,activity,attività,Aktivität,0.236,2,bn:00001128n bn:00001174n
24,n,sim,,building,edificio,Gebäude,0.231,1,bn:00013722n
25,n,sim,,map,mappa,Karte,0.23,1,bn:00053303n
26,n,sim,,night,sera,Abend,0.23,0,
27,n,sim,,car,auto,Auto,0.229,1,bn:00007309n
28,n,sim,,tool,strumento,Instrument,0.229,3,bn:00046962n bn:00077585n bn:00023662n
29,n,sim,,phone,telefono,Telefon,0.222,1,bn:00062020n
30,n,sim,,machine,macchina,Maschine,0.221,1,bn:00026716n
31,n,sim,,area,zona,Fläche,0.22,1,bn:00005513n
32,n,sim,,device,dispositivo,Gerät,0.219,1,bn:00026716n
33,n,sim,,thing,cosa,Sache,0.219,2,bn:00076925n bn:00001734n
34,n,sim,,level,livello,Ebene,0.218,0,
35,n,sim,,solution,soluzione,Lösung,0.217,1,bn:00072760n
36,n,sim,,program,programma,Programm,0.216,4,bn:00062899n bn:00013235n bn:00021497n bn:00021492n
37,n,sim,,article,articolo,Gegenstand,0.215,0,
38,n,sim,,figure,figura,Figur,0.214,1,bn:00003882n
39,n,sim,,garden,giardino,Garten,0.213,1,bn:00037300n
40,n,sim,,location,posizione,Standort,0.213,1,bn:00051760n
41,n,sim,,work,lavoro,Arbeit,0.213,5,bn:00081570n bn:00014138n bn:00030625n bn:00030616n bn:00081569n
42,n,sim,,list,lista,Liste,0.212,2,bn:00023140n bn:00051508n
43,n,sim,,office,ufficio,Büro,0.212,1,bn:00001961n
44,n,sim,,page,pagina,Seite,0.212,1,bn:00060158n
45,n,sim,,instrument,strumento,Instrument,0.21,6,bn:00046961n bn:00046965n bn:00046964n bn:00077585n bn:00023662n bn:00046962n
46,n,sim,,job,lavoro,Arbeit,0.21,4,bn:00014138n bn:00030625n bn:00030616n bn:00018756n
47,n,sim,,vehicle,veicolo,Fahrzeug,0.21,1,bn:00079675n
48,n,sim,,seat,sede,Sitz,0.209,1,bn:00252195n
49,n,sim,,word,parola,Wort,0.208,1,bn:00081546n
50,n,sim,,plan,piano,Plan,0.207,3,bn:00026536n bn:00062759n bn:00069579n
51,n,sim,,model,modello,Modell,0.205,7,bn:00033735n bn:00055447n bn:00055448n bn:00036197n bn:00032100n bn:00022071n bn:00032101n
52,n,sim,,conference,conferenza,Konferenz,0.204,0,
53,n,sim,,product,prodotto,Produkt,0.204,4,bn:00064584n bn:00053827n bn:00054416n bn:00064585n
54,n,sim,,material,materiale,Material,0.202,3,bn:00053802n bn:00053803n bn:00053801n
55,n,sim,,way,percorso,Weg,0.202,0,
56,n,sim,,action,azione,Aktion,0.201,0,
57,n,sim,,market,mercato,Markt,0.201,3,bn:00053461n bn:00053458n bn:00053459n
58,n,sim,,platform,piattaforma,Plattform,0.199,1,bn:00062900n
59,n,sim,,idea,idea,Idee,0.198,1,bn:00045800n
60,n,sim,,place,luogo,Platz,0.198,2,bn:00062699n bn:00051760n
61,n,sim,,system,sistema,Anlage,0.198,0,
62,n,sim,,group,gruppo,Gruppe,0.197,4,bn:00041942n bn:00041943n bn:00018111n bn:00073698n
63,n,sim,,situation,situazione,Situation,0.197,3,bn:00063707n bn:00071858n bn:00071869n
64,n,sim,,form,forma,Form,0.195,11,bn:00035911n bn:00035915n bn:00035909n bn:00003882n bn:00016529n bn:00021751n bn:00035912n bn:00035908n bn:00026512n bn:00035913n bn:00035907n
65,n,sim,,proposal,proposta,Angebot,0.194,1,bn:03851567n
66,n,sim,,bar,bar,Bar,0.192,20,bn:00008469n bn:00008475n bn:00008472n bn:00008473n bn:00008470n bn:00008467n bn:00008464n bn:00008476n bn:00025288n bn:00014557n bn:00008474n bn:00040492n bn:00071161n bn:00008463n bn:00008468n bn:00076095n bn:00008462n bn:00008471n bn:00008466n bn:00008465n
67,n,sim,,title,titolo,Titel,0.19,3,bn:00035925n bn:00077409n bn:00077412n
68,n,sim,,desk,scrivania,Schreibtisch,0.189,1,bn:00026554n
69,n,sim,,hall,sala,Halle,0.189,0,
70,n,sim,,kitchen,cucina,Küche,0.189,1,bn:00049248n
71,n,sim,,view,vista,Blick,0.189,0,
72,n,sim,,food,cibo,Essen,0.187,2,bn:00035650n bn:00035649n
73,n,sim,,name,denominazione,Name,0.187,1,bn:00056758n
74,n,sim,,book,libro,Buch,0.186,2,bn:00012066n bn:00012059n
75,n,sim,,club,società,Verein,0.186,1,bn:00020039n
76,n,sim,,tree,albero,Baum,0.186,1,bn:00078131n
77,n,sim,,day,giorno,Tag,0.185,5,bn:00025419n bn:00025422n bn:00000086n bn:00025424n bn:00025417n
78,n,sim,,initiative,iniziativa,Initiative,0.185,2,bn:00034797n bn:00031009n
79,n,sim,,programme,programma,Programm,0.185,2,bn:00013235n bn:00021492n
80,n,sim,,piece,pezzo,Stück,0.184,2,bn:00062297n bn:00062299n
81,n,sim,,amount,importo,Menge,0.182,0,
82,n,sim,,quantity,quantità,Menge,0.182,2,bn:00003603n bn:00065553n
83,n,sim,,site,luogo,Standort,0.182,1,bn:00051760n
84,n,sim,,house,casa,Haus,0.181,4,bn:00045000n bn:00000356n bn:00044994n bn:00029305n
85,n,sim,,opportunity,opportunità,Möglichkeit,0.18,1,bn:00017621n
86,n,sim,,restaurant,ristorante,Restaurant,0.179,1,bn:00029545n
87,n,sim,,event,evento,Veranstaltung,0.178,1,bn:14035017n
88,n,sim,,show,mostra,Ausstellung,0.177,0,
89,n,sim,,picture,immagine,Bild,0.176,2,bn:00032381n bn:00045970n
90,n,sim,,project,progetto,Projekt,0.176,1,bn:00064665n
91,n,sim,,store,negozio,Geschäft,0.175,3,bn:00071215n bn:00012452n bn:00067417n
92,n,sim,,field,campo,Feld,0.174,4,bn:00034273n bn:00034267n bn:00006752n bn:00034265n
93,n,sim,,image,immagine,Bild,0.174,2,bn:00045972n bn:00045970n
94,n,sim,,party,festa,Party,0.173,3,bn:00060836n bn:00036825n bn:00060835n
95,n,sim,,shop,negozio,Geschäft,0.173,1,bn:00071215n
96,n,sim,,course,corso,Kurs,0.171,2,bn:00019479n bn:00019477n
97,n,sim,,home,casa,Haus,0.171,2,bn:00044994n bn:00000356n
98,n,sim,,consultation,consultazione,Beratung,0.17,1,bn:00022092n
99,n,sim,,position,posizione,Position,0.17,10,bn:00063707n bn:00061746n bn:00007048n bn:00010073n bn:00063704n bn:00063708n bn:00063703n bn:00062704n bn:00063706n bn:00054979n
100,n,sim,,session,sessione,Sitzung,0.17,2,bn:00070690n bn:00070689n
101,n,sim,,line,linea,Linie,0.169,4,bn:00014457n bn:00051294n bn:00051289n bn:00014165n
102,n,sim,,point,punto,Punkt,0.169,4,bn:00063218n bn:00063223n bn:00063214n bn:00036777n
103,n,sim,,music,musica,Musik,0.166,2,bn:00031853n bn:00056443n
104,n,sim,,objective,obiettivo,Ziel,0.166,1,bn:00002179n
105,n,sim,,style,stile,Art,0.166,0,
106,n,sim,,target,obiettivo,Ziel,0.165,1,bn:00002179n
107,n,sim,,photo,foto,Foto,0.16,1,bn:00032381n
108,n,sim,,part,parte,Teil,0.159,1,bn:00021395n
109,n,sim,,expenditure,spesa,Kosten,0.156,0,
110,n,sim,,paper,carta,Papier,0.145,1,bn:00060464n
111,n,sim,,series,serie,Reihe,0.142,1,bn:00070613n
112,n,sim,,set,serie,Reihe,0.142,0,
113,n,sim,,range,serie,Reihe,0.138,0,
1,n,sim,WEAK,act,atto,Werk,,,
2,n,sim,WEAK,arrangement,accordo,Einrichtung,,,
3,n,sim,WEAK,back,fondo,Rücken,,,
4,n,sim,WEAK,balance,bilancio,Stand,,,
5,n,sim,WEAK,base,centro,Basis,,,
6,n,sim,WEAK,bill,fattura,Programm,,,
7,n,sim,WEAK,board,consiglio,Platte,,,
8,n,sim,WEAK,box,cassa,Feld,,,
9,n,sim,WEAK,business,azienda,Geschäft,,,
10,n,sim,WEAK,card,scheda,Karte,,,
11,n,sim,WEAK,case,cassa,Fall,,,
12,n,sim,WEAK,category,categoria,Gruppe,,,
13,n,sim,WEAK,center,centro,Platz,,,
14,n,sim,WEAK,centre,centro,Platz,,,
15,n,sim,WEAK,chart,carta,Karte,,,
16,n,sim,WEAK,class,classe,Gruppe,,,
17,n,sim,WEAK,component,componente,Teil,,,
18,n,sim,WEAK,date,data,Termin,,,
19,n,sim,WEAK,deal,accordo,Geschäft,,,
20,n,sim,WEAK,description,descrizione,Art,,,
21,n,sim,WEAK,design,design,Plan,,,
22,n,sim,WEAK,end,termine,Ende,,,
23,n,sim,WEAK,equipment,attrezzatura,Gerät,,,
24,n,sim,WEAK,estimate,stima,Angebot,,,
25,n,sim,WEAK,evidence,testimonianza,Material,,,
26,n,sim,WEAK,face,aspetto,Gesicht,,,
27,n,sim,WEAK,feature,aspetto,Zug,,,
28,n,sim,WEAK,file,fascicolo,Liste,,,
29,n,sim,WEAK,framework,contesto,Rahmen,,,
30,n,sim,WEAK,front,prospetto,Front,,,
31,n,sim,WEAK,function,funzione,Aufgabe,,,
32,n,sim,WEAK,ground,terra,Boden,,,
33,n,sim,WEAK,heading,titolo,Kopf,,,
34,n,sim,WEAK,item,voce,Punkt,,,
35,n,sim,WEAK,limit,termine,Grenze,,,
36,n,sim,WEAK,lot,partita,Menge,,,
37,n,sim,WEAK,number,numero,Reihe,,,
38,n,sim,WEAK,option,scelta,Möglichkeit,,,
39,n,sim,WEAK,order,ordine,Reihe,,,
40,n,sim,WEAK,panel,pannello,Platte,,,
41,n,sim,WEAK,park,parco,Parkplatz,,,
42,n,sim,WEAK,path,corso,Weg,,,
43,n,sim,WEAK,performance,performance,Vorstellung,,,
44,n,sim,WEAK,play,gioco,Stück,,,
45,n,sim,WEAK,pool,piscina,See,,,
46,n,sim,WEAK,problem,crisi,Aufgabe,,,
47,n,sim,WEAK,property,fondo,Objekt,,,
48,n,sim,WEAK,quality,qualità,Art,,,
49,n,sim,WEAK,question,domanda,Sache,,,
50,n,sim,WEAK,rate,tasso,Kurs,,,
51,n,sim,WEAK,record,registrazione,Platte,,,
52,n,sim,WEAK,reference,relazione,Stelle,,,
53,n,sim,WEAK,register,registro,Liste,,,
54,n,sim,WEAK,report,relazione,Liste,,,
55,n,sim,WEAK,requirement,richiesta,Wunsch,,,
56,n,sim,WEAK,scale,scala,Rahmen,,,
57,n,sim,WEAK,scene,scena,Bild,,,
58,n,sim,WEAK,schedule,programma,Plan,,,
59,n,sim,WEAK,scheme,schema,Programm,,,
60,n,sim,WEAK,section,sezione,Teil,,,
61,n,sim,WEAK,service,servizio,Aufgabe,,,
62,n,sim,WEAK,setting,ambiente,Rahmen,,,
63,n,sim,WEAK,side,parte,Seite,,,
64,n,sim,WEAK,sign,firma,Tafel,,,
65,n,sim,WEAK,spot,punto,Stelle,,,
66,n,sim,WEAK,stand,posizione,Stand,,,
67,n,sim,WEAK,standard,norma,Niveau,,,
68,n,sim,WEAK,station,centro,Station,,,
69,n,sim,WEAK,structure,struttura,Gebäude,,,
70,n,sim,WEAK,task,lavoro,Aufgabe,,,
71,n,sim,WEAK,team,squadra,Gruppe,,,
72,n,sim,WEAK,term,termine,Wort,,,
73,n,sim,WEAK,test,esame,Arbeit,,,
74,n,sim,WEAK,time,tempo,Mal,,,
75,n,sim,WEAK,top,vertice,Spitze,,,
76,n,sim,WEAK,type,tipo,Art,,,
77,n,sim,WEAK,unit,unità,Anlage,,,
78,n,sim,WEAK,version,versione,Modell,,,
79,n,sim,WEAK,volume,volume,Band,,,
1,n,cooc,,decoration,decorazione,Dekoration,0.55,1,bn:00025765n
2,n,cooc,,chair,sedia,Stuhl,0.547,1,bn:00017515n
3,n,cooc,,reservation,prenotazione,Reservierung,0.525,2,bn:00012127n bn:00067293n
4,n,cooc,,decor,decorazione,Dekoration,0.513,0,
5,n,cooc,,booking,prenotazione,Reservierung,0.499,2,bn:00012127n bn:00067293n
6,n,cooc,,kitchen,cucina,Küche,0.493,1,bn:00049248n
7,n,cooc,,lamp,lampada,Lampe,0.489,2,bn:00030151n bn:00045882n
8,n,cooc,,stool,sgabello,Hocker,0.474,1,bn:00074427n
9,n,cooc,,dinner,cena,Abendessen,0.473,3,bn:00027206n bn:00075315n bn:00001877n
10,n,cooc,,barbecue,barbecue,Grill,0.465,0,
11,n,cooc,,bar,bar,Bar,0.464,20,bn:00008469n bn:00008475n bn:00008472n bn:00008473n bn:00008470n bn:00008467n bn:00008464n bn:00008476n bn:00025288n bn:00014557n bn:00008474n bn:00040492n bn:00071161n bn:00008463n bn:00008468n bn:00076095n bn:00008462n bn:00008471n bn:00008466n bn:00008465n
12,n,cooc,,room,camera,Zimmer,0.461,1,bn:00068233n
13,n,cooc,,bed,letto,Bett,0.456,2,bn:00009472n bn:00009474n
14,n,cooc,,desk,scrivania,Schreibtisch,0.449,1,bn:00026554n
15,n,cooc,,armchair,poltrona,Sessel,0.443,1,bn:00005729n
16,n,cooc,,coffee,caffè,Kaffee,0.443,3,bn:00020414n bn:00020416n bn:00020411n
17,n,cooc,,wall,parete,Wand,0.437,2,bn:00080386n bn:00060663n
18,n,cooc,,sofa,divano,Sofa,0.432,1,bn:00023101n
19,n,cooc,,couch,divano,Couch,0.43,1,bn:00023101n
20,n,cooc,,plate,piastra,Platte,0.43,0,
21,n,cooc,,crockery,vasellame,Geschirr,0.429,1,bn:00023891n
22,n,cooc,,wardrobe,armadio,Kleiderschrank,0.429,1,bn:00019957n
23,n,cooc,,shelf,scaffale,Regal,0.426,1,bn:00070999n
24,n,cooc,,figure,figura,Figur,0.425,1,bn:00003882n
25,n,cooc,,seat,sedile,Sitz,0.421,1,bn:00070066n
26,n,cooc,,poker,poker,Poker,0.411,2,bn:00034653n bn:00063272n
27,n,cooc,,restaurant,ristorante,Restaurant,0.411,1,bn:00029545n
28,n,cooc,,bookcase,libreria,Bücherregal,0.406,2,bn:00012140n bn:00012121n
29,n,cooc,,bookshelve,libreria,Bücherregal,0.4,0,
30,n,cooc,,rug,tappeto,Teppich,0.4,1,bn:00016205n
31,n,cooc,,cuisine,cucina,Küche,0.397,2,bn:00024323n bn:00037474n
32,n,cooc,,glass,bicchiere,Glas,0.397,1,bn:00024410n
33,n,cooc,,floor,piano,Boden,0.396,0,
34,n,cooc,,sideboard,credenza,Anrichte,0.396,1,bn:00013679n
35,n,cooc,,bench,banco,Bank,0.395,1,bn:00009850n
36,n,cooc,,cupboard,armadio,Schrank,0.391,1,bn:06434419n
37,n,cooc,,mirror,specchio,Spiegel,0.388,1,bn:00055261n
38,n,cooc,,fare,cibo,Speise,0.378,0,
39,n,cooc,,surface,superficie,Oberfläche,0.377,1,bn:21705848n
40,n,cooc,,fireplace,camino,Kamin,0.374,1,bn:00034702n
41,n,cooc,,lounge,salotto,Wohnzimmer,0.372,1,bn:00036640n
42,n,cooc,,menu,menu,Menü,0.371,2,bn:00010407n bn:00021485n
43,n,cooc,,meeting,riunione,Sitzung,0.37,1,bn:00070689n
44,n,cooc,,tv,tv,Fernseher,0.369,1,bn:00012048n
45,n,cooc,,design,disegno,Design,0.368,6,bn:00045963n bn:00026537n bn:00002178n bn:00028639n bn:00011593n bn:00045772n
46,n,cooc,,stove,stufa,Herd,0.365,0,
47,n,cooc,,work,lavoro,Arbeit,0.365,5,bn:00081570n bn:00014138n bn:00030625n bn:00030616n bn:00081569n
48,n,cooc,,knife,coltello,Messer,0.364,1,bn:00049322n
49,n,cooc,,box,cassa,Kasten,0.353,1,bn:00012524n
50,n,cooc,,cushion,cuscino,Kissen,0.352,1,bn:00024566n
51,n,cooc,,conversation,conversazione,Gespräch,0.35,1,bn:00022349n
52,n,cooc,,chest,cassa,Kasten,0.347,0,
53,n,cooc,,window,finestra,Fenster,0.342,2,bn:00081285n bn:00081292n
54,n,cooc,,head,capo,Kopf,0.339,1,bn:00015784n
55,n,cooc,,result,risultato,Ergebnis,0.337,3,bn:00034520n bn:00021961n bn:00004452n
56,n,cooc,,account,rapporto,Bericht,0.325,0,
57,n,cooc,,frame,cornice,Rahmen,0.319,1,bn:03336864n
58,n,cooc,,outcome,risultato,Ergebnis,0.316,2,bn:00021961n bn:00034520n
59,n,cooc,,game,gioco,Spiel,0.285,2,bn:00037182n bn:00037180n
60,n,cooc,,report,rapporto,Bericht,0.268,1,bn:00067181n
61,n,cooc,,end,fine,Ende,0.235,3,bn:00030719n bn:00019919n bn:00030722n
62,n,cooc,,area,zona,Bereich,0.217,1,bn:00082076n
63,n,cooc,,sector,settore,Bereich,0.172,0,
1,n,cooc,WEAK,arrangement,organizzazione,Anordnung,,,
2,n,cooc,WEAK,board,consiglio,Platte,,,
3,n,cooc,WEAK,booth,cabina,Stand,,,
4,n,cooc,WEAK,cabinet,mobile,Schrank,,,
5,n,cooc,WEAK,card,carta,Karte,,,
6,n,cooc,WEAK,chart,grafico,Karte,,,
7,n,cooc,WEAK,cloth,tela,Tuch,,,
8,n,cooc,WEAK,console,consolle,Truhe,,,
9,n,cooc,WEAK,council,consiglio,Beratung,,,
10,n,cooc,WEAK,counter,banco,Theke,,,
11,n,cooc,WEAK,cover,copertina,Decke,,,
12,n,cooc,WEAK,discussion,discussione,Gespräch,,,
13,n,cooc,WEAK,dresser,credenza,Kommode,,,
14,n,cooc,WEAK,form,figura,Form,,,
15,n,cooc,WEAK,furniture,mobile,Möbel,,,
16,n,cooc,WEAK,heading,titolo,Kopf,,,
17,n,cooc,WEAK,illustration,illustrazione,Beispiel,,,
18,n,cooc,WEAK,item,articolo,Punkt,,,
19,n,cooc,WEAK,layout,schema,Anordnung,,,
20,n,cooc,WEAK,leg,piede,Bein,,,
21,n,cooc,WEAK,light,luce,Leuchte,,,
22,n,cooc,WEAK,list,tabella,Aufstellung,,,
23,n,cooc,WEAK,lunch,pranzo,Essen,,,
24,n,cooc,WEAK,manner,tipo,Art,,,
25,n,cooc,WEAK,map,carta,Karte,,,
26,n,cooc,WEAK,motion,atto,Stuhl,,,
27,n,cooc,WEAK,napkin,pannolino,Serviette,,,
28,n,cooc,WEAK,note,nota,Note,,,
29,n,cooc,WEAK,object,fine,Gegenstand,,,
30,n,cooc,WEAK,point,questione,Punkt,,,
31,n,cooc,WEAK,pool,biliardo,Loch,,,
32,n,cooc,WEAK,position,posto,Position,,,
33,n,cooc,WEAK,purpose,fine,Ziel,,,
34,n,cooc,WEAK,rack,scaffale,Gestell,,,
35,n,cooc,WEAK,reference,rapporto,Empfehlung,,,
36,n,cooc,WEAK,round,incontro,Runde,,,
37,n,cooc,WEAK,screen,schermo,Schirm,,,
38,n,cooc,WEAK,service,servizio,Geschirr,,,
39,n,cooc,WEAK,set,set,Reihe,,,
40,n,cooc,WEAK,side,parete,Seite,,,
41,n,cooc,WEAK,space,posto,Raum,,,
42,n,cooc,WEAK,stand,banco,Stand,,,
43,n,cooc,WEAK,talk,discorso,Gespräch,,,
44,n,cooc,WEAK,time,termine,Zeit,,,
45,n,cooc,WEAK,top,vertice,Kopf,,,
46,n,cooc,WEAK,umbrella,ombrellone,Schirm,,,
47,n,cooc,WEAK,variety,varietà,Art,,,
1,adj,cooc,,round,rotondo,rund,0.632,1,bn:00099702a
2,adj,cooc,,periodic,periodico,regelmäßig,0.5,0,
3,adj,cooc,,final,finale,endgültig,0.492,0,
4,adj,cooc,,rectangular,rettangolare,rechteckig,0.429,0,
5,adj,cooc,,folding,pieghevole,ausklappbar,0.413,0,
6,adj,cooc,,full,pieno,voll,0.397,1,bn:00103391a
7,adj,cooc,,small,piccolo,klein,0.382,0,
8,adj,cooc,,flat,piatto,flach,0.38,1,bn:00103058a
9,adj,cooc,,long,lungo,lang,0.377,1,bn:00106124a
10,adj,cooc,,empty,vuoto,leer,0.372,1,bn:00102177a
11,adj,cooc,,separate,separato,getrennt,0.366,1,bn:00103316a
12,adj,cooc,,square,quadrato,quadratisch,0.348,0,
13,adj,cooc,,virtual,virtuale,virtuell,0.347,1,bn:00113632a
14,adj,cooc,,busy,occupato,besetzt,0.343,1,bn:00099061a
15,adj,cooc,,occupied,occupato,besetzt,0.336,0,
16,adj,cooc,,beautiful,bello,schön,0.329,1,bn:00098171a
17,adj,cooc,,convenient,comodo,bequem,0.329,0,
18,adj,cooc,,elegant,elegante,elegant,0.328,3,bn:00102104a bn:00103705a bn:00102103a
19,adj,cooc,,large,grande,groß,0.327,1,bn:00098342a
20,adj,cooc,,easy,comodo,bequem,0.32,0,
21,adj,cooc,,open,aperto,offen,0.317,3,bn:00107879a bn:00107891a bn:00099186a
22,adj,cooc,,big,grande,groß,0.313,1,bn:00098342a
23,adj,cooc,,own,proprio,eigen,0.306,1,bn:00096707a
24,adj,cooc,,supplementary,supplementare,zusätzlich,0.306,0,
25,adj,cooc,,nice,bello,schön,0.303,0,
26,adj,cooc,,set,fisso,fest,0.301,0,
27,adj,cooc,,stylish,elegante,stilvoll,0.296,0,
28,adj,cooc,,high,alto,groß,0.295,0,
29,adj,cooc,,simple,semplice,einfach,0.283,1,bn:00101973a
30,adj,cooc,,free,libero,frei,0.28,1,bn:00103299a
31,adj,cooc,,great,grande,groß,0.277,0,
32,adj,cooc,,suitable,adatto,geeignet,0.275,1,bn:00111427a
33,adj,cooc,,hungry,affamato,hungrig,0.249,1,bn:00104407a
34,adj,cooc,,corresponding,corrispondente,entsprechend,0.15,0,
1,adj,cooc,WEAK,available,disponibile,frei,,,
2,adj,cooc,WEAK,bare,vuoto,nackt,,,
3,adj,cooc,WEAK,blank,bianco,leer,,,
4,adj,cooc,WEAK,close,vicino,dicht,,,
5,adj,cooc,WEAK,complete,completo,komplett,,,
6,adj,cooc,WEAK,everyday,comune,täglich,,,
7,adj,cooc,WEAK,fine,raffinato,schön,,,
8,adj,cooc,WEAK,good,buono,schön,,,
9,adj,cooc,WEAK,handy,comodo,praktisch,,,
10,adj,cooc,WEAK,heavy,grande,dicht,,,
11,adj,cooc,WEAK,near,vicino,groß,,,
12,adj,cooc,WEAK,neat,liscio,ordentlich,,,
13,adj,cooc,WEAK,other,diverso,sonstig,,,
14,adj,cooc,WEAK,perfect,perfetto,ganz,,,
15,adj,cooc,WEAK,ready,pronto,fertig,,,
16,adj,cooc,WEAK,relevant,adeguato,entsprechend,,,
17,adj,cooc,WEAK,shallow,basso,flach,,,
18,adj,cooc,WEAK,solid,pieno,fest,,,
19,adj,cooc,WEAK,standard,comune,grundlegend,,,
20,adj,cooc,WEAK,sturdy,robusto,stabil,,,
21,adj,cooc,WEAK,tight,pieno,fest,,,
22,adj,cooc,WEAK,useful,utile,praktisch,,,
23,adj,cooc,WEAK,wide,ampio,groß,,,
1,v,cooc,,draw,disegnare,ziehen,0.49,0,
2,v,cooc,,book,prenotare,buchen,0.479,1,bn:00083774v
3,v,cooc,,decorate,decorare,schmücken,0.466,1,bn:00082386v
4,v,cooc,,append,allegare,befestigen,0.389,0,
5,v,cooc,,arrange,organizzare,arrangieren,0.383,0,
6,v,cooc,,fill,riempire,füllen,0.375,1,bn:00088177v
7,v,cooc,,cover,coprire,decken,0.37,2,bn:00084032v bn:00085917v
8,v,cooc,,adorn,adornare,schmücken,0.369,1,bn:00082386v
9,v,cooc,,top,coprire,bedecken,0.355,0,
10,v,cooc,,construct,costruire,bauen,0.352,1,bn:00084198v
11,v,cooc,,attach,allegare,befestigen,0.35,0,
12,v,cooc,,prepare,preparare,bereiten,0.35,0,
13,v,cooc,,leave,lasciare,verlassen,0.347,1,bn:00087845v
14,v,cooc,,clean,pulire,reinigen,0.329,0,
15,v,cooc,,complete,completare,vervollständigen,0.329,1,bn:00085476v
16,v,cooc,,build,costruire,bauen,0.326,1,bn:00084198v
17,v,cooc,,wipe,pulire,wischen,0.323,0,
18,v,cooc,,move,spostare,bewegen,0.32,1,bn:00088912v
19,v,cooc,,design,progettare,entwerfen,0.318,0,
20,v,cooc,,wait,aspettare,warten,0.313,1,bn:00089401v
21,v,cooc,,produce,produrre,herstellen,0.311,3,bn:00084198v bn:00084082v bn:00086013v
22,v,cooc,,round,girare,runden,0.31,0,
23,v,cooc,,cut,tagliare,reduzieren,0.309,0,
24,v,cooc,,present,presentare,präsentieren,0.307,1,bn:00086557v
25,v,cooc,,measure,misurare,messen,0.298,1,bn:00090715v
26,v,cooc,,organise,organizzare,organisieren,0.298,0,
27,v,cooc,,select,scegliere,auswählen,0.298,1,bn:00084931v
28,v,cooc,,slide,scivolare,gleiten,0.295,0,
29,v,cooc,,sit,sedere,sitzen,0.293,0,
30,v,cooc,,eat,mangiare,essen,0.291,2,bn:00087460v bn:00087461v
31,v,cooc,,bring,portare,bringen,0.288,1,bn:00084058v
32,v,cooc,,rent,noleggiare,mieten,0.288,1,bn:00084828v
33,v,cooc,,see,vedere,sehen,0.287,2,bn:00092443v bn:00093430v
34,v,cooc,,serve,servire,dienen,0.285,1,bn:00082867v
35,v,cooc,,occupy,occupare,besetzen,0.279,0,
36,v,cooc,,view,vedere,sehen,0.27,0,
37,v,cooc,,constitute,costituire,bilden,0.267,1,bn:00083187v
38,v,cooc,,adjust,adattare,anpassen,0.265,3,bn:00082215v bn:00082316v bn:00082357v
39,v,cooc,,adapt,adattare,anpassen,0.264,2,bn:00082316v bn:00082215v
40,v,cooc,,combine,combinare,kombinieren,0.264,1,bn:00085314v
41,v,cooc,,discuss,discutere,diskutieren,0.264,0,
42,v,cooc,,suggest,proporre,vorschlagen,0.258,1,bn:00082417v
43,v,cooc,,call,chiamare,rufen,0.255,0,
44,v,cooc,,form,formare,bilden,0.246,1,bn:00088490v
45,v,cooc,,break,rompere,brechen,0.245,2,bn:00083904v bn:00083950v
46,v,cooc,,use,utilizzare,benutzen,0.242,1,bn:00082705v
47,v,cooc,,find,trovare,finden,0.239,2,bn:00088204v bn:00084231v
48,v,cooc,,support,appoggiare,unterstützen,0.238,1,bn:00094612v
49,v,cooc,,agree,concordare,vereinbaren,0.226,0,
50,v,cooc,,cost,costare,kosten,0.225,0,
51,v,cooc,,include,includere,einbeziehen,0.221,0,
52,v,cooc,,await,aspettare,erwarten,0.219,1,bn:00082963v
53,v,cooc,,need,necessitare,brauchen,0.21,0,
54,v,cooc,,offer,offrire,bieten,0.209,0,
55,v,cooc,,give,dare,geben,0.186,2,bn:00088815v bn:00088825v
56,v,cooc,,exist,esistere,bestehen,0.171,1,bn:00083184v
57,v,cooc,,take,prendere,nehmen,0.169,3,bn:00094731v bn:00085689v bn:00088762v
58,v,cooc,,do,fare,machen,0.118,1,bn:00082286v
59,v,cooc,,make,fare,machen,0.076,3,bn:00084198v bn:00086008v bn:00086013v
1,v,cooc,WEAK,accommodate,ospitare,anpassen,,,
2,v,cooc,WEAK,allow,consentire,lassen,,,
3,v,cooc,WEAK,alter,trasformare,verschieben,,,
4,v,cooc,WEAK,appear,apparire,wirken,,,
5,v,cooc,WEAK,apply,riguardare,auflegen,,,
6,v,cooc,WEAK,arise,nascere,entstehen,,,
7,v,cooc,WEAK,assume,assumere,übernehmen,,,
8,v,cooc,WEAK,base,incentrare,gründen,,,
9,v,cooc,WEAK,be,diventare,liegen,,,
10,v,cooc,WEAK,bear,portare,tragen,,,
11,v,cooc,WEAK,change,trasformare,wechseln,,,
12,v,cooc,WEAK,clear,liberare,klären,,,
13,v,cooc,WEAK,concern,riguardare,berühren,,,
14,v,cooc,WEAK,contain,contenere,tragen,,,
15,v,cooc,WEAK,convert,convertire,verwandeln,,,
16,v,cooc,WEAK,define,definire,fixieren,,,
17,v,cooc,WEAK,depict,rappresentare,entwerfen,,,
18,v,cooc,WEAK,derive,trarre,übernehmen,,,
19,v,cooc,WEAK,describe,descrivere,hinstellen,,,
20,v,cooc,WEAK,determine,definire,beschließen,,,
21,v,cooc,WEAK,display,mostrare,ausstellen,,,
22,v,cooc,WEAK,distribute,assegnare,verteilen,,,
23,v,cooc,WEAK,drape,coprire,drapieren,,,
24,v,cooc,WEAK,dress,vestire,anrichten,,,
25,v,cooc,WEAK,edit,redigere,montieren,,,
26,v,cooc,WEAK,enter,entrare,treten,,,
27,v,cooc,WEAK,establish,stabilire,herstellen,,,
28,v,cooc,WEAK,explain,esporre,auslegen,,,
29,v,cooc,WEAK,extend,ampliare,reichen,,,
30,v,cooc,WEAK,extract,ricavare,ziehen,,,
31,v,cooc,WEAK,face,affrontare,aufdecken,,,
32,v,cooc,WEAK,fall,slittare,fallen,,,
33,v,cooc,WEAK,feature,rappresentare,bringen,,,
34,v,cooc,WEAK,fit,adattare,passen,,,
35,v,cooc,WEAK,fix,fissare,fixieren,,,
36,v,cooc,WEAK,follow,seguire,einhalten,,,
37,v,cooc,WEAK,grab,afferrare,packen,,,
38,v,cooc,WEAK,grace,abbellire,zieren,,,
39,v,cooc,WEAK,have,disporre,besitzen,,,
40,v,cooc,WEAK,head,affrontare,gehen,,,
41,v,cooc,WEAK,hit,raggiungere,treffen,,,
42,v,cooc,WEAK,hold,tenere,besitzen,,,
43,v,cooc,WEAK,install,installare,montieren,,,
44,v,cooc,WEAK,join,unire,teilnehmen,,,
45,v,cooc,WEAK,lay,porre,legen,,,
46,v,cooc,WEAK,lead,portare,gehen,,,
47,v,cooc,WEAK,let,lasciare,lassen,,,
48,v,cooc,WEAK,lie,rimanere,liegen,,,
49,v,cooc,WEAK,lift,levare,ziehen,,,
50,v,cooc,WEAK,line,allineare,begrenzen,,,
51,v,cooc,WEAK,load,appesantire,laden,,,
52,v,cooc,WEAK,look,sembrare,aussehen,,,
53,v,cooc,WEAK,lower,ripiegare,fallen,,,
54,v,cooc,WEAK,match,combinare,passen,,,
55,v,cooc,WEAK,mean,dire,vorstellen,,,
56,v,cooc,WEAK,negotiate,trattare,verhandeln,,,
57,v,cooc,WEAK,operate,lavorare,bedienen,,,
58,v,cooc,WEAK,order,disporre,bestellen,,,
59,v,cooc,WEAK,originate,provenire,entstehen,,,
60,v,cooc,WEAK,outline,delineare,entwerfen,,,
61,v,cooc,WEAK,overturn,rovesciare,kippen,,,
62,v,cooc,WEAK,partition,dividere,teilen,,,
63,v,cooc,WEAK,place,mettere,platzieren,,,
64,v,cooc,WEAK,point,indicare,liegen,,,
65,v,cooc,WEAK,provide,fornire,bieten,,,
66,v,cooc,WEAK,publish,pubblicare,bringen,,,
67,v,cooc,WEAK,reconcile,conciliare,vereinen,,,
68,v,cooc,WEAK,record,registrare,fixieren,,,
69,v,cooc,WEAK,refer,sottoporre,verweisen,,,
70,v,cooc,WEAK,reflect,rispecchiare,brechen,,,
71,v,cooc,WEAK,represent,rappresentare,vorstellen,,,
72,v,cooc,WEAK,require,richiedere,brauchen,,,
73,v,cooc,WEAK,reserve,prenotare,reservieren,,,
74,v,cooc,WEAK,run,andare,unterhalten,,,
75,v,cooc,WEAK,scatter,cospargere,verstreuen,,,
76,v,cooc,WEAK,seat,collocare,setzen,,,
77,v,cooc,WEAK,seem,sembrare,wirken,,,
78,v,cooc,WEAK,sell,vendere,überzeugen,,,
79,v,cooc,WEAK,send,trasmettere,geben,,,
80,v,cooc,WEAK,set,fissare,setzen,,,
81,v,cooc,WEAK,shake,traballare,wackeln,,,
82,v,cooc,WEAK,share,dividere,teilen,,,
83,v,cooc,WEAK,show,mostrare,aufweisen,,,
84,v,cooc,WEAK,sponsor,garantire,unterstützen,,,
85,v,cooc,WEAK,spread,allargare,verteilen,,,
86,v,cooc,WEAK,stand,restare,stehen,,,
87,v,cooc,WEAK,stop,interrompere,abstellen,,,
88,v,cooc,WEAK,store,fornire,ablegen,,,
89,v,cooc,WEAK,stow,collocare,packen,,,
90,v,cooc,WEAK,submit,presentare,beugen,,,
91,v,cooc,WEAK,supply,fornire,sorgen,,,
92,v,cooc,WEAK,talk,dire,reden,,,
93,v,cooc,WEAK,taste,provare,schmecken,,,
94,v,cooc,WEAK,tilt,capovolgere,kippen,,,
95,v,cooc,WEAK,tip,capovolgere,kippen,,,
96,v,cooc,WEAK,turn,girare,biegen,,,
97,v,cooc,WEAK,wear,portare,tragen,,,
98,v,cooc,WEAK,write,redigere,ausstellen,,,
