idx_group,pos,rel,weak,lex_en,lex_it,lex_de,score,bs_count,babel_synsets
0,n,head,,curtain pall drapery,cortina drappo tenda,Fensterdekoration Gardine Vorhang,,1,bn:00024534n
1,n,sim,,rug,tappeto,Teppich,0.261,1,bn:00016205n
2,n,sim,,carpet,tappeto,Teppich,0.257,1,bn:00016205n
3,n,sim,,tablecloth,tovaglia,Tischdecke,0.25,1,bn:00075826n
4,n,sim,,blanket,coperta,Decke,0.242,1,bn:00011119n
5,n,sim,,pillow,cuscino,Kissen,0.242,1,bn:00062414n
6,n,sim,,cushion,cuscino,Kissen,0.239,1,bn:00024566n
7,n,sim,,cloth,stoffa,Tuch,0.236,0,
8,n,sim,,curtain,tenda,Vorhang,0.225,1,bn:00024534n
9,n,sim,,sofa,divano,Sofa,0.222,1,bn:00023101n
10,n,sim,,veil,velo,Schleier,0.218,1,bn:00043283n
11,n,sim,,lamp,lampada,Lampe,0.216,2,bn:00030151n bn:00045882n
12,n,sim,,shawl,scialle,Schal,0.212,1,bn:00070943n
13,n,sim,,mirror,specchio,Spiegel,0.211,1,bn:00055261n
14,n,sim,,garment,indumento,Kleidungsstück,0.207,2,bn:00006125n bn:00037352n
15,n,sim,,chair,sedia,Stuhl,0.206,1,bn:00017515n
16,n,sim,,furniture,arredamento,Möbel,0.206,1,bn:00006129n
17,n,sim,,ceiling,soffitto,Decke,0.205,1,bn:00016974n
18,n,sim,,gown,vestito,Kleid,0.203,1,bn:00028682n
19,n,sim,,dress,vestito,Kleid,0.201,1,bn:00028682n
20,n,sim,,cloak,mantello,Mantel,0.197,0,
21,n,sim,,decoration,decorazione,Dekoration,0.197,1,bn:00025765n
22,n,sim,,scarf,sciarpa,Schal,0.196,1,bn:00069523n
23,n,sim,,closet,armadio,Schrank,0.195,1,bn:00019957n
24,n,sim,,scarves,sciarpa,Schal,0.195,0,
25,n,sim,,towel,asciugamano,Handtuch,0.193,1,bn:00077761n
26,n,sim,,couch,divano,Couch,0.192,1,bn:00023101n
27,n,sim,,glass,vetro,Glas,0.191,1,bn:00040605n
28,n,sim,,upholstery,tappezzeria,Polster,0.189,0,
29,n,sim,,candle,candela,Kerze,0.188,1,bn:00015211n
30,n,sim,,canvas,tela,Leinwand,0.188,2,bn:00015382n bn:00015381n
31,n,sim,,mask,maschera,Maske,0.188,1,bn:00053637n
32,n,sim,,blind,tenda,Markise,0.187,0,
33,n,sim,,lighting,illuminazione,Beleuchtung,0.186,2,bn:00051155n bn:00051154n
34,n,sim,,mattress,materasso,Matratze,0.186,1,bn:00053881n
35,n,sim,,shirt,camicia,Hemd,0.183,1,bn:00071142n
36,n,sim,,clothes,abbigliamento,Kleidung,0.182,1,bn:00006125n
37,n,sim,,clothing,abbigliamento,Kleidung,0.181,1,bn:00006125n
38,n,sim,,jacket,giacca,Jacke,0.181,2,bn:00020184n bn:00047823n
39,n,sim,,covering,copertura,Abdeckung,0.179,0,
40,n,sim,,coat,cappotto,Mantel,0.177,1,bn:00020184n
41,n,sim,,fireplace,camino,Kamin,0.177,1,bn:00034702n
42,n,sim,,wardrobe,armadio,Kleiderschrank,0.176,1,bn:00019957n
43,n,sim,,furnishing,arredamento,Möblierung,0.175,0,
44,n,sim,,bathroom,bagno,Badezimmer,0.173,1,bn:00008995n
45,n,sim,,decor,arredamento,Dekor,0.173,0,
46,n,sim,,hat,cappello,Hut,0.173,1,bn:00017718n
47,n,sim,,settee,divano,Sofa,0.172,1,bn:00023101n
48,n,sim,,shoe,scarpa,Schuh,0.172,1,bn:00071172n
49,n,sim,,staircase,scala,Treppe,0.172,1,bn:00073853n
50,n,sim,,mantle,mantello,Mantel,0.171,1,bn:00053272n
51,n,sim,,plug,candela,Kerze,0.171,0,
52,n,sim,,tile,mattonella,Fliese,0.171,1,bn:21705914n
53,n,sim,,apron,grembiule,Schürze,0.17,1,bn:00005180n
54,n,sim,,rope,corda,Seil,0.17,1,bn:00068266n
55,n,sim,,skirt,gonna,Rock,0.169,1,bn:00072004n
56,n,sim,,vase,vaso,Vase,0.169,1,bn:00079628n
57,n,sim,,balcony,balcone,Balkon,0.167,1,bn:00008079n
58,n,sim,,glove,guanto,Handschuh,0.166,1,bn:00040736n
59,n,sim,,strip,striscia,Streifen,0.165,0,
60,n,sim,,tunic,tunica,Tunika,0.165,1,bn:00078599n
61,n,sim,,flower,fiore,Blume,0.164,2,bn:00035378n bn:00011422n
62,n,sim,,screen,schermo,Bildschirm,0.163,1,bn:00021486n
63,n,sim,,stone,pietra,Stein,0.163,2,bn:00068045n bn:00068046n
64,n,sim,,wing,ala,Flügel,0.163,3,bn:00081336n bn:00004331n bn:00081355n
65,n,sim,,grille,griglia,Gitter,0.162,0,
66,n,sim,,silk,seta,Seide,0.162,2,bn:00071600n bn:00071599n
67,n,sim,,wall,parete,Wand,0.162,2,bn:00060663n bn:00080386n
68,n,sim,,armoire,armadio,Schrank,0.161,1,bn:06434419n
69,n,sim,,cover,copertura,Abdeckung,0.161,0,
70,n,sim,,décor,arredamento,Dekor,0.159,0,
71,n,sim,,shield,scudo,Schild,0.159,2,bn:00013602n bn:00031580n
72,n,sim,,desk,scrivania,Schreibtisch,0.158,1,bn:00026554n
73,n,sim,,sheet,foglio,Blatt,0.158,1,bn:00062308n
74,n,sim,,armchair,poltrona,Sessel,0.154,1,bn:00005729n
75,n,sim,,bag,sacchetto,Tasche,0.154,2,bn:00016261n bn:00007922n
76,n,sim,,toy,giocattolo,Spielzeug,0.154,1,bn:00062965n
77,n,sim,,ring,anello,Ring,0.153,5,bn:00019935n bn:00044712n bn:00004373n bn:00008287n bn:00008290n
78,n,sim,,stripe,striscia,Streifen,0.153,0,
79,n,sim,,bed,letto,Bett,0.152,2,bn:00009472n bn:00009474n
80,n,sim,,facade,facciata,Fassade,0.152,1,bn:00032598n
81,n,sim,,bow,arco,Bogen,0.151,4,bn:00012466n bn:00012472n bn:00012475n bn:00012468n
82,n,sim,,t-shirt,maglietta,T-shirt,0.151,0,
83,n,sim,,tapestry,arazzo,Wandteppich,0.151,1,bn:00076116n
84,n,sim,,gate,cancello,Tor,0.15,1,bn:00037486n
85,n,sim,,pipe,tubo,Rohr,0.15,1,bn:00062568n
86,n,sim,,feather,piuma,Feder,0.149,1,bn:00033865n
87,n,sim,,robe,accappatoio,Robe,0.149,1,bn:00009019n
88,n,sim,,sock,calzino,Socke,0.148,1,bn:00072576n
89,n,sim,,window,finestra,Fenster,0.147,2,bn:00081292n bn:00081285n
90,n,sim,,pillar,pilastro,Säule,0.146,1,bn:00020827n
91,n,sim,,shelf,mensola,Regal,0.145,1,bn:00070999n
92,n,sim,,blouse,camicetta,Bluse,0.143,1,bn:00011441n
93,n,sim,,mist,nebbia,Nebel,0.143,1,bn:00055345n
94,n,sim,,garland,ghirlanda,Girlande,0.142,1,bn:00017726n
95,n,sim,,awning,tenda,Markise,0.141,1,bn:00007513n
96,n,sim,,attire,abbigliamento,Kleidung,0.14,2,bn:00006125n bn:00007046n
97,n,sim,,bedsheet,lenzuolo,Bettlaken,0.14,1,bn:00009493n
98,n,sim,,belt,cintura,Gürtel,0.14,2,bn:00009824n bn:00009823n
99,n,sim,,cord,cordone,Schnur,0.14,1,bn:00022589n
100,n,sim,,fur,pelliccia,Fell,0.138,1,bn:00036882n
101,n,sim,,napkin,tovagliolo,Serviette,0.138,1,bn:00056825n
102,n,sim,,ornament,ornamento,Verzierung,0.135,2,bn:00025765n bn:00030473n
103,n,sim,,shell,guscio,Schale,0.135,0,
104,n,sim,,collar,colletto,Halsband,0.134,0,
105,n,sim,,overcoat,cappotto,Mantel,0.134,1,bn:00041606n
106,n,sim,,bead,perlina,Perle,0.133,1,bn:00009290n
107,n,sim,,rail,parapetto,Geländer,0.133,1,bn:00066008n
108,n,sim,,trouser,pantalone,Hose,0.133,0,
109,n,sim,,flap,patta,Klappe,0.132,0,
110,n,sim,,bookcase,libreria,Bücherregal,0.131,2,bn:00012121n bn:00012140n
111,n,sim,,bookshelve,libreria,Bücherregal,0.129,0,
112,n,sim,,embroidery,ricamo,Stickerei,0.129,1,bn:00030503n
113,n,sim,,flag,bandiera,Flagge,0.128,1,bn:00034960n
114,n,sim,,umbrella,ombrello,Regenschirm,0.128,1,bn:00078920n
115,n,sim,,stocking,calza,Strumpf,0.126,0,
116,n,sim,,façade,facciata,Fassade,0.125,1,bn:00032598n
117,n,sim,,plate,piatto,Platte,0.124,1,bn:00062878n
118,n,sim,,railing,ringhiera,Geländer,0.124,2,bn:00042062n bn:00066008n
119,n,sim,,sweater,maglione,Pullover,0.124,2,bn:00048144n bn:00048570n
120,n,sim,,tube,tubo,Rohr,0.122,0,
121,n,sim,,tarpaulin,telone,Plane,0.121,1,bn:00076158n
122,n,sim,,frame,telaio,Zarge,0.114,1,bn:03336864n
123,n,sim,,haze,foschia,Nebel,0.113,0,
124,n,sim,,bathrobe,accappatoio,Bademantel,0.108,1,bn:00009019n
125,n,sim,,tassel,nappa,Quaste,0.108,1,bn:00076188n
126,n,sim,,fog,nebbia,Nebel,0.107,1,bn:00035570n
127,n,sim,,handbag,borsetta,Handtasche,0.104,1,bn:00007925n
128,n,sim,,wool,lana,Wolle,0.103,1,bn:00081531n
129,n,sim,,porcelain,porcellana,Porzellan,0.102,1,bn:00063607n
130,n,sim,,woven,tessuto,Gewebte,0.102,0,
131,n,sim,,wig,parrucca,Perücke,0.101,1,bn:00081177n
132,n,sim,,barrier,barriera,Barriere,0.091,2,bn:02215990n bn:03017769n
1,n,sim,WEAK,adornment,ornamento,Schmuck,,,
2,n,sim,WEAK,apparel,abbigliamento,Gewand,,,
3,n,sim,WEAK,banner,bandiera,Banner,,,
4,n,sim,WEAK,barricade,barricata,Schranke,,,
5,n,sim,WEAK,baseboard,zoccolo,Leiste,,,
6,n,sim,WEAK,beam,fascio,Balken,,,
7,n,sim,WEAK,bedding,materasso,Bettzeug,,,
8,n,sim,WEAK,bench,banco,Tisch,,,
9,n,sim,WEAK,blade,filo,Blatt,,,
10,n,sim,WEAK,bodice,corpetto,Oberteil,,,
11,n,sim,WEAK,boot,portabagagli,Stiefel,,,
12,n,sim,WEAK,brick,mattone,Stein,,,
13,n,sim,WEAK,cabinet,mobile,Schrank,,,
14,n,sim,WEAK,canopy,baldacchino,Markise,,,
15,n,sim,WEAK,cap,cappuccio,Kappe,,,
16,n,sim,WEAK,cape,cappa,Umhang,,,
17,n,sim,WEAK,costume,tailleur,Kostüm,,,
18,n,sim,WEAK,counter,banco,Theke,,,
19,n,sim,WEAK,coverlet,piumino,Tagesdecke,,,
20,n,sim,WEAK,curtains,tendaggio,Vorhang,,,
21,n,sim,WEAK,door,porta,Tor,,,
22,n,sim,WEAK,drape,drappo,Gardine,,,
23,n,sim,WEAK,duvet,piumino,Bett,,,
24,n,sim,WEAK,enclosure,recinto,Einzäunung,,,
25,n,sim,WEAK,exterior,esterno,Hülle,,,
26,n,sim,WEAK,fabric,tessuto,Stoff,,,
27,n,sim,WEAK,fence,recinto,Zaun,,,
28,n,sim,WEAK,flooring,pavimento,Bodenbelag,,,
29,n,sim,WEAK,garb,abbigliamento,Gewand,,,
30,n,sim,WEAK,handkerchief,fazzoletto,Tuch,,,
31,n,sim,WEAK,hood,cappuccio,Kappe,,,
32,n,sim,WEAK,jewelry,gioiello,Schmuck,,,
33,n,sim,WEAK,kit,kit,Besteck,,,
34,n,sim,WEAK,lid,copertura,Deckel,,,
35,n,sim,WEAK,linen,biancheria,Wäsche,,,
36,n,sim,WEAK,lining,rivestimento,Verkleidung,,,
37,n,sim,WEAK,marble,marmo,Kugel,,,
38,n,sim,WEAK,mat,tappeto,Matte,,,
39,n,sim,WEAK,ornamentation,decorazione,Verzierung,,,
40,n,sim,WEAK,paint,tinta,Anstrich,,,
41,n,sim,WEAK,panel,pannello,Platte,,,
42,n,sim,WEAK,partition,tramezzo,Trennwand,,,
43,n,sim,WEAK,pen,recinto,Feder,,,
44,n,sim,WEAK,pole,paletto,Stange,,,
45,n,sim,WEAK,poster,cartello,Poster,,,
46,n,sim,WEAK,quilt,piumino,Decke,,,
47,n,sim,WEAK,rack,portabagagli,Regal,,,
48,n,sim,WEAK,raiment,abbigliamento,Gewand,,,
49,n,sim,WEAK,rod,canna,Stange,,,
50,n,sim,WEAK,shade,tinta,Schatten,,,
51,n,sim,WEAK,shroud,sudario,Schleier,,,
52,n,sim,WEAK,stick,canna,Stange,,,
53,n,sim,WEAK,stove,cucina,Ofen,,,
54,n,sim,WEAK,strap,striscia,Klappe,,,
55,n,sim,WEAK,tabletop,tavolo,Platte,,,
56,n,sim,WEAK,tape,nastro,Streifen,,,
57,n,sim,WEAK,tarp,telo,Plane,,,
58,n,sim,WEAK,tent,tenda,Zelt,,,
59,n,sim,WEAK,toilet,bagno,Toilette,,,
60,n,sim,WEAK,tub,vasca,Kasten,,,
61,n,sim,WEAK,vest,maglietta,Weste,,,
62,n,sim,WEAK,wallpaper,tappezzeria,Tapete,,,
63,n,sim,WEAK,wheel,ruota,Lenkrad,,,
64,n,sim,WEAK,wire,filo,Seil,,,
65,n,sim,WEAK,wrap,scialle,Mantel,,,
66,n,sim,WEAK,wrapping,involucro,Hülle,,,
67,n,sim,WEAK,wreath,corona,Girlande,,,
1,n,cooc,,tablecloth,tovaglia,Tischdecke,0.507,1,bn:00075826n
2,n,cooc,,bedsheet,lenzuolo,Bettlaken,0.487,1,bn:00009493n
3,n,cooc,,pillow,cuscino,Kissen,0.487,1,bn:00062414n
4,n,cooc,,cushion,cuscino,Kissen,0.485,1,bn:00024566n
5,n,cooc,,upholstery,tappezzeria,Polster,0.477,0,
6,n,cooc,,shower,doccia,Dusche,0.476,2,bn:00071324n bn:00071325n
7,n,cooc,,mattress,materasso,Matratze,0.449,1,bn:00053881n
8,n,cooc,,shroud,velo,Schleier,0.446,0,
9,n,cooc,,theater,teatro,Theater,0.441,2,bn:00028609n bn:00045002n
10,n,cooc,,bedspread,copriletto,Tagesdecke,0.429,2,bn:00020917n bn:00009486n
11,n,cooc,,theatre,teatro,Theater,0.429,2,bn:00028609n bn:00045002n
12,n,cooc,,window,finestra,Fenster,0.428,2,bn:00081292n bn:00081285n
13,n,cooc,,blanket,coperta,Decke,0.423,1,bn:00011119n
14,n,cooc,,rug,tappeto,Teppich,0.423,1,bn:00016205n
15,n,cooc,,carpet,tappeto,Teppich,0.419,1,bn:00016205n
16,n,cooc,,lamp,lampada,Lampe,0.412,2,bn:00030151n bn:00045882n
17,n,cooc,,veil,velo,Schleier,0.411,1,bn:00043283n
18,n,cooc,,canopy,tettoia,Baldachin,0.403,1,bn:00015334n
19,n,cooc,,tapestry,arazzo,Wandteppich,0.402,1,bn:00076116n
20,n,cooc,,couch,divano,Couch,0.385,1,bn:00023101n
21,n,cooc,,bedcover,copriletto,Bettdecke,0.383,0,
22,n,cooc,,cloth,panno,Tuch,0.38,0,
23,n,cooc,,chandelier,lampadario,Kronleuchter,0.37,1,bn:00017640n
24,n,cooc,,wall,muro,Wand,0.37,1,bn:00080386n
25,n,cooc,,sofa,divano,Sofa,0.347,1,bn:00023101n
26,n,cooc,,curtain,cortina,Vorhang,0.337,1,bn:00024534n
27,n,cooc,,bed,letto,Bett,0.333,2,bn:00009472n bn:00009474n
28,n,cooc,,chair,sedia,Stuhl,0.326,1,bn:00017515n
29,n,cooc,,pillar,colonna,Säule,0.319,1,bn:00020827n
30,n,cooc,,table,tavolo,Tisch,0.288,2,bn:00075813n bn:00075814n
31,n,cooc,,paint,colore,Farbe,0.235,1,bn:00060187n
32,n,cooc,,desk,tavolo,Tisch,0.215,0,
33,n,cooc,,column,colonna,Spalte,0.205,1,bn:00020828n
34,n,cooc,,floor,piano,Boden,0.205,0,
1,n,cooc,WEAK,bedding,materasso,Bettzeug,,,
2,n,cooc,WEAK,blind,persiana,Markise,,,
3,n,cooc,WEAK,candle,candela,Licht,,,
4,n,cooc,WEAK,cord,corda,Binde,,,
5,n,cooc,WEAK,cover,copertura,Bezug,,,
6,n,cooc,WEAK,covering,copertura,Verkleidung,,,
7,n,cooc,WEAK,decoration,ornamento,Dekoration,,,
8,n,cooc,WEAK,defense,protezione,Befestigung,,,
9,n,cooc,WEAK,drape,drappo,Gardine,,,
10,n,cooc,WEAK,dress,vestito,Kleidung,,,
11,n,cooc,WEAK,duvet,piumino,Bett,,,
12,n,cooc,WEAK,fabric,tessuto,Stoff,,,
13,n,cooc,WEAK,fitting,equipaggiamento,Installation,,,
14,n,cooc,WEAK,frame,struttura,Bild,,,
15,n,cooc,WEAK,furniture,mobile,Möbel,,,
16,n,cooc,WEAK,hanging,cortina,Aufhängen,,,
17,n,cooc,WEAK,heater,stufa,Heizkörper,,,
18,n,cooc,WEAK,light,lampada,Licht,,,
19,n,cooc,WEAK,lining,rivestimento,Verkleidung,,,
20,n,cooc,WEAK,mat,tappeto,Deckchen,,,
21,n,cooc,WEAK,material,tessuto,Material,,,
22,n,cooc,WEAK,panel,pannello,Verkleidung,,,
23,n,cooc,WEAK,pole,asta,Stange,,,
24,n,cooc,WEAK,quilt,piumino,Decke,,,
25,n,cooc,WEAK,ring,corona,Rand,,,
26,n,cooc,WEAK,rod,asta,Stange,,,
27,n,cooc,WEAK,room,spazio,Zimmer,,,
28,n,cooc,WEAK,scenery,scenografia,Kulisse,,,
29,n,cooc,WEAK,screen,cortina,Leinwand,,,
30,n,cooc,WEAK,seat,posto,Boden,,,
31,n,cooc,WEAK,shade,tinta,Schatten,,,
32,n,cooc,WEAK,sheet,lenzuolo,Tuch,,,
33,n,cooc,WEAK,side,fianco,Seite,,,
34,n,cooc,WEAK,stage,teatro,Bühne,,,
35,n,cooc,WEAK,wallpaper,tappezzeria,Tapete,,,
1,adj,cooc,,worn,logoro,abgenutzt,0.565,0,
2,adj,cooc,,torn,strappato,zerrissen,0.42,0,
3,adj,cooc,,thick,spesso,dick,0.417,1,bn:00111824a
4,adj,cooc,,impenetrable,impenetrabile,undurchdringlich,0.403,0,
5,adj,cooc,,purple,purpureo,lila,0.386,0,
6,adj,cooc,,diaphanous,trasparente,transparent,0.385,0,
7,adj,cooc,,red,rosso,rot,0.371,1,bn:00098581a
8,adj,cooc,,side,laterale,seitlich,0.365,0,
9,adj,cooc,,heavy,pesante,schwer,0.349,2,bn:00104050a bn:00104065a
10,adj,cooc,,see-through,trasparente,durchsichtig,0.333,0,
11,adj,cooc,,closed,chiuso,geschlossen,0.332,0,
12,adj,cooc,,smoky,fumoso,verraucht,0.332,0,
13,adj,cooc,,transparent,trasparente,transparent,0.313,1,bn:00100744a
14,adj,cooc,,violet,violetto,violett,0.313,1,bn:00109255a
15,adj,cooc,,white,bianco,weiß,0.312,1,bn:00113830a
16,adj,cooc,,dense,denso,dicht,0.307,1,bn:00101177a
17,adj,cooc,,somber,scuro,dunkel,0.307,0,
18,adj,cooc,,blue,blu,blau,0.305,1,bn:00098606a
19,adj,cooc,,opaque,opaco,undurchsichtig,0.305,1,bn:00107877a
20,adj,cooc,,gray,grigio,grau,0.3,1,bn:00103764a
21,adj,cooc,,black,nero,schwarz,0.293,2,bn:00098481a bn:00098480a
22,adj,cooc,,light,leggero,hell,0.283,0,
23,adj,cooc,,yellow,giallo,gelb,0.283,1,bn:00113968a
24,adj,cooc,,colored,colorato,farbig,0.268,1,bn:00100034a
25,adj,cooc,,dark,scuro,dunkel,0.267,1,bn:00100902a
26,adj,cooc,,pink,rosa,rosa,0.261,2,bn:00109930a bn:00108605a
27,adj,cooc,,thin,sottile,dünn,0.253,0,
28,adj,cooc,,sombre,oscuro,dunkel,0.252,0,
29,adj,cooc,,gloomy,oscuro,dunkel,0.25,0,
30,adj,cooc,,decorative,ornamentale,dekorativ,0.246,0,
31,adj,cooc,,ornamental,ornamentale,dekorativ,0.246,0,
32,adj,cooc,,grey,grigio,grau,0.239,1,bn:00103764a
33,adj,cooc,,green,verde,grün,0.223,1,bn:00100914a
34,adj,cooc,,nice,bello,hübsch,0.209,0,
35,adj,cooc,,sumptuous,sontuoso,üppig,0.202,0,
36,adj,cooc,,plush,elegante,elegant,0.154,0,
37,adj,cooc,,graceful,elegante,elegant,0.148,2,bn:00102104a bn:00103705a
38,adj,cooc,,elegant,elegante,elegant,0.114,3,bn:00102103a bn:00102104a bn:00103705a
39,adj,cooc,,simple,semplice,schlicht,0.08,0,
1,adj,cooc,WEAK,close,vicino,dicht,,,
2,adj,cooc,WEAK,crimson,cremisi,purpurn,,,
3,adj,cooc,WEAK,filmy,velato,hauchdünn,,,
4,adj,cooc,WEAK,flimsy,fragile,dünn,,,
5,adj,cooc,WEAK,flowing,scorrevole,wallend,,,
6,adj,cooc,WEAK,great,grande,hell,,,
7,adj,cooc,WEAK,open,disponibile,geöffnet,,,
8,adj,cooc,WEAK,ready,pronto,fertig,,,
9,adj,cooc,WEAK,sheer,trasparente,hauchdünn,,,
10,adj,cooc,WEAK,suitable,adatto,passend,,,
11,adj,cooc,WEAK,tight,tirato,dicht,,,
1,v,cooc,,obscure,oscurare,verdecken,0.54,1,bn:00083292v
2,v,cooc,,hang,appendere,aufhängen,0.501,1,bn:00089179v
3,v,cooc,,flutter,svolazzare,flattern,0.457,0,
4,v,cooc,,lift,sollevare,heben,0.454,1,bn:00084110v
5,v,cooc,,part,separare,trennen,0.426,0,
6,v,cooc,,veil,coprire,verhüllen,0.417,0,
7,v,cooc,,rend,lacerare,zerreißen,0.414,1,bn:00092142v
8,v,cooc,,separate,separare,trennen,0.414,0,
9,v,cooc,,sew,cucire,nähen,0.41,0,
10,v,cooc,,pull,tirare,ziehen,0.387,1,bn:00092138v
11,v,cooc,,open,aprire,öffnen,0.382,0,
12,v,cooc,,close,chiudere,schließen,0.366,1,bn:00085162v
13,v,cooc,,fall,cadere,fallen,0.365,2,bn:00087979v bn:00087976v
14,v,cooc,,lower,abbassare,senken,0.353,0,
15,v,cooc,,shut,chiudere,schließen,0.353,1,bn:00085162v
16,v,cooc,,wash,lavare,waschen,0.351,1,bn:00095650v
17,v,cooc,,blow,soffiare,wehen,0.35,1,bn:00083663v
18,v,cooc,,cling,aderire,kleben,0.347,0,
19,v,cooc,,hide,nascondere,verstecken,0.346,2,bn:00085509v bn:00089332v
20,v,cooc,,penetrate,penetrare,durchdringen,0.333,0,
21,v,cooc,,drop,cadere,fallen,0.33,0,
22,v,cooc,,conceal,nascondere,verbergen,0.329,0,
23,v,cooc,,shield,proteggere,schützen,0.325,0,
24,v,cooc,,clean,pulire,reinigen,0.321,0,
25,v,cooc,,twitch,tirare,ziehen,0.319,0,
26,v,cooc,,adorn,ornare,schmücken,0.314,1,bn:00082386v
27,v,cooc,,stitch,cucire,nähen,0.31,0,
28,v,cooc,,weave,tessere,weben,0.306,0,
29,v,cooc,,shroud,avvolgere,hüllen,0.298,0,
30,v,cooc,,slide,scorrere,gleiten,0.292,0,
31,v,cooc,,tug,tirare,zerren,0.286,0,
32,v,cooc,,raise,sollevare,erheben,0.282,1,bn:00082770v
33,v,cooc,,protect,proteggere,schützen,0.273,1,bn:00090041v
34,v,cooc,,seal,chiudere,verschließen,0.268,0,
35,v,cooc,,cover,coprire,decken,0.257,2,bn:00085917v bn:00084032v
36,v,cooc,,sweep,spazzare,kehren,0.257,1,bn:00093230v
37,v,cooc,,erect,erigere,errichten,0.254,0,
38,v,cooc,,wrap,avvolgere,hüllen,0.249,1,bn:00087593v
39,v,cooc,,surround,circondare,umgeben,0.242,1,bn:00083797v
40,v,cooc,,draw,disegnare,ziehen,0.238,0,
41,v,cooc,,obstruct,impedire,behindern,0.235,0,
42,v,cooc,,prevent,impedire,verhindern,0.225,2,bn:00090033v bn:00088454v
43,v,cooc,,buy,acquistare,kaufen,0.219,1,bn:00084331v
44,v,cooc,,shred,strappare,zerfetzen,0.219,0,
45,v,cooc,,decorate,decorare,schmücken,0.215,1,bn:00082386v
46,v,cooc,,replace,sostituire,ersetzen,0.199,2,bn:00087802v bn:00092817v
47,v,cooc,,fly,volare,fliegen,0.193,2,bn:00088386v bn:00088378v
48,v,cooc,,go,andare,gehen,0.167,2,bn:00088629v bn:00086600v
49,v,cooc,,bring,portare,bringen,0.147,1,bn:00084058v
50,v,cooc,,call,denominare,rufen,0.131,0,
51,v,cooc,,catch,prendere,fangen,0.129,1,bn:00084654v
52,v,cooc,,disappear,scomparire,verschwinden,0.128,1,bn:00086880v
53,v,cooc,,remove,rimuovere,entfernen,0.093,0,
54,v,cooc,,come,venire,kommen,0.09,1,bn:00085335v
55,v,cooc,,carve,tagliare,schneiden,0.084,0,
56,v,cooc,,keep,conservare,halten,0.056,0,
1,v,cooc,WEAK,arrange,organizzare,gestalten,,,
2,v,cooc,WEAK,block,fissare,sperren,,,
3,v,cooc,WEAK,choose,preferire,wählen,,,
4,v,cooc,WEAK,cloak,nascondere,drapieren,,,
5,v,cooc,WEAK,compound,comporre,verbinden,,,
6,v,cooc,WEAK,darken,oscurare,verdunkeln,,,
7,v,cooc,WEAK,depict,rappresentare,entwerfen,,,
8,v,cooc,WEAK,descend,scendere,sinken,,,
9,v,cooc,WEAK,dispel,dissipare,vertreiben,,,
10,v,cooc,WEAK,dispose,disporre,aufstellen,,,
11,v,cooc,WEAK,divide,dividere,teilen,,,
12,v,cooc,WEAK,drape,coprire,drapieren,,,
13,v,cooc,WEAK,dress,vestire,anmachen,,,
14,v,cooc,WEAK,embellish,ornare,verschönern,,,
15,v,cooc,WEAK,enclose,includere,umgeben,,,
16,v,cooc,WEAK,fashion,fare,gestalten,,,
17,v,cooc,WEAK,fasten,fissare,befestigen,,,
18,v,cooc,WEAK,figure,raffigurare,auftauchen,,,
19,v,cooc,WEAK,fit,adattare,passen,,,
20,v,cooc,WEAK,flap,sbattere,flattern,,,
21,v,cooc,WEAK,float,lanciare,schweben,,,
22,v,cooc,WEAK,flow,scorrere,wallen,,,
23,v,cooc,WEAK,fold,piegare,legen,,,
24,v,cooc,WEAK,frame,formare,umrahmen,,,
25,v,cooc,WEAK,guard,proteggere,sichern,,,
26,v,cooc,WEAK,hover,svolazzare,schweben,,,
27,v,cooc,WEAK,install,installare,montieren,,,
28,v,cooc,WEAK,insulate,isolare,abschirmen,,,
29,v,cooc,WEAK,iron,stirare,bügeln,,,
30,v,cooc,WEAK,manufacture,fabbricare,fertigen,,,
31,v,cooc,WEAK,mask,nascondere,verdecken,,,
32,v,cooc,WEAK,mean,rappresentare,bedeuten,,,
33,v,cooc,WEAK,muffle,coprire,dämpfen,,,
34,v,cooc,WEAK,ornament,ornare,verzieren,,,
35,v,cooc,WEAK,partition,dividere,teilen,,,
36,v,cooc,WEAK,pierce,forare,durchdringen,,,
37,v,cooc,WEAK,pin,fissare,stecken,,,
38,v,cooc,WEAK,place,mettere,platzieren,,,
39,v,cooc,WEAK,push,puntare,schieben,,,
40,v,cooc,WEAK,rip,strappare,reißen,,,
41,v,cooc,WEAK,rise,sorgere,steigen,,,
42,v,cooc,WEAK,roll,arrotolare,rollen,,,
43,v,cooc,WEAK,round,superare,runden,,,
44,v,cooc,WEAK,screen,schermare,abschirmen,,,
45,v,cooc,WEAK,settle,comporre,festsetzen,,,
46,v,cooc,WEAK,soak,immergere,einweichen,,,
47,v,cooc,WEAK,soften,abbassare,dämpfen,,,
48,v,cooc,WEAK,stir,agitare,bewegen,,,
49,v,cooc,WEAK,stretch,allungare,ziehen,,,
50,v,cooc,WEAK,suspend,sospendere,aufhängen,,,
51,v,cooc,WEAK,sway,reggere,schwingen,,,
52,v,cooc,WEAK,swing,agitare,schwingen,,,
53,v,cooc,WEAK,tear,strappare,reißen,,,
54,v,cooc,WEAK,tie,legare,verbinden,,,
55,v,cooc,WEAK,waft,spargere,wehen,,,
56,v,cooc,WEAK,wave,sventolare,wehen,,,
57,v,cooc,WEAK,wear,indossare,schlucken,,,
