idx_group,pos,rel,weak,lex_en,lex_it,lex_de,score,bs_count,babel_synsets
0,n,head,,glass,vetro,Glas,,1,bn:00040605n
1,n,sim,,cloth,stoffa,Tuch,0.247,0,
2,n,sim,,tooth,dente,Zahn,0.244,2,bn:00077593n bn:00077344n
3,n,sim,,gold,oro,Gold,0.238,5,bn:00003255n bn:00040921n bn:00040935n bn:00006911n bn:00040922n
4,n,sim,,style,stile,Stil,0.231,1,bn:15993750n
5,n,sim,,arm,braccio,Arm,0.222,2,bn:00005703n bn:00005702n
6,n,sim,,leaf,foglia,Blatt,0.218,1,bn:00035596n
7,n,sim,,sand,sabbia,Sand,0.211,1,bn:00069126n
8,n,sim,,coffee,caffè,Kaffee,0.21,3,bn:00020414n bn:00020416n bn:00020411n
9,n,sim,,roof,tetto,Dach,0.21,1,bn:00068220n
10,n,sim,,lamp,lampada,Lampe,0.206,2,bn:00045882n bn:00030151n
11,n,sim,,wood,legno,Holz,0.205,1,bn:00081492n
12,n,sim,,table,tavolo,Tisch,0.204,2,bn:00075813n bn:00075814n
13,n,sim,,tape,nastro,Band,0.204,0,
14,n,sim,,coat,strato,Schicht,0.203,0,
15,n,sim,,frame,cornice,Rahmen,0.2,1,bn:03336864n
16,n,sim,,hair,capello,Haar,0.198,2,bn:00042528n bn:00042526n
17,n,sim,,fiber,fibra,Faser,0.197,2,bn:00034207n bn:00034205n
18,n,sim,,film,pellicola,Film,0.197,3,bn:00034471n bn:00034473n bn:00034472n
19,n,sim,,leg,gamba,Bein,0.195,1,bn:00050541n
20,n,sim,,bottom,fondo,Boden,0.194,1,bn:00012366n
21,n,sim,,flower,fiore,Blume,0.194,2,bn:00035378n bn:00011422n
22,n,sim,,mirror,specchio,Spiegel,0.194,1,bn:00055261n
23,n,sim,,bottle,bottiglia,Flasche,0.189,2,bn:00012340n bn:00012339n
24,n,sim,,ring,anello,Ring,0.188,5,bn:00008290n bn:00044712n bn:00008287n bn:00004373n bn:00019935n
25,n,sim,,ice,ghiaccio,Eis,0.183,1,bn:00045705n
26,n,sim,,screen,schermo,Bildschirm,0.181,1,bn:00021486n
27,n,sim,,body,corpo,Körper,0.18,1,bn:00011744n
28,n,sim,,plastic,plastica,Kunststoff,0.179,1,bn:00062856n
29,n,sim,,range,serie,Reihe,0.179,0,
30,n,sim,,size,dimensione,Größe,0.179,1,bn:15234561n
31,n,sim,,brand,marchio,Marke,0.178,1,bn:00012758n
32,n,sim,,camera,telecamera,Kamera,0.178,0,
33,n,sim,,stuff,materiale,Material,0.178,1,bn:00053801n
34,n,sim,,element,elemento,Element,0.176,6,bn:00030300n bn:00018105n bn:00021394n bn:00030299n bn:00021396n bn:00030301n
35,n,sim,,pattern,modello,Muster,0.174,1,bn:00026537n
36,n,sim,,finish,finitura,Oberfläche,0.173,0,
37,n,sim,,painting,pittura,Bild,0.171,1,bn:00060202n
38,n,sim,,shop,negozio,Geschäft,0.171,1,bn:00071215n
39,n,sim,,metal,metallo,Metall,0.17,1,bn:00054550n
40,n,sim,,band,fascia,Band,0.169,3,bn:00008285n bn:00008289n bn:00008282n
41,n,sim,,color,colore,Farbe,0.169,1,bn:00020726n
42,n,sim,,animal,animale,Tier,0.168,1,bn:00004222n
43,n,sim,,shoe,scarpa,Schuh,0.166,1,bn:00071172n
44,n,sim,,steel,acciaio,Stahl,0.165,1,bn:00074123n
45,n,sim,,jar,vaso,Topf,0.164,0,
46,n,sim,,fibre,fibra,Faser,0.161,2,bn:00034207n bn:00034205n
47,n,sim,,front,facciata,Fassade,0.161,0,
48,n,sim,,design,design,Design,0.159,11,bn:00056023n bn:00026538n bn:00026535n bn:00045963n bn:00028639n bn:00045772n bn:00021551n bn:00026536n bn:00026537n bn:00011593n bn:00002178n
49,n,sim,,sheet,foglio,Blatt,0.158,1,bn:00062308n
50,n,sim,,light,luce,Licht,0.157,3,bn:00051108n bn:00045956n bn:00051109n
51,n,sim,,instrument,strumento,Instrument,0.156,6,bn:00077585n bn:00023662n bn:00046961n bn:00046965n bn:00046964n bn:00046962n
52,n,sim,,object,oggetto,Objekt,0.156,4,bn:00058443n bn:00058445n bn:00058442n bn:00002179n
53,n,sim,,aluminium,alluminio,Aluminium,0.155,1,bn:00002355n
54,n,sim,,knife,coltello,Messer,0.154,1,bn:00049322n
55,n,sim,,oil,olio,Öl,0.154,1,bn:00058732n
56,n,sim,,colour,colore,Farbe,0.152,1,bn:00020726n
57,n,sim,,stone,pietra,Stein,0.148,2,bn:00068045n bn:00068046n
58,n,sim,,tree,albero,Baum,0.148,1,bn:00078131n
59,n,sim,,kitchen,cucina,Küche,0.146,1,bn:00049248n
60,n,sim,,material,materiale,Material,0.143,3,bn:00053803n bn:00053801n bn:00053802n
61,n,sim,,chair,sedia,Stuhl,0.142,1,bn:00017515n
62,n,sim,,energy,energia,Energie,0.142,1,bn:00030820n
63,n,sim,,meat,carne,Fleisch,0.142,1,bn:00054026n
64,n,sim,,pot,vaso,Topf,0.142,0,
65,n,sim,,room,camera,Zimmer,0.142,1,bn:00068233n
66,n,sim,,appliance,apparecchio,Gerät,0.141,0,
67,n,sim,,building,edificio,Gebäude,0.139,1,bn:00013722n
68,n,sim,,structure,struttura,Struktur,0.139,1,bn:00022071n
69,n,sim,,model,modello,Modell,0.138,7,bn:00055448n bn:00022071n bn:00036197n bn:00032100n bn:00033735n bn:00055447n bn:00032101n
70,n,sim,,apparatus,apparecchio,Gerät,0.136,0,
71,n,sim,,furniture,arredamento,Möbel,0.136,1,bn:00006129n
72,n,sim,,layer,strato,Schicht,0.136,3,bn:00050302n bn:00009477n bn:00050305n
73,n,sim,,bed,letto,Bett,0.135,2,bn:00009474n bn:00009472n
74,n,sim,,bike,bicicletta,Fahrrad,0.135,1,bn:00010248n
75,n,sim,,gun,arma,Waffe,0.135,0,
76,n,sim,,mixture,miscela,Mischung,0.135,1,bn:00055384n
77,n,sim,,space,spazio,Raum,0.135,2,bn:00046665n bn:00053830n
78,n,sim,,window,finestra,Fenster,0.135,2,bn:00081292n bn:00081285n
79,n,sim,,fish,pesce,Fisch,0.134,3,bn:00062612n bn:00034816n bn:00034817n
80,n,sim,,floor,piano,Boden,0.134,0,
81,n,sim,,dress,vestito,Kleid,0.133,1,bn:00028682n
82,n,sim,,foil,foglio,Folie,0.132,0,
83,n,sim,,manufacture,fabbricazione,Produktion,0.132,0,
84,n,sim,,power,energia,Energie,0.132,0,
85,n,sim,,packaging,imballaggio,Verpackung,0.131,1,bn:00060114n
86,n,sim,,paper,carta,Papier,0.13,1,bn:00060464n
87,n,sim,,wall,parete,Wand,0.129,2,bn:00080386n bn:00060663n
88,n,sim,,beverage,bevanda,Getränk,0.128,1,bn:00010183n
89,n,sim,,form,forma,Form,0.128,11,bn:00035907n bn:00035911n bn:00003882n bn:00035913n bn:00035912n bn:00035909n bn:00021751n bn:00035915n bn:00026512n bn:00035908n bn:00016529n
90,n,sim,,store,negozio,Laden,0.128,3,bn:00067417n bn:00071215n bn:00012452n
91,n,sim,,timber,legname,Holz,0.127,1,bn:00052293n
92,n,sim,,drink,bevanda,Getränk,0.126,2,bn:00010183n bn:00028749n
93,n,sim,,system,sistema,Anlage,0.125,0,
94,n,sim,,copper,rame,Kupfer,0.124,1,bn:00006859n
95,n,sim,,leather,pelle,Leder,0.123,1,bn:00050452n
96,n,sim,,wine,vino,Wein,0.123,1,bn:00080022n
97,n,sim,,beer,birra,Bier,0.122,2,bn:00002554n bn:00009589n
98,n,sim,,container,contenitore,Container,0.115,1,bn:00022129n
99,n,sim,,rubber,gomma,Kautschuk,0.114,2,bn:00068457n bn:00015396n
100,n,sim,,food,cibo,Essen,0.113,2,bn:00035649n bn:00035650n
101,n,sim,,paint,vernice,Farbe,0.108,1,bn:00060187n
102,n,sim,,water,acqua,Wasser,0.108,3,bn:00080561n bn:00061253n bn:00042379n
103,n,sim,,bag,sacchetto,Tasche,0.107,2,bn:00016261n bn:00007922n
104,n,sim,,machine,macchina,Maschine,0.107,1,bn:00026716n
105,n,sim,,plate,piastra,Platte,0.107,0,
106,n,sim,,air,aria,Luft,0.104,2,bn:00002185n bn:00002190n
107,n,sim,,skin,pelle,Haut,0.104,1,bn:00024643n
108,n,sim,,substance,sostanza,Stoff,0.103,1,bn:00018096n
109,n,sim,,egg,uovo,Ei,0.102,3,bn:00029914n bn:00008124n bn:00029913n
110,n,sim,,tyre,pneumatico,Reifen,0.101,1,bn:00077377n
111,n,sim,,surface,superficie,Oberfläche,0.1,1,bn:21705848n
112,n,sim,,car,auto,Auto,0.097,1,bn:00007309n
113,n,sim,,device,dispositivo,Gerät,0.097,1,bn:00026716n
114,n,sim,,tube,tubo,Rohr,0.097,0,
115,n,sim,,iron,ferro,Eisen,0.096,1,bn:00006856n
116,n,sim,,plant,pianta,Pflanze,0.096,1,bn:00035324n
117,n,sim,,product,prodotto,Produkt,0.096,4,bn:00054416n bn:00053827n bn:00064585n bn:00064584n
118,n,sim,,cement,cemento,Zement,0.095,2,bn:00017081n bn:00017084n
119,n,sim,,piece,pezzo,Stück,0.095,2,bn:00062299n bn:00062297n
120,n,sim,,technology,tecnologia,Technik,0.092,1,bn:16856297n
121,n,sim,,wheel,ruota,Rad,0.092,1,bn:00080972n
122,n,sim,,tissue,tessuto,Gewebe,0.091,1,bn:00077386n
123,n,sim,,box,box,Box,0.089,17,bn:00012525n bn:00012524n bn:00044846n bn:00073878n bn:00022129n bn:00012533n bn:00012527n bn:00061316n bn:00012529n bn:00037283n bn:00012528n bn:00044916n bn:00012560n bn:00012532n bn:00012530n bn:00012526n bn:00012531n
124,n,sim,,component,componente,Komponente,0.089,1,bn:00021396n
125,n,sim,,pipe,tubo,Rohr,0.088,1,bn:00062568n
126,n,sim,,shape,forma,Form,0.086,5,bn:00003882n bn:00035909n bn:00021751n bn:00035908n bn:00016529n
127,n,sim,,vehicle,veicolo,Fahrzeug,0.086,1,bn:00079675n
128,n,sim,,tool,strumento,Werkzeug,0.084,2,bn:00077585n bn:00023662n
1,n,sim,WEAK,bar,misura,Bar,,,
2,n,sim,WEAK,battery,batteria,Reihe,,,
3,n,sim,WEAK,bit,punta,Stück,,,
4,n,sim,WEAK,blade,coltello,Blatt,,,
5,n,sim,WEAK,block,blocco,Stein,,,
6,n,sim,WEAK,board,bordo,Platte,,,
7,n,sim,WEAK,bowl,recipiente,Schale,,,
8,n,sim,WEAK,brick,mattone,Stein,,,
9,n,sim,WEAK,can,lattina,Eimer,,,
10,n,sim,WEAK,card,carta,Karte,,,
11,n,sim,WEAK,coating,rivestimento,Schicht,,,
12,n,sim,WEAK,commodity,merce,Ware,,,
13,n,sim,WEAK,construction,costruzione,Anlage,,,
14,n,sim,WEAK,cotton,cotone,Garn,,,
15,n,sim,WEAK,cover,copertura,Decke,,,
16,n,sim,WEAK,dish,piatto,Schale,,,
17,n,sim,WEAK,display,display,Bildschirm,,,
18,n,sim,WEAK,dust,polvere,Müll,,,
19,n,sim,WEAK,edge,bordo,Ecke,,,
20,n,sim,WEAK,engine,motore,Maschine,,,
21,n,sim,WEAK,equipment,apparecchiatura,Gerät,,,
22,n,sim,WEAK,fabric,tessuto,Stoff,,,
23,n,sim,WEAK,face,facciata,Gesicht,,,
24,n,sim,WEAK,feed,alimentazione,Essen,,,
25,n,sim,WEAK,gear,equipaggiamento,Gang,,,
26,n,sim,WEAK,grain,grano,Faser,,,
27,n,sim,WEAK,hand,braccio,Hand,,,
28,n,sim,WEAK,heat,calore,Gang,,,
29,n,sim,WEAK,housing,abitazione,Gehäuse,,,
30,n,sim,WEAK,installation,installazione,Anlage,,,
31,n,sim,WEAK,item,voce,Stück,,,
32,n,sim,WEAK,kind,tipo,Art,,,
33,n,sim,WEAK,kit,equipaggiamento,Satz,,,
34,n,sim,WEAK,label,etichetta,Schild,,,
35,n,sim,WEAK,look,aria,Blick,,,
36,n,sim,WEAK,lot,partita,Menge,,,
37,n,sim,WEAK,map,carta,Karte,,,
38,n,sim,WEAK,medium,strumento,Mitte,,,
39,n,sim,WEAK,motor,motore,Auto,,,
40,n,sim,WEAK,pack,imballaggio,Rucksack,,,
41,n,sim,WEAK,package,confezione,Paket,,,
42,n,sim,WEAK,pad,blocco,Bett,,,
43,n,sim,WEAK,panel,pannello,Platte,,,
44,n,sim,WEAK,picture,quadro,Bild,,,
45,n,sim,WEAK,pool,piscina,Loch,,,
46,n,sim,WEAK,production,realizzazione,Produktion,,,
47,n,sim,WEAK,rock,roccia,Stein,,,
48,n,sim,WEAK,sample,campione,Muster,,,
49,n,sim,WEAK,scrap,pezzo,Rest,,,
50,n,sim,WEAK,seat,sedile,Boden,,,
51,n,sim,WEAK,set,serie,Satz,,,
52,n,sim,WEAK,shade,tapparella,Farbe,,,
53,n,sim,WEAK,shell,involucro,Schale,,,
54,n,sim,WEAK,side,lato,Wand,,,
55,n,sim,WEAK,stick,canna,Stück,,,
56,n,sim,WEAK,thing,oggetto,Sache,,,
57,n,sim,WEAK,thread,filo,Garn,,,
58,n,sim,WEAK,top,punta,Kopf,,,
59,n,sim,WEAK,type,tipo,Art,,,
60,n,sim,WEAK,unit,unità,Anlage,,,
61,n,sim,WEAK,variety,varietà,Auswahl,,,
62,n,sim,WEAK,volume,volume,Band,,,
63,n,sim,WEAK,waste,rifiuto,Müll,,,
1,n,cooc,,steel,acciaio,Stahl,0.635,1,bn:00074123n
2,n,cooc,,aluminum,alluminio,Aluminium,0.596,1,bn:00002355n
3,n,cooc,,wood,legno,Holz,0.596,1,bn:00081492n
4,n,cooc,,porcelain,porcellana,Porzellan,0.583,1,bn:00063607n
5,n,cooc,,aluminium,alluminio,Aluminium,0.571,1,bn:00002355n
6,n,cooc,,china,porcellana,Porzellan,0.569,0,
7,n,cooc,,carbon,carbonio,Kohlenstoff,0.564,1,bn:00006890n
8,n,cooc,,enamel,smalto,Email,0.555,2,bn:00030660n bn:00030658n
9,n,cooc,,can,lattina,Dose,0.539,1,bn:00015103n
10,n,cooc,,stone,pietra,Stein,0.538,2,bn:00068045n bn:00068046n
11,n,cooc,,bottle,bottiglia,Flasche,0.526,2,bn:00012340n bn:00012339n
12,n,cooc,,material,materiale,Material,0.523,3,bn:00053803n bn:00053801n bn:00053802n
13,n,cooc,,polymer,polimero,Polymer,0.522,1,bn:00063432n
14,n,cooc,,crystal,cristallo,Kristall,0.519,3,bn:00024213n bn:00024212n bn:00024209n
15,n,cooc,,mirror,specchio,Spiegel,0.518,1,bn:00055261n
16,n,cooc,,coachwork,carrozzeria,Karosserie,0.515,2,bn:00011783n bn:00020123n
17,n,cooc,,plastic,plastica,Kunststoff,0.514,1,bn:00062856n
18,n,cooc,,paper,carta,Papier,0.51,1,bn:00060464n
19,n,cooc,,pottery,ceramica,Keramik,0.507,1,bn:00017267n
20,n,cooc,,metal,metallo,Metall,0.5,1,bn:00054550n
21,n,cooc,,frame,cornice,Rahmen,0.49,1,bn:03336864n
22,n,cooc,,marble,marmo,Marmor,0.487,1,bn:00053338n
23,n,cooc,,wool,lana,Wolle,0.479,1,bn:00081531n
24,n,cooc,,iron,ferro,Eisen,0.474,1,bn:00006856n
25,n,cooc,,sludge,fango,Schlamm,0.468,1,bn:00072240n
26,n,cooc,,quartz,quarzo,Quarz,0.456,2,bn:00065612n bn:00024212n
27,n,cooc,,surface,superficie,Oberfläche,0.456,1,bn:21705848n
28,n,cooc,,sheet,foglio,Blech,0.455,0,
29,n,cooc,,floor,pavimento,Boden,0.453,1,bn:00035304n
30,n,cooc,,vase,vaso,Vase,0.448,1,bn:00079628n
31,n,cooc,,shard,coccio,Scherbe,0.445,1,bn:00036166n
32,n,cooc,,diameter,diametro,Durchmesser,0.442,2,bn:00026846n bn:00026841n
33,n,cooc,,cardboard,cartone,Karton,0.438,1,bn:00015937n
34,n,cooc,,cement,cemento,Zement,0.436,2,bn:00017081n bn:00017084n
35,n,cooc,,wall,parete,Wand,0.429,2,bn:00080386n bn:00060663n
36,n,cooc,,jar,vaso,Glas,0.424,1,bn:00048023n
37,n,cooc,,packaging,imballaggio,Verpackung,0.421,1,bn:00060114n
38,n,cooc,,leather,cuoio,Leder,0.419,1,bn:00050452n
39,n,cooc,,silver,argento,Silber,0.416,3,bn:00001887n bn:00071625n bn:00006313n
40,n,cooc,,tile,piastrella,Fliese,0.415,1,bn:21705914n
41,n,cooc,,waste,rifiuto,Abfall,0.415,3,bn:00068465n bn:00080543n bn:00035670n
42,n,cooc,,design,disegno,Design,0.411,6,bn:00011593n bn:00045963n bn:00002178n bn:00028639n bn:00045772n bn:00026537n
43,n,cooc,,window,finestra,Fenster,0.41,2,bn:00081292n bn:00081285n
44,n,cooc,,bottles,bottiglia,Flasche,0.408,0,
45,n,cooc,,brick,mattone,Ziegel,0.404,1,bn:00013047n
46,n,cooc,,disc,disco,Scheibe,0.395,2,bn:00027457n bn:00027455n
47,n,cooc,,rubber,gomma,Gummi,0.395,2,bn:00068457n bn:00015396n
48,n,cooc,,brass,ottone,Messing,0.387,1,bn:00012789n
49,n,cooc,,paint,vernice,Farbe,0.385,1,bn:00060187n
50,n,cooc,,piece,pezzo,Stück,0.363,2,bn:00062299n bn:00062297n
51,n,cooc,,light,luce,Licht,0.351,3,bn:00051108n bn:00045956n bn:00051109n
52,n,cooc,,weight,peso,Gewicht,0.341,1,bn:00080831n
53,n,cooc,,case,caso,Gehäuse,0.31,0,
1,n,cooc,WEAK,block,blocco,Stein,,,
2,n,cooc,WEAK,bowl,vaso,Schüssel,,,
3,n,cooc,WEAK,cabinet,mobile,Schrank,,,
4,n,cooc,WEAK,casing,telaio,Gehäuse,,,
5,n,cooc,WEAK,coating,tessuto,Schicht,,,
6,n,cooc,WEAK,container,contenitore,Gefäß,,,
7,n,cooc,WEAK,display,display,Entwicklung,,,
8,n,cooc,WEAK,fabric,tessuto,Stoff,,,
9,n,cooc,WEAK,fragment,frammento,Splitter,,,
10,n,cooc,WEAK,furniture,mobile,Möbel,,,
11,n,cooc,WEAK,garnish,guarnizione,Verzierung,,,
12,n,cooc,WEAK,house,tetto,Haus,,,
13,n,cooc,WEAK,jewelry,gioiello,Schmuck,,,
14,n,cooc,WEAK,lamp,lampada,Licht,,,
15,n,cooc,WEAK,liquid,liquido,Saft,,,
16,n,cooc,WEAK,panel,pannello,Tafel,,,
17,n,cooc,WEAK,plate,lamiera,Teller,,,
18,n,cooc,WEAK,rock,roccia,Stein,,,
19,n,cooc,WEAK,round,serie,Kreis,,,
20,n,cooc,WEAK,shelf,ripiano,Bord,,,
21,n,cooc,WEAK,shot,peso,Kugel,,,
22,n,cooc,WEAK,side,parete,Seite,,,
23,n,cooc,WEAK,table,specchietto,Tisch,,,
24,n,cooc,WEAK,timber,trave,Holz,,,
25,n,cooc,WEAK,tin,latta,Dose,,,
26,n,cooc,WEAK,top,tetto,Deckel,,,
27,n,cooc,WEAK,wheel,volante,Scheibe,,,
1,adj,cooc,,coloured,colorato,farbig,0.515,1,bn:00100034a
2,adj,cooc,,colored,colorato,farbig,0.51,1,bn:00100034a
3,adj,cooc,,transparent,trasparente,transparent,0.488,1,bn:00100744a
4,adj,cooc,,colourless,incolore,farblos,0.459,0,
5,adj,cooc,,dark,scuro,dunkel,0.455,1,bn:00100902a
6,adj,cooc,,thick,spesso,dick,0.443,1,bn:00111824a
7,adj,cooc,,polished,lucido,poliert,0.432,0,
8,adj,cooc,,molten,fuso,geschmolzen,0.424,0,
9,adj,cooc,,optical,ottico,optisch,0.422,1,bn:00107730a
10,adj,cooc,,thin,sottile,dünn,0.419,0,
11,adj,cooc,,empty,vuoto,leer,0.405,1,bn:00102177a
12,adj,cooc,,clean,pulito,sauber,0.404,0,
13,adj,cooc,,scratch-resistant,antigraffio,kratzfest,0.402,0,
14,adj,cooc,,volcanic,vulcanico,vulkanisch,0.386,1,bn:00113661a
15,adj,cooc,,colorless,incolore,farblos,0.378,0,
16,adj,cooc,,flat,piatto,flach,0.373,1,bn:00103058a
17,adj,cooc,,fragile,fragile,zerbrechlich,0.371,1,bn:00101123a
18,adj,cooc,,fine,sottile,dünn,0.364,0,
19,adj,cooc,,brittle,fragile,zerbrechlich,0.362,0,
20,adj,cooc,,painted,dipinto,bemalt,0.36,0,
21,adj,cooc,,dirty,sporco,schmutzig,0.354,4,bn:00101430a bn:00101398a bn:00099560a bn:00101429a
22,adj,cooc,,blue,blu,blau,0.35,1,bn:00098606a
23,adj,cooc,,decorative,decorativo,dekorativ,0.333,0,
24,adj,cooc,,breakable,fragile,zerbrechlich,0.311,0,
25,adj,cooc,,similar,analogo,ähnlich,0.294,0,
26,adj,cooc,,plain,semplice,einfach,0.29,0,
27,adj,cooc,,flexible,flessibile,flexibel,0.259,0,
1,adj,cooc,WEAK,available,disponibile,flüssig,,,
2,adj,cooc,WEAK,clear,chiaro,transparent,,,
3,adj,cooc,WEAK,delicate,sottile,zerbrechlich,,,
4,adj,cooc,WEAK,excellent,sopraffino,gepflegt,,,
5,adj,cooc,WEAK,free,disponibile,leer,,,
6,adj,cooc,WEAK,hollow,cavo,leer,,,
7,adj,cooc,WEAK,opaque,opaco,matt,,,
8,adj,cooc,WEAK,other,diverso,sonstig,,,
9,adj,cooc,WEAK,raw,greggio,unverarbeitet,,,
10,adj,cooc,WEAK,ready,pronto,sauber,,,
11,adj,cooc,WEAK,resistant,resistente,widerstandsfähig,,,
12,adj,cooc,WEAK,safe,protetto,vorsichtig,,,
13,adj,cooc,WEAK,shattered,distrutto,kaputt,,,
14,adj,cooc,WEAK,smooth,liscio,gleichmäßig,,,
15,adj,cooc,WEAK,tempered,temperato,gehärtet,,,
1,v,cooc,,blow,soffiare,blasen,0.524,2,bn:00083663v bn:00083195v
2,v,cooc,,break,rompere,brechen,0.523,2,bn:00083950v bn:00083904v
3,v,cooc,,shatter,frantumare,zerschmettern,0.485,1,bn:00093584v
4,v,cooc,,protect,proteggere,schützen,0.466,1,bn:00090041v
5,v,cooc,,clean,pulire,reinigen,0.463,0,
6,v,cooc,,color,colorare,färben,0.435,0,
7,v,cooc,,flash,scintillare,funkeln,0.434,0,
8,v,cooc,,colour,colorare,färben,0.424,0,
9,v,cooc,,fill,riempire,füllen,0.42,1,bn:00088177v
10,v,cooc,,draw,tirare,ziehen,0.406,0,
11,v,cooc,,wipe,pulire,putzen,0.399,0,
12,v,cooc,,decorate,decorare,verzieren,0.388,1,bn:00082386v
13,v,cooc,,shield,proteggere,schützen,0.373,0,
14,v,cooc,,wash,lavare,waschen,0.369,1,bn:00095650v
15,v,cooc,,close,chiudere,verschließen,0.365,0,
16,v,cooc,,melt,fondere,schmelzen,0.361,2,bn:00086718v bn:00090736v
17,v,cooc,,replace,sostituire,ersetzen,0.36,2,bn:00092817v bn:00087802v
18,v,cooc,,reflect,riflettere,reflektieren,0.349,1,bn:00084733v
19,v,cooc,,injure,ferire,verletzen,0.347,0,
20,v,cooc,,polish,lucidare,polieren,0.347,1,bn:00091821v
21,v,cooc,,absorb,assorbire,absorbieren,0.346,1,bn:00082177v
22,v,cooc,,scratch,graffiare,zerkratzen,0.346,1,bn:00087636v
23,v,cooc,,filter,filtrare,filtern,0.342,1,bn:00088196v
24,v,cooc,,roll,ruotare,drehen,0.339,0,
25,v,cooc,,work,lavorare,arbeiten,0.337,1,bn:00095812v
26,v,cooc,,paint,dipingere,malen,0.335,1,bn:00091389v
27,v,cooc,,reinforce,rinforzare,verstärken,0.333,0,
28,v,cooc,,press,pressare,drücken,0.331,1,bn:00091988v
29,v,cooc,,watch,guardare,beobachten,0.326,0,
30,v,cooc,,engrave,incidere,gravieren,0.323,0,
31,v,cooc,,damage,danneggiare,beschädigen,0.309,1,bn:00086494v
32,v,cooc,,spin,ruotare,drehen,0.309,0,
33,v,cooc,,drop,cadere,fallen,0.299,0,
34,v,cooc,,cost,costare,kosten,0.288,0,
35,v,cooc,,fall,cadere,fallen,0.278,2,bn:00087979v bn:00087976v
36,v,cooc,,produce,produrre,produzieren,0.275,3,bn:00084082v bn:00084198v bn:00086013v
37,v,cooc,,look,guardare,sehen,0.274,0,
38,v,cooc,,remove,rimuovere,entfernen,0.273,0,
39,v,cooc,,use,utilizzare,verwenden,0.273,1,bn:00082705v
40,v,cooc,,form,formare,bilden,0.27,1,bn:00088490v
41,v,cooc,,collect,raccogliere,sammeln,0.245,1,bn:00082246v
42,v,cooc,,buy,acquistare,kaufen,0.239,1,bn:00084331v
43,v,cooc,,purchase,acquistare,kaufen,0.238,1,bn:00084331v
44,v,cooc,,serve,servire,servieren,0.234,0,
45,v,cooc,,allow,consentire,erlauben,0.229,0,
46,v,cooc,,reduce,ridurre,reduzieren,0.229,0,
47,v,cooc,,contain,contenere,enthalten,0.225,1,bn:00083225v
48,v,cooc,,hold,tenere,halten,0.219,1,bn:00089385v
49,v,cooc,,permit,permettere,erlauben,0.208,1,bn:00082536v
50,v,cooc,,help,aiutare,helfen,0.195,1,bn:00082481v
51,v,cooc,,pound,colpire,schlagen,0.189,0,
52,v,cooc,,place,mettere,legen,0.179,1,bn:00090224v
53,v,cooc,,put,mettere,setzen,0.174,0,
54,v,cooc,,create,creare,schaffen,0.169,1,bn:00086009v
55,v,cooc,,constitute,costituire,bilden,0.168,1,bn:00083187v
56,v,cooc,,remain,rimanere,bleiben,0.156,3,bn:00085719v bn:00091562v bn:00092756v
57,v,cooc,,come,venire,kommen,0.151,1,bn:00085335v
58,v,cooc,,hit,colpire,schlagen,0.149,1,bn:00089347v
59,v,cooc,,obtain,ottenere,erhalten,0.144,0,
60,v,cooc,,view,vedere,sehen,0.141,0,
61,v,cooc,,offer,offrire,bieten,0.136,0,
62,v,cooc,,bring,portare,bringen,0.134,1,bn:00084058v
63,v,cooc,,provide,offrire,bieten,0.131,0,
64,v,cooc,,display,mostrare,zeigen,0.126,1,bn:00086557v
65,v,cooc,,make,fare,machen,0.097,3,bn:00086008v bn:00086013v bn:00084198v
1,v,cooc,WEAK,adjust,riparare,anpassen,,,
2,v,cooc,WEAK,appear,apparire,scheinen,,,
3,v,cooc,WEAK,balance,saldare,balancieren,,,
4,v,cooc,WEAK,be,diventare,liegen,,,
5,v,cooc,WEAK,become,diventare,stehen,,,
6,v,cooc,WEAK,block,bloccare,verbauen,,,
7,v,cooc,WEAK,build,fare,bauen,,,
8,v,cooc,WEAK,coat,verniciare,streichen,,,
9,v,cooc,WEAK,compose,comporre,setzen,,,
10,v,cooc,WEAK,connect,inserire,verbinden,,,
11,v,cooc,WEAK,consider,ritenere,betrachten,,,
12,v,cooc,WEAK,consume,distruggere,konsumieren,,,
13,v,cooc,WEAK,cover,comprendere,decken,,,
14,v,cooc,WEAK,crack,cedere,brechen,,,
15,v,cooc,WEAK,crush,frantumare,zerschlagen,,,
16,v,cooc,WEAK,cut,ridurre,schneiden,,,
17,v,cooc,WEAK,design,designare,bestimmen,,,
18,v,cooc,WEAK,enable,permettere,ermöglichen,,,
19,v,cooc,WEAK,encase,racchiudere,verkleiden,,,
20,v,cooc,WEAK,ensure,garantire,sorgen,,,
21,v,cooc,WEAK,exclude,escludere,ausnehmen,,,
22,v,cooc,WEAK,explode,esplodere,platzen,,,
23,v,cooc,WEAK,fashion,modellare,gestalten,,,
24,v,cooc,WEAK,feature,rappresentare,bringen,,,
25,v,cooc,WEAK,fit,incastrare,passen,,,
26,v,cooc,WEAK,glaze,smaltare,polieren,,,
27,v,cooc,WEAK,grind,frantumare,schleifen,,,
28,v,cooc,WEAK,grow,diventare,entstehen,,,
29,v,cooc,WEAK,hand,passare,geben,,,
30,v,cooc,WEAK,hang,ricadere,hängen,,,
31,v,cooc,WEAK,have,disporre,machen,,,
32,v,cooc,WEAK,hurl,vibrare,stürzen,,,
33,v,cooc,WEAK,include,includere,enthalten,,,
34,v,cooc,WEAK,install,installare,anbringen,,,
35,v,cooc,WEAK,intend,intendere,bestimmen,,,
36,v,cooc,WEAK,knock,urtare,schlagen,,,
37,v,cooc,WEAK,let,lasciare,lassen,,,
38,v,cooc,WEAK,lie,rimanere,liegen,,,
39,v,cooc,WEAK,manufacture,produrre,fertigen,,,
40,v,cooc,WEAK,mold,modellare,gießen,,,
41,v,cooc,WEAK,mould,modellare,gießen,,,
42,v,cooc,WEAK,order,disporre,bestellen,,,
43,v,cooc,WEAK,originate,provenire,entstehen,,,
44,v,cooc,WEAK,pierce,forare,durchdringen,,,
45,v,cooc,WEAK,preserve,conservare,erhalten,,,
46,v,cooc,WEAK,process,trattare,verarbeiten,,,
47,v,cooc,WEAK,raise,raccogliere,erhöhen,,,
48,v,cooc,WEAK,recover,ricoprire,decken,,,
49,v,cooc,WEAK,regard,riguardare,betrachten,,,
50,v,cooc,WEAK,rest,rimanere,liegen,,,
51,v,cooc,WEAK,rise,nascere,steigen,,,
52,v,cooc,WEAK,scatter,disseminare,verteilen,,,
53,v,cooc,WEAK,seal,sigillare,verschließen,,,
54,v,cooc,WEAK,sell,vendere,absetzen,,,
55,v,cooc,WEAK,shoot,tirare,drehen,,,
56,v,cooc,WEAK,sit,resistere,sitzen,,,
57,v,cooc,WEAK,slip,passare,rutschen,,,
58,v,cooc,WEAK,smash,distruggere,zerschlagen,,,
59,v,cooc,WEAK,sparkle,brillare,funkeln,,,
60,v,cooc,WEAK,stick,incollare,halten,,,
61,v,cooc,WEAK,stir,provocare,verrühren,,,
62,v,cooc,WEAK,supply,soddisfare,sorgen,,,
63,v,cooc,WEAK,tap,incidere,zapfen,,,
64,v,cooc,WEAK,throw,tirare,werfen,,,
65,v,cooc,WEAK,touch,riguardare,berühren,,,
66,v,cooc,WEAK,wear,portare,tragen,,,
