idx_group,pos,rel,weak,lex_en,lex_it,lex_de,score,bs_count,babel_synsets
0,n,head,,environment surround environs,ambiente,Umgebung Umfeld Umwelt,,1,bn:00031075n
1,n,sim,,health,salute,Gesundheit,0.387,1,bn:00043358n
2,n,sim,,reality,realtà,Wirklichkeit,0.377,1,bn:00066418n
3,n,sim,,machine,macchina,Maschine,0.374,1,bn:00026716n
4,n,sim,,management,gestione,Management,0.373,2,bn:00027355n bn:00053116n
5,n,sim,,structure,struttura,Struktur,0.357,1,bn:00022071n
6,n,sim,,economy,economia,Wirtschaft,0.351,1,bn:00029678n
7,n,sim,,class,classe,Klasse,0.349,6,bn:00019479n bn:00019483n bn:00016733n bn:00019478n bn:00019482n bn:00019477n
8,n,sim,,culture,cultura,Kultur,0.349,1,bn:00024369n
9,n,sim,,resource,risorsa,Ressource,0.348,1,bn:00067352n
10,n,sim,,development,sviluppo,Entwicklung,0.345,1,bn:07804057n
11,n,sim,,process,processo,Prozess,0.343,2,bn:00064536n bn:00062167n
12,n,sim,,style,stile,Stil,0.343,1,bn:15993750n
13,n,sim,,unit,unità,Einheit,0.34,1,bn:00079106n
14,n,sim,,community,comunità,Gemeinschaft,0.339,1,bn:00021248n
15,n,sim,,element,elemento,Element,0.335,6,bn:00021396n bn:00030300n bn:00021394n bn:00030301n bn:00018105n bn:00030299n
16,n,sim,,sector,settore,Sektor,0.335,1,bn:11333488n
17,n,sim,,activity,attività,Aktivität,0.334,2,bn:00001128n bn:00001174n
18,n,sim,,company,azienda,Firma,0.333,4,bn:00022811n bn:00014160n bn:00021286n bn:00073910n
19,n,sim,,object,oggetto,Objekt,0.331,4,bn:00058442n bn:00058445n bn:00058443n bn:00002179n
20,n,sim,,use,uso,Nutzung,0.331,1,bn:00030627n
21,n,sim,,situation,situazione,Situation,0.33,3,bn:00063707n bn:00071869n bn:00071858n
22,n,sim,,system,sistema,System,0.33,7,bn:00075759n bn:00075761n bn:00075762n bn:00005863n bn:00075763n bn:00069580n bn:00075760n
23,n,sim,,technology,tecnologia,Technologie,0.33,1,bn:00005105n
24,n,sim,,policy,politica,Politik,0.329,1,bn:00063329n
25,n,sim,,value,valore,Wert,0.329,5,bn:00079509n bn:00058151n bn:00029680n bn:00079508n bn:00079511n
26,n,sim,,context,contesto,Kontext,0.328,2,bn:00022168n bn:00019219n
27,n,sim,,power,energia,Macht,0.328,0,
28,n,sim,,body,corpo,Körper,0.327,1,bn:00011744n
29,n,sim,,food,cibo,Essen,0.327,2,bn:00035649n bn:00035650n
30,n,sim,,place,luogo,Ort,0.327,2,bn:00062699n bn:00051760n
31,n,sim,,security,sicurezza,Sicherheit,0.325,2,bn:00068799n bn:00070219n
32,n,sim,,society,società,Gesellschaft,0.323,2,bn:00020039n bn:00072566n
33,n,sim,,material,materiale,Material,0.322,3,bn:00053802n bn:00053801n bn:00053803n
34,n,sim,,matter,materia,Angelegenheit,0.322,0,
35,n,sim,,content,contenuto,Inhalt,0.321,2,bn:00022153n bn:00022154n
36,n,sim,,organization,organizzazione,Organisation,0.321,5,bn:00059480n bn:00059483n bn:00005863n bn:00001423n bn:00059482n
37,n,sim,,behavior,comportamento,Verhalten,0.32,2,bn:00009657n bn:00009656n
38,n,sim,,idea,idea,Idee,0.32,1,bn:00045800n
39,n,sim,,infrastructure,infrastruttura,Infrastruktur,0.319,2,bn:00046727n bn:00008794n
40,n,sim,,space,spazio,Raum,0.319,2,bn:00053830n bn:00046665n
41,n,sim,,industry,industria,Industrie,0.318,1,bn:00046576n
42,n,sim,,project,progetto,Projekt,0.318,1,bn:00064665n
43,n,sim,,quality,qualità,Qualität,0.318,2,bn:00014731n bn:00065538n
44,n,sim,,control,controllo,Kontrolle,0.314,1,bn:17607444n
45,n,sim,,architecture,architettura,Architektur,0.313,1,bn:00005442n
46,n,sim,,market,mercato,Markt,0.313,3,bn:00053458n bn:00053459n bn:00053461n
47,n,sim,,application,applicazione,Anwendung,0.312,2,bn:00005094n bn:00005095n
48,n,sim,,approach,approccio,Ansatz,0.312,0,
49,n,sim,,strategy,strategia,Strategie,0.312,2,bn:00069579n bn:00074558n
50,n,sim,,level,livello,Ebene,0.311,0,
51,n,sim,,safety,sicurezza,Sicherheit,0.31,2,bn:00068799n bn:00070219n
52,n,sim,,performance,prestazione,Leistung,0.309,1,bn:00016286n
53,n,sim,,energy,energia,Energie,0.308,1,bn:00030820n
54,n,sim,,service,servizio,Dienst,0.308,1,bn:00070651n
55,n,sim,,risk,rischio,Risiko,0.305,1,bn:00030747n
56,n,sim,,population,popolazione,Bevölkerung,0.303,1,bn:00063596n
57,n,sim,,field,campo,Feld,0.302,4,bn:00034267n bn:00034273n bn:00006752n bn:00034265n
58,n,sim,,history,storia,Geschichte,0.302,4,bn:00044268n bn:00044267n bn:00044270n bn:00000738n
59,n,sim,,practice,pratica,Praxis,0.302,2,bn:00063990n bn:00063989n
60,n,sim,,knowledge,conoscenza,Wissen,0.301,1,bn:00020452n
61,n,sim,,research,ricerca,Forschung,0.301,1,bn:00067280n
62,n,sim,,world,mondo,Welt,0.301,3,bn:00045153n bn:00022991n bn:00029424n
63,n,sim,,aspect,aspetto,Aspekt,0.3,1,bn:00006385n
64,n,sim,,product,prodotto,Produkt,0.3,4,bn:00064584n bn:00054416n bn:00064585n bn:00053827n
65,n,sim,,group,gruppo,Gruppe,0.299,4,bn:00041942n bn:00018111n bn:00073698n bn:00041943n
66,n,sim,,job,lavoro,Arbeit,0.298,4,bn:00014138n bn:00030616n bn:00018756n bn:00030625n
67,n,sim,,language,lingua,Sprache,0.298,2,bn:00049910n bn:00077565n
68,n,sim,,plan,piano,Plan,0.297,3,bn:00062759n bn:00069579n bn:00026536n
69,n,sim,,area,zona,Bereich,0.296,1,bn:00082076n
70,n,sim,,landscape,paesaggio,Landschaft,0.296,1,bn:01321349n
71,n,sim,,growth,crescita,Wachstum,0.295,2,bn:00041979n bn:00026697n
72,n,sim,,view,vista,Sicht,0.295,1,bn:21706412n
73,n,sim,,family,famiglia,Familie,0.294,2,bn:00032896n bn:00032893n
74,n,sim,,institution,istituzione,Institution,0.294,2,bn:00046954n bn:00031641n
75,n,sim,,movement,movimento,Bewegung,0.294,3,bn:00036632n bn:00056030n bn:00056029n
76,n,sim,,network,rete,Netzwerk,0.294,4,bn:00021488n bn:00057379n bn:00024712n bn:00054497n
77,n,sim,,organisation,organizzazione,Organisation,0.294,5,bn:00059480n bn:00059483n bn:00005863n bn:00001423n bn:00059482n
78,n,sim,,politics,politica,Politik,0.294,1,bn:00063351n
79,n,sim,,region,regione,Region,0.294,2,bn:00005515n bn:00066884n
80,n,sim,,room,camera,Zimmer,0.294,1,bn:00068233n
81,n,sim,,work,lavoro,Arbeit,0.294,5,bn:00081570n bn:00014138n bn:00030625n bn:00030616n bn:00081569n
82,n,sim,,competition,concorrenza,Wettbewerb,0.293,2,bn:00021337n bn:00021339n
83,n,sim,,production,produzione,Produktion,0.293,4,bn:00064590n bn:00064594n bn:00064592n bn:00059790n
84,n,sim,,program,programma,Programm,0.293,4,bn:00013235n bn:00021497n bn:00021492n bn:00062899n
85,n,sim,,experience,esperienza,Erfahrung,0.292,2,bn:00032306n bn:00032307n
86,n,sim,,condition,condizione,Zustand,0.291,1,bn:13935995n
87,n,sim,,tool,strumento,Instrument,0.291,3,bn:00046962n bn:00023662n bn:00077585n
88,n,sim,,part,parte,Teil,0.29,1,bn:00021395n
89,n,sim,,analysis,analisi,Analyse,0.289,1,bn:00003794n
90,n,sim,,model,modello,Modell,0.289,7,bn:00055448n bn:00033735n bn:00022071n bn:00032100n bn:00036197n bn:00032101n bn:00055447n
91,n,sim,,term,termine,Bedingung,0.289,1,bn:00021649n
92,n,sim,,action,azione,Aktion,0.288,0,
93,n,sim,,employment,occupazione,Beschäftigung,0.288,3,bn:00014138n bn:00030616n bn:00030625n
94,n,sim,,location,posizione,Lage,0.288,1,bn:00051760n
95,n,sim,,future,futuro,Zukunft,0.287,2,bn:00036941n bn:00036942n
96,n,sim,,position,posizione,Position,0.287,10,bn:00063707n bn:00061746n bn:00054979n bn:00063708n bn:00063704n bn:00007048n bn:00063706n bn:00063703n bn:00010073n bn:00062704n
97,n,sim,,solution,soluzione,Lösung,0.287,1,bn:00072760n
98,n,sim,,feature,caratteristica,Eigenschaft,0.286,0,
99,n,sim,,interest,interesse,Interesse,0.286,6,bn:00047083n bn:00047077n bn:00047079n bn:00047080n bn:00047081n bn:00021556n
100,n,sim,,protection,protezione,Schutz,0.284,2,bn:00071020n bn:00064838n
101,n,sim,,case,caso,Fall,0.283,3,bn:00016411n bn:00016402n bn:00016403n
102,n,sim,,training,formazione,Ausbildung,0.283,1,bn:00041853n
103,n,sim,,initiative,iniziativa,Initiative,0.282,2,bn:00034797n bn:00031009n
104,n,sim,,communication,comunicazione,Kommunikation,0.281,1,bn:00021221n
105,n,sim,,vehicle,veicolo,Fahrzeug,0.281,1,bn:00079675n
106,n,sim,,demand,domanda,Nachfrage,0.28,1,bn:00026104n
107,n,sim,,need,esigenza,Notwendigkeit,0.28,0,
108,n,sim,,test,esame,Untersuchung,0.28,0,
109,n,sim,,site,luogo,Standort,0.279,1,bn:00051760n
110,n,sim,,cooperation,cooperazione,Zusammenarbeit,0.278,1,bn:00022452n
111,n,sim,,nature,natura,Natur,0.278,3,bn:00057016n bn:00075760n bn:00057017n
112,n,sim,,agriculture,agricoltura,Landwirtschaft,0.276,1,bn:00002096n
113,n,sim,,function,funzione,Funktion,0.276,3,bn:00036825n bn:00036822n bn:00036821n
114,n,sim,,innovation,innovazione,Innovation,0.276,1,bn:00021551n
115,n,sim,,category,categoria,Kategorie,0.275,1,bn:00016733n
116,n,sim,,programme,programma,Programm,0.275,2,bn:00013235n bn:00021492n
117,n,sim,,image,immagine,Bild,0.274,2,bn:00045970n bn:00045972n
118,n,sim,,investment,investimento,Investition,0.274,1,bn:00047358n
119,n,sim,,state,stato,Zustand,0.274,4,bn:02220665n bn:03347921n bn:17345320n bn:02108701n
120,n,sim,,transport,trasporto,Verkehr,0.274,1,bn:01731490n
121,n,sim,,home,casa,Haus,0.273,2,bn:00000356n bn:00044994n
122,n,sim,,number,numero,Zahl,0.273,3,bn:00058290n bn:00058285n bn:00058287n
123,n,sim,,pattern,modello,Modell,0.272,0,
124,n,sim,,result,risultato,Ergebnis,0.272,3,bn:00004452n bn:00021961n bn:00034520n
125,n,sim,,support,sostegno,Unterstützung,0.272,1,bn:00075331n
126,n,sim,,capacity,capacità,Kapazität,0.271,1,bn:00005193n
127,n,sim,,climate,clima,Klima,0.271,1,bn:00019780n
128,n,sim,,life,vita,Leben,0.271,4,bn:00051047n bn:00051054n bn:00051045n bn:00002761n
129,n,sim,,change,cambiamento,Veränderung,0.27,1,bn:00003125n
130,n,sim,,country,paese,Land,0.27,2,bn:00023235n bn:00023236n
131,n,sim,,opportunity,opportunità,Möglichkeit,0.27,1,bn:00017621n
132,n,sim,,art,arte,Kunst,0.269,3,bn:00005928n bn:00005927n bn:00005926n
133,n,sim,,office,ufficio,Büro,0.269,1,bn:00001961n
134,n,sim,,school,scuola,Schule,0.269,3,bn:00069625n bn:00069619n bn:00069620n
135,n,sim,,role,ruolo,Rolle,0.268,1,bn:00068130n
136,n,sim,,event,evento,Ereignis,0.267,2,bn:00032021n bn:00032022n
137,n,sim,,integration,integrazione,Integration,0.267,4,bn:00047010n bn:00026516n bn:00022007n bn:00047014n
138,n,sim,,ability,capacità,Fähigkeit,0.266,2,bn:00005193n bn:00000317n
139,n,sim,,consumer,consumatore,Verbraucher,0.266,1,bn:00022095n
140,n,sim,,capability,capacità,Fähigkeit,0.265,1,bn:00005193n
141,n,sim,,regulation,regolamento,Regelung,0.265,1,bn:00059436n
142,n,sim,,sport,sport,Sport,0.265,9,bn:00032203n bn:00073571n bn:00073569n bn:00036814n bn:00006759n bn:00006747n bn:00073570n bn:00073568n bn:00056530n
143,n,sim,,assessment,valutazione,Bewertung,0.264,0,
144,n,sim,,trade,commercio,Handel,0.264,2,bn:00077860n bn:00008735n
145,n,sim,,characteristic,caratteristica,Merkmal,0.263,2,bn:00017762n bn:00065538n
146,n,sim,,order,ordine,Ordnung,0.263,2,bn:00059307n bn:00059310n
147,n,sim,,administration,amministrazione,Verwaltung,0.262,5,bn:00027355n bn:00053116n bn:00001424n bn:00001423n bn:00001422n
148,n,sim,,cost,costo,Kosten,0.262,1,bn:00022995n
149,n,sim,,measure,misura,Maßnahme,0.262,0,
150,n,sim,,platform,piattaforma,Plattform,0.261,1,bn:00062900n
151,n,sim,,operation,funzionamento,Betrieb,0.26,0,
152,n,sim,,right,diritto,Recht,0.259,1,bn:00067807n
153,n,sim,,law,diritto,Recht,0.257,1,bn:00048655n
154,n,sim,,zone,zona,Zone,0.256,4,bn:00082076n bn:00082073n bn:00009824n bn:00040162n
155,n,sim,,circumstance,circostanza,Umstand,0.255,2,bn:00019218n bn:00019219n
156,n,sim,,aid,aiuto,Hilfe,0.254,2,bn:00002155n bn:00055177n
157,n,sim,,building,edificio,Gebäude,0.253,1,bn:00013722n
158,n,sim,,center,centro,Zentrum,0.253,2,bn:00017130n bn:00017123n
159,n,sim,,financing,finanziamento,Finanzierung,0.251,2,bn:00034524n bn:00034545n
160,n,sim,,funding,finanziamento,Finanzierung,0.25,1,bn:00034545n
161,n,sim,,form,forma,Form,0.248,11,bn:00035913n bn:00035915n bn:00021751n bn:00026512n bn:00003882n bn:00035911n bn:00035907n bn:00035909n bn:00035912n bn:00016529n bn:00035908n
162,n,sim,,source,fonte,Quelle,0.247,2,bn:00009635n bn:00046702n
163,n,sim,,assistance,assistenza,Hilfe,0.246,1,bn:00002155n
164,n,sim,,objective,obiettivo,Ziel,0.245,1,bn:00002179n
165,n,sim,,capital,capitale,Hauptstadt,0.243,1,bn:00015498n
166,n,sim,,establishment,istituzione,Einrichtung,0.243,0,
167,n,sim,,reform,riforma,Reform,0.243,1,bn:00066830n
168,n,sim,,partnership,associazione,Partnerschaft,0.242,0,
169,n,sim,,contract,appalto,Auftrag,0.24,0,
170,n,sim,,evaluation,valutazione,Beurteilung,0.239,1,bn:00031973n
171,n,sim,,fund,fondo,Fonds,0.238,0,
172,n,sim,,instrument,strumento,Instrument,0.238,6,bn:00046964n bn:00077585n bn:00046961n bn:00046962n bn:00023662n bn:00046965n
173,n,sim,,treatment,trattamento,Behandlung,0.237,3,bn:00042823n bn:00076843n bn:00047235n
174,n,sim,,europe,europa,Europa,0.236,2,bn:00021127n bn:00031896n
175,n,sim,,efficiency,efficienza,Leistungsfähigkeit,0.235,0,
176,n,sim,,property,proprietà,Eigenschaft,0.235,1,bn:00064752n
177,n,sim,,plant,impianto,Pflanze,0.234,0,
178,n,sim,,atmosphere,atmosfera,Atmosphäre,0.231,3,bn:00006803n bn:00003263n bn:00006807n
179,n,sim,,criterion,criterio,Kriterium,0.228,2,bn:00023854n bn:00023853n
180,n,sim,,mobility,mobilità,Mobilität,0.226,1,bn:00766961n
181,n,sim,,proposal,proposta,Vorschlag,0.226,1,bn:03851567n
182,n,sim,,water,acqua,Wasser,0.226,3,bn:00061253n bn:00042379n bn:00080561n
183,n,sim,,presence,presenza,Gegenwart,0.225,0,
184,n,sim,,target,obiettivo,Ziel,0.223,1,bn:00002179n
185,n,sim,,countryside,campagna,Landschaft,0.221,0,
186,n,sim,,principle,principio,Prinzip,0.221,1,bn:00064428n
187,n,sim,,rule,regola,Regel,0.22,2,bn:00064192n bn:00066933n
188,n,sim,,centre,centro,Zentrum,0.219,2,bn:00017130n bn:00017123n
189,n,sim,,union,unione,Union,0.219,6,bn:00021127n bn:00079093n bn:00079094n bn:00079077n bn:00058032n bn:00021881n
190,n,sim,,consumption,consumo,Konsum,0.215,1,bn:00022109n
191,n,sim,,provision,approvvigionamento,Versorgung,0.215,1,bn:00064922n
192,n,sim,,expenditure,spesa,Kosten,0.212,0,
193,n,sim,,balance,bilancio,Gleichgewicht,0.208,0,
194,n,sim,,thing,cosa,Sache,0.208,2,bn:00076925n bn:00001734n
195,n,sim,,way,modo,Weg,0.179,1,bn:00033729n
196,n,sim,,interior,interno,Innere,0.176,1,bn:15211951n
197,n,sim,,ambience,atmosfera,Atmosphäre,0.144,1,bn:00003263n
198,n,sim,,fountain,fonte,Quelle,0.134,1,bn:00036077n
199,n,sim,,atmos,atmosfera,Atmosphäre,0.133,0,
200,n,sim,,mould,forma,Form,0.127,0,
1,n,sim,WEAK,account,valore,Darstellung,,,
2,n,sim,WEAK,agency,agenzia,Kraft,,,
3,n,sim,WEAK,arrangement,accordo,Regelung,,,
4,n,sim,WEAK,base,centro,Boden,,,
5,n,sim,WEAK,business,azienda,Geschäft,,,
6,n,sim,WEAK,bustle,movimento,Betrieb,,,
7,n,sim,WEAK,care,protezione,Pflege,,,
8,n,sim,WEAK,clime,regione,Klima,,,
9,n,sim,WEAK,component,componente,Teil,,,
10,n,sim,WEAK,connection,caso,Verbindung,,,
11,n,sim,WEAK,course,campo,Verlauf,,,
12,n,sim,WEAK,department,ufficio,Abteilung,,,
13,n,sim,WEAK,design,design,Plan,,,
14,n,sim,WEAK,device,progetto,Gerät,,,
15,n,sim,WEAK,education,istruzione,Bildung,,,
16,n,sim,WEAK,effect,risultato,Wirkung,,,
17,n,sim,WEAK,effort,costo,Anstrengung,,,
18,n,sim,WEAK,enforcement,applicazione,Durchführung,,,
19,n,sim,WEAK,enterprise,impresa,Betrieb,,,
20,n,sim,WEAK,equipment,materiale,Gerät,,,
21,n,sim,WEAK,facility,infrastruttura,Einrichtung,,,
22,n,sim,WEAK,factor,momento,Faktor,,,
23,n,sim,WEAK,framework,contesto,Rahmen,,,
24,n,sim,WEAK,governance,governo,Verwaltung,,,
25,n,sim,WEAK,government,governo,Verwaltung,,,
26,n,sim,WEAK,issue,questione,Ausgabe,,,
27,n,sim,WEAK,kind,tipo,Art,,,
28,n,sim,WEAK,land,terra,Land,,,
29,n,sim,WEAK,locality,luogo,Gegend,,,
30,n,sim,WEAK,medium,mezzo,Medium,,,
31,n,sim,WEAK,method,metodo,Weg,,,
32,n,sim,WEAK,mode,modo,Art,,,
33,n,sim,WEAK,obligation,impegno,Verpflichtung,,,
34,n,sim,WEAK,option,scelta,Möglichkeit,,,
35,n,sim,WEAK,participation,intervento,Beteiligung,,,
36,n,sim,WEAK,people,pubblico,Leute,,,
37,n,sim,WEAK,precinct,territorio,Bezirk,,,
38,n,sim,WEAK,problem,crisi,Problem,,,
39,n,sim,WEAK,procedure,procedura,Vorgehen,,,
40,n,sim,WEAK,progress,sviluppo,Fortschritt,,,
41,n,sim,WEAK,purpose,risultato,Ziel,,,
42,n,sim,WEAK,range,campo,Reihe,,,
43,n,sim,WEAK,rate,prezzo,Höhe,,,
44,n,sim,WEAK,regime,regime,System,,,
45,n,sim,WEAK,requirement,esigenza,Erfordernis,,,
46,n,sim,WEAK,scenario,scenario,Plan,,,
47,n,sim,WEAK,scenery,scenario,Landschaft,,,
48,n,sim,WEAK,scheme,sistema,Programm,,,
49,n,sim,WEAK,set,gruppo,Reihe,,,
50,n,sim,WEAK,setting,posizione,Rahmen,,,
51,n,sim,WEAK,skill,arte,Fähigkeit,,,
52,n,sim,WEAK,stage,periodo,Stufe,,,
53,n,sim,WEAK,standard,norma,Standard,,,
54,n,sim,WEAK,status,stato,Stellung,,,
55,n,sim,WEAK,stock,azione,Lager,,,
56,n,sim,WEAK,study,studio,Untersuchung,,,
57,n,sim,WEAK,subject,soggetto,Objekt,,,
58,n,sim,WEAK,supply,offerta,Versorgung,,,
59,n,sim,WEAK,surroundings,posizione,Umgebung,,,
60,n,sim,WEAK,task,lavoro,Aufgabe,,,
61,n,sim,WEAK,type,tipo,Art,,,
62,n,sim,WEAK,undertaking,impresa,Verpflichtung,,,
63,n,sim,WEAK,variety,specie,Vielfalt,,,
64,n,sim,WEAK,vista,vista,Perspektive,,,
1,n,cooc,,temperature,temperatura,Temperatur,0.566,1,bn:00076457n
2,n,cooc,,sound,rumore,Geräusch,0.54,0,
3,n,cooc,,society,società,Gesellschaft,0.533,2,bn:00020039n bn:00072566n
4,n,cooc,,conservation,conservazione,Erhaltung,0.531,0,
5,n,cooc,,animal,animale,Tier,0.516,1,bn:00004222n
6,n,cooc,,development,sviluppo,Entwicklung,0.513,1,bn:07804057n
7,n,cooc,,protection,protezione,Schutz,0.513,2,bn:00071020n bn:00064838n
8,n,cooc,,work,lavoro,Arbeit,0.509,5,bn:00081570n bn:00014138n bn:00030625n bn:00030616n bn:00081569n
9,n,cooc,,landscape,paesaggio,Landschaft,0.506,1,bn:01321349n
10,n,cooc,,economy,economia,Wirtschaft,0.496,1,bn:00029678n
11,n,cooc,,nature,natura,Natur,0.489,3,bn:00057016n bn:00075760n bn:00057017n
12,n,cooc,,ecosystem,ecosistema,Ökosystem,0.483,1,bn:00029687n
13,n,cooc,,health,salute,Gesundheit,0.483,1,bn:00043358n
14,n,cooc,,tema,tema,Thema,0.48,3,bn:00056025n bn:00045803n bn:00074900n
15,n,cooc,,ecology,ecologia,Ökologie,0.477,1,bn:00010564n
16,n,cooc,,resource,risorsa,Ressource,0.471,1,bn:00067352n
17,n,cooc,,forest,foresta,Wald,0.466,1,bn:00035868n
18,n,cooc,,preservation,conservazione,Erhaltung,0.465,1,bn:00064222n
19,n,cooc,,department,dipartimento,Abteilung,0.464,1,bn:00026308n
20,n,cooc,,heritage,patrimonio,Erbe,0.461,1,bn:00043821n
21,n,cooc,,pollution,inquinamento,Verschmutzung,0.46,1,bn:00063385n
22,n,cooc,,wildlife,natura,Natur,0.456,0,
23,n,cooc,,condition,condizione,Zustand,0.447,1,bn:13935995n
24,n,cooc,,situation,situazione,Situation,0.446,3,bn:00063707n bn:00071869n bn:00071858n
25,n,cooc,,working,lavoro,Arbeit,0.446,0,
26,n,cooc,,trading,commercio,Handel,0.442,1,bn:00077860n
27,n,cooc,,sector,settore,Sektor,0.441,1,bn:11333488n
28,n,cooc,,theme,tema,Thema,0.441,3,bn:00056025n bn:00045803n bn:00074900n
29,n,cooc,,hygiene,igiene,Hygiene,0.44,3,bn:00045431n bn:00045430n bn:00069182n
30,n,cooc,,network,rete,Netzwerk,0.439,4,bn:00021488n bn:00057379n bn:00024712n bn:00054497n
31,n,cooc,,community,comunità,Gemeinde,0.438,0,
32,n,cooc,,population,popolazione,Bevölkerung,0.436,1,bn:00063596n
33,n,cooc,,culture,cultura,Kultur,0.435,1,bn:00024369n
34,n,cooc,,ministry,ministero,Ministerium,0.432,1,bn:00055180n
35,n,cooc,,welfare,benessere,Wohl,0.429,1,bn:00031801n
36,n,cooc,,agriculture,agricoltura,Landwirtschaft,0.428,1,bn:00002096n
37,n,cooc,,context,contesto,Kontext,0.428,2,bn:00022168n bn:00019219n
38,n,cooc,,improvement,miglioramento,Verbesserung,0.427,1,bn:00046191n
39,n,cooc,,noise,rumore,Geräusch,0.427,1,bn:00057863n
40,n,cooc,,tourism,turismo,Tourismus,0.426,1,bn:00077747n
41,n,cooc,,economics,economia,Wirtschaft,0.425,0,
42,n,cooc,,trade,commercio,Handel,0.424,2,bn:00077860n bn:00008735n
43,n,cooc,,consumer,consumatore,Verbraucher,0.423,1,bn:00022095n
44,n,cooc,,interest,interesse,Interesse,0.423,6,bn:00047083n bn:00047077n bn:00047079n bn:00047080n bn:00047081n bn:00021556n
45,n,cooc,,living,vita,Leben,0.423,1,bn:00002761n
46,n,cooc,,sustainability,sostenibilità,Nachhaltigkeit,0.422,1,bn:01083464n
47,n,cooc,,biodiversity,biodiversità,Artenvielfalt,0.421,1,bn:00010523n
48,n,cooc,,life,vita,Leben,0.421,4,bn:00051047n bn:00051054n bn:00051045n bn:00002761n
49,n,cooc,,energy,energia,Energie,0.42,1,bn:00030820n
50,n,cooc,,market,mercato,Markt,0.42,3,bn:00053458n bn:00053459n bn:00053461n
51,n,cooc,,employment,occupazione,Beschäftigung,0.419,3,bn:00014138n bn:00030616n bn:00030625n
52,n,cooc,,state,condizione,Zustand,0.419,1,bn:13935995n
53,n,cooc,,atmosphere,atmosfera,Atmosphäre,0.416,3,bn:00006803n bn:00003263n bn:00006807n
54,n,cooc,,food,cibo,Essen,0.415,2,bn:00035649n bn:00035650n
55,n,cooc,,labor,lavoro,Arbeit,0.415,1,bn:00049570n
56,n,cooc,,system,sistema,System,0.415,7,bn:00075759n bn:00075761n bn:00075762n bn:00005863n bn:00075763n bn:00069580n bn:00075760n
57,n,cooc,,character,personaggio,Charakter,0.41,0,
58,n,cooc,,fisheries,pesca,Fischerei,0.41,0,
59,n,cooc,,industry,industria,Industrie,0.409,1,bn:00046576n
60,n,cooc,,man,uomo,Mann,0.409,1,bn:00001533n
61,n,cooc,,investment,investimento,Investition,0.408,1,bn:00047358n
62,n,cooc,,security,sicurezza,Sicherheit,0.406,2,bn:00068799n bn:00070219n
63,n,cooc,,innovation,innovazione,Innovation,0.395,1,bn:00021551n
64,n,cooc,,team,squadra,Team,0.395,2,bn:00030339n bn:00073699n
65,n,cooc,,production,produzione,Herstellung,0.393,2,bn:00064590n bn:00064594n
66,n,cooc,,transport,trasporto,Verkehr,0.393,1,bn:01731490n
67,n,cooc,,research,ricerca,Forschung,0.392,1,bn:00067280n
68,n,cooc,,technology,tecnologia,Technologie,0.392,1,bn:00005105n
69,n,cooc,,factor,fattore,Faktor,0.391,2,bn:00021394n bn:00046695n
70,n,cooc,,job,lavoro,Job,0.391,4,bn:00014138n bn:00030616n bn:00018756n bn:00030625n
71,n,cooc,,risk,rischio,Risiko,0.391,1,bn:00030747n
72,n,cooc,,safety,sicurezza,Sicherheit,0.391,2,bn:00068799n bn:00070219n
73,n,cooc,,issue,problema,Problem,0.39,0,
74,n,cooc,,space,spazio,Raum,0.389,2,bn:00053830n bn:00046665n
75,n,cooc,,infrastructure,infrastruttura,Infrastruktur,0.386,2,bn:00046727n bn:00008794n
76,n,cooc,,water,acqua,Wasser,0.385,3,bn:00061253n bn:00042379n bn:00080561n
77,n,cooc,,science,scienza,Wissenschaft,0.384,1,bn:00069670n
78,n,cooc,,object,oggetto,Objekt,0.381,4,bn:00058442n bn:00058445n bn:00058443n bn:00002179n
79,n,cooc,,capital,capitale,Hauptstadt,0.38,1,bn:00015498n
80,n,cooc,,committee,comitato,Ausschuss,0.379,1,bn:00021015n
81,n,cooc,,competitiveness,competitività,Wettbewerbsfähigkeit,0.379,1,bn:03821700n
82,n,cooc,,manufacturing,produzione,Herstellung,0.379,1,bn:00064594n
83,n,cooc,,policy,politica,Politik,0.379,1,bn:00063329n
84,n,cooc,,activity,attività,Tätigkeit,0.378,1,bn:15840810n
85,n,cooc,,atmos,atmosfera,Atmosphäre,0.377,0,
86,n,cooc,,promotion,promozione,Förderung,0.376,0,
87,n,cooc,,justice,giustizia,Gerechtigkeit,0.375,2,bn:00048669n bn:00048668n
88,n,cooc,,area,area,Bereich,0.37,2,bn:00082076n bn:00003268n
89,n,cooc,,aspect,aspetto,Aspekt,0.37,1,bn:00006385n
90,n,cooc,,climate,clima,Klima,0.37,1,bn:00019780n
91,n,cooc,,relationship,rapporto,Beziehung,0.369,1,bn:00033359n
92,n,cooc,,problem,problema,Problem,0.367,3,bn:00064526n bn:00048242n bn:00064527n
93,n,cooc,,structure,struttura,Struktur,0.367,1,bn:00022071n
94,n,cooc,,management,gestione,Management,0.363,2,bn:00027355n bn:00053116n
95,n,cooc,,planning,pianificazione,Planung,0.36,2,bn:00062795n bn:00062794n
96,n,cooc,,quality,qualità,Qualität,0.358,2,bn:00014731n bn:00065538n
97,n,cooc,,right,diritto,Recht,0.358,1,bn:00067807n
98,n,cooc,,competition,concorrenza,Wettbewerb,0.353,2,bn:00021337n bn:00021339n
99,n,cooc,,use,uso,Verwendung,0.349,1,bn:00030627n
100,n,cooc,,class,categoria,Kategorie,0.345,1,bn:00016733n
101,n,cooc,,programme,programma,Programm,0.342,2,bn:00013235n bn:00021492n
102,n,cooc,,world,mondo,Welt,0.342,3,bn:00045153n bn:00022991n bn:00029424n
103,n,cooc,,chapter,capitolo,Kapitel,0.332,1,bn:00182115n
104,n,cooc,,plan,programma,Programm,0.332,1,bn:00069579n
105,n,cooc,,equipment,attrezzatura,Ausrüstung,0.323,1,bn:00031322n
106,n,cooc,,field,campo,Feld,0.311,4,bn:00034267n bn:00034273n bn:00006752n bn:00034265n
107,n,cooc,,change,cambiamento,Änderung,0.31,1,bn:00003125n
108,n,cooc,,project,progetto,Projekt,0.294,1,bn:00064665n
109,n,cooc,,citizen,cittadino,Bürger,0.291,1,bn:15489147n
110,n,cooc,,lighting,illuminazione,Beleuchtung,0.288,2,bn:00051154n bn:00051155n
111,n,cooc,,effect,effetto,Wirkung,0.269,1,bn:00021961n
112,n,cooc,,control,controllo,Kontrolle,0.255,1,bn:17607444n
1,n,cooc,WEAK,action,azione,Wirkung,,,
2,n,cooc,WEAK,agency,ufficio,Kraft,,,
3,n,cooc,WEAK,behavior,funzionamento,Verhalten,,,
4,n,cooc,WEAK,body,struttura,Körper,,,
5,n,cooc,WEAK,business,lavoro,Unternehmen,,,
6,n,cooc,WEAK,capacity,funzione,Leistung,,,
7,n,cooc,WEAK,care,protezione,Pflege,,,
8,n,cooc,WEAK,centre,centro,Schwerpunkt,,,
9,n,cooc,WEAK,circumstance,condizione,Umstand,,,
10,n,cooc,WEAK,cohesion,coesione,Zusammenhang,,,
11,n,cooc,WEAK,conclusion,termine,Feststellung,,,
12,n,cooc,WEAK,connection,relazione,Zusammenhang,,,
13,n,cooc,WEAK,consequence,effetto,Folge,,,
14,n,cooc,WEAK,consideration,fattore,Berücksichtigung,,,
15,n,cooc,WEAK,day,tempo,Tag,,,
16,n,cooc,WEAK,demand,ricerca,Bedarf,,,
17,n,cooc,WEAK,diet,alimentazione,Nahrung,,,
18,n,cooc,WEAK,earth,mondo,Bau,,,
19,n,cooc,WEAK,education,istruzione,Bildung,,,
20,n,cooc,WEAK,facility,infrastruttura,Einrichtung,,,
21,n,cooc,WEAK,family,gruppo,Familie,,,
22,n,cooc,WEAK,feature,aspetto,Merkmal,,,
23,n,cooc,WEAK,growth,sviluppo,Wachstum,,,
24,n,cooc,WEAK,kerb,controllo,Behinderung,,,
25,n,cooc,WEAK,land,paese,Boden,,,
26,n,cooc,WEAK,learning,apprendimento,Aneignung,,,
27,n,cooc,WEAK,maintenance,mantenimento,Pflege,,,
28,n,cooc,WEAK,municipality,comune,Gemeinde,,,
29,n,cooc,WEAK,office,ufficio,Abteilung,,,
30,n,cooc,WEAK,output,produzione,Leistung,,,
31,n,cooc,WEAK,pool,pool,Teich,,,
32,n,cooc,WEAK,price,valore,Opfer,,,
33,n,cooc,WEAK,property,patrimonio,Eigentum,,,
34,n,cooc,WEAK,region,territorio,Region,,,
35,n,cooc,WEAK,saving,risparmio,Rettung,,,
36,n,cooc,WEAK,set-up,situazione,Organisation,,,
37,n,cooc,WEAK,setup,situazione,Organisation,,,
38,n,cooc,WEAK,support,mantenimento,Unterstützung,,,
39,n,cooc,WEAK,transportation,trasporto,Beförderung,,,
40,n,cooc,WEAK,view,paesaggio,Blick,,,
41,n,cooc,WEAK,village,paese,Dorf,,,
42,n,cooc,WEAK,window,sportello,Gelegenheit,,,
1,adj,cooc,,urban,urbano,städtisch,0.635,0,
2,adj,cooc,,natural,naturale,natürlich,0.615,1,bn:00107151a
3,adj,cooc,,aquatic,acquatico,aquatisch,0.595,0,
4,adj,cooc,,propitious,propizio,günstig,0.584,0,
5,adj,cooc,,healthy,sano,gesund,0.554,1,bn:00104025a
6,adj,cooc,,favourable,favorevole,günstig,0.552,2,bn:00102849a bn:00102845a
7,adj,cooc,,safe,sicuro,sicher,0.549,1,bn:00110046a
8,adj,cooc,,sound,sano,gesund,0.531,0,
9,adj,cooc,,tranquil,tranquillo,ruhig,0.531,1,bn:00108644a
10,adj,cooc,,hostile,ostile,feindlich,0.526,0,
11,adj,cooc,,favorable,favorevole,günstig,0.524,2,bn:00102849a bn:00102845a
12,adj,cooc,,virtual,virtuale,virtuell,0.524,1,bn:00113632a
13,adj,cooc,,clean,pulito,sauber,0.513,0,
14,adj,cooc,,quiet,tranquillo,ruhig,0.512,2,bn:00108644a bn:00109359a
15,adj,cooc,,secure,sicuro,sicher,0.512,0,
16,adj,cooc,,controlled,controllato,kontrolliert,0.501,0,
17,adj,cooc,,calm,tranquillo,ruhig,0.493,0,
18,adj,cooc,,salubrious,salubre,gesund,0.491,0,
19,adj,cooc,,thermal,termico,thermisch,0.485,0,
20,adj,cooc,,stable,stabile,stabil,0.481,0,
21,adj,cooc,,digital,digitale,digital,0.472,1,bn:00101371a
22,adj,cooc,,ideal,ideale,ideal,0.471,2,bn:00104501a bn:00104502a
23,adj,cooc,,inert,inerte,inert,0.471,0,
24,adj,cooc,,macroeconomic,macroeconomico,makroökonomisch,0.468,0,
25,adj,cooc,,social,sociale,sozial,0.468,0,
26,adj,cooc,,economic,economico,wirtschaftlich,0.464,0,
27,adj,cooc,,dynamic,dinamico,dynamisch,0.46,0,
28,adj,cooc,,comfortable,confortevole,gemütlich,0.457,0,
29,adj,cooc,,competitive,competitivo,wettbewerbsfähig,0.454,0,
30,adj,cooc,,electromagnetic,elettromagnetico,elektromagnetisch,0.454,1,bn:00102093a
31,adj,cooc,,pleasant,piacevole,angenehm,0.452,1,bn:00108680a
32,adj,cooc,,cultural,culturale,kulturell,0.451,1,bn:00100762a
33,adj,cooc,,friendly,amichevole,freundlich,0.443,0,
34,adj,cooc,,warm,caldo,warm,0.443,7,bn:00104348a bn:00113701a bn:00113700a bn:00113698a bn:00113702a bn:00113699a bn:00113703a
35,adj,cooc,,familiar,familiare,familiär,0.441,0,
36,adj,cooc,,unique,unico,einzigartig,0.438,1,bn:00110682a
37,adj,cooc,,hybrid,ibrido,hybrid,0.437,1,bn:00104421a
38,adj,cooc,,local,locale,lokal,0.437,1,bn:00106109a
39,adj,cooc,,difficult,difficile,schwierig,0.434,1,bn:00101358a
40,adj,cooc,,professional,professionale,professionell,0.434,1,bn:00109069a
41,adj,cooc,,international,internazionale,international,0.429,2,bn:00105294a bn:00102626a
42,adj,cooc,,terrestrial,terrestre,terrestrisch,0.427,0,
43,adj,cooc,,unfavourable,sfavorevole,ungünstig,0.427,0,
44,adj,cooc,,academic,accademico,akademisch,0.426,1,bn:00096228a
45,adj,cooc,,complex,complesso,komplex,0.424,0,
46,adj,cooc,,acidic,acido,sauer,0.423,2,bn:00096334a bn:00096328a
47,adj,cooc,,political,politico,politisch,0.421,2,bn:00108759a bn:00108760a
48,adj,cooc,,noisy,rumoroso,laut,0.42,0,
49,adj,cooc,,unfavorable,sfavorevole,ungünstig,0.414,0,
50,adj,cooc,,stimulating,stimolante,anregend,0.413,0,
51,adj,cooc,,beautiful,bello,schön,0.412,1,bn:00098171a
52,adj,cooc,,peaceful,tranquillo,friedlich,0.412,0,
53,adj,cooc,,positive,positivo,positiv,0.41,0,
54,adj,cooc,,humid,umido,feucht,0.404,1,bn:00104400a
55,adj,cooc,,open,aperto,offen,0.402,3,bn:00107891a bn:00107879a bn:00099186a
56,adj,cooc,,moist,umido,feucht,0.399,2,bn:00100892a bn:00104400a
57,adj,cooc,,perfect,perfetto,perfekt,0.399,0,
58,adj,cooc,,geographical,geografico,geographisch,0.395,1,bn:00103542a
59,adj,cooc,,industrial,industriale,industriell,0.391,1,bn:00104995a
60,adj,cooc,,different,diverso,verschieden,0.39,0,
61,adj,cooc,,suitable,adatto,geeignet,0.39,1,bn:00111427a
62,adj,cooc,,extreme,estremo,extrem,0.387,2,bn:00102658a bn:00102659a
63,adj,cooc,,optimal,ottimo,optimal,0.387,0,
64,adj,cooc,,unfriendly,ostile,feindselig,0.386,0,
65,adj,cooc,,damp,umido,feucht,0.382,1,bn:00100892a
66,adj,cooc,,new,nuovo,neu,0.382,1,bn:00107267a
67,adj,cooc,,cozy,accogliente,gemütlich,0.381,1,bn:00100547a
68,adj,cooc,,fundamental,fondamentale,fundamental,0.381,2,bn:00099258a bn:00103424a
69,adj,cooc,,technological,tecnologico,technologisch,0.378,0,
70,adj,cooc,,global,globale,weltweit,0.377,2,bn:00100536a bn:00103624a
71,adj,cooc,,tough,difficile,schwer,0.376,0,
72,adj,cooc,,diverse,diverso,unterschiedlich,0.375,1,bn:00101629a
73,adj,cooc,,cosy,accogliente,gemütlich,0.37,1,bn:00100547a
74,adj,cooc,,lovely,bello,schön,0.366,0,
75,adj,cooc,,appropriate,opportuno,angemessen,0.36,0,
76,adj,cooc,,hard,difficile,schwer,0.358,1,bn:00101358a
77,adj,cooc,,great,grande,toll,0.354,0,
78,adj,cooc,,rural,rurale,ländlich,0.347,0,
79,adj,cooc,,near,vicino,nah,0.344,0,
80,adj,cooc,,chilly,freddo,kühl,0.343,0,
81,adj,cooc,,important,importante,wichtig,0.34,0,
82,adj,cooc,,significant,importante,wichtig,0.34,0,
83,adj,cooc,,arid,secco,trocken,0.335,0,
84,adj,cooc,,cool,fresco,kühl,0.33,1,bn:00100441a
85,adj,cooc,,protected,protetto,geschützt,0.31,0,
86,adj,cooc,,nice,bello,schön,0.307,0,
87,adj,cooc,,rich,ricco,reich,0.307,1,bn:00096612a
88,adj,cooc,,good,buono,gut,0.304,2,bn:00103672a bn:00103677a
89,adj,cooc,,stylish,elegante,stilvoll,0.304,0,
90,adj,cooc,,comfy,comodo,gemütlich,0.301,0,
91,adj,cooc,,possible,possibile,möglich,0.298,1,bn:00108830a
92,adj,cooc,,strong,forte,stark,0.295,3,bn:00111312a bn:00103942a bn:00103195a
93,adj,cooc,,maritime,marittimo,maritim,0.272,1,bn:00106428a
1,adj,cooc,WEAK,bad,sfavorevole,schlecht,,,
2,adj,cooc,WEAK,bleak,freddo,rau,,,
3,adj,cooc,WEAK,capable,capace,gut,,,
4,adj,cooc,WEAK,challenging,stimolante,schwierig,,,
5,adj,cooc,WEAK,charming,affascinante,reizvoll,,,
6,adj,cooc,WEAK,compatible,compatibile,verträglich,,,
7,adj,cooc,WEAK,corporate,sociale,gemeinsam,,,
8,adj,cooc,WEAK,delightful,piacevole,wunderbar,,,
9,adj,cooc,WEAK,easy,comodo,ruhig,,,
10,adj,cooc,WEAK,elegant,elegante,gepflegt,,,
11,adj,cooc,WEAK,excellent,ottimo,gepflegt,,,
12,adj,cooc,WEAK,fragile,fragile,schwach,,,
13,adj,cooc,WEAK,full,pieno,ganz,,,
14,adj,cooc,WEAK,green,fresco,grün,,,
15,adj,cooc,WEAK,harsh,aspro,streng,,,
16,adj,cooc,WEAK,internal,interno,intern,,,
17,adj,cooc,WEAK,intimate,intimo,vertraut,,,
18,adj,cooc,WEAK,lively,vivace,dynamisch,,,
19,adj,cooc,WEAK,low,scarso,schwach,,,
20,adj,cooc,WEAK,magnificent,grandioso,herrlich,,,
21,adj,cooc,WEAK,moderate,sobrio,angemessen,,,
22,adj,cooc,WEAK,other,diverso,sonstig,,,
23,adj,cooc,WEAK,overall,globale,allgemein,,,
24,adj,cooc,WEAK,physical,fisico,physikalisch,,,
25,adj,cooc,WEAK,plain,semplice,völlig,,,
26,adj,cooc,WEAK,refined,raffinato,gepflegt,,,
27,adj,cooc,WEAK,right,giusto,geeignet,,,
28,adj,cooc,WEAK,rugged,aspro,rau,,,
29,adj,cooc,WEAK,rustic,rustico,ländlich,,,
30,adj,cooc,WEAK,serene,sereno,ruhig,,,
31,adj,cooc,WEAK,stunning,stupendo,atemberaubend,,,
32,adj,cooc,WEAK,thick,compatto,stark,,,
33,adj,cooc,WEAK,typical,tipico,eigen,,,
34,adj,cooc,WEAK,weak,scarso,schwach,,,
35,adj,cooc,WEAK,wide,ampio,weit,,,
36,adj,cooc,WEAK,working,lavorativo,aktiv,,,
1,v,cooc,,protect,proteggere,schützen,0.534,1,bn:00090041v
2,v,cooc,,simulate,simulare,simulieren,0.504,0,
3,v,cooc,,pollute,inquinare,verschmutzen,0.495,0,
4,v,cooc,,create,creare,schaffen,0.493,1,bn:00086009v
5,v,cooc,,preserve,preservare,erhalten,0.482,2,bn:00083242v bn:00085644v
6,v,cooc,,damage,danneggiare,schädigen,0.477,0,
7,v,cooc,,dominate,dominare,beherrschen,0.456,1,bn:00087152v
8,v,cooc,,explore,esplorare,erkunden,0.45,0,
9,v,cooc,,change,cambiare,ändern,0.444,1,bn:00082553v
10,v,cooc,,improve,migliorare,verbessern,0.443,1,bn:00082573v
11,v,cooc,,safeguard,salvaguardare,sichern,0.442,0,
12,v,cooc,,harm,danneggiare,schaden,0.441,0,
13,v,cooc,,build,costruire,bauen,0.437,1,bn:00084198v
14,v,cooc,,interact,interagire,interagieren,0.435,0,
15,v,cooc,,benefit,beneficiare,profitieren,0.434,1,bn:00083413v
16,v,cooc,,construct,costruire,konstruieren,0.431,1,bn:00084198v
17,v,cooc,,relax,rilassare,entspannen,0.428,0,
18,v,cooc,,maintain,mantenere,pflegen,0.424,0,
19,v,cooc,,respect,rispettare,respektieren,0.421,1,bn:00082140v
20,v,cooc,,simplify,semplificare,vereinfachen,0.42,1,bn:00093755v
21,v,cooc,,help,aiutare,helfen,0.419,1,bn:00082481v
22,v,cooc,,influence,influenzare,beeinflussen,0.418,1,bn:00082304v
23,v,cooc,,live,vivere,leben,0.415,2,bn:00087441v bn:00083191v
24,v,cooc,,perceive,percepire,wahrnehmen,0.407,1,bn:00085496v
25,v,cooc,,destroy,distruggere,zerstören,0.401,2,bn:00086699v bn:00086698v
26,v,cooc,,enjoy,godere,genießen,0.398,2,bn:00083145v bn:00087646v
27,v,cooc,,cause,causare,verursachen,0.395,0,
28,v,cooc,,inhabit,abitare,leben,0.395,1,bn:00087441v
29,v,cooc,,remain,rimanere,bleiben,0.395,3,bn:00091562v bn:00085719v bn:00092756v
30,v,cooc,,expose,esporre,aussetzen,0.392,1,bn:00087013v
31,v,cooc,,hurt,danneggiare,schaden,0.388,0,
32,v,cooc,,ensure,garantire,gewährleisten,0.387,1,bn:00082812v
33,v,cooc,,justify,giustificare,rechtfertigen,0.387,1,bn:00090025v
34,v,cooc,,alter,modificare,ändern,0.385,1,bn:00082553v
35,v,cooc,,save,salvare,sparen,0.381,0,
36,v,cooc,,offer,offrire,bieten,0.38,0,
37,v,cooc,,mean,significare,bedeuten,0.376,2,bn:00089805v bn:00087672v
38,v,cooc,,modify,modificare,ändern,0.375,1,bn:00082553v
39,v,cooc,,mould,formare,formen,0.375,1,bn:00088480v
40,v,cooc,,aim,mirare,abzielen,0.374,0,
41,v,cooc,,surround,circondare,umgeben,0.373,1,bn:00083797v
42,v,cooc,,combine,combinare,kombinieren,0.369,1,bn:00085314v
43,v,cooc,,transform,trasformare,verwandeln,0.367,1,bn:00095090v
44,v,cooc,,integrate,integrare,integrieren,0.364,1,bn:00089803v
45,v,cooc,,favour,favorire,begünstigen,0.363,0,
46,v,cooc,,enrich,arricchire,bereichern,0.362,1,bn:00087659v
47,v,cooc,,require,richiedere,erfordern,0.361,0,
48,v,cooc,,promote,promuovere,fördern,0.36,0,
49,v,cooc,,expect,aspettare,erwarten,0.357,1,bn:00082963v
50,v,cooc,,clean,pulire,reinigen,0.356,0,
51,v,cooc,,include,includere,einschließen,0.356,1,bn:00089662v
52,v,cooc,,allow,consentire,zulassen,0.354,0,
53,v,cooc,,evolve,evolvere,entwickeln,0.354,0,
54,v,cooc,,sense,percepire,spüren,0.351,0,
55,v,cooc,,describe,descrivere,beschreiben,0.35,1,bn:00082233v
56,v,cooc,,inspire,ispirare,inspirieren,0.348,0,
57,v,cooc,,enclose,includere,einschließen,0.347,0,
58,v,cooc,,follow,perseguire,verfolgen,0.347,0,
59,v,cooc,,reduce,ridurre,reduzieren,0.347,0,
60,v,cooc,,cool,raffreddare,kühlen,0.344,1,bn:00084893v
61,v,cooc,,demand,richiedere,verlangen,0.343,0,
62,v,cooc,,enter,accedere,eintreten,0.343,0,
63,v,cooc,,prepare,preparare,vorbereiten,0.342,1,bn:00088250v
64,v,cooc,,favor,favorire,begünstigen,0.34,0,
65,v,cooc,,give,dare,geben,0.34,2,bn:00088825v bn:00088815v
66,v,cooc,,exert,esercitare,ausüben,0.339,0,
67,v,cooc,,generate,generare,erzeugen,0.339,0,
68,v,cooc,,reflect,riflettere,reflektieren,0.336,1,bn:00084733v
69,v,cooc,,determine,determinare,bestimmen,0.335,0,
70,v,cooc,,exist,esistere,existieren,0.334,1,bn:00083184v
71,v,cooc,,do,fare,tun,0.333,1,bn:00082286v
72,v,cooc,,choose,scegliere,auswählen,0.332,1,bn:00084931v
73,v,cooc,,prefer,preferire,bevorzugen,0.332,1,bn:00091949v
74,v,cooc,,use,utilizzare,verwenden,0.331,1,bn:00082705v
75,v,cooc,,depend,dipendere,abhängen,0.33,1,bn:00086606v
76,v,cooc,,adapt,adattare,anpassen,0.329,2,bn:00082215v bn:00082316v
77,v,cooc,,present,presentare,präsentieren,0.329,1,bn:00086557v
78,v,cooc,,illuminate,illuminare,beleuchten,0.327,1,bn:00089584v
79,v,cooc,,embellish,abbellire,verschönern,0.324,1,bn:00083281v
80,v,cooc,,poison,avvelenare,vergiften,0.323,1,bn:00091806v
81,v,cooc,,establish,stabilire,etablieren,0.322,0,
82,v,cooc,,beautify,abbellire,verschönern,0.321,1,bn:00083281v
83,v,cooc,,stimulate,stimolare,stimulieren,0.32,0,
84,v,cooc,,need,necessitare,brauchen,0.319,0,
85,v,cooc,,facilitate,facilitare,erleichtern,0.318,1,bn:00082531v
86,v,cooc,,account,ritenere,erachten,0.316,0,
87,v,cooc,,condition,condizionare,bedingen,0.312,0,
88,v,cooc,,continue,continuare,fortsetzen,0.312,0,
89,v,cooc,,contribute,contribuire,beitragen,0.309,0,
90,v,cooc,,bring,portare,bringen,0.306,1,bn:00084058v
91,v,cooc,,make,fare,machen,0.305,3,bn:00086008v bn:00086013v bn:00084198v
92,v,cooc,,serve,servire,dienen,0.304,1,bn:00082867v
93,v,cooc,,feel,sentire,fühlen,0.303,0,
94,v,cooc,,understand,comprendere,verstehen,0.297,1,bn:00082727v
95,v,cooc,,guarantee,garantire,garantieren,0.293,1,bn:00082877v
96,v,cooc,,develop,sviluppare,entwickeln,0.291,1,bn:00086745v
97,v,cooc,,produce,produrre,produzieren,0.284,3,bn:00084082v bn:00086013v bn:00084198v
98,v,cooc,,appear,apparire,erscheinen,0.281,2,bn:00082691v bn:00082690v
99,v,cooc,,publish,pubblicare,veröffentlichen,0.281,1,bn:00092123v
100,v,cooc,,go,andare,gehen,0.275,2,bn:00088629v bn:00086600v
101,v,cooc,,mirror,rispecchiare,spiegeln,0.274,0,
102,v,cooc,,mold,formare,formen,0.27,1,bn:00088480v
103,v,cooc,,keep,mantenere,halten,0.267,0,
104,v,cooc,,light,illuminare,beleuchten,0.266,1,bn:00089584v
105,v,cooc,,constitute,costituire,bilden,0.256,1,bn:00083187v
106,v,cooc,,know,sapere,wissen,0.256,1,bn:00085261v
107,v,cooc,,lend,prestare,verleihen,0.25,0,
108,v,cooc,,lack,mancare,fehlen,0.238,1,bn:00090161v
109,v,cooc,,seem,sembrare,scheinen,0.233,1,bn:00082690v
110,v,cooc,,confirm,confermare,bestätigen,0.222,0,
111,v,cooc,,manufacture,produrre,herstellen,0.196,0,
1,v,cooc,WEAK,achieve,ottenere,erreichen,,,
2,v,cooc,WEAK,admire,contemplare,bewundern,,,
3,v,cooc,WEAK,affect,interessare,beeinflussen,,,
4,v,cooc,WEAK,afford,offrire,spenden,,,
5,v,cooc,WEAK,arise,derivare,entstehen,,,
6,v,cooc,WEAK,attract,richiamare,anziehen,,,
7,v,cooc,WEAK,base,basare,aufbauen,,,
8,v,cooc,WEAK,be,diventare,liegen,,,
9,v,cooc,WEAK,bear,sostenere,tragen,,,
10,v,cooc,WEAK,become,diventare,stehen,,,
11,v,cooc,WEAK,call,richiamare,bezeichnen,,,
12,v,cooc,WEAK,carry,portare,tragen,,,
13,v,cooc,WEAK,cast,fondere,abgeben,,,
14,v,cooc,WEAK,challenge,provocare,fordern,,,
15,v,cooc,WEAK,characterise,caratterizzare,prägen,,,
16,v,cooc,WEAK,characterize,caratterizzare,prägen,,,
17,v,cooc,WEAK,come,derivare,kommen,,,
18,v,cooc,WEAK,compare,assomigliare,steigern,,,
19,v,cooc,WEAK,comprise,comprendere,umfassen,,,
20,v,cooc,WEAK,concern,interessare,betreffen,,,
21,v,cooc,WEAK,conserve,conservare,sparen,,,
22,v,cooc,WEAK,consider,ritenere,betrachten,,,
23,v,cooc,WEAK,contain,contenere,beinhalten,,,
24,v,cooc,WEAK,contaminate,contaminare,verschmutzen,,,
25,v,cooc,WEAK,control,controllare,steuern,,,
26,v,cooc,WEAK,date,frequentare,stammen,,,
27,v,cooc,WEAK,define,determinare,definieren,,,
28,v,cooc,WEAK,design,progettare,bestimmen,,,
29,v,cooc,WEAK,dress,rivestire,gestalten,,,
30,v,cooc,WEAK,drive,portare,fahren,,,
31,v,cooc,WEAK,emerge,risultare,entstehen,,,
32,v,cooc,WEAK,enable,permettere,ermöglichen,,,
33,v,cooc,WEAK,encompass,circondare,umfassen,,,
34,v,cooc,WEAK,encourage,incoraggiare,fördern,,,
35,v,cooc,WEAK,experience,sperimentare,erleben,,,
36,v,cooc,WEAK,explain,esporre,erläutern,,,
37,v,cooc,WEAK,express,esprimere,bekunden,,,
38,v,cooc,WEAK,face,affrontare,begegnen,,,
39,v,cooc,WEAK,feature,caratterizzare,vorkommen,,,
40,v,cooc,WEAK,finish,compiere,ausgehen,,,
41,v,cooc,WEAK,fit,adattare,passen,,,
42,v,cooc,WEAK,force,imporre,zwingen,,,
43,v,cooc,WEAK,foster,favorire,fördern,,,
44,v,cooc,WEAK,grow,diventare,wachsen,,,
45,v,cooc,WEAK,harmonise,armonizzare,übereinstimmen,,,
46,v,cooc,WEAK,have,disporre,haben,,,
47,v,cooc,WEAK,impose,imporre,erlassen,,,
48,v,cooc,WEAK,incorporate,includere,integrieren,,,
49,v,cooc,WEAK,induce,indurre,bewegen,,,
50,v,cooc,WEAK,invade,invadere,stören,,,
51,v,cooc,WEAK,involve,coinvolgere,umfassen,,,
52,v,cooc,WEAK,issue,emettere,erteilen,,,
53,v,cooc,WEAK,lay,disporre,legen,,,
54,v,cooc,WEAK,lead,portare,führen,,,
55,v,cooc,WEAK,learn,sapere,lernen,,,
56,v,cooc,WEAK,lie,rimanere,liegen,,,
57,v,cooc,WEAK,link,legare,verknüpfen,,,
58,v,cooc,WEAK,look,sembrare,aussehen,,,
59,v,cooc,WEAK,manage,gestire,steuern,,,
60,v,cooc,WEAK,match,combinare,entsprechen,,,
61,v,cooc,WEAK,matter,interessare,machen,,,
62,v,cooc,WEAK,meet,conoscere,treffen,,,
63,v,cooc,WEAK,monitor,controllare,überwachen,,,
64,v,cooc,WEAK,occur,presentare,auftreten,,,
65,v,cooc,WEAK,operate,gestire,arbeiten,,,
66,v,cooc,WEAK,overlook,dominare,überblicken,,,
67,v,cooc,WEAK,owe,dovere,verdanken,,,
68,v,cooc,WEAK,place,mettere,platzieren,,,
69,v,cooc,WEAK,play,rappresentare,spielen,,,
70,v,cooc,WEAK,pose,creare,stellen,,,
71,v,cooc,WEAK,prevail,indurre,herrschen,,,
72,v,cooc,WEAK,prompt,spingere,anregen,,,
73,v,cooc,WEAK,prove,risultare,beweisen,,,
74,v,cooc,WEAK,provide,fornire,bieten,,,
75,v,cooc,WEAK,push,spingere,drängen,,,
76,v,cooc,WEAK,range,disporre,reichen,,,
77,v,cooc,WEAK,reach,ottenere,erreichen,,,
78,v,cooc,WEAK,receive,accogliere,erhalten,,,
79,v,cooc,WEAK,regard,riguardare,betrachten,,,
80,v,cooc,WEAK,render,rendere,machen,,,
81,v,cooc,WEAK,reproduce,riprodurre,abbilden,,,
82,v,cooc,WEAK,restore,restaurare,herstellen,,,
83,v,cooc,WEAK,result,derivare,entstehen,,,
84,v,cooc,WEAK,rise,derivare,steigen,,,
85,v,cooc,WEAK,secure,garantire,sichern,,,
86,v,cooc,WEAK,set,stabilire,setzen,,,
87,v,cooc,WEAK,shape,formare,gestalten,,,
88,v,cooc,WEAK,share,dividere,teilhaben,,,
89,v,cooc,WEAK,shift,cambiare,verlagern,,,
90,v,cooc,WEAK,situate,situare,legen,,,
91,v,cooc,WEAK,sound,sembrare,messen,,,
92,v,cooc,WEAK,stem,derivare,eindämmen,,,
93,v,cooc,WEAK,strengthen,sviluppare,stärken,,,
94,v,cooc,WEAK,suffer,subire,leiden,,,
95,v,cooc,WEAK,suit,adattare,passen,,,
96,v,cooc,WEAK,support,sostenere,unterstützen,,,
97,v,cooc,WEAK,survey,osservare,vermessen,,,
98,v,cooc,WEAK,sustain,sostenere,erhalten,,,
99,v,cooc,WEAK,take,assumere,nehmen,,,
100,v,cooc,WEAK,undergo,subire,erfahren,,,
101,v,cooc,WEAK,utilise,utilizzare,nutzen,,,
102,v,cooc,WEAK,utilize,utilizzare,nutzen,,,
103,v,cooc,WEAK,vary,modificare,abweichen,,,
104,v,cooc,WEAK,withstand,sostenere,standhalten,,,
105,v,cooc,WEAK,work,andare,arbeiten,,,
