idx_group,pos,rel,weak,lex_en,lex_it,lex_de,score,bs_count,babel_synsets
0,n,head,,leisure leisure_time,tempo_libero ozio,Freizeit,,1,bn:00050613n
1,n,sim,,recreation,ricreazione,Erholung,0.194,2,bn:00066600n bn:00027865n
2,n,sim,,relaxation,relax,Entspannung,0.137,0,
3,n,sim,,holiday,villeggiatura,Urlaub,0.129,1,bn:00044415n
4,n,sim,,tranquility,tranquillità,Ruhe,0.127,0,
5,n,sim,,peace,tranquillità,Ruhe,0.121,0,
6,n,sim,,tranquillity,tranquillità,Ruhe,0.121,0,
7,n,sim,,youth,giovinezza,Jugend,0.106,3,bn:00073643n bn:00081958n bn:00081957n
8,n,sim,,entertainment,divertimento,Unterhaltung,0.104,1,bn:00003693n
9,n,sim,,fun,divertimento,Spaß,0.103,1,bn:00036813n
10,n,sim,,hobby,hobby,Hobby,0.101,4,bn:00032793n bn:00007481n bn:00047083n bn:00044322n
11,n,sim,,amusement,divertimento,Unterhaltung,0.087,1,bn:00003693n
1,n,sim,WEAK,accommodation,comodità,Unterkunft,,,
2,n,sim,WEAK,enjoyment,divertimento,Genuss,,,
3,n,sim,WEAK,happiness,letizia,Glück,,,
4,n,sim,WEAK,night,oscurità,Nacht,,,
5,n,sim,WEAK,pleasure,divertimento,Freude,,,
6,n,sim,WEAK,privacy,intimità,Ruhe,,,
7,n,sim,WEAK,pursuit,passatempo,Beschäftigung,,,
8,n,sim,WEAK,sport,divertimento,Sport,,,
9,n,sim,WEAK,transport,estasi,Verkehr,,,
1,n,cooc,,relaxation,relax,Entspannung,0.387,0,
2,n,cooc,,repose,riposo,Ruhe,0.356,0,
3,n,cooc,,amusement,divertimento,Unterhaltung,0.341,1,bn:00003693n
4,n,cooc,,wellness,benessere,Wellness,0.339,1,bn:00043358n
5,n,cooc,,rest,riposo,Rest,0.327,2,bn:00067037n bn:00029457n
6,n,cooc,,sleep,sonno,Schlaf,0.321,1,bn:00072101n
7,n,cooc,,hobby,hobby,Hobby,0.315,4,bn:00032793n bn:00007481n bn:00047083n bn:00044322n
8,n,cooc,,tranquillity,tranquillità,Ruhe,0.293,0,
9,n,cooc,,tranquility,tranquillità,Ruhe,0.29,0,
10,n,cooc,,working,lavoro,Arbeiten,0.283,0,
11,n,cooc,,adventure,avventura,Abenteuer,0.28,1,bn:00001572n
12,n,cooc,,entertainment,divertimento,Unterhaltung,0.279,1,bn:00003693n
13,n,cooc,,work,lavoro,Arbeit,0.279,5,bn:00081569n bn:00014138n bn:00030625n bn:00030616n bn:00081570n
14,n,cooc,,freedom,libertà,Freiheit,0.27,1,bn:00050954n
15,n,cooc,,living,vita,Leben,0.269,1,bn:00002761n
16,n,cooc,,home,casa,Haus,0.268,2,bn:00000356n bn:00044994n
17,n,cooc,,fun,divertimento,Spaß,0.259,1,bn:00036813n
18,n,cooc,,culture,cultura,Kultur,0.247,1,bn:00024369n
19,n,cooc,,job,lavoro,Job,0.244,4,bn:00014138n bn:00030616n bn:00030625n bn:00018756n
20,n,cooc,,establishment,casa,Haus,0.229,0,
21,n,cooc,,labor,lavoro,Arbeit,0.225,1,bn:00049570n
22,n,cooc,,time,tempo,Zeit,0.218,2,bn:00076545n bn:00077270n
23,n,cooc,,care,cura,Versorgung,0.191,0,
24,n,cooc,,sport,sport,Sport,0.188,9,bn:00032203n bn:00006747n bn:00073570n bn:00073569n bn:00073571n bn:00006759n bn:00036814n bn:00056530n bn:00073568n
25,n,cooc,,life,vita,Leben,0.171,4,bn:00002761n bn:00051047n bn:00051045n bn:00051054n
26,n,cooc,,play,gioco,Spiel,0.168,2,bn:00007800n bn:00037180n
27,n,cooc,,programme,programma,Programm,0.116,2,bn:00021492n bn:00013235n
1,n,cooc,WEAK,activity,movimento,Aktivität,,,
2,n,cooc,WEAK,business,lavoro,Sache,,,
3,n,cooc,WEAK,company,compagnia,Gemeinschaft,,,
4,n,cooc,WEAK,employment,lavoro,Beschäftigung,,,
5,n,cooc,WEAK,enjoyment,divertimento,Vergnügen,,,
6,n,cooc,WEAK,event,fatto,Veranstaltung,,,
7,n,cooc,WEAK,family,casa,Familie,,,
8,n,cooc,WEAK,group,gruppo,Gemeinschaft,,,
9,n,cooc,WEAK,holiday,festa,Urlaub,,,
10,n,cooc,WEAK,learning,cultura,Lernen,,,
11,n,cooc,WEAK,office,studio,Büro,,,
12,n,cooc,WEAK,operator,conduttore,Veranstalter,,,
13,n,cooc,WEAK,pastime,passatempo,Sport,,,
14,n,cooc,WEAK,pleasure,divertimento,Vergnügen,,,
15,n,cooc,WEAK,project,studio,Projekt,,,
16,n,cooc,WEAK,pursuit,passatempo,Beschäftigung,,,
17,n,cooc,WEAK,recreation,divertimento,Erholung,,,
18,n,cooc,WEAK,stock,titolo,Anteil,,,
19,n,cooc,WEAK,study,studio,Studium,,,
1,adj,cooc,,well-deserved,meritato,verdient,0.213,0,
1,adj,cooc,WEAK,restful,tranquillo,erholsam,,,
2,adj,cooc,WEAK,well-earned,meritato,wohlverdient,,,
1,v,cooc,,mix,mescolare,vermischen,0.293,1,bn:00083597v
2,v,cooc,,prefer,preferire,bevorzugen,0.205,1,bn:00091949v
3,v,cooc,,find,scoprire,finden,0.133,2,bn:00088204v bn:00084231v
4,v,cooc,,fill,riempire,füllen,0.132,1,bn:00088177v
5,v,cooc,,discover,scoprire,finden,0.125,0,
6,v,cooc,,imply,significare,bedeuten,0.09,1,bn:00087672v
1,v,cooc,WEAK,afford,offrire,gewähren,,,
2,v,cooc,WEAK,choose,preferire,wählen,,,
3,v,cooc,WEAK,employ,occupare,beschäftigen,,,
4,v,cooc,WEAK,exercise,praticare,ausüben,,,
5,v,cooc,WEAK,fly,fuggire,führen,,,
6,v,cooc,WEAK,interrupt,interrompere,aufhalten,,,
7,v,cooc,WEAK,name,chiamare,heißen,,,
8,v,cooc,WEAK,occupy,occupare,einnehmen,,,
9,v,cooc,WEAK,operate,provocare,arbeiten,,,
10,v,cooc,WEAK,plan,intendere,planen,,,
11,v,cooc,WEAK,read,spiegare,lesen,,,
12,v,cooc,WEAK,restore,rendere,restaurieren,,,
13,v,cooc,WEAK,run,diventare,verlaufen,,,
14,v,cooc,WEAK,serve,offrire,dienen,,,
15,v,cooc,WEAK,snatch,strappare,greifen,,,
16,v,cooc,WEAK,spend,occupare,verbringen,,,
17,v,cooc,WEAK,stay,sospendere,bleiben,,,
18,v,cooc,WEAK,stock,fornire,führen,,,
