idx_group,pos,rel,weak,lex_en,lex_it,lex_de,score,bs_count,babel_synsets
0,n,head,,human_health health wellness,salute_umana salute sanità,Gesundheit Menschliche_gesundheit Wohlbefinden,,1,bn:00043358n
1,n,sim,,wellbeing,benessere,Wohlergehen,0.445,1,bn:00031801n
2,n,sim,,environment,ambiente,Umwelt,0.427,1,bn:00031075n
3,n,sim,,well-being,benessere,Wohlergehen,0.416,0,
4,n,sim,,safety,sicurezza,Sicherheit,0.415,2,bn:00070219n bn:00068799n
5,n,sim,,security,sicurezza,Sicherheit,0.402,2,bn:00070219n bn:00068799n
6,n,sim,,practice,pratica,Praxis,0.369,2,bn:00063990n bn:00063989n
7,n,sim,,quality,qualità,Qualität,0.368,2,bn:00014731n bn:00065538n
8,n,sim,,benefit,beneficio,Nutzen,0.367,1,bn:00037022n
9,n,sim,,development,sviluppo,Entwicklung,0.367,1,bn:07804057n
10,n,sim,,welfare,benessere,Wohlergehen,0.367,1,bn:00031801n
11,n,sim,,employment,occupazione,Beschäftigung,0.365,3,bn:00014138n bn:00030625n bn:00030616n
12,n,sim,,growth,crescita,Wachstum,0.365,2,bn:00026697n bn:00041979n
13,n,sim,,economy,economia,Wirtschaft,0.361,1,bn:00029678n
14,n,sim,,protection,protezione,Schutz,0.359,2,bn:00071020n bn:00064838n
15,n,sim,,institution,istituzione,Institution,0.356,2,bn:00031641n bn:00046954n
16,n,sim,,behavior,comportamento,Verhalten,0.355,2,bn:00009657n bn:00009656n
17,n,sim,,management,gestione,Verwaltung,0.355,2,bn:00027355n bn:00053116n
18,n,sim,,resource,risorsa,Ressource,0.355,1,bn:00067352n
19,n,sim,,identity,identità,Identität,0.351,2,bn:00045824n bn:00045825n
20,n,sim,,situation,situazione,Situation,0.346,3,bn:00071858n bn:00063707n bn:00071869n
21,n,sim,,sense,senso,Sinn,0.345,4,bn:00070494n bn:00000657n bn:00070498n bn:00070499n
22,n,sim,,care,cura,Pflege,0.344,1,bn:00002157n
23,n,sim,,disease,malattia,Krankheit,0.344,2,bn:00027546n bn:00045952n
24,n,sim,,innovation,innovazione,Innovation,0.342,1,bn:00021551n
25,n,sim,,status,stato,Status,0.341,2,bn:00063703n bn:00021644n
26,n,sim,,behaviour,comportamento,Verhalten,0.34,2,bn:00009657n bn:00009656n
27,n,sim,,culture,cultura,Kultur,0.34,1,bn:00024369n
28,n,sim,,condition,condizione,Zustand,0.338,1,bn:13935995n
29,n,sim,,need,bisogno,Notwendigkeit,0.337,0,
30,n,sim,,nature,natura,Natur,0.335,3,bn:00057016n bn:00057017n bn:00075760n
31,n,sim,,future,futuro,Zukunft,0.334,2,bn:00036941n bn:00036942n
32,n,sim,,policy,politica,Politik,0.333,1,bn:00063329n
33,n,sim,,ability,capacità,Fähigkeit,0.332,2,bn:00005193n bn:00000317n
34,n,sim,,energy,energia,Energie,0.332,1,bn:00030820n
35,n,sim,,function,funzione,Funktion,0.332,3,bn:00036822n bn:00036825n bn:00036821n
36,n,sim,,aspect,aspetto,Aspekt,0.328,1,bn:00006385n
37,n,sim,,interest,interesse,Interesse,0.328,6,bn:00021556n bn:00047080n bn:00047077n bn:00047083n bn:00047081n bn:00047079n
38,n,sim,,freedom,libertà,Freiheit,0.327,1,bn:00050954n
39,n,sim,,illness,malattia,Krankheit,0.327,2,bn:00027546n bn:00045952n
40,n,sim,,science,scienza,Wissenschaft,0.326,1,bn:00069670n
41,n,sim,,trade,commercio,Handel,0.326,2,bn:00077860n bn:00008735n
42,n,sim,,organization,organizzazione,Organisation,0.325,5,bn:00005863n bn:00059480n bn:00059482n bn:00059483n bn:00001423n
43,n,sim,,power,potere,Macht,0.325,1,bn:00063940n
44,n,sim,,industry,industria,Industrie,0.324,1,bn:00046576n
45,n,sim,,infrastructure,infrastruttura,Infrastruktur,0.324,2,bn:00046727n bn:00008794n
46,n,sim,,population,popolazione,Bevölkerung,0.323,1,bn:00063596n
47,n,sim,,training,formazione,Ausbildung,0.323,1,bn:00041853n
48,n,sim,,activity,attività,Aktivität,0.322,2,bn:00001174n bn:00001128n
49,n,sim,,risk,rischio,Risiko,0.322,1,bn:00030747n
50,n,sim,,engagement,impegno,Engagement,0.321,3,bn:00002819n bn:00030844n bn:00012127n
51,n,sim,,politics,politica,Politik,0.321,1,bn:00063351n
52,n,sim,,organisation,organizzazione,Organisation,0.319,5,bn:00005863n bn:00059480n bn:00059482n bn:00059483n bn:00001423n
53,n,sim,,knowledge,conoscenza,Wissen,0.318,1,bn:00020452n
54,n,sim,,sport,sport,Sport,0.318,9,bn:00036814n bn:00073569n bn:00073571n bn:00006747n bn:00073570n bn:00056530n bn:00073568n bn:00006759n bn:00032203n
55,n,sim,,change,cambiamento,Veränderung,0.317,1,bn:00003125n
56,n,sim,,community,comunità,Gemeinschaft,0.316,1,bn:00021248n
57,n,sim,,investment,investimento,Investition,0.315,1,bn:00047358n
58,n,sim,,sector,settore,Sektor,0.315,1,bn:11333488n
59,n,sim,,technology,tecnologia,Technologie,0.315,1,bn:00005105n
60,n,sim,,communication,comunicazione,Kommunikation,0.314,1,bn:00021221n
61,n,sim,,production,produzione,Produktion,0.312,4,bn:00059790n bn:00064592n bn:00064590n bn:00064594n
62,n,sim,,initiative,iniziativa,Initiative,0.311,2,bn:00031009n bn:00034797n
63,n,sim,,society,società,Gesellschaft,0.311,2,bn:00020039n bn:00072566n
64,n,sim,,language,lingua,Sprache,0.309,2,bn:00049910n bn:00077565n
65,n,sim,,life,vita,Leben,0.309,4,bn:00051047n bn:00051054n bn:00002761n bn:00051045n
66,n,sim,,assessment,valutazione,Bewertung,0.308,0,
67,n,sim,,capacity,capacità,Kapazität,0.308,1,bn:00005193n
68,n,sim,,commitment,impegno,Engagement,0.308,1,bn:00002819n
69,n,sim,,kind,genere,Art,0.308,1,bn:00035907n
70,n,sim,,participation,partecipazione,Beteiligung,0.308,1,bn:00030844n
71,n,sim,,support,sostegno,Unterstützung,0.308,1,bn:00075331n
72,n,sim,,learning,apprendimento,Lernen,0.307,1,bn:17277242n
73,n,sim,,presence,presenza,Präsenz,0.306,0,
74,n,sim,,state,stato,Zustand,0.306,4,bn:02220665n bn:02108701n bn:03347921n bn:17345320n
75,n,sim,,medicine,medicina,Medizin,0.305,2,bn:00054133n bn:00054128n
76,n,sim,,movement,movimento,Bewegung,0.305,3,bn:00056030n bn:00056029n bn:00036632n
77,n,sim,,role,ruolo,Rolle,0.305,1,bn:00068130n
78,n,sim,,type,genere,Art,0.304,0,
79,n,sim,,progress,progresso,Fortschritt,0.303,3,bn:00001548n bn:00001551n bn:00001557n
80,n,sim,,responsibility,responsabilità,Verantwortung,0.303,2,bn:00029239n bn:00067370n
81,n,sim,,strength,forza,Stärke,0.302,1,bn:00074615n
82,n,sim,,administration,amministrazione,Verwaltung,0.3,5,bn:00001424n bn:00001422n bn:00027355n bn:00053116n bn:00001423n
83,n,sim,,building,edilizia,Aufbau,0.3,0,
84,n,sim,,experience,esperienza,Erfahrung,0.299,2,bn:00032307n bn:00032306n
85,n,sim,,family,famiglia,Familie,0.299,2,bn:00032896n bn:00032893n
86,n,sim,,control,controllo,Kontrolle,0.298,1,bn:17607444n
87,n,sim,,food,cibo,Lebensmittel,0.298,1,bn:00035650n
88,n,sim,,process,processo,Prozess,0.296,2,bn:00064536n bn:00062167n
89,n,sim,,structure,struttura,Struktur,0.296,1,bn:00022071n
90,n,sim,,loss,danno,Schaden,0.295,0,
91,n,sim,,research,ricerca,Forschung,0.293,1,bn:00067280n
92,n,sim,,generation,generazione,Generation,0.292,4,bn:00037681n bn:00037676n bn:00020407n bn:00037677n
93,n,sim,,value,valore,Wert,0.292,5,bn:00058151n bn:00079508n bn:00079511n bn:00029680n bn:00079509n
94,n,sim,,cost,spesa,Kosten,0.291,1,bn:00022995n
95,n,sim,,perspective,prospettiva,Perspektive,0.291,1,bn:00051351n
96,n,sim,,diversity,diversità,Vielfalt,0.29,1,bn:00027862n
97,n,sim,,characteristic,caratteristica,Merkmal,0.289,2,bn:00017762n bn:00065538n
98,n,sim,,evaluation,valutazione,Beurteilung,0.289,1,bn:00031973n
99,n,sim,,teaching,insegnamento,Lehre,0.288,0,
100,n,sim,,action,azione,Aktion,0.287,0,
101,n,sim,,objective,obiettivo,Ziel,0.287,1,bn:00002179n
102,n,sim,,right,diritto,Recht,0.286,1,bn:00067807n
103,n,sim,,staff,personale,Personal,0.286,0,
104,n,sim,,event,evento,Ereignis,0.284,2,bn:00032021n bn:00032022n
105,n,sim,,group,gruppo,Gruppe,0.284,4,bn:00041942n bn:00018111n bn:00073698n bn:00041943n
106,n,sim,,matter,materia,Angelegenheit,0.284,0,
107,n,sim,,corporation,società,Gesellschaft,0.282,0,
108,n,sim,,consumption,consumo,Konsum,0.281,1,bn:00022109n
109,n,sim,,planning,pianificazione,Planung,0.281,2,bn:00062794n bn:00062795n
110,n,sim,,authority,autorità,Befugnis,0.28,0,
111,n,sim,,farming,agricoltura,Landwirtschaft,0.28,1,bn:00002096n
112,n,sim,,agriculture,agricoltura,Landwirtschaft,0.279,1,bn:00002096n
113,n,sim,,happiness,felicità,Glück,0.279,2,bn:00033981n bn:00042905n
114,n,sim,,number,numero,Anzahl,0.279,1,bn:00034394n
115,n,sim,,unit,unità,Einheit,0.277,1,bn:00079106n
116,n,sim,,mobility,mobilità,Mobilität,0.276,1,bn:00766961n
117,n,sim,,problem,problema,Problem,0.276,3,bn:00064526n bn:00048242n bn:00064527n
118,n,sim,,strategy,strategia,Strategie,0.276,2,bn:00069579n bn:00074558n
119,n,sim,,job,lavoro,Job,0.275,4,bn:00014138n bn:00030625n bn:00030616n bn:00018756n
120,n,sim,,reform,riforma,Reform,0.274,1,bn:00066830n
121,n,sim,,consumer,consumatore,Verbraucher,0.273,1,bn:00022095n
122,n,sim,,body,corpo,Körper,0.272,1,bn:00011744n
123,n,sim,,issue,problema,Problem,0.272,0,
124,n,sim,,service,servizio,Service,0.272,6,bn:00070653n bn:00070654n bn:00070647n bn:00070659n bn:00044916n bn:00070651n
125,n,sim,,treatment,trattamento,Behandlung,0.271,3,bn:00076843n bn:00047235n bn:00042823n
126,n,sim,,justice,giustizia,Gerechtigkeit,0.27,2,bn:00048669n bn:00048668n
127,n,sim,,efficiency,efficienza,Leistungsfähigkeit,0.269,0,
128,n,sim,,performance,performance,Performance,0.267,7,bn:00021559n bn:00061561n bn:00029876n bn:00016286n bn:00061562n bn:00061560n bn:00036838n
129,n,sim,,work,lavoro,Arbeit,0.267,5,bn:00081570n bn:00030625n bn:00014138n bn:00030616n bn:00081569n
130,n,sim,,balance,equilibrio,Balance,0.266,3,bn:00008046n bn:00008045n bn:00008043n
131,n,sim,,study,studio,Lernen,0.266,0,
132,n,sim,,project,progetto,Projekt,0.265,1,bn:00064665n
133,n,sim,,assistance,assistenza,Hilfe,0.261,1,bn:00002155n
134,n,sim,,beauty,bellezza,Schönheit,0.26,2,bn:00009436n bn:00009439n
135,n,sim,,economics,economia,Wirtschaft,0.26,0,
136,n,sim,,trust,fiducia,Vertrauen,0.26,2,bn:03732876n bn:02691972n
137,n,sim,,worker,lavoratore,Arbeitnehmer,0.26,0,
138,n,sim,,measure,misura,Maßnahme,0.259,0,
139,n,sim,,opportunity,opportunità,Möglichkeit,0.259,1,bn:00017621n
140,n,sim,,autonomy,autonomia,Autonomie,0.257,1,bn:00007389n
141,n,sim,,competition,concorrenza,Wettbewerb,0.257,2,bn:00021337n bn:00021339n
142,n,sim,,distribution,distribuzione,Verbreitung,0.256,0,
143,n,sim,,network,rete,Netz,0.255,2,bn:00054497n bn:00024712n
144,n,sim,,stewardship,amministrazione,Verwaltung,0.255,0,
145,n,sim,,income,reddito,Einkommen,0.254,1,bn:14505599n
146,n,sim,,property,proprietà,Eigenschaft,0.252,1,bn:00064752n
147,n,sim,,cooperation,cooperazione,Zusammenarbeit,0.25,1,bn:00022452n
148,n,sim,,operation,funzionamento,Betrieb,0.25,0,
149,n,sim,,partnership,associazione,Partnerschaft,0.25,0,
150,n,sim,,religion,religione,Religion,0.25,2,bn:00032768n bn:00032770n
151,n,sim,,commission,commissione,Auftrag,0.249,0,
152,n,sim,,expenditure,spesa,Kosten,0.249,0,
153,n,sim,,law,legge,Recht,0.248,2,bn:00050250n bn:00048655n
154,n,sim,,aid,aiuto,Hilfe,0.246,2,bn:00055177n bn:00002155n
155,n,sim,,inspection,controllo,Kontrolle,0.246,0,
156,n,sim,,funding,finanziamento,Finanzierung,0.245,1,bn:00034545n
157,n,sim,,competitiveness,competitività,Wettbewerbsfähigkeit,0.244,1,bn:03821700n
158,n,sim,,wildlife,natura,Natur,0.239,0,
159,n,sim,,cohesion,coesione,Zusammenhalt,0.236,1,bn:03340155n
160,n,sim,,commerce,commercio,Handel,0.235,1,bn:00020982n
161,n,sim,,integration,integrazione,Integration,0.234,4,bn:00026516n bn:00022007n bn:00047014n bn:00047010n
162,n,sim,,child,bambino,Kind,0.233,1,bn:00018345n
163,n,sim,,creativity,creatività,Kreativität,0.23,1,bn:00023659n
164,n,sim,,financing,finanziamento,Finanzierung,0.23,2,bn:00034524n bn:00034545n
165,n,sim,,transportation,trasporto,Verkehr,0.23,1,bn:01731490n
166,n,sim,,living,vita,Leben,0.229,1,bn:00002761n
167,n,sim,,provision,approvvigionamento,Versorgung,0.229,1,bn:00064922n
168,n,sim,,sustainability,sostenibilità,Nachhaltigkeit,0.229,1,bn:01083464n
169,n,sim,,competence,competenza,Kompetenz,0.228,1,bn:00021335n
170,n,sim,,competency,competenza,Kompetenz,0.228,1,bn:00021335n
171,n,sim,,investigation,ricerca,Forschung,0.227,0,
172,n,sim,,patient,paziente,Patient,0.227,2,bn:00001742n bn:00061017n
173,n,sim,,tranquility,pace,Ruhe,0.227,0,
174,n,sim,,stability,stabilità,Stabilität,0.224,0,
175,n,sim,,exchange,scambio,Austausch,0.222,2,bn:00032127n bn:00032125n
176,n,sim,,housing,alloggio,Unterbringung,0.222,0,
177,n,sim,,upbringing,educazione,Erziehung,0.222,1,bn:00012993n
178,n,sim,,surveillance,sorveglianza,Überwachung,0.221,1,bn:00075427n
179,n,sim,,transport,trasporto,Verkehr,0.219,1,bn:01731490n
180,n,sim,,smes,pmi,Kmu,0.217,0,
181,n,sim,,establishment,stabilimento,Einrichtung,0.216,0,
182,n,sim,,europe,europa,Europa,0.215,2,bn:00021127n bn:00031896n
183,n,sim,,health,salute,Gesundheit,0.215,1,bn:00043358n
184,n,sim,,wealth,ricchezza,Reichtum,0.213,1,bn:00080746n
185,n,sim,,migration,migrazione,Migration,0.212,1,bn:00054907n
186,n,sim,,tourism,turismo,Tourismus,0.212,1,bn:00077747n
187,n,sim,,conservation,conservazione,Erhaltung,0.211,0,
188,n,sim,,dignity,dignità,Würde,0.204,1,bn:00027103n
189,n,sim,,hygiene,igiene,Hygiene,0.204,3,bn:00069182n bn:00045430n bn:00045431n
190,n,sim,,governance,governance,Verwaltung,0.202,1,bn:00001423n
191,n,sim,,transparency,trasparenza,Transparenz,0.2,1,bn:00078038n
192,n,sim,,preservation,conservazione,Erhaltung,0.198,1,bn:00064222n
193,n,sim,,unity,unità,Einheit,0.196,1,bn:00059005n
194,n,sim,,equity,giustizia,Gerechtigkeit,0.194,1,bn:00048668n
195,n,sim,,cure,cura,Heilung,0.193,0,
196,n,sim,,survival,sopravvivenza,Überleben,0.192,1,bn:00030811n
197,n,sim,,productivity,produttività,Produktivität,0.191,2,bn:00064598n bn:00064599n
198,n,sim,,awareness,coscienza,Bewusstsein,0.19,2,bn:00007498n bn:00007499n
199,n,sim,,effectiveness,efficacia,Wirksamkeit,0.188,1,bn:00029876n
200,n,sim,,counseling,consulenza,Beratung,0.183,0,
201,n,sim,,monitoring,monitoraggio,Überwachung,0.182,1,bn:00055682n
202,n,sim,,companionship,compagnia,Gesellschaft,0.18,0,
203,n,sim,,heritage,patrimonio,Erbe,0.179,1,bn:00043821n
204,n,sim,,solidarity,solidarietà,Solidarität,0.177,1,bn:00072727n
205,n,sim,,processing,trattamento,Behandlung,0.173,0,
206,n,sim,,peace,pace,Frieden,0.171,2,bn:00060095n bn:00061149n
207,n,sim,,sanitation,igiene,Hygiene,0.17,2,bn:00069182n bn:00045431n
208,n,sim,,vaccination,vaccinazione,Impfung,0.168,1,bn:00046839n
209,n,sim,,counselling,consulenza,Beratung,0.159,0,
210,n,sim,,biodiversity,biodiversità,Biodiversität,0.158,1,bn:00010523n
211,n,sim,,climate,clima,Klima,0.12,1,bn:00019780n
1,n,sim,WEAK,acceptance,accoglienza,Akzeptanz,,,
2,n,sim,WEAK,access,entrata,Zugang,,,
3,n,sim,WEAK,achievement,impresa,Leistung,,,
4,n,sim,WEAK,advancement,progresso,Förderung,,,
5,n,sim,WEAK,agency,agenzia,Kraft,,,
6,n,sim,WEAK,application,domanda,Auftrag,,,
7,n,sim,WEAK,arrangement,disposizione,Einrichtung,,,
8,n,sim,WEAK,association,associazione,Organisation,,,
9,n,sim,WEAK,board,pensione,Verpflegung,,,
10,n,sim,WEAK,business,azienda,Geschäft,,,
11,n,sim,WEAK,campaign,campagna,Aktion,,,
12,n,sim,WEAK,case,caso,Sache,,,
13,n,sim,WEAK,class,classe,Gruppe,,,
14,n,sim,WEAK,comfort,benessere,Komfort,,,
15,n,sim,WEAK,company,azienda,Gesellschaft,,,
16,n,sim,WEAK,concern,preoccupazione,Bedeutung,,,
17,n,sim,WEAK,construction,cantiere,Aufbau,,,
18,n,sim,WEAK,council,consiglio,Beratung,,,
19,n,sim,WEAK,craft,categoria,Kunst,,,
20,n,sim,WEAK,decision,decisione,Erkenntnis,,,
21,n,sim,WEAK,demand,domanda,Anspruch,,,
22,n,sim,WEAK,department,ufficio,Bereich,,,
23,n,sim,WEAK,education,istruzione,Bildung,,,
24,n,sim,WEAK,effort,sforzo,Leistung,,,
25,n,sim,WEAK,employee,dipendente,Arbeitnehmer,,,
26,n,sim,WEAK,empowerment,potere,Stärkung,,,
27,n,sim,WEAK,endurance,resistenza,Ausdauer,,,
28,n,sim,WEAK,enterprise,impresa,Betrieb,,,
29,n,sim,WEAK,esteem,credito,Wertschätzung,,,
30,n,sim,WEAK,facility,infrastruttura,Einrichtung,,,
31,n,sim,WEAK,factor,momento,Faktor,,,
32,n,sim,WEAK,fairness,bellezza,Gerechtigkeit,,,
33,n,sim,WEAK,finance,finanza,Geld,,,
34,n,sim,WEAK,fitness,opportunità,Fitness,,,
35,n,sim,WEAK,functioning,funzionamento,Funktion,,,
36,n,sim,WEAK,goal,rete,Ziel,,,
37,n,sim,WEAK,government,governo,Verwaltung,,,
38,n,sim,WEAK,improvement,progresso,Verbesserung,,,
39,n,sim,WEAK,information,informazione,Aufklärung,,,
40,n,sim,WEAK,manufacturing,produzione,Erzeugung,,,
41,n,sim,WEAK,market,mercato,Handel,,,
42,n,sim,WEAK,medium,ambiente,Medium,,,
43,n,sim,WEAK,member,socio,Angehörige,,,
44,n,sim,WEAK,office,ufficio,Geschäft,,,
45,n,sim,WEAK,partner,socio,Beteiligte,,,
46,n,sim,WEAK,people,popolo,Bevölkerung,,,
47,n,sim,WEAK,plan,piano,Vorhaben,,,
48,n,sim,WEAK,principle,regola,Grundsatz,,,
49,n,sim,WEAK,product,genere,Produkt,,,
50,n,sim,WEAK,requirement,esigenza,Erfordernis,,,
51,n,sim,WEAK,retention,conservazione,Gedächtnis,,,
52,n,sim,WEAK,scheme,sistema,Programm,,,
53,n,sim,WEAK,schooling,istruzione,Ausbildung,,,
54,n,sim,WEAK,standard,livello,Norm,,,
55,n,sim,WEAK,stock,azione,Bestand,,,
56,n,sim,WEAK,subject,materia,Sache,,,
57,n,sim,WEAK,supply,alimentazione,Versorgung,,,
58,n,sim,WEAK,task,lavoro,Aufgabe,,,
59,n,sim,WEAK,tax,contributo,Belastung,,,
60,n,sim,WEAK,tech,tecnico,Technik,,,
61,n,sim,WEAK,transformation,trasformazione,Veränderung,,,
62,n,sim,WEAK,union,unione,Harmonie,,,
63,n,sim,WEAK,use,utenza,Nutzung,,,
64,n,sim,WEAK,variety,specie,Vielfalt,,,
65,n,sim,WEAK,vision,visione,Vorstellung,,,
66,n,sim,WEAK,youth,giovane,Jugend,,,
1,n,cooc,,well-being,benessere,Wohlergehen,0.653,0,
2,n,cooc,,wellbeing,benessere,Wohlergehen,0.647,1,bn:00031801n
3,n,cooc,,welfare,benessere,Wohlergehen,0.637,1,bn:00031801n
4,n,cooc,,department,dipartimento,Abteilung,0.596,1,bn:00026308n
5,n,cooc,,wellness,benessere,Wellness,0.589,1,bn:00043358n
6,n,cooc,,center,centro,Zentrum,0.547,2,bn:00017123n bn:00017130n
7,n,cooc,,centre,centro,Zentrum,0.546,2,bn:00017123n bn:00017130n
8,n,cooc,,security,sicurezza,Sicherheit,0.543,2,bn:00070219n bn:00068799n
9,n,cooc,,living,vita,Leben,0.527,1,bn:00002761n
10,n,cooc,,life,vita,Leben,0.51,4,bn:00051047n bn:00051054n bn:00002761n bn:00051045n
11,n,cooc,,safety,sicurezza,Sicherheit,0.51,2,bn:00070219n bn:00068799n
12,n,cooc,,sector,settore,Sektor,0.51,1,bn:11333488n
13,n,cooc,,worker,lavoratore,Arbeitnehmer,0.509,0,
14,n,cooc,,protection,protezione,Schutz,0.505,2,bn:00071020n bn:00064838n
15,n,cooc,,threat,minaccia,Bedrohung,0.495,1,bn:00054311n
16,n,cooc,,labor,lavoro,Arbeit,0.491,1,bn:00049570n
17,n,cooc,,service,servizio,Dienst,0.483,1,bn:00070651n
18,n,cooc,,happiness,felicità,Glück,0.482,2,bn:00033981n bn:00042905n
19,n,cooc,,population,popolazione,Bevölkerung,0.482,1,bn:00063596n
20,n,cooc,,issue,problema,Problem,0.477,0,
21,n,cooc,,condition,condizione,Zustand,0.474,1,bn:13935995n
22,n,cooc,,hygiene,igiene,Hygiene,0.469,3,bn:00069182n bn:00045430n bn:00045431n
23,n,cooc,,problem,problema,Problem,0.469,3,bn:00064526n bn:00048242n bn:00064527n
24,n,cooc,,economy,economia,Wirtschaft,0.467,1,bn:00029678n
25,n,cooc,,work,lavoro,Arbeit,0.467,5,bn:00081570n bn:00030625n bn:00014138n bn:00030616n bn:00081569n
26,n,cooc,,fitness,fitness,Fitness,0.464,4,bn:00034901n bn:00034898n bn:00034900n bn:00034899n
27,n,cooc,,quality,qualità,Qualität,0.463,2,bn:00014731n bn:00065538n
28,n,cooc,,ecosystem,ecosistema,Ökosystem,0.458,1,bn:00029687n
29,n,cooc,,environment,ambiente,Umwelt,0.458,1,bn:00031075n
30,n,cooc,,right,diritto,Recht,0.456,1,bn:00067807n
31,n,cooc,,law,diritto,Recht,0.453,1,bn:00048655n
32,n,cooc,,strength,forza,Kraft,0.449,1,bn:00074615n
33,n,cooc,,animal,animale,Tier,0.445,1,bn:00004222n
34,n,cooc,,sanitation,igiene,Hygiene,0.444,2,bn:00069182n bn:00045431n
35,n,cooc,,development,sviluppo,Entwicklung,0.439,1,bn:07804057n
36,n,cooc,,healing,guarigione,Heilung,0.439,1,bn:00043357n
37,n,cooc,,disease,malattia,Krankheit,0.438,2,bn:00027546n bn:00045952n
38,n,cooc,,infrastructure,infrastruttura,Infrastruktur,0.437,2,bn:00046727n bn:00008794n
39,n,cooc,,energy,energia,Energie,0.435,1,bn:00030820n
40,n,cooc,,board,pensione,Pension,0.434,0,
41,n,cooc,,deterioration,deterioramento,Verschlechterung,0.433,0,
42,n,cooc,,prosperity,prosperità,Wohlstand,0.43,1,bn:00064819n
43,n,cooc,,science,scienza,Wissenschaft,0.429,1,bn:00069670n
44,n,cooc,,tourism,turismo,Tourismus,0.427,1,bn:00077747n
45,n,cooc,,matter,questione,Angelegenheit,0.426,0,
46,n,cooc,,need,necessità,Notwendigkeit,0.425,0,
47,n,cooc,,vitality,vitalità,Vitalität,0.418,0,
48,n,cooc,,employment,occupazione,Beschäftigung,0.417,3,bn:00014138n bn:00030625n bn:00030616n
49,n,cooc,,child,bambino,Kind,0.416,1,bn:00018345n
50,n,cooc,,beauty,bellezza,Schönheit,0.414,2,bn:00009436n bn:00009439n
51,n,cooc,,medicine,medicina,Medizin,0.414,2,bn:00054133n bn:00054128n
52,n,cooc,,promotion,promozione,Förderung,0.412,0,
53,n,cooc,,order,ordine,Ordnung,0.409,2,bn:00059310n bn:00059307n
54,n,cooc,,transport,trasporto,Verkehr,0.409,1,bn:01731490n
55,n,cooc,,appearance,aspetto,Aussehen,0.408,1,bn:00005023n
56,n,cooc,,wealth,ricchezza,Reichtum,0.408,1,bn:00080746n
57,n,cooc,,aspect,aspetto,Aspekt,0.407,1,bn:00006385n
58,n,cooc,,peace,pace,Frieden,0.407,2,bn:00060095n bn:00061149n
59,n,cooc,,growth,crescita,Wachstum,0.406,2,bn:00026697n bn:00041979n
60,n,cooc,,research,ricerca,Forschung,0.406,1,bn:00067280n
61,n,cooc,,balance,equilibrio,Balance,0.405,3,bn:00008046n bn:00008045n bn:00008043n
62,n,cooc,,care,cura,Pflege,0.405,1,bn:00002157n
63,n,cooc,,relaxation,relax,Entspannung,0.404,0,
64,n,cooc,,sustainability,sostenibilità,Nachhaltigkeit,0.4,1,bn:01083464n
65,n,cooc,,administration,amministrazione,Verwaltung,0.398,5,bn:00001424n bn:00001422n bn:00027355n bn:00053116n bn:00001423n
66,n,cooc,,food,cibo,Lebensmittel,0.396,1,bn:00035650n
67,n,cooc,,guarantee,garanzia,Gewährleistung,0.396,1,bn:00042039n
68,n,cooc,,justice,giustizia,Justiz,0.396,0,
69,n,cooc,,agriculture,agricoltura,Landwirtschaft,0.395,1,bn:00002096n
70,n,cooc,,employee,dipendente,Mitarbeiter,0.395,1,bn:14292888n
71,n,cooc,,health,salute,Gesundheit,0.392,1,bn:00043358n
72,n,cooc,,consumer,consumatore,Verbraucher,0.389,1,bn:00022095n
73,n,cooc,,function,funzione,Funktion,0.389,3,bn:00036822n bn:00036825n bn:00036821n
74,n,cooc,,illness,malattia,Krankheit,0.389,2,bn:00027546n bn:00045952n
75,n,cooc,,poverty,povertà,Armut,0.387,1,bn:00046157n
76,n,cooc,,hazard,rischio,Gefahr,0.386,1,bn:02695864n
77,n,cooc,,home,casa,Haus,0.386,2,bn:00044994n bn:00000356n
78,n,cooc,,sport,sport,Sport,0.386,9,bn:00036814n bn:00073569n bn:00073571n bn:00006747n bn:00073570n bn:00056530n bn:00073568n bn:00006759n bn:00032203n
79,n,cooc,,commission,commissione,Auftrag,0.385,0,
80,n,cooc,,objective,obiettivo,Ziel,0.383,1,bn:00002179n
81,n,cooc,,provision,approvvigionamento,Versorgung,0.383,1,bn:00064922n
82,n,cooc,,industry,industria,Industrie,0.382,1,bn:00046576n
83,n,cooc,,risk,rischio,Risiko,0.38,1,bn:00030747n
84,n,cooc,,company,società,Gesellschaft,0.379,0,
85,n,cooc,,status,stato,Stellenwert,0.379,0,
86,n,cooc,,nutrition,nutrizione,Ernährung,0.375,1,bn:00002745n
87,n,cooc,,age,età,Alter,0.374,2,bn:00001939n bn:00001940n
88,n,cooc,,family,famiglia,Familie,0.373,2,bn:00032896n bn:00032893n
89,n,cooc,,category,categoria,Kategorie,0.37,1,bn:00016733n
90,n,cooc,,property,proprietà,Eigentum,0.367,1,bn:00009815n
91,n,cooc,,strategy,strategia,Strategie,0.366,2,bn:00069579n bn:00074558n
92,n,cooc,,fight,lotta,Kampf,0.365,2,bn:00009078n bn:00020858n
93,n,cooc,,relation,relazione,Beziehung,0.364,1,bn:00066995n
94,n,cooc,,climate,clima,Klima,0.363,1,bn:00019780n
95,n,cooc,,joy,gioia,Freude,0.362,1,bn:00048468n
96,n,cooc,,committee,comitato,Ausschuss,0.361,1,bn:00021015n
97,n,cooc,,pension,pensione,Pension,0.357,2,bn:00061406n bn:00011663n
98,n,cooc,,biodiversity,biodiversità,Biodiversität,0.356,1,bn:00010523n
99,n,cooc,,sickness,malattia,Krankheit,0.355,2,bn:00027546n bn:00045952n
100,n,cooc,,tranquility,pace,Ruhe,0.355,0,
101,n,cooc,,relationship,rapporto,Beziehung,0.354,1,bn:00033359n
102,n,cooc,,culture,cultura,Kultur,0.352,1,bn:00024369n
103,n,cooc,,term,termine,Begriff,0.351,1,bn:00076590n
104,n,cooc,,class,categoria,Kategorie,0.348,1,bn:00016733n
105,n,cooc,,serenity,serenità,Gelassenheit,0.346,1,bn:00062734n
106,n,cooc,,inspection,controllo,Kontrolle,0.344,0,
107,n,cooc,,interest,interesse,Interesse,0.343,6,bn:00021556n bn:00047080n bn:00047077n bn:00047083n bn:00047081n bn:00047079n
108,n,cooc,,productivity,produttività,Produktivität,0.341,2,bn:00064598n bn:00064599n
109,n,cooc,,reason,motivo,Grund,0.341,3,bn:00041881n bn:00066443n bn:00016851n
110,n,cooc,,support,sostegno,Unterstützung,0.34,1,bn:00075331n
111,n,cooc,,factor,fattore,Faktor,0.338,2,bn:00046695n bn:00021394n
112,n,cooc,,morale,morale,Moral,0.335,2,bn:00031618n bn:00050794n
113,n,cooc,,abundance,ricchezza,Reichtum,0.333,0,
114,n,cooc,,harmony,armonia,Harmonie,0.332,1,bn:00043029n
115,n,cooc,,treatment,cura,Behandlung,0.329,2,bn:00076843n bn:00047235n
116,n,cooc,,plant,pianta,Pflanze,0.326,1,bn:00035324n
117,n,cooc,,farming,agricoltura,Landwirtschaft,0.324,1,bn:00002096n
118,n,cooc,,husbandry,agricoltura,Landwirtschaft,0.324,1,bn:00002096n
119,n,cooc,,body,organismo,Körper,0.322,1,bn:00011744n
120,n,cooc,,check,controllo,Kontrolle,0.322,0,
121,n,cooc,,field,campo,Feld,0.322,4,bn:00034273n bn:00006752n bn:00034267n bn:00034265n
122,n,cooc,,effect,effetto,Wirkung,0.315,1,bn:00021961n
123,n,cooc,,water,acqua,Wasser,0.31,3,bn:00061253n bn:00042379n bn:00080561n
124,n,cooc,,stewardship,amministrazione,Verwaltung,0.309,0,
125,n,cooc,,ground,fondo,Boden,0.307,0,
126,n,cooc,,society,società,Gesellschaft,0.299,2,bn:00020039n bn:00072566n
127,n,cooc,,space,spazio,Raum,0.298,2,bn:00053830n bn:00046665n
128,n,cooc,,state,stato,Zustand,0.294,4,bn:02220665n bn:02108701n bn:03347921n bn:17345320n
129,n,cooc,,control,controllo,Kontrolle,0.292,1,bn:17607444n
130,n,cooc,,conservation,conservazione,Erhaltung,0.291,0,
131,n,cooc,,use,uso,Verwendung,0.291,1,bn:00030627n
132,n,cooc,,association,società,Verein,0.289,1,bn:00020039n
133,n,cooc,,behavior,comportamento,Verhalten,0.289,2,bn:00009657n bn:00009656n
134,n,cooc,,level,livello,Ebene,0.288,0,
135,n,cooc,,product,prodotto,Produkt,0.286,4,bn:00053827n bn:00064584n bn:00064585n bn:00054416n
136,n,cooc,,measure,misura,Maßnahme,0.285,0,
137,n,cooc,,training,formazione,Training,0.279,2,bn:00041853n bn:00012992n
138,n,cooc,,behaviour,comportamento,Verhalten,0.278,2,bn:00009657n bn:00009656n
139,n,cooc,,person,persona,Person,0.277,4,bn:00061715n bn:00044576n bn:00046516n bn:00061714n
140,n,cooc,,topic,argomento,Thema,0.277,1,bn:00074900n
141,n,cooc,,purpose,scopo,Zweck,0.263,0,
142,n,cooc,,activity,attività,Aktivität,0.257,2,bn:00001174n bn:00001128n
143,n,cooc,,nature,natura,Natur,0.25,3,bn:00057016n bn:00057017n bn:00075760n
144,n,cooc,,substance,sostanza,Stoff,0.247,1,bn:00018096n
145,n,cooc,,organism,organismo,Organismus,0.245,1,bn:00009677n
146,n,cooc,,resource,risorsa,Ressource,0.245,1,bn:00067352n
147,n,cooc,,damage,danno,Schaden,0.229,1,bn:00025084n
148,n,cooc,,harm,danno,Schaden,0.208,0,
149,n,cooc,,wildlife,natura,Natur,0.189,0,
150,n,cooc,,change,cambiamento,Veränderung,0.172,1,bn:00003125n
1,n,cooc,WEAK,account,causa,Rechnung,,,
2,n,cooc,WEAK,action,causa,Wirkung,,,
3,n,cooc,WEAK,affair,affare,Angelegenheit,,,
4,n,cooc,WEAK,agency,agenzia,Kraft,,,
5,n,cooc,WEAK,assessment,imposta,Beurteilung,,,
6,n,cooc,WEAK,authority,autorità,Stelle,,,
7,n,cooc,WEAK,bill,polizza,Rechnung,,,
8,n,cooc,WEAK,check-up,controllo,Untersuchung,,,
9,n,cooc,WEAK,checkup,controllo,Untersuchung,,,
10,n,cooc,WEAK,comfort,benessere,Komfort,,,
11,n,cooc,WEAK,community,comunità,Allgemeinheit,,,
12,n,cooc,WEAK,concern,interesse,Sorge,,,
13,n,cooc,WEAK,connection,relazione,Zusammenhang,,,
14,n,cooc,WEAK,consequence,effetto,Folge,,,
15,n,cooc,WEAK,consideration,fattore,Berücksichtigung,,,
16,n,cooc,WEAK,date,termine,Datum,,,
17,n,cooc,WEAK,derogation,deroga,Beeinträchtigung,,,
18,n,cooc,WEAK,district,regione,Gebiet,,,
19,n,cooc,WEAK,education,istruzione,Bildung,,,
20,n,cooc,WEAK,establishment,istituzione,Haus,,,
21,n,cooc,WEAK,expenditure,consumo,Kosten,,,
22,n,cooc,WEAK,facility,servizi,Leichtigkeit,,,
23,n,cooc,WEAK,fashion,stile,Weise,,,
24,n,cooc,WEAK,finance,finanza,Geld,,,
25,n,cooc,WEAK,foundation,istituzione,Stiftung,,,
26,n,cooc,WEAK,functioning,funzionamento,Funktion,,,
27,n,cooc,WEAK,goal,scopo,Ziel,,,
28,n,cooc,WEAK,heart,centro,Herz,,,
29,n,cooc,WEAK,hindrance,ostacolo,Behinderung,,,
30,n,cooc,WEAK,independence,autonomia,Unabhängigkeit,,,
31,n,cooc,WEAK,journey,percorso,Reise,,,
32,n,cooc,WEAK,limit,termine,Grenze,,,
33,n,cooc,WEAK,management,direzione,Verwaltung,,,
34,n,cooc,WEAK,mark,nota,Zeichen,,,
35,n,cooc,WEAK,mercy,grazia,Segen,,,
36,n,cooc,WEAK,nourishment,alimento,Ernährung,,,
37,n,cooc,WEAK,organisation,organismo,Organisation,,,
38,n,cooc,WEAK,organization,organismo,Organisation,,,
39,n,cooc,WEAK,party,gruppo,Gesellschaft,,,
40,n,cooc,WEAK,plan,piano,Konzept,,,
41,n,cooc,WEAK,practice,norma,Übung,,,
42,n,cooc,WEAK,practitioner,medico,Benutzer,,,
43,n,cooc,WEAK,presence,partecipazione,Ausstrahlung,,,
44,n,cooc,WEAK,principle,norma,Grundsatz,,,
45,n,cooc,WEAK,program,programma,Konzept,,,
46,n,cooc,WEAK,programme,programma,Konzept,,,
47,n,cooc,WEAK,qualification,condizione,Einschränkung,,,
48,n,cooc,WEAK,recovery,guarigione,Erholung,,,
49,n,cooc,WEAK,reform,riforma,Besserung,,,
50,n,cooc,WEAK,relief,soccorso,Linderung,,,
51,n,cooc,WEAK,requirement,esigenza,Anforderung,,,
52,n,cooc,WEAK,rule,norma,Regierung,,,
53,n,cooc,WEAK,scheme,sistema,Projekt,,,
54,n,cooc,WEAK,screening,controllo,Überprüfung,,,
55,n,cooc,WEAK,section,sezione,Rubrik,,,
56,n,cooc,WEAK,significance,momento,Bedeutung,,,
57,n,cooc,WEAK,situation,situazione,Zustand,,,
58,n,cooc,WEAK,span,vita,Umfang,,,
59,n,cooc,WEAK,standard,norma,Niveau,,,
60,n,cooc,WEAK,success,fortuna,Erfolg,,,
61,n,cooc,WEAK,supply,alimentazione,Versorgung,,,
62,n,cooc,WEAK,survey,studio,Untersuchung,,,
63,n,cooc,WEAK,trend,direzione,Entwicklung,,,
64,n,cooc,WEAK,understanding,intesa,Voraussetzung,,,
65,n,cooc,WEAK,unit,unità,Abteilung,,,
1,adj,cooc,,mental,mentale,geistig,0.716,1,bn:00106601a
2,adj,cooc,,animal,animale,tierisch,0.616,0,
3,adj,cooc,,human,umano,menschlich,0.582,1,bn:00104386a
4,adj,cooc,,public,pubblico,öffentlich,0.556,1,bn:00109211a
5,adj,cooc,,good,buono,gut,0.511,2,bn:00103677a bn:00103672a
6,adj,cooc,,oral,orale,oral,0.509,2,bn:00107941a bn:00107942a
7,adj,cooc,,sexual,sessuale,sexuell,0.495,1,bn:00110486a
8,adj,cooc,,general,generale,allgemein,0.493,1,bn:00103507a
9,adj,cooc,,precious,prezioso,wertvoll,0.467,0,
10,adj,cooc,,optimal,ottimale,optimal,0.453,1,bn:00107937a
11,adj,cooc,,spiritual,spirituale,geistig,0.451,1,bn:00111042a
12,adj,cooc,,cardiovascular,cardiovascolare,kardiovaskulär,0.446,0,
13,adj,cooc,,ill,malato,schlecht,0.436,0,
14,adj,cooc,,optimum,ottimale,optimal,0.427,1,bn:00107937a
15,adj,cooc,,emotional,emotivo,emotional,0.425,4,bn:00097517a bn:00102163a bn:00102162a bn:00102161a
16,adj,cooc,,important,importante,wichtig,0.418,0,
17,adj,cooc,,own,proprio,eigen,0.394,1,bn:00096707a
18,adj,cooc,,bad,cattivo,schlecht,0.39,1,bn:00097966a
19,adj,cooc,,global,globale,weltweit,0.39,2,bn:00100536a bn:00103624a
20,adj,cooc,,stable,stabile,stabil,0.39,0,
21,adj,cooc,,conscious,consapevole,bewusst,0.389,1,bn:00097879a
22,adj,cooc,,maternal,materno,mütterlich,0.384,3,bn:00106486a bn:00102191a bn:00106485a
23,adj,cooc,,psychological,psicologico,psychologisch,0.383,0,
24,adj,cooc,,significant,importante,wichtig,0.364,0,
25,adj,cooc,,digital,digitale,digital,0.36,1,bn:00101371a
26,adj,cooc,,personal,personale,persönlich,0.357,1,bn:00108488a
27,adj,cooc,,wholistic,olistica,ganzheitlich,0.355,0,
28,adj,cooc,,essential,essenziale,wesentlich,0.353,0,
29,adj,cooc,,holistic,olistica,holistisch,0.353,0,
30,adj,cooc,,robust,robusto,robust,0.342,2,bn:00096154a bn:00109898a
31,adj,cooc,,financial,finanziario,finanziell,0.336,0,
32,adj,cooc,,normal,normale,normal,0.331,1,bn:00107587a
33,adj,cooc,,full,pieno,voll,0.328,1,bn:00103391a
34,adj,cooc,,responsible,responsabile,verantwortlich,0.317,0,
35,adj,cooc,,natural,naturale,natürlich,0.302,1,bn:00107151a
36,adj,cooc,,feeble,debole,schwach,0.3,1,bn:00102715a
37,adj,cooc,,weak,debole,schwach,0.3,1,bn:00113737a
38,adj,cooc,,excellent,eccellente,ausgezeichnet,0.29,1,bn:00102496a
39,adj,cooc,,aware,consapevole,bewusst,0.283,1,bn:00097879a
40,adj,cooc,,concious,consapevole,bewusst,0.267,0,
41,adj,cooc,,total,complessivo,gesamt,0.259,0,
42,adj,cooc,,serious,grave,ernsthaft,0.19,0,
43,adj,cooc,,sustainable,sostenibile,nachhaltig,0.161,0,
1,adj,cooc,WEAK,bodily,corporale,körperlich,,,
2,adj,cooc,WEAK,complete,integrale,vollkommen,,,
3,adj,cooc,WEAK,corporate,collettivo,gemeinsam,,,
4,adj,cooc,WEAK,critical,critico,entscheidend,,,
5,adj,cooc,WEAK,crucial,critico,entscheidend,,,
6,adj,cooc,WEAK,delicate,delicato,labil,,,
7,adj,cooc,WEAK,fair,equo,günstig,,,
8,adj,cooc,WEAK,fine,eccellente,gut,,,
9,adj,cooc,WEAK,fragile,fragile,schwach,,,
10,adj,cooc,WEAK,frail,fragile,schwach,,,
11,adj,cooc,WEAK,fundamental,fondamentale,wesentlich,,,
12,adj,cooc,WEAK,integral,integrale,wesentlich,,,
13,adj,cooc,WEAK,low,scarso,gering,,,
14,adj,cooc,WEAK,overall,globale,allgemein,,,
15,adj,cooc,WEAK,perfect,perfetto,vollkommen,,,
16,adj,cooc,WEAK,physical,fisico,physisch,,,
17,adj,cooc,WEAK,poor,scarso,schlecht,,,
18,adj,cooc,WEAK,precarious,precario,riskant,,,
19,adj,cooc,WEAK,questionable,incerto,bedenklich,,,
20,adj,cooc,WEAK,real,buono,wirklich,,,
21,adj,cooc,WEAK,relevant,relativo,erheblich,,,
22,adj,cooc,WEAK,sound,efficace,gesund,,,
23,adj,cooc,WEAK,strong,robusto,stark,,,
24,adj,cooc,WEAK,uncertain,incerto,schwach,,,
25,adj,cooc,WEAK,worldwide,mondiale,weltweit,,,
1,v,cooc,,improve,migliorare,verbessern,0.576,1,bn:00082573v
2,v,cooc,,protect,proteggere,schützen,0.544,1,bn:00090041v
3,v,cooc,,safeguard,salvaguardare,sichern,0.537,0,
4,v,cooc,,preserve,preservare,erhalten,0.521,2,bn:00083242v bn:00085644v
5,v,cooc,,promote,promuovere,fördern,0.509,0,
6,v,cooc,,ensure,garantire,gewährleisten,0.484,1,bn:00082812v
7,v,cooc,,risk,rischiare,riskieren,0.477,1,bn:00082408v
8,v,cooc,,harm,danneggiare,schaden,0.466,0,
9,v,cooc,,better,migliorare,verbessern,0.465,1,bn:00082573v
10,v,cooc,,worsen,peggiorare,verschlechtern,0.455,2,bn:00086389v bn:00082458v
11,v,cooc,,threaten,minacciare,bedrohen,0.45,1,bn:00087612v
12,v,cooc,,damage,danneggiare,beschädigen,0.448,1,bn:00086494v
13,v,cooc,,influence,influenzare,beeinflussen,0.445,1,bn:00082304v
14,v,cooc,,depend,dipendere,abhängen,0.426,1,bn:00086606v
15,v,cooc,,recover,recuperare,bergen,0.416,0,
16,v,cooc,,undermine,minare,untergraben,0.416,0,
17,v,cooc,,hurt,danneggiare,schaden,0.403,0,
18,v,cooc,,restore,ripristinare,wiederherstellen,0.399,1,bn:00092614v
19,v,cooc,,injure,danneggiare,schaden,0.391,0,
20,v,cooc,,benefit,beneficiare,profitieren,0.386,1,bn:00083413v
21,v,cooc,,strengthen,rafforzare,stärken,0.386,1,bn:00083317v
22,v,cooc,,hazard,rischiare,riskieren,0.382,1,bn:00082408v
23,v,cooc,,sacrifice,sacrificare,opfern,0.38,0,
24,v,cooc,,allow,consentire,zulassen,0.379,0,
25,v,cooc,,put,mettere,setzen,0.379,0,
26,v,cooc,,regain,riguadagnare,wiedererlangen,0.376,0,
27,v,cooc,,follow,perseguire,verfolgen,0.375,0,
28,v,cooc,,prevent,impedire,verhindern,0.373,2,bn:00088454v bn:00090033v
29,v,cooc,,maintain,mantenere,pflegen,0.369,0,
30,v,cooc,,suffer,soffrire,leiden,0.364,1,bn:00082138v
31,v,cooc,,insure,assicurare,gewährleisten,0.363,1,bn:00082812v
32,v,cooc,,guarantee,garantire,garantieren,0.362,1,bn:00082877v
33,v,cooc,,neglect,trascurare,vernachlässigen,0.36,0,
34,v,cooc,,regenerate,rigenerare,regenerieren,0.359,0,
35,v,cooc,,force,costringere,zwingen,0.356,0,
36,v,cooc,,wish,desiderare,wünschen,0.353,0,
37,v,cooc,,derive,derivare,ableiten,0.35,1,bn:00086430v
38,v,cooc,,regard,considerare,betrachten,0.35,0,
39,v,cooc,,check,controllare,überprüfen,0.348,2,bn:00084848v bn:00084865v
40,v,cooc,,compel,costringere,zwingen,0.348,0,
41,v,cooc,,institute,istituire,einrichten,0.347,0,
42,v,cooc,,recommend,raccomandare,empfehlen,0.347,0,
43,v,cooc,,ruin,rovinare,ruinieren,0.346,0,
44,v,cooc,,identify,identificare,identifizieren,0.339,1,bn:00089574v
45,v,cooc,,permit,permettere,erlauben,0.339,1,bn:00082536v
46,v,cooc,,work,funzionare,arbeiten,0.338,0,
47,v,cooc,,ignore,trascurare,vernachlässigen,0.337,0,
48,v,cooc,,destroy,distruggere,zerstören,0.336,2,bn:00086699v bn:00086698v
49,v,cooc,,help,aiutare,helfen,0.336,1,bn:00082481v
50,v,cooc,,inspect,controllare,überprüfen,0.327,0,
51,v,cooc,,conduct,guidare,führen,0.325,0,
52,v,cooc,,place,mettere,legen,0.324,1,bn:00090224v
53,v,cooc,,receive,ricevere,erhalten,0.324,1,bn:00089246v
54,v,cooc,,optimize,ottimizzare,optimieren,0.311,1,bn:00091184v
55,v,cooc,,report,riportare,melden,0.309,0,
56,v,cooc,,consider,considerare,betrachten,0.307,0,
57,v,cooc,,function,funzionare,arbeiten,0.307,0,
58,v,cooc,,need,necessitare,brauchen,0.307,0,
59,v,cooc,,advise,consigliare,beraten,0.306,0,
60,v,cooc,,contribute,contribuire,beitragen,0.305,0,
61,v,cooc,,enjoy,godere,genießen,0.303,2,bn:00087646v bn:00083145v
62,v,cooc,,cause,causare,verursachen,0.302,0,
63,v,cooc,,evaluate,valutare,bewerten,0.302,0,
64,v,cooc,,appear,apparire,erscheinen,0.301,2,bn:00082690v bn:00082691v
65,v,cooc,,mean,significare,bedeuten,0.3,2,bn:00087672v bn:00089805v
66,v,cooc,,perceive,percepire,wahrnehmen,0.299,1,bn:00085496v
67,v,cooc,,understand,comprendere,verstehen,0.294,1,bn:00082727v
68,v,cooc,,study,esaminare,untersuchen,0.289,0,
69,v,cooc,,do,fare,tun,0.287,1,bn:00082286v
70,v,cooc,,operate,operare,arbeiten,0.286,0,
71,v,cooc,,pursue,perseguire,verfolgen,0.286,0,
72,v,cooc,,order,ordinare,bestellen,0.283,0,
73,v,cooc,,constitute,costituire,bilden,0.281,1,bn:00083187v
74,v,cooc,,connect,collegare,verbinden,0.28,1,bn:00085623v
75,v,cooc,,require,richiedere,erfordern,0.279,0,
76,v,cooc,,walk,andare,gehen,0.279,0,
77,v,cooc,,lead,guidare,führen,0.277,2,bn:00090246v bn:00089260v
78,v,cooc,,present,presentare,vorlegen,0.276,0,
79,v,cooc,,examine,esaminare,untersuchen,0.273,1,bn:00087787v
80,v,cooc,,determine,determinare,bestimmen,0.268,0,
81,v,cooc,,accompany,accompagnare,begleiten,0.265,1,bn:00082222v
82,v,cooc,,test,esaminare,untersuchen,0.262,0,
83,v,cooc,,include,includere,einschließen,0.261,1,bn:00089662v
84,v,cooc,,achieve,raggiungere,erreichen,0.26,1,bn:00082226v
85,v,cooc,,exist,esistere,bestehen,0.258,1,bn:00083184v
86,v,cooc,,meet,incontrare,treffen,0.258,2,bn:00088791v bn:00085339v
87,v,cooc,,represent,rappresentare,darstellen,0.256,1,bn:00083187v
88,v,cooc,,play,giocare,spielen,0.252,2,bn:00091708v bn:00091711v
89,v,cooc,,aid,aiutare,helfen,0.251,1,bn:00082481v
90,v,cooc,,measure,misurare,messen,0.25,1,bn:00090715v
91,v,cooc,,fulfil,compiere,erfüllen,0.248,0,
92,v,cooc,,develop,sviluppare,entwickeln,0.246,1,bn:00086745v
93,v,cooc,,couple,associare,verbinden,0.243,0,
94,v,cooc,,remain,rimanere,bleiben,0.242,3,bn:00085719v bn:00092756v bn:00091562v
95,v,cooc,,talk,parlare,sprechen,0.238,1,bn:00094090v
96,v,cooc,,associate,associare,assoziieren,0.237,0,
97,v,cooc,,offer,offrire,bieten,0.233,0,
98,v,cooc,,begin,iniziare,beginnen,0.232,2,bn:00083342v bn:00083340v
99,v,cooc,,cultivate,coltivare,pflegen,0.222,0,
100,v,cooc,,say,parlare,sprechen,0.217,0,
101,v,cooc,,cost,costare,kosten,0.216,0,
102,v,cooc,,optimise,ottimizzare,optimieren,0.212,1,bn:00091184v
103,v,cooc,,start,iniziare,beginnen,0.212,2,bn:00083342v bn:00083340v
104,v,cooc,,define,definire,definieren,0.204,1,bn:00086465v
105,v,cooc,,reinforce,rafforzare,verstärken,0.195,0,
106,v,cooc,,give,dare,geben,0.183,2,bn:00088825v bn:00088815v
107,v,cooc,,recognise,riconoscere,erkennen,0.182,1,bn:00086904v
108,v,cooc,,make,fare,machen,0.178,3,bn:00086008v bn:00084198v bn:00086013v
109,v,cooc,,emerge,emergere,entstehen,0.177,1,bn:00087561v
110,v,cooc,,attain,raggiungere,erreichen,0.174,2,bn:00082226v bn:00082901v
111,v,cooc,,create,creare,schaffen,0.173,1,bn:00086009v
112,v,cooc,,change,cambiare,ändern,0.172,1,bn:00082553v
113,v,cooc,,find,trovare,finden,0.162,2,bn:00088204v bn:00084231v
114,v,cooc,,indicate,indicare,zeigen,0.155,0,
115,v,cooc,,open,aprire,eröffnen,0.155,0,
116,v,cooc,,extend,ampliare,erweitern,0.149,1,bn:00084121v
117,v,cooc,,produce,produrre,erzeugen,0.149,2,bn:00084198v bn:00086013v
118,v,cooc,,evolve,sviluppare,entwickeln,0.138,0,
119,v,cooc,,show,mostrare,zeigen,0.125,2,bn:00086557v bn:00086567v
120,v,cooc,,hold,tenere,halten,0.104,1,bn:00089385v
121,v,cooc,,supply,fornire,liefern,0.08,0,
1,v,cooc,WEAK,accord,concedere,erweisen,,,
2,v,cooc,WEAK,acquire,acquistare,erarbeiten,,,
3,v,cooc,WEAK,administer,amministrare,führen,,,
4,v,cooc,WEAK,adopt,adottare,annehmen,,,
5,v,cooc,WEAK,advance,promuovere,voranbringen,,,
6,v,cooc,WEAK,affect,interessare,beeinflussen,,,
7,v,cooc,WEAK,aim,puntare,abzielen,,,
8,v,cooc,WEAK,announce,annunciare,melden,,,
9,v,cooc,WEAK,apply,riguardare,anwenden,,,
10,v,cooc,WEAK,approach,avvicinare,angehen,,,
11,v,cooc,WEAK,arise,derivare,entstehen,,,
12,v,cooc,WEAK,ask,richiedere,fragen,,,
13,v,cooc,WEAK,assess,valutare,beurteilen,,,
14,v,cooc,WEAK,assure,assicurare,sichern,,,
15,v,cooc,WEAK,base,basare,basieren,,,
16,v,cooc,WEAK,be,diventare,liegen,,,
17,v,cooc,WEAK,bear,sostenere,tragen,,,
18,v,cooc,WEAK,become,diventare,stehen,,,
19,v,cooc,WEAK,bolster,sostenere,stützen,,,
20,v,cooc,WEAK,break,interrompere,ruinieren,,,
21,v,cooc,WEAK,bring,produrre,bringen,,,
22,v,cooc,WEAK,carry,riportare,tragen,,,
23,v,cooc,WEAK,center,centrare,konzentrieren,,,
24,v,cooc,WEAK,centre,centrare,konzentrieren,,,
25,v,cooc,WEAK,challenge,provocare,fordern,,,
26,v,cooc,WEAK,claim,pretendere,fordern,,,
27,v,cooc,WEAK,communicate,comunicare,übertragen,,,
28,v,cooc,WEAK,concern,interessare,betreffen,,,
29,v,cooc,WEAK,confirm,confermare,bescheinigen,,,
30,v,cooc,WEAK,consult,consigliare,befragen,,,
31,v,cooc,WEAK,contact,contattare,berühren,,,
32,v,cooc,WEAK,control,controllare,steuern,,,
33,v,cooc,WEAK,cover,coprire,umfassen,,,
34,v,cooc,WEAK,declare,proclamare,aussagen,,,
35,v,cooc,WEAK,decline,declinare,sinken,,,
36,v,cooc,WEAK,deliver,tenere,liefern,,,
37,v,cooc,WEAK,denote,indicare,bezeichnen,,,
38,v,cooc,WEAK,deteriorate,deteriorare,nachlassen,,,
39,v,cooc,WEAK,discover,trovare,entdecken,,,
40,v,cooc,WEAK,discuss,discutere,beraten,,,
41,v,cooc,WEAK,effect,determinare,bewirken,,,
42,v,cooc,WEAK,embody,includere,ausdrücken,,,
43,v,cooc,WEAK,encompass,contenere,umfassen,,,
44,v,cooc,WEAK,encourage,favorire,fördern,,,
45,v,cooc,WEAK,enforce,imporre,durchführen,,,
46,v,cooc,WEAK,establish,stabilire,schaffen,,,
47,v,cooc,WEAK,estimate,valutare,schätzen,,,
48,v,cooc,WEAK,expand,sviluppare,erweitern,,,
49,v,cooc,WEAK,expect,prevedere,erwarten,,,
50,v,cooc,WEAK,experience,conoscere,erleben,,,
51,v,cooc,WEAK,fail,mancare,aussetzen,,,
52,v,cooc,WEAK,fall,scendere,fallen,,,
53,v,cooc,WEAK,foster,favorire,fördern,,,
54,v,cooc,WEAK,found,basare,begründen,,,
55,v,cooc,WEAK,gauge,valutare,messen,,,
56,v,cooc,WEAK,govern,governare,bestimmen,,,
57,v,cooc,WEAK,have,fare,besitzen,,,
58,v,cooc,WEAK,impair,danneggiare,beeinträchtigen,,,
59,v,cooc,WEAK,implement,compiere,durchführen,,,
60,v,cooc,WEAK,inform,avvisare,informieren,,,
61,v,cooc,WEAK,integrate,integrare,verknüpfen,,,
62,v,cooc,WEAK,involve,comportare,umfassen,,,
63,v,cooc,WEAK,issue,emanare,ausgeben,,,
64,v,cooc,WEAK,launch,lanciare,aussetzen,,,
65,v,cooc,WEAK,lay,porre,legen,,,
66,v,cooc,WEAK,link,collegare,verknüpfen,,,
67,v,cooc,WEAK,manage,gestire,steuern,,,
68,v,cooc,WEAK,manifest,manifestare,zeigen,,,
69,v,cooc,WEAK,matter,interessare,ausmachen,,,
70,v,cooc,WEAK,monitor,controllare,überwachen,,,
71,v,cooc,WEAK,nurse,curare,pflegen,,,
72,v,cooc,WEAK,oblige,imporre,verpflichten,,,
73,v,cooc,WEAK,occur,presentare,auftreten,,,
74,v,cooc,WEAK,owe,dovere,schulden,,,
75,v,cooc,WEAK,pack,confezionare,tragen,,,
76,v,cooc,WEAK,persist,durare,bestehen,,,
77,v,cooc,WEAK,plant,collocare,setzen,,,
78,v,cooc,WEAK,pose,porre,stellen,,,
79,v,cooc,WEAK,prompt,consigliare,bewegen,,,
80,v,cooc,WEAK,provide,fornire,bieten,,,
81,v,cooc,WEAK,publish,pubblicare,eröffnen,,,
82,v,cooc,WEAK,qualify,qualificare,befähigen,,,
83,v,cooc,WEAK,rate,valutare,schätzen,,,
84,v,cooc,WEAK,realize,comprendere,erkennen,,,
85,v,cooc,WEAK,reclaim,risanare,regenerieren,,,
86,v,cooc,WEAK,record,registrare,erfassen,,,
87,v,cooc,WEAK,reduce,ridimensionare,reduzieren,,,
88,v,cooc,WEAK,refer,sottoporre,hinweisen,,,
89,v,cooc,WEAK,relate,collegare,berichten,,,
90,v,cooc,WEAK,release,lasciare,lösen,,,
91,v,cooc,WEAK,remodel,ristrutturare,richten,,,
92,v,cooc,WEAK,render,rendere,machen,,,
93,v,cooc,WEAK,respect,rispettare,achten,,,
94,v,cooc,WEAK,result,derivare,resultieren,,,
95,v,cooc,WEAK,reveal,manifestare,zeigen,,,
96,v,cooc,WEAK,screen,proteggere,überprüfen,,,
97,v,cooc,WEAK,secure,garantire,sichern,,,
98,v,cooc,WEAK,send,lanciare,richten,,,
99,v,cooc,WEAK,set,fissare,setzen,,,
100,v,cooc,WEAK,shape,modellare,gestalten,,,
101,v,cooc,WEAK,shift,cambiare,bewegen,,,
102,v,cooc,WEAK,sponsor,garantire,fördern,,,
103,v,cooc,WEAK,spread,diffondere,breiten,,,
104,v,cooc,WEAK,state,stabilire,aussagen,,,
105,v,cooc,WEAK,supplement,integrare,ergänzen,,,
106,v,cooc,WEAK,support,sostenere,unterstützen,,,
107,v,cooc,WEAK,sustain,sostenere,erhalten,,,
108,v,cooc,WEAK,tackle,affrontare,angehen,,,
109,v,cooc,WEAK,take,assumere,nehmen,,,
110,v,cooc,WEAK,treat,curare,behandeln,,,
111,v,cooc,WEAK,underpin,sostenere,stützen,,,
112,v,cooc,WEAK,upgrade,promuovere,verbessern,,,
113,v,cooc,WEAK,urge,raccomandare,treiben,,,
114,v,cooc,WEAK,utilize,utilizzare,nutzen,,,
115,v,cooc,WEAK,value,valutare,schätzen,,,
