idx_group,pos,rel,weak,lex_en,lex_it,lex_de,score,bs_count,babel_synsets
0,n,head,,sapwood wood sap-wood,legno legname alburno,Holz Splintholz,,1,bn:00081492n
1,n,sim,,stone,pietra,Stein,0.4,2,bn:00068045n bn:00068046n
2,n,sim,,tree,albero,Baum,0.332,1,bn:00078131n
3,n,sim,,color,colore,Farbe,0.324,1,bn:00020726n
4,n,sim,,colour,colore,Farbe,0.323,1,bn:00020726n
5,n,sim,,leaf,foglia,Blatt,0.314,1,bn:00035596n
6,n,sim,,wall,parete,Wand,0.314,2,bn:00080386n bn:00060663n
7,n,sim,,surface,superficie,Oberfläche,0.313,1,bn:21705848n
8,n,sim,,earth,terra,Erde,0.302,5,bn:00029427n bn:00029424n bn:00028934n bn:00029425n bn:00029429n
9,n,sim,,structure,struttura,Struktur,0.29,1,bn:00022071n
10,n,sim,,finish,finitura,Oberfläche,0.284,0,
11,n,sim,,garden,giardino,Garten,0.284,1,bn:00037300n
12,n,sim,,shape,forma,Form,0.284,5,bn:00035909n bn:00003882n bn:00016529n bn:00021751n bn:00035908n
13,n,sim,,bed,letto,Bett,0.283,2,bn:00009472n bn:00009474n
14,n,sim,,piece,pezzo,Stück,0.283,2,bn:00062297n bn:00062299n
15,n,sim,,roof,tetto,Dach,0.283,1,bn:00068220n
16,n,sim,,window,finestra,Fenster,0.282,2,bn:00081285n bn:00081292n
17,n,sim,,frame,telaio,Rahmen,0.281,1,bn:00036189n
18,n,sim,,design,design,Design,0.278,11,bn:00056023n bn:00045963n bn:00028639n bn:00026537n bn:00002178n bn:00011593n bn:00026536n bn:00021551n bn:00026538n bn:00026535n bn:00045772n
19,n,sim,,hair,capello,Haar,0.275,2,bn:00042528n bn:00042526n
20,n,sim,,ring,anello,Ring,0.272,5,bn:00004373n bn:00019935n bn:00008287n bn:00044712n bn:00008290n
21,n,sim,,table,tavolo,Tisch,0.271,2,bn:00075814n bn:00075813n
22,n,sim,,glass,vetro,Glas,0.269,1,bn:00040605n
23,n,sim,,kitchen,cucina,Küche,0.269,1,bn:00049248n
24,n,sim,,style,stile,Stil,0.269,1,bn:15993750n
25,n,sim,,side,lato,Seite,0.268,2,bn:00032604n bn:00071433n
26,n,sim,,zone,zona,Bereich,0.265,1,bn:00082076n
27,n,sim,,fire,fuoco,Feuer,0.261,3,bn:00034625n bn:00034627n bn:00034623n
28,n,sim,,wheel,ruota,Rad,0.26,1,bn:00080972n
29,n,sim,,woods,bosco,Wald,0.259,2,bn:00035869n bn:00035868n
30,n,sim,,foot,piede,Fuß,0.258,2,bn:00035679n bn:00035680n
31,n,sim,,picture,immagine,Bild,0.258,2,bn:00032381n bn:00045970n
32,n,sim,,bottle,bottiglia,Flasche,0.255,2,bn:00012339n bn:00012340n
33,n,sim,,gold,oro,Gold,0.254,5,bn:00040935n bn:00006911n bn:00040922n bn:00003255n bn:00040921n
34,n,sim,,horse,cavallo,Pferd,0.253,3,bn:00063492n bn:00031345n bn:00044819n
35,n,sim,,metal,metallo,Metall,0.253,1,bn:00054550n
36,n,sim,,light,luce,Licht,0.252,3,bn:00051109n bn:00045956n bn:00051108n
37,n,sim,,boat,barca,Boot,0.251,1,bn:00011674n
38,n,sim,,stuff,materiale,Material,0.25,1,bn:00053801n
39,n,sim,,house,casa,Haus,0.246,4,bn:00045000n bn:00000356n bn:00044994n bn:00029305n
40,n,sim,,space,spazio,Raum,0.244,2,bn:00053830n bn:00046665n
41,n,sim,,food,cibo,Essen,0.243,2,bn:00035650n bn:00035649n
42,n,sim,,forest,foresta,Wald,0.241,1,bn:00035868n
43,n,sim,,room,camera,Zimmer,0.241,1,bn:00068233n
44,n,sim,,steel,acciaio,Stahl,0.24,1,bn:00074123n
45,n,sim,,material,materiale,Material,0.239,3,bn:00053802n bn:00053803n bn:00053801n
46,n,sim,,plastic,plastica,Kunststoff,0.239,1,bn:00062856n
47,n,sim,,mountain,montagna,Berg,0.238,2,bn:00008985n bn:00056068n
48,n,sim,,field,campo,Feld,0.235,4,bn:00034273n bn:00034267n bn:00006752n bn:00034265n
49,n,sim,,sand,sabbia,Sand,0.231,1,bn:00069126n
50,n,sim,,star,stella,Stern,0.23,2,bn:00073964n bn:00073965n
51,n,sim,,floor,piano,Boden,0.226,0,
52,n,sim,,air,aria,Luft,0.225,2,bn:00002185n bn:00002190n
53,n,sim,,center,centro,Mitte,0.225,2,bn:00017123n bn:00017130n
54,n,sim,,centre,centro,Mitte,0.225,2,bn:00017123n bn:00017130n
55,n,sim,,dog,cane,Hund,0.224,1,bn:00015267n
56,n,sim,,object,oggetto,Objekt,0.223,4,bn:00058445n bn:00058443n bn:00002179n bn:00058442n
57,n,sim,,plant,pianta,Pflanze,0.223,1,bn:00035324n
58,n,sim,,plate,piatto,Platte,0.222,1,bn:00062878n
59,n,sim,,flower,fiore,Blume,0.22,2,bn:00011422n bn:00035378n
60,n,sim,,paper,carta,Papier,0.22,1,bn:00060464n
61,n,sim,,paint,vernice,Farbe,0.219,1,bn:00060187n
62,n,sim,,landscape,paesaggio,Landschaft,0.218,1,bn:01321349n
63,n,sim,,car,auto,Auto,0.217,1,bn:00007309n
64,n,sim,,installation,impianto,Anlage,0.214,1,bn:00046934n
65,n,sim,,construction,costruzione,Bau,0.21,1,bn:00013723n
66,n,sim,,clothes,abbigliamento,Kleidung,0.208,1,bn:00006125n
67,n,sim,,environment,ambiente,Umwelt,0.206,1,bn:00031075n
68,n,sim,,quality,qualità,Qualität,0.206,2,bn:00014731n bn:00065538n
69,n,sim,,pipe,tubo,Rohr,0.203,1,bn:00062568n
70,n,sim,,branch,ramo,Ast,0.202,2,bn:00051218n bn:00012738n
71,n,sim,,concrete,calcestruzzo,Beton,0.202,1,bn:00021607n
72,n,sim,,building,edificio,Gebäude,0.201,1,bn:00013722n
73,n,sim,,pattern,modello,Modell,0.199,0,
74,n,sim,,shoe,scarpa,Schuh,0.197,1,bn:00071172n
75,n,sim,,bottom,fondo,Boden,0.196,1,bn:00012366n
76,n,sim,,box,box,Feld,0.196,0,
77,n,sim,,machine,macchina,Maschine,0.192,1,bn:00026716n
78,n,sim,,arm,braccio,Waffe,0.19,0,
79,n,sim,,tool,strumento,Werkzeug,0.19,2,bn:00077585n bn:00023662n
80,n,sim,,water,acqua,Wasser,0.189,3,bn:00061253n bn:00080561n bn:00042379n
81,n,sim,,iron,ferro,Eisen,0.188,1,bn:00006856n
82,n,sim,,snow,neve,Schnee,0.188,3,bn:00011445n bn:00072456n bn:00072455n
83,n,sim,,leather,pelle,Leder,0.187,1,bn:00050452n
84,n,sim,,sheet,foglio,Blatt,0.187,1,bn:00062308n
85,n,sim,,aluminium,alluminio,Aluminium,0.186,1,bn:00002355n
86,n,sim,,fish,pesce,Fisch,0.186,3,bn:00034816n bn:00034817n bn:00062612n
87,n,sim,,tissue,tessuto,Gewebe,0.185,1,bn:00077386n
88,n,sim,,store,negozio,Geschäft,0.184,3,bn:00071215n bn:00012452n bn:00067417n
89,n,sim,,oil,olio,Öl,0.181,1,bn:00058732n
90,n,sim,,meat,carne,Fleisch,0.173,1,bn:00054026n
91,n,sim,,rubber,gomma,Kautschuk,0.172,2,bn:00068457n bn:00015396n
92,n,sim,,shop,negozio,Geschäft,0.167,1,bn:00071215n
93,n,sim,,container,contenitore,Container,0.163,1,bn:00022129n
94,n,sim,,cloth,stoffa,Stoff,0.162,1,bn:00019980n
95,n,sim,,coal,carbone,Kohle,0.161,1,bn:00020133n
96,n,sim,,fiber,fibra,Faser,0.159,2,bn:00034205n bn:00034207n
97,n,sim,,skin,pelle,Haut,0.158,1,bn:00024643n
98,n,sim,,wine,vino,Wein,0.158,1,bn:00080022n
99,n,sim,,fruit,frutta,Obst,0.154,1,bn:14220451n
100,n,sim,,animal,animale,Tier,0.152,1,bn:00004222n
101,n,sim,,clothing,abbigliamento,Kleidung,0.149,1,bn:00006125n
102,n,sim,,gas,gas,Gas,0.149,8,bn:00037384n bn:00037457n bn:00037383n bn:00037385n bn:00031987n bn:00035120n bn:00037382n bn:00000632n
103,n,sim,,energy,energia,Energie,0.148,1,bn:00030820n
104,n,sim,,film,pellicola,Film,0.148,3,bn:00034471n bn:00034473n bn:00034472n
105,n,sim,,spring,fonte,Quelle,0.148,1,bn:00036077n
106,n,sim,,cereal,cereale,Getreide,0.145,2,bn:00017324n bn:00017323n
107,n,sim,,rice,riso,Reis,0.145,2,bn:00067718n bn:00067717n
108,n,sim,,cement,cemento,Zement,0.144,2,bn:00017081n bn:00017084n
109,n,sim,,biomass,biomassa,Biomasse,0.141,2,bn:00079667n bn:00010553n
110,n,sim,,heat,calore,Wärme,0.139,1,bn:00043415n
111,n,sim,,product,prodotto,Produkt,0.139,4,bn:00064584n bn:00053827n bn:00054416n bn:00064585n
112,n,sim,,property,proprietà,Eigenschaft,0.138,1,bn:00064752n
113,n,sim,,stock,stock,Lager,0.138,1,bn:00047332n
114,n,sim,,tube,tubo,Rohr,0.131,0,
115,n,sim,,manufacture,produzione,Herstellung,0.13,0,
116,n,sim,,fibre,fibra,Faser,0.129,2,bn:00034205n bn:00034207n
117,n,sim,,tobacco,tabacco,Tabak,0.129,2,bn:00077441n bn:00007699n
118,n,sim,,component,componente,Komponente,0.128,1,bn:00021396n
119,n,sim,,manufacturing,produzione,Herstellung,0.128,1,bn:00064594n
120,n,sim,,production,produzione,Produktion,0.128,4,bn:00059790n bn:00064590n bn:00064592n bn:00064594n
121,n,sim,,processing,lavorazione,Verarbeitung,0.127,0,
122,n,sim,,substance,sostanza,Substanz,0.127,3,bn:00074985n bn:00017124n bn:00018096n
123,n,sim,,soil,suolo,Boden,0.126,1,bn:00041883n
124,n,sim,,technology,tecnologia,Technologie,0.126,1,bn:00005105n
125,n,sim,,grain,grano,Getreide,0.124,1,bn:00017324n
126,n,sim,,vegetable,ortaggio,Gemüse,0.123,1,bn:00079666n
127,n,sim,,waste,scarto,Abfall,0.12,1,bn:00068465n
128,n,sim,,by-product,sottoprodotto,Nebenprodukt,0.119,0,
129,n,sim,,lot,lotto,Menge,0.119,0,
130,n,sim,,electricity,elettricità,Strom,0.115,1,bn:00030181n
131,n,sim,,egg,uovo,Ei,0.111,3,bn:00029914n bn:00029913n bn:00008124n
132,n,sim,,fodder,foraggio,Futter,0.111,1,bn:00035566n
133,n,sim,,potato,patata,Kartoffel,0.111,1,bn:00047481n
134,n,sim,,fuel,carburante,Kraftstoff,0.11,0,
135,n,sim,,packaging,imballaggio,Verpackung,0.11,1,bn:00060114n
136,n,sim,,sugar,zucchero,Zucker,0.107,2,bn:00015853n bn:00066804n
137,n,sim,,good,bene,Gut,0.106,1,bn:00021045n
138,n,sim,,butter,burro,Butter,0.104,1,bn:00014249n
139,n,sim,,maize,mais,Mais,0.104,2,bn:00022678n bn:00037175n
140,n,sim,,tyre,pneumatico,Reifen,0.104,1,bn:00077377n
141,n,sim,,cotton,cotone,Baumwolle,0.103,3,bn:00023074n bn:00023073n bn:00023072n
142,n,sim,,beverage,bevanda,Getränk,0.099,1,bn:00010183n
143,n,sim,,cheese,formaggio,Käse,0.098,1,bn:00018038n
144,n,sim,,drink,bevanda,Getränk,0.097,2,bn:00010183n bn:00028749n
145,n,sim,,petroleum,petrolio,Erdöl,0.096,1,bn:00024112n
146,n,sim,,grape,uva,Traube,0.093,1,bn:12910090n
147,n,sim,,drug,farmaco,Droge,0.092,1,bn:00028872n
148,n,sim,,equipment,apparecchiatura,Ausrüstung,0.092,1,bn:00031322n
149,n,sim,,variety,varietà,Sorte,0.092,0,
150,n,sim,,banana,banana,Banane,0.09,2,bn:04993192n bn:26745791n
151,n,sim,,olive,oliva,Olive,0.09,2,bn:00058890n bn:00058888n
152,n,sim,,residue,residuo,Rückstand,0.09,0,
153,n,sim,,appliance,apparecchio,Gerät,0.089,0,
154,n,sim,,fat,grasso,Fett,0.089,2,bn:00033761n bn:00001386n
155,n,sim,,ingredient,ingrediente,Bestandteil,0.089,1,bn:00034946n
156,n,sim,,poultry,pollame,Geflügelfleisch,0.089,0,
157,n,sim,,consignment,spedizione,Sendung,0.087,0,
158,n,sim,,pig,maiale,Schwein,0.085,1,bn:00042006n
159,n,sim,,tomato,pomodoro,Tomate,0.085,2,bn:00077537n bn:00052131n
160,n,sim,,mixture,miscela,Mischung,0.084,1,bn:00055384n
161,n,sim,,resource,risorsa,Ressource,0.084,1,bn:00067352n
162,n,sim,,agriculture,agricoltura,Landwirtschaft,0.08,1,bn:00002096n
163,n,sim,,toy,giocattolo,Spielzeug,0.08,1,bn:00062965n
164,n,sim,,protein,proteina,Protein,0.077,1,bn:00064855n
165,n,sim,,source,fonte,Quelle,0.077,2,bn:00009635n bn:00046702n
166,n,sim,,infrastructure,infrastruttura,Infrastruktur,0.076,2,bn:00008794n bn:00046727n
167,n,sim,,transport,trasporto,Verkehr,0.076,1,bn:01731490n
168,n,sim,,industry,industria,Industrie,0.075,1,bn:00046576n
1,n,sim,WEAK,back,fondo,Ast,,,
2,n,sim,WEAK,bar,bar,Stück,,,
3,n,sim,WEAK,base,centro,Boden,,,
4,n,sim,WEAK,battery,batteria,Reihe,,,
5,n,sim,WEAK,bird,volatile,Vogel,,,
6,n,sim,WEAK,blade,filo,Blatt,,,
7,n,sim,WEAK,block,masso,Stein,,,
8,n,sim,WEAK,board,bordo,Platte,,,
9,n,sim,WEAK,brick,mattone,Stein,,,
10,n,sim,WEAK,carbon,carbonio,Kohle,,,
11,n,sim,WEAK,circle,ambiente,Kreis,,,
12,n,sim,WEAK,coating,rivestimento,Schicht,,,
13,n,sim,WEAK,commodity,merce,Ware,,,
14,n,sim,WEAK,compound,miscela,Verbindung,,,
15,n,sim,WEAK,cover,copertura,Decke,,,
16,n,sim,WEAK,dust,polvere,Müll,,,
17,n,sim,WEAK,fabric,tessuto,Stoff,,,
18,n,sim,WEAK,face,facciata,Gesicht,,,
19,n,sim,WEAK,farm,allevamento,Landwirtschaft,,,
20,n,sim,WEAK,feedingstuff,mangime,Futtermittel,,,
21,n,sim,WEAK,front,facciata,Spitze,,,
22,n,sim,WEAK,furniture,mobile,Möbel,,,
23,n,sim,WEAK,ground,terra,Boden,,,
24,n,sim,WEAK,hall,salone,Halle,,,
25,n,sim,WEAK,item,articolo,Punkt,,,
26,n,sim,WEAK,kind,tipo,Art,,,
27,n,sim,WEAK,land,terra,Boden,,,
28,n,sim,WEAK,meal,farina,Essen,,,
29,n,sim,WEAK,medicine,medicinale,Medikament,,,
30,n,sim,WEAK,medium,mezzo,Medium,,,
31,n,sim,WEAK,motor,motore,Auto,,,
32,n,sim,WEAK,output,produzione,Leistung,,,
33,n,sim,WEAK,pack,imballaggio,Gruppe,,,
34,n,sim,WEAK,painting,quadro,Bild,,,
35,n,sim,WEAK,panel,pannello,Platte,,,
36,n,sim,WEAK,park,parco,Anlage,,,
37,n,sim,WEAK,pit,box,Loch,,,
38,n,sim,WEAK,pool,piscina,Loch,,,
39,n,sim,WEAK,preparation,allestimento,Zubereitung,,,
40,n,sim,WEAK,produce,prodotti,Erzeugnis,,,
41,n,sim,WEAK,reed,canna,Rohr,,,
42,n,sim,WEAK,rock,roccia,Stein,,,
43,n,sim,WEAK,scrap,rottame,Rest,,,
44,n,sim,WEAK,screen,schermo,Wand,,,
45,n,sim,WEAK,seat,sedia,Platz,,,
46,n,sim,WEAK,set,apparecchio,Satz,,,
47,n,sim,WEAK,shell,conchiglia,Form,,,
48,n,sim,WEAK,stick,canna,Stück,,,
49,n,sim,WEAK,supply,fornitura,Lieferung,,,
50,n,sim,WEAK,tile,piastrella,Platte,,,
51,n,sim,WEAK,timber,legname,Wald,,,
52,n,sim,WEAK,top,testa,Spitze,,,
53,n,sim,WEAK,type,tipo,Art,,,
54,n,sim,WEAK,yard,cantiere,Garten,,,
1,n,cooc,,steel,acciaio,Stahl,0.603,1,bn:00074123n
2,n,cooc,,iron,ferro,Eisen,0.587,1,bn:00006856n
3,n,cooc,,material,materiale,Material,0.568,3,bn:00053802n bn:00053803n bn:00053801n
4,n,cooc,,glass,vetro,Glas,0.564,1,bn:00040605n
5,n,cooc,,paper,carta,Papier,0.542,1,bn:00060464n
6,n,cooc,,marble,marmo,Marmor,0.533,1,bn:00053338n
7,n,cooc,,concrete,calcestruzzo,Beton,0.526,1,bn:00021607n
8,n,cooc,,brick,mattone,Ziegel,0.51,1,bn:00013047n
9,n,cooc,,straw,paglia,Stroh,0.51,1,bn:00074572n
10,n,cooc,,cement,cemento,Beton,0.508,0,
11,n,cooc,,oak,quercia,Eiche,0.505,1,bn:00058399n
12,n,cooc,,metal,metallo,Metall,0.5,1,bn:00054550n
13,n,cooc,,leather,pelle,Leder,0.498,1,bn:00050452n
14,n,cooc,,wool,lana,Wolle,0.495,1,bn:00081531n
15,n,cooc,,coal,carbone,Kohle,0.492,1,bn:00020133n
16,n,cooc,,gum,gomma,Gummi,0.492,0,
17,n,cooc,,clay,argilla,Ton,0.487,1,bn:00019624n
18,n,cooc,,processing,lavorazione,Verarbeitung,0.484,0,
19,n,cooc,,residue,residuo,Rückstand,0.484,0,
20,n,cooc,,stone,pietra,Stein,0.484,2,bn:00068045n bn:00068046n
21,n,cooc,,fiber,fibra,Faser,0.483,2,bn:00034205n bn:00034207n
22,n,cooc,,charcoal,carbone,Holzkohle,0.482,1,bn:00017777n
23,n,cooc,,cardboard,cartone,Karton,0.474,1,bn:00015937n
24,n,cooc,,plastic,plastica,Kunststoff,0.474,1,bn:00062856n
25,n,cooc,,timber,legname,Holz,0.472,1,bn:00052293n
26,n,cooc,,aluminum,alluminio,Aluminium,0.471,1,bn:00002355n
27,n,cooc,,canvas,tela,Leinwand,0.469,2,bn:00015381n bn:00015382n
28,n,cooc,,cutting,taglio,Zuschnitt,0.467,0,
29,n,cooc,,furniture,arredamento,Möbel,0.467,1,bn:00006129n
30,n,cooc,,ply,strato,Schicht,0.467,0,
31,n,cooc,,fibre,fibra,Faser,0.465,2,bn:00034205n bn:00034207n
32,n,cooc,,cork,sughero,Kork,0.462,1,bn:00022661n
33,n,cooc,,plaster,gesso,Gips,0.458,2,bn:00062850n bn:00062851n
34,n,cooc,,masonry,muratura,Mauerwerk,0.454,1,bn:00053657n
35,n,cooc,,brass,ottone,Messing,0.453,1,bn:00012789n
36,n,cooc,,cloth,stoffa,Tuch,0.451,0,
37,n,cooc,,lumber,legname,Holz,0.449,1,bn:00052293n
38,n,cooc,,paint,vernice,Farbe,0.447,1,bn:00060187n
39,n,cooc,,hay,fieno,Heu,0.444,1,bn:00043206n
40,n,cooc,,resin,resina,Harz,0.443,1,bn:00067325n
41,n,cooc,,earth,terra,Erde,0.44,5,bn:00029427n bn:00029424n bn:00028934n bn:00029425n bn:00029429n
42,n,cooc,,aluminium,alluminio,Aluminium,0.436,1,bn:00002355n
43,n,cooc,,bone,osso,Knochen,0.436,1,bn:00011999n
44,n,cooc,,bark,corteccia,Rinde,0.435,1,bn:00008594n
45,n,cooc,,ivory,avorio,Elfenbein,0.434,1,bn:00047754n
46,n,cooc,,rubber,gomma,Gummi,0.433,2,bn:00068457n bn:00015396n
47,n,cooc,,bronze,bronzo,Bronze,0.432,2,bn:00013326n bn:00013327n
48,n,cooc,,pvc,pvc,Pvc,0.427,2,bn:00063481n bn:00064153n
49,n,cooc,,leaf,foglia,Blatt,0.426,1,bn:00035596n
50,n,cooc,,wall,parete,Wand,0.426,2,bn:00080386n bn:00060663n
51,n,cooc,,fire,fuoco,Feuer,0.424,3,bn:00034625n bn:00034627n bn:00034623n
52,n,cooc,,forest,foresta,Wald,0.424,1,bn:00035868n
53,n,cooc,,cut,taglio,Zuschnitt,0.419,0,
54,n,cooc,,wire,filo,Draht,0.419,1,bn:00021675n
55,n,cooc,,biomass,biomassa,Biomasse,0.417,2,bn:00079667n bn:00010553n
56,n,cooc,,finish,finitura,Ende,0.415,0,
57,n,cooc,,fireplace,camino,Kamin,0.415,1,bn:00034702n
58,n,cooc,,waste,scarto,Abfall,0.414,1,bn:00068465n
59,n,cooc,,tile,piastrella,Fliese,0.412,1,bn:21705914n
60,n,cooc,,glue,colla,Klebstoff,0.407,2,bn:00001366n bn:00040758n
61,n,cooc,,grain,grano,Getreide,0.406,1,bn:00017324n
62,n,cooc,,root,radice,Wurzel,0.404,4,bn:00009635n bn:00068247n bn:00068246n bn:00008793n
63,n,cooc,,copper,rame,Kupfer,0.403,1,bn:00006859n
64,n,cooc,,rope,corda,Seil,0.403,1,bn:00068266n
65,n,cooc,,building,costruzione,Bau,0.398,2,bn:00013722n bn:00013723n
66,n,cooc,,construction,costruzione,Bau,0.393,1,bn:00013723n
67,n,cooc,,musk,muschio,Moschus,0.393,1,bn:00056480n
68,n,cooc,,nail,chiodo,Nagel,0.392,1,bn:00056728n
69,n,cooc,,plant,pianta,Pflanze,0.387,1,bn:00035324n
70,n,cooc,,tree,albero,Baum,0.38,1,bn:00078131n
71,n,cooc,,piece,pezzo,Stück,0.37,2,bn:00062297n bn:00062299n
72,n,cooc,,sheet,foglio,Blatt,0.369,1,bn:00062308n
73,n,cooc,,grass,erba,Gras,0.347,2,bn:00015287n bn:00041433n
74,n,cooc,,spice,spezia,Gewürz,0.341,1,bn:00073330n
75,n,cooc,,layer,strato,Schicht,0.304,3,bn:00050305n bn:00009477n bn:00050302n
76,n,cooc,,wood,legno,Holz,0.273,1,bn:00081492n
1,n,cooc,WEAK,block,ceppo,Stein,,,
2,n,cooc,WEAK,board,tavola,Pappe,,,
3,n,cooc,WEAK,boiler,caldaia,Ofen,,,
4,n,cooc,WEAK,branch,sezione,Ast,,,
5,n,cooc,WEAK,coating,rivestimento,Schicht,,,
6,n,cooc,WEAK,concern,relazione,Bedeutung,,,
7,n,cooc,WEAK,deck,piano,Terrasse,,,
8,n,cooc,WEAK,fabric,tessuto,Stoff,,,
9,n,cooc,WEAK,field,terreno,Feld,,,
10,n,cooc,WEAK,fir,abete,Fichte,,,
11,n,cooc,WEAK,floor,piano,Parkett,,,
12,n,cooc,WEAK,heartwood,durame,Kern,,,
13,n,cooc,WEAK,heater,stufa,Ofen,,,
14,n,cooc,WEAK,kind,tipo,Art,,,
15,n,cooc,WEAK,knot,gruppo,Ast,,,
16,n,cooc,WEAK,panel,pannello,Feld,,,
17,n,cooc,WEAK,pile,pelo,Stapel,,,
18,n,cooc,WEAK,pitch,pece,Feld,,,
19,n,cooc,WEAK,scrap,rottame,Stückchen,,,
20,n,cooc,WEAK,shell,struttura,Form,,,
21,n,cooc,WEAK,stove,stufa,Ofen,,,
22,n,cooc,WEAK,trim,finitura,Form,,,
23,n,cooc,WEAK,working,lavoro,Bearbeitung,,,
1,adj,cooc,,tropical,tropicale,tropisch,0.563,1,bn:00112137a
2,adj,cooc,,dark,scuro,dunkel,0.547,1,bn:00100902a
3,adj,cooc,,solid,solido,massiv,0.502,0,
4,adj,cooc,,dead,morto,tot,0.497,1,bn:00100948a
5,adj,cooc,,dry,asciutto,trocken,0.495,1,bn:00101839a
6,adj,cooc,,exotic,esotico,exotisch,0.478,1,bn:00096774a
7,adj,cooc,,painted,dipinto,bemalt,0.466,0,
8,adj,cooc,,composite,composito,zusammengesetzt,0.462,0,
9,adj,cooc,,coarse,grezzo,grob,0.453,0,
10,adj,cooc,,rotten,marcio,faul,0.433,0,
11,adj,cooc,,polished,lucido,poliert,0.432,0,
12,adj,cooc,,burnt,bruciato,verbrannt,0.43,0,
13,adj,cooc,,soft,morbido,weich,0.423,0,
14,adj,cooc,,hard,difficile,hart,0.415,1,bn:00101358a
15,adj,cooc,,wet,bagnato,nass,0.414,1,bn:00113818a
16,adj,cooc,,sturdy,robusto,robust,0.41,0,
17,adj,cooc,,damp,umido,feucht,0.391,1,bn:00100892a
18,adj,cooc,,moist,umido,feucht,0.39,2,bn:00100892a bn:00104400a
19,adj,cooc,,rustic,rustico,rustikal,0.385,0,
20,adj,cooc,,tough,difficile,hart,0.38,0,
21,adj,cooc,,thin,sottile,dünn,0.355,0,
22,adj,cooc,,precious,prezioso,kostbar,0.354,0,
23,adj,cooc,,valuable,prezioso,wertvoll,0.353,1,bn:00113490a
24,adj,cooc,,smooth,liscio,glatt,0.352,0,
25,adj,cooc,,fragrant,profumato,duftend,0.35,1,bn:00103284a
26,adj,cooc,,raw,greggio,roh,0.349,0,
27,adj,cooc,,rough,ruvido,rau,0.326,0,
28,adj,cooc,,yellowish,giallastro,gelblich,0.322,0,
29,adj,cooc,,cool,fresco,frisch,0.252,1,bn:00100441a
1,adj,cooc,WEAK,close,unito,dick,,,
2,adj,cooc,WEAK,deep,vivo,dunkel,,,
3,adj,cooc,WEAK,excellent,eccellente,fein,,,
4,adj,cooc,WEAK,fine,fine,fein,,,
5,adj,cooc,WEAK,full,abbondante,dick,,,
6,adj,cooc,WEAK,good,buono,gesund,,,
7,adj,cooc,WEAK,green,verde,frisch,,,
8,adj,cooc,WEAK,heavy,pesante,dick,,,
9,adj,cooc,WEAK,indigenous,originario,einheimisch,,,
10,adj,cooc,WEAK,light,chiaro,hell,,,
11,adj,cooc,WEAK,light-colored,chiaro,hell,,,
12,adj,cooc,WEAK,native,locale,heimisch,,,
13,adj,cooc,WEAK,natural,naturale,echt,,,
14,adj,cooc,WEAK,nice,bello,fein,,,
15,adj,cooc,WEAK,pale,chiaro,hell,,,
16,adj,cooc,WEAK,resistant,resistente,widerstandsfähig,,,
17,adj,cooc,WEAK,seasoned,stagionato,abgelagert,,,
18,adj,cooc,WEAK,sound,solido,gesund,,,
19,adj,cooc,WEAK,stable,solido,stabil,,,
20,adj,cooc,WEAK,strong,robusto,stabil,,,
21,adj,cooc,WEAK,susceptible,sensibile,anfällig,,,
22,adj,cooc,WEAK,thick,grosso,dick,,,
23,adj,cooc,WEAK,white,bianco,hell,,,
1,v,cooc,,chop,tagliare,hacken,0.516,1,bn:00084935v
2,v,cooc,,burn,bruciare,brennen,0.488,1,bn:00084270v
3,v,cooc,,saw,segare,sägen,0.484,1,bn:00093285v
4,v,cooc,,lacquer,laccare,lackieren,0.475,0,
5,v,cooc,,carve,scolpire,schnitzen,0.45,0,
6,v,cooc,,rot,marcire,verrotten,0.444,0,
7,v,cooc,,stack,accatastare,stapeln,0.43,0,
8,v,cooc,,absorb,assorbire,aufnehmen,0.426,0,
9,v,cooc,,impregnate,impregnare,imprägnieren,0.424,0,
10,v,cooc,,dry,asciugare,trocknen,0.414,1,bn:00087401v
11,v,cooc,,creak,scricchiolare,knarren,0.404,0,
12,v,cooc,,bore,forare,bohren,0.4,0,
13,v,cooc,,treat,trattare,behandeln,0.384,1,bn:00084532v
14,v,cooc,,trim,tagliare,schneiden,0.382,0,
15,v,cooc,,cut,tagliare,schneiden,0.381,1,bn:00086178v
16,v,cooc,,use,utilizzare,verwenden,0.373,1,bn:00082705v
17,v,cooc,,bend,curvare,biegen,0.371,0,
18,v,cooc,,glue,incollare,kleben,0.371,0,
19,v,cooc,,work,lavorare,arbeiten,0.371,1,bn:00095812v
20,v,cooc,,protect,proteggere,schützen,0.365,1,bn:00090041v
21,v,cooc,,haul,trainare,schleppen,0.359,0,
22,v,cooc,,color,colorare,färben,0.358,0,
23,v,cooc,,handle,trattare,behandeln,0.356,0,
24,v,cooc,,seal,sigillare,versiegeln,0.352,1,bn:00093405v
25,v,cooc,,nail,inchiodare,nageln,0.35,0,
26,v,cooc,,import,importare,importieren,0.345,1,bn:00089626v
27,v,cooc,,lend,prestare,verleihen,0.344,0,
28,v,cooc,,infest,infestare,befallen,0.342,0,
29,v,cooc,,harvest,raccogliere,ernten,0.34,1,bn:00088884v
30,v,cooc,,dominate,dominare,dominieren,0.337,0,
31,v,cooc,,strike,colpire,schlagen,0.334,0,
32,v,cooc,,retain,conservare,behalten,0.317,1,bn:00089386v
33,v,cooc,,decompose,decomporre,zersetzen,0.309,0,
34,v,cooc,,prefer,prediligere,bevorzugen,0.294,0,
35,v,cooc,,combine,combinare,kombinieren,0.292,1,bn:00085314v
36,v,cooc,,gather,raccogliere,sammeln,0.285,0,
37,v,cooc,,donate,donare,spenden,0.281,1,bn:00087156v
38,v,cooc,,collect,raccogliere,sammeln,0.28,1,bn:00082246v
39,v,cooc,,enter,entrare,betreten,0.278,0,
40,v,cooc,,shed,perdere,verlieren,0.27,0,
41,v,cooc,,allow,consentire,zulassen,0.268,0,
42,v,cooc,,replace,sostituire,ersetzen,0.268,2,bn:00092817v bn:00087802v
43,v,cooc,,add,aggiungere,ergänzen,0.267,0,
44,v,cooc,,supply,fornire,liefern,0.266,0,
45,v,cooc,,serve,servire,dienen,0.265,1,bn:00082867v
46,v,cooc,,produce,produrre,produzieren,0.258,3,bn:00084198v bn:00084082v bn:00086013v
47,v,cooc,,cover,coprire,decken,0.256,2,bn:00084032v bn:00085917v
48,v,cooc,,sell,vendere,verkaufen,0.253,1,bn:00093472v
49,v,cooc,,attack,attaccare,angreifen,0.249,1,bn:00082838v
50,v,cooc,,tell,dire,sagen,0.248,1,bn:00093287v
51,v,cooc,,hit,colpire,treffen,0.247,0,
52,v,cooc,,accompany,accompagnare,begleiten,0.245,1,bn:00082222v
53,v,cooc,,speak,dire,sagen,0.239,0,
54,v,cooc,,say,dire,sagen,0.236,1,bn:00093287v
55,v,cooc,,miss,perdere,verpassen,0.227,0,
56,v,cooc,,catch,prendere,fangen,0.226,1,bn:00084654v
57,v,cooc,,create,creare,schaffen,0.22,1,bn:00086009v
58,v,cooc,,purchase,acquistare,kaufen,0.218,1,bn:00084331v
59,v,cooc,,come,venire,kommen,0.207,1,bn:00085335v
60,v,cooc,,mean,dire,bedeuten,0.207,1,bn:00089805v
61,v,cooc,,remove,rimuovere,entfernen,0.207,0,
62,v,cooc,,draw,trarre,ziehen,0.205,0,
63,v,cooc,,include,includere,umfassen,0.198,0,
64,v,cooc,,fall,cadere,fallen,0.195,2,bn:00087976v bn:00087979v
65,v,cooc,,play,giocare,spielen,0.192,2,bn:00091708v bn:00091711v
66,v,cooc,,belong,appartenere,gehören,0.186,0,
67,v,cooc,,give,dare,geben,0.181,2,bn:00088815v bn:00088825v
68,v,cooc,,obtain,ottenere,erhalten,0.174,0,
69,v,cooc,,walk,andare,gehen,0.17,0,
70,v,cooc,,step,andare,gehen,0.16,0,
71,v,cooc,,pick,scegliere,auswählen,0.146,0,
72,v,cooc,,choose,scegliere,auswählen,0.144,1,bn:00084931v
73,v,cooc,,contain,contenere,enthalten,0.137,1,bn:00083225v
74,v,cooc,,confirm,confermare,bestätigen,0.136,0,
1,v,cooc,WEAK,admit,immettere,zulassen,,,
2,v,cooc,WEAK,be,diventare,liegen,,,
3,v,cooc,WEAK,believe,pensare,meinen,,,
4,v,cooc,WEAK,block,nascondere,verdecken,,,
5,v,cooc,WEAK,chip,scheggiare,splittern,,,
6,v,cooc,WEAK,clear,compensare,räumen,,,
7,v,cooc,WEAK,coat,verniciare,streichen,,,
8,v,cooc,WEAK,crack,cedere,knacken,,,
9,v,cooc,WEAK,damage,colpire,beschädigen,,,
10,v,cooc,WEAK,decay,marcire,zerfallen,,,
11,v,cooc,WEAK,describe,descrivere,nennen,,,
12,v,cooc,WEAK,destroy,rovinare,zerstören,,,
13,v,cooc,WEAK,die,morire,fallen,,,
14,v,cooc,WEAK,direct,ordinare,führen,,,
15,v,cooc,WEAK,earn,ricavare,verdienen,,,
16,v,cooc,WEAK,edge,profilare,schleifen,,,
17,v,cooc,WEAK,exclude,escludere,ausnehmen,,,
18,v,cooc,WEAK,explain,esporre,erklären,,,
19,v,cooc,WEAK,feature,caratterizzare,bringen,,,
20,v,cooc,WEAK,fell,abbattere,fällen,,,
21,v,cooc,WEAK,fetch,portare,holen,,,
22,v,cooc,WEAK,fill,ricoprire,füllen,,,
23,v,cooc,WEAK,finish,finire,ausgehen,,,
24,v,cooc,WEAK,float,galleggiare,schwimmen,,,
25,v,cooc,WEAK,follow,derivare,beachten,,,
26,v,cooc,WEAK,grind,triturare,schleifen,,,
27,v,cooc,WEAK,have,disporre,besitzen,,,
28,v,cooc,WEAK,hew,tagliare,hauen,,,
29,v,cooc,WEAK,incorporate,includere,aufnehmen,,,
30,v,cooc,WEAK,intend,intendere,bestimmen,,,
31,v,cooc,WEAK,join,entrare,verbinden,,,
32,v,cooc,WEAK,knock,colpire,klopfen,,,
33,v,cooc,WEAK,lay,posare,legen,,,
34,v,cooc,WEAK,lead,portare,führen,,,
35,v,cooc,WEAK,leave,lasciare,lassen,,,
36,v,cooc,WEAK,lie,restare,liegen,,,
37,v,cooc,WEAK,line,allineare,auskleiden,,,
38,v,cooc,WEAK,list,elencare,aufnehmen,,,
39,v,cooc,WEAK,look,sembrare,aussehen,,,
40,v,cooc,WEAK,make,rendere,machen,,,
41,v,cooc,WEAK,manufacture,produrre,fertigen,,,
42,v,cooc,WEAK,mill,segare,fräsen,,,
43,v,cooc,WEAK,note,registrare,beachten,,,
44,v,cooc,WEAK,originate,provenire,entstehen,,,
45,v,cooc,WEAK,paint,dipingere,streichen,,,
46,v,cooc,WEAK,penetrate,comprendere,dringen,,,
47,v,cooc,WEAK,pile,accumulare,stapeln,,,
48,v,cooc,WEAK,pitch,montare,werfen,,,
49,v,cooc,WEAK,place,collocare,legen,,,
50,v,cooc,WEAK,plane,piallare,gleiten,,,
51,v,cooc,WEAK,point,appuntire,zeigen,,,
52,v,cooc,WEAK,polish,lucidare,schleifen,,,
53,v,cooc,WEAK,preserve,conservare,erhalten,,,
54,v,cooc,WEAK,process,trattare,verarbeiten,,,
55,v,cooc,WEAK,put,collocare,setzen,,,
56,v,cooc,WEAK,recover,recuperare,gewinnen,,,
57,v,cooc,WEAK,regard,considerare,betreffen,,,
58,v,cooc,WEAK,require,richiedere,benötigen,,,
59,v,cooc,WEAK,ring,suonare,klingen,,,
60,v,cooc,WEAK,sand,levigare,schleifen,,,
61,v,cooc,WEAK,score,ottenere,erzielen,,,
62,v,cooc,WEAK,shape,modellare,gestalten,,,
63,v,cooc,WEAK,sit,posare,setzen,,,
64,v,cooc,WEAK,specify,specificare,bestimmen,,,
65,v,cooc,WEAK,splinter,scheggiare,splittern,,,
66,v,cooc,WEAK,split,spaccare,spalten,,,
67,v,cooc,WEAK,stain,colorare,beizen,,,
68,v,cooc,WEAK,stick,attaccare,halten,,,
69,v,cooc,WEAK,store,depositare,speichern,,,
70,v,cooc,WEAK,strip,togliere,beschädigen,,,
71,v,cooc,WEAK,throw,abbattere,werfen,,,
72,v,cooc,WEAK,touch,riguardare,berühren,,,
73,v,cooc,WEAK,transport,trasportare,transportieren,,,
74,v,cooc,WEAK,turn,trasformare,biegen,,,
75,v,cooc,WEAK,utilize,utilizzare,nutzen,,,
76,v,cooc,WEAK,varnish,verniciare,lackieren,,,
77,v,cooc,WEAK,warp,deformare,verziehen,,,
