idx_group,pos,rel,weak,lex_en,lex_it,lex_de,score,bs_count,babel_synsets
0,n,head,,sill window window_ledge,davanzale davanzale_della_finestra finestra,Fensterbank Fenster,,1,bn:00081285n
1,n,sim,,wall,parete,Wand,0.4,2,bn:00080386n bn:00060663n
2,n,sim,,building,edificio,Gebäude,0.344,1,bn:00013722n
3,n,sim,,screen,schermo,Bildschirm,0.341,1,bn:00021486n
4,n,sim,,room,camera,Zimmer,0.34,1,bn:00068233n
5,n,sim,,page,pagina,Seite,0.337,1,bn:00060158n
6,n,sim,,space,spazio,Raum,0.332,2,bn:00053830n bn:00046665n
7,n,sim,,machine,macchina,Maschine,0.33,1,bn:00026716n
8,n,sim,,image,immagine,Bild,0.328,2,bn:00045972n bn:00045970n
9,n,sim,,device,dispositivo,Gerät,0.326,1,bn:00026716n
10,n,sim,,light,luce,Licht,0.326,3,bn:00051109n bn:00045956n bn:00051108n
11,n,sim,,floor,piano,Boden,0.325,0,
12,n,sim,,object,oggetto,Objekt,0.325,4,bn:00058445n bn:00058443n bn:00002179n bn:00058442n
13,n,sim,,side,lato,Seite,0.325,2,bn:00032604n bn:00071433n
14,n,sim,,display,schermo,Bildschirm,0.321,1,bn:00021486n
15,n,sim,,glass,vetro,Glas,0.321,1,bn:00040605n
16,n,sim,,table,tabella,Tisch,0.321,0,
17,n,sim,,box,box,Box,0.32,17,bn:00037283n bn:00044846n bn:00012526n bn:00012524n bn:00044916n bn:00061316n bn:00073878n bn:00012528n bn:00012529n bn:00012527n bn:00012533n bn:00012531n bn:00012532n bn:00012525n bn:00012560n bn:00022129n bn:00012530n
18,n,sim,,computer,computer,Computer,0.318,3,bn:00014691n bn:00021464n bn:00054739n
19,n,sim,,picture,immagine,Bild,0.318,2,bn:00032381n bn:00045970n
20,n,sim,,tree,albero,Baum,0.318,1,bn:00078131n
21,n,sim,,car,auto,Auto,0.31,1,bn:00007309n
22,n,sim,,set,serie,Reihe,0.31,0,
23,n,sim,,frame,cornice,Rahmen,0.308,1,bn:03336864n
24,n,sim,,structure,struttura,Struktur,0.308,1,bn:00022071n
25,n,sim,,element,elemento,Element,0.307,6,bn:00030300n bn:00018105n bn:00030299n bn:00021396n bn:00030301n bn:00021394n
26,n,sim,,tool,strumento,Gerät,0.307,1,bn:00077585n
27,n,sim,,bed,letto,Bett,0.305,2,bn:00009472n bn:00009474n
28,n,sim,,environment,ambiente,Umgebung,0.299,1,bn:00031075n
29,n,sim,,field,campo,Feld,0.299,4,bn:00034273n bn:00034267n bn:00006752n bn:00034265n
30,n,sim,,line,linea,Linie,0.299,4,bn:00014457n bn:00051294n bn:00051289n bn:00014165n
31,n,sim,,model,modello,Modell,0.299,7,bn:00033735n bn:00055447n bn:00055448n bn:00036197n bn:00032100n bn:00022071n bn:00032101n
32,n,sim,,map,mappa,Karte,0.298,1,bn:00053303n
33,n,sim,,material,materiale,Material,0.298,3,bn:00053802n bn:00053803n bn:00053801n
34,n,sim,,form,forma,Form,0.297,11,bn:00035911n bn:00035915n bn:00035909n bn:00003882n bn:00016529n bn:00021751n bn:00035912n bn:00035908n bn:00026512n bn:00035913n bn:00035907n
35,n,sim,,piece,pezzo,Stück,0.297,2,bn:00062297n bn:00062299n
36,n,sim,,range,serie,Reihe,0.297,0,
37,n,sim,,system,sistema,System,0.297,7,bn:00075760n bn:00069580n bn:00075759n bn:00005863n bn:00075763n bn:00075762n bn:00075761n
38,n,sim,,view,vista,Blick,0.296,0,
39,n,sim,,size,dimensione,Größe,0.295,1,bn:15234561n
40,n,sim,,design,design,Design,0.294,11,bn:00056023n bn:00045963n bn:00028639n bn:00026537n bn:00002178n bn:00011593n bn:00026536n bn:00021551n bn:00026538n bn:00026535n bn:00045772n
41,n,sim,,network,rete,Netz,0.294,2,bn:00024712n bn:00054497n
42,n,sim,,list,lista,Liste,0.293,2,bn:00023140n bn:00051508n
43,n,sim,,location,posizione,Lage,0.292,1,bn:00051760n
44,n,sim,,area,zona,Bereich,0.291,1,bn:00082076n
45,n,sim,,color,colore,Farbe,0.291,1,bn:00020726n
46,n,sim,,option,opzione,Möglichkeit,0.29,0,
47,n,sim,,surface,superficie,Oberfläche,0.289,1,bn:21705848n
48,n,sim,,application,applicazione,Anwendung,0.288,2,bn:00005094n bn:00005095n
49,n,sim,,series,serie,Reihe,0.287,1,bn:00070613n
50,n,sim,,style,stile,Art,0.286,0,
51,n,sim,,unit,unità,Einheit,0.286,1,bn:00079106n
52,n,sim,,pattern,modello,Modell,0.285,0,
53,n,sim,,eye,occhio,Auge,0.284,1,bn:00032512n
54,n,sim,,photo,foto,Foto,0.283,1,bn:00032381n
55,n,sim,,garden,giardino,Garten,0.282,1,bn:00037300n
56,n,sim,,program,programma,Programm,0.282,4,bn:00062899n bn:00013235n bn:00021497n bn:00021492n
57,n,sim,,function,funzione,Funktion,0.281,3,bn:00036825n bn:00036821n bn:00036822n
58,n,sim,,number,numero,Zahl,0.281,3,bn:00058285n bn:00058287n bn:00058290n
59,n,sim,,paper,carta,Papier,0.281,1,bn:00060464n
60,n,sim,,text,testo,Text,0.281,2,bn:00076732n bn:00069638n
61,n,sim,,store,negozio,Laden,0.28,3,bn:00071215n bn:00012452n bn:00067417n
62,n,sim,,level,livello,Ebene,0.278,0,
63,n,sim,,center,centro,Mitte,0.277,2,bn:00017123n bn:00017130n
64,n,sim,,position,posizione,Position,0.277,10,bn:00063707n bn:00061746n bn:00007048n bn:00010073n bn:00063704n bn:00063708n bn:00063703n bn:00062704n bn:00063706n bn:00054979n
65,n,sim,,profile,profilo,Profil,0.277,2,bn:00064627n bn:00064628n
66,n,sim,,software,software,Software,0.276,1,bn:00021497n
67,n,sim,,detail,dettaglio,Detail,0.274,3,bn:00026622n bn:00026623n bn:00026624n
68,n,sim,,document,documento,Dokument,0.272,2,bn:00028015n bn:00028018n
69,n,sim,,camera,telecamera,Kamera,0.271,0,
70,n,sim,,corner,angolo,Ecke,0.271,3,bn:00022740n bn:00022734n bn:00022736n
71,n,sim,,app,applicazione,App,0.27,1,bn:00005095n
72,n,sim,,shop,negozio,Geschäft,0.269,1,bn:00071215n
73,n,sim,,sheet,foglio,Blatt,0.268,1,bn:00062308n
74,n,sim,,kitchen,cucina,Küche,0.267,1,bn:00049248n
75,n,sim,,operation,operazione,Betrieb,0.266,1,bn:00059129n
76,n,sim,,point,punto,Punkt,0.266,4,bn:00063218n bn:00063223n bn:00063214n bn:00036777n
77,n,sim,,condition,condizione,Zustand,0.259,1,bn:13935995n
78,n,sim,,air,aria,Luft,0.256,2,bn:00002185n bn:00002190n
79,n,sim,,apartment,appartamento,Wohnung,0.255,1,bn:00004836n
80,n,sim,,hall,sala,Halle,0.255,0,
81,n,sim,,rooftop,tetto,Dach,0.253,0,
82,n,sim,,vehicle,veicolo,Fahrzeug,0.252,1,bn:00079675n
83,n,sim,,entrance,ingresso,Eingang,0.251,2,bn:00031044n bn:00000663n
84,n,sim,,zone,zona,Bereich,0.251,1,bn:00082076n
85,n,sim,,roof,tetto,Dach,0.249,1,bn:00068220n
86,n,sim,,entry,entrata,Eingang,0.245,1,bn:00031044n
87,n,sim,,channel,canale,Kanal,0.243,2,bn:00017686n bn:00015144n
88,n,sim,,staircase,scala,Treppe,0.243,1,bn:00073853n
89,n,sim,,platform,piattaforma,Bahnsteig,0.239,1,bn:00062898n
90,n,sim,,stairway,scala,Treppe,0.239,1,bn:00073853n
91,n,sim,,tower,torre,Turm,0.238,2,bn:00016571n bn:00077766n
92,n,sim,,centre,centro,Mitte,0.237,2,bn:00017123n bn:00017130n
93,n,sim,,facade,facciata,Fassade,0.237,1,bn:00032598n
94,n,sim,,office,ufficio,Büro,0.237,1,bn:00001961n
95,n,sim,,place,luogo,Platz,0.236,2,bn:00062699n bn:00051760n
96,n,sim,,step,gradino,Schritt,0.236,0,
97,n,sim,,façade,facciata,Fassade,0.235,1,bn:00032598n
98,n,sim,,way,percorso,Weg,0.233,0,
99,n,sim,,project,progetto,Projekt,0.231,1,bn:00064665n
100,n,sim,,service,servizio,Dienst,0.231,1,bn:00070651n
101,n,sim,,bridge,ponte,Brücke,0.23,2,bn:00013077n bn:00013083n
102,n,sim,,gate,cancello,Tor,0.229,1,bn:00037486n
103,n,sim,,balcony,balcone,Balkon,0.224,1,bn:00008079n
104,n,sim,,show,esposizione,Ausstellung,0.22,0,
105,n,sim,,ceiling,soffitto,Decke,0.214,1,bn:00016974n
106,n,sim,,site,luogo,Standort,0.206,1,bn:00051760n
107,n,sim,,night,notte,Nacht,0.203,2,bn:00057666n bn:00025236n
108,n,sim,,mirror,specchio,Spiegel,0.202,1,bn:00055261n
109,n,sim,,bar,bar,Balken,0.201,1,bn:03171972n
110,n,sim,,stage,fase,Bühne,0.201,0,
111,n,sim,,railing,ringhiera,Geländer,0.199,2,bn:00066008n bn:00042062n
112,n,sim,,moment,momento,Moment,0.196,5,bn:00077679n bn:00055596n bn:00046942n bn:00055597n bn:00010728n
113,n,sim,,length,pezzo,Stück,0.195,0,
114,n,sim,,netting,rete,Netz,0.194,1,bn:00054497n
115,n,sim,,school,scuola,Schule,0.191,3,bn:00069620n bn:00069625n bn:00069619n
116,n,sim,,event,evento,Veranstaltung,0.189,1,bn:14035017n
117,n,sim,,arm,braccio,Waffe,0.182,0,
118,n,sim,,height,altezza,Höhe,0.177,1,bn:00043544n
119,n,sim,,plant,pianta,Pflanze,0.177,1,bn:00035324n
120,n,sim,,parapet,parapetto,Geländer,0.175,0,
121,n,sim,,balustrade,balaustra,Balustrade,0.164,1,bn:00008247n
122,n,sim,,restaurant,ristorante,Restaurant,0.163,1,bn:00029545n
123,n,sim,,slab,lastra,Platte,0.16,1,bn:00072033n
124,n,sim,,banister,ringhiera,Geländer,0.159,1,bn:00008247n
125,n,sim,,handrail,corrimano,Geländer,0.158,2,bn:00008247n bn:00066008n
126,n,sim,,park,parco,Park,0.156,3,bn:00021051n bn:00060690n bn:00015795n
127,n,sim,,plank,tavola,Brett,0.156,1,bn:00011639n
128,n,sim,,terrace,terrazza,Terrasse,0.156,1,bn:00061019n
129,n,sim,,countertop,controsoffitto,Arbeitsplatte,0.144,0,
130,n,sim,,container,contenitore,Container,0.142,1,bn:00022129n
131,n,sim,,bookcase,libreria,Bücherregal,0.14,2,bn:00012140n bn:00012121n
132,n,sim,,pedestal,piedistallo,Sockel,0.14,1,bn:00035744n
133,n,sim,,offer,offerta,Angebot,0.138,1,bn:00010264n
134,n,sim,,plinth,zoccolo,Sockel,0.138,1,bn:00035744n
135,n,sim,,tender,offerta,Angebot,0.138,0,
136,n,sim,,bookshelve,libreria,Bücherregal,0.137,0,
137,n,sim,,corridor,corridoio,Flur,0.137,1,bn:04090946n
138,n,sim,,dresser,cassettone,Kommode,0.137,1,bn:00013948n
139,n,sim,,gutter,grondaia,Dachrinne,0.137,1,bn:00042297n
140,n,sim,,meter,metro,Meter,0.137,3,bn:00052501n bn:00054612n bn:00009400n
141,n,sim,,tub,vasca,Wanne,0.137,0,
142,n,sim,,plate,piastra,Platte,0.136,0,
143,n,sim,,porch,veranda,Veranda,0.134,1,bn:00063608n
144,n,sim,,route,percorso,Strecke,0.134,0,
145,n,sim,,deck,ponte,Deck,0.132,1,bn:00025719n
146,n,sim,,film,pellicola,Film,0.127,3,bn:00034471n bn:00034473n bn:00034472n
147,n,sim,,furniture,arredamento,Möbel,0.126,1,bn:00006129n
148,n,sim,,verandah,veranda,Veranda,0.121,1,bn:00037100n
149,n,sim,,veranda,veranda,Veranda,0.12,3,bn:00061019n bn:00063608n bn:00037100n
150,n,sim,,radiator,termosifone,Heizkörper,0.117,2,bn:00065884n bn:00065883n
151,n,sim,,cupboard,armadio,Schrank,0.116,1,bn:06434419n
152,n,sim,,patio,patio,Terrasse,0.115,1,bn:00061019n
153,n,sim,,pavement,marciapiede,Bürgersteig,0.112,1,bn:00061084n
154,n,sim,,canopy,baldacchino,Vordach,0.11,1,bn:00015334n
155,n,sim,,chimney,camino,Kamin,0.106,0,
156,n,sim,,flooring,pavimentazione,Bodenbelag,0.105,1,bn:17814865n
157,n,sim,,tile,piastrella,Fliese,0.105,1,bn:21705914n
158,n,sim,,shelf,ripiano,Regal,0.099,1,bn:00070999n
159,n,sim,,fireplace,camino,Kamin,0.098,1,bn:00034702n
160,n,sim,,pillar,pilastro,Pfeiler,0.098,1,bn:00062322n
161,n,sim,,windshield,parabrezza,Windschutzscheibe,0.097,1,bn:00081307n
162,n,sim,,bonnet,cofano,Motorhaube,0.096,1,bn:00012036n
163,n,sim,,hood,cofano,Motorhaube,0.096,1,bn:00012036n
164,n,sim,,sidewalk,marciapiede,Gehweg,0.094,1,bn:00061084n
165,n,sim,,skylight,lucernario,Dachfenster,0.094,1,bn:00033635n
166,n,sim,,windscreen,parabrezza,Windschutzscheibe,0.094,1,bn:00081307n
167,n,sim,,chassis,telaio,Gestell,0.092,0,
168,n,sim,,hearth,focolare,Herd,0.091,1,bn:00034702n
169,n,sim,,ramp,rampa,Rampe,0.081,1,bn:00046304n
1,n,sim,WEAK,access,ingresso,Zugang,,,
2,n,sim,WEAK,appliance,applicazione,Gerät,,,
3,n,sim,WEAK,archway,arcata,Tor,,,
4,n,sim,WEAK,back,retro,Hintergrund,,,
5,n,sim,WEAK,base,basamento,Boden,,,
6,n,sim,WEAK,beam,trave,Balken,,,
7,n,sim,WEAK,belt,zona,Band,,,
8,n,sim,WEAK,bench,banco,Tisch,,,
9,n,sim,WEAK,blind,persiana,Markise,,,
10,n,sim,WEAK,block,blocco,Stein,,,
11,n,sim,WEAK,board,consiglio,Platte,,,
12,n,sim,WEAK,body,carrozzeria,Körper,,,
13,n,sim,WEAK,bracket,mensola,Gruppe,,,
14,n,sim,WEAK,brick,mattone,Stein,,,
15,n,sim,WEAK,business,occupazione,Geschäft,,,
16,n,sim,WEAK,cabinet,mobile,Schrank,,,
17,n,sim,WEAK,cap,coperchio,Schirm,,,
18,n,sim,WEAK,card,scheda,Karte,,,
19,n,sim,WEAK,case,cassa,Fall,,,
20,n,sim,WEAK,casing,involucro,Verkleidung,,,
21,n,sim,WEAK,circuit,giro,Kreis,,,
22,n,sim,WEAK,cladding,rivestimento,Verkleidung,,,
23,n,sim,WEAK,class,genere,Gruppe,,,
24,n,sim,WEAK,codend,codice,Steg,,,
25,n,sim,WEAK,component,componente,Teil,,,
26,n,sim,WEAK,configuration,configurazione,Form,,,
27,n,sim,WEAK,course,campo,Gang,,,
28,n,sim,WEAK,cover,copertura,Decke,,,
29,n,sim,WEAK,covering,copertura,Verkleidung,,,
30,n,sim,WEAK,cycle,periodo,Fahrrad,,,
31,n,sim,WEAK,door,porta,Tor,,,
32,n,sim,WEAK,duct,canale,Gang,,,
33,n,sim,WEAK,edge,spigolo,Ecke,,,
34,n,sim,WEAK,enclosure,recinzione,Anlage,,,
35,n,sim,WEAK,engine,motore,Maschine,,,
36,n,sim,WEAK,equipment,materiale,Gerät,,,
37,n,sim,WEAK,face,facciata,Gesicht,,,
38,n,sim,WEAK,feature,caratteristica,Zug,,,
39,n,sim,WEAK,file,cartella,Liste,,,
40,n,sim,WEAK,foot,zoccolo,Fuß,,,
41,n,sim,WEAK,front,facciata,Vorderseite,,,
42,n,sim,WEAK,gap,apertura,Loch,,,
43,n,sim,WEAK,gear,meccanismo,Gang,,,
44,n,sim,WEAK,grate,grata,Gitter,,,
45,n,sim,WEAK,grille,grata,Gitter,,,
46,n,sim,WEAK,ground,terra,Boden,,,
47,n,sim,WEAK,hand,braccio,Hand,,,
48,n,sim,WEAK,hole,apertura,Loch,,,
49,n,sim,WEAK,home,abitazione,Haus,,,
50,n,sim,WEAK,house,abitazione,Haus,,,
51,n,sim,WEAK,installation,installazione,Anlage,,,
52,n,sim,WEAK,item,elemento,Artikel,,,
53,n,sim,WEAK,joist,trave,Balken,,,
54,n,sim,WEAK,kind,tipo,Art,,,
55,n,sim,WEAK,ladder,scala,Masche,,,
56,n,sim,WEAK,ledge,cornice,Fensterbrett,,,
57,n,sim,WEAK,lid,coperchio,Verschluss,,,
58,n,sim,WEAK,lining,rivestimento,Verkleidung,,,
59,n,sim,WEAK,link,maglia,Verbindung,,,
60,n,sim,WEAK,lock,serratura,Schloss,,,
61,n,sim,WEAK,look,aspetto,Blick,,,
62,n,sim,WEAK,market,piazza,Markt,,,
63,n,sim,WEAK,measurement,misura,Größe,,,
64,n,sim,WEAK,mechanism,meccanismo,Werk,,,
65,n,sim,WEAK,medium,strumento,Medium,,,
66,n,sim,WEAK,mesh,maglia,Gitter,,,
67,n,sim,WEAK,opening,apertura,Loch,,,
68,n,sim,WEAK,order,comando,Reihe,,,
69,n,sim,WEAK,pane,vetro,Scheibe,,,
70,n,sim,WEAK,panel,pannello,Platte,,,
71,n,sim,WEAK,part,pezzo,Teil,,,
72,n,sim,WEAK,partition,tramezzo,Trennwand,,,
73,n,sim,WEAK,period,periodo,Punkt,,,
74,n,sim,WEAK,phase,fase,Station,,,
75,n,sim,WEAK,plan,piano,Konzept,,,
76,n,sim,WEAK,play,gioco,Stück,,,
77,n,sim,WEAK,pool,piscina,See,,,
78,n,sim,WEAK,port,porta,Tor,,,
79,n,sim,WEAK,product,genere,Produkt,,,
80,n,sim,WEAK,property,proprietà,Objekt,,,
81,n,sim,WEAK,rail,parapetto,Schiene,,,
82,n,sim,WEAK,record,disco,Aufnahme,,,
83,n,sim,WEAK,scene,luogo,Szene,,,
84,n,sim,WEAK,seat,sede,Platz,,,
85,n,sim,WEAK,section,sezione,Teil,,,
86,n,sim,WEAK,setting,ambiente,Rahmen,,,
87,n,sim,WEAK,ship,unità,Schiff,,,
88,n,sim,WEAK,shutter,serranda,Verschluss,,,
89,n,sim,WEAK,spot,punto,Stelle,,,
90,n,sim,WEAK,station,centro,Station,,,
91,n,sim,WEAK,tabletop,tavolo,Platte,,,
92,n,sim,WEAK,thing,oggetto,Sache,,,
93,n,sim,WEAK,threshold,soglia,Eingang,,,
94,n,sim,WEAK,timber,trave,Holz,,,
95,n,sim,WEAK,top,tetto,Kopf,,,
96,n,sim,WEAK,track,traccia,Strecke,,,
97,n,sim,WEAK,tread,gradino,Profil,,,
98,n,sim,WEAK,trough,canale,Wanne,,,
99,n,sim,WEAK,tunnel,galleria,Gang,,,
100,n,sim,WEAK,type,tipo,Art,,,
101,n,sim,WEAK,version,versione,Modell,,,
102,n,sim,WEAK,windows,finestrino,Scheibe,,,
103,n,sim,WEAK,work,meccanismo,Arbeit,,,
1,n,cooc,,glass,vetro,Glas,0.523,1,bn:00040605n
2,n,cooc,,balcony,balcone,Balkon,0.513,1,bn:00008079n
3,n,cooc,,aperture,apertura,Öffnung,0.5,1,bn:00004857n
4,n,cooc,,hatchway,boccaporto,Luke,0.486,0,
5,n,cooc,,staircase,scala,Treppe,0.478,1,bn:00073853n
6,n,cooc,,tread,gradino,Treppenstufe,0.476,0,
7,n,cooc,,frame,cornice,Rahmen,0.474,1,bn:03336864n
8,n,cooc,,facade,facciata,Fassade,0.468,1,bn:00032598n
9,n,cooc,,window,finestra,Fenster,0.465,2,bn:00081285n bn:00081292n
10,n,cooc,,opening,apertura,Öffnung,0.464,0,
11,n,cooc,,gate,cancello,Tor,0.459,1,bn:00037486n
12,n,cooc,,front,facciata,Fassade,0.457,0,
13,n,cooc,,room,camera,Zimmer,0.456,1,bn:00068233n
14,n,cooc,,mirror,specchio,Spiegel,0.455,1,bn:00055261n
15,n,cooc,,ceiling,soffitto,Decke,0.452,1,bn:00016974n
16,n,cooc,,properties,caratteristica,Eigenschaft,0.447,0,
17,n,cooc,,blind,tenda,Markise,0.446,0,
18,n,cooc,,terrace,terrazza,Terrasse,0.443,1,bn:00061019n
19,n,cooc,,rooflight,lucernario,Dachfenster,0.441,0,
20,n,cooc,,wall,parete,Wand,0.441,2,bn:00080386n bn:00060663n
21,n,cooc,,gutter,grondaia,Dachrinne,0.439,1,bn:00042297n
22,n,cooc,,skylight,lucernario,Dachfenster,0.439,1,bn:00033635n
23,n,cooc,,roof,tetto,Dach,0.436,1,bn:00068220n
24,n,cooc,,screen,schermo,Bildschirm,0.433,1,bn:00021486n
25,n,cooc,,apartment,appartamento,Wohnung,0.429,1,bn:00004836n
26,n,cooc,,cornice,cornice,Gesims,0.429,1,bn:00022765n
27,n,cooc,,curtain,tenda,Vorhang,0.423,1,bn:00024534n
28,n,cooc,,entrance,ingresso,Eingang,0.423,2,bn:00031044n bn:00000663n
29,n,cooc,,inlet,apertura,Öffnung,0.422,0,
30,n,cooc,,porthole,oblò,Öffnung,0.422,0,
31,n,cooc,,hatch,portello,Luke,0.42,0,
32,n,cooc,,kitchen,cucina,Küche,0.42,1,bn:00049248n
33,n,cooc,,vista,vista,Aussicht,0.42,3,bn:00032558n bn:00071511n bn:00006384n
34,n,cooc,,windows,finestra,Fenster,0.418,0,
35,n,cooc,,display,schermo,Bildschirm,0.417,1,bn:00021486n
36,n,cooc,,view,vista,Blick,0.412,0,
37,n,cooc,,bathroom,bagno,Badezimmer,0.411,1,bn:00008995n
38,n,cooc,,light,luce,Licht,0.411,3,bn:00051109n bn:00045956n bn:00051108n
39,n,cooc,,closet,armadio,Schrank,0.41,1,bn:00019957n
40,n,cooc,,shelf,mensola,Regal,0.409,1,bn:00070999n
41,n,cooc,,side,lato,Seite,0.402,2,bn:00032604n bn:00071433n
42,n,cooc,,table,tavolo,Tisch,0.401,2,bn:00075814n bn:00075813n
43,n,cooc,,chimney,camino,Kamin,0.4,0,
44,n,cooc,,bed,letto,Bett,0.396,2,bn:00009472n bn:00009474n
45,n,cooc,,balustrade,balaustra,Brüstung,0.395,1,bn:00008247n
46,n,cooc,,parapet,parapetto,Brüstung,0.391,1,bn:27268102n
47,n,cooc,,fireplace,camino,Kamin,0.39,1,bn:00034702n
48,n,cooc,,tile,piastrella,Fliese,0.39,1,bn:21705914n
49,n,cooc,,basement,cantina,Keller,0.388,1,bn:00008824n
50,n,cooc,,column,colonna,Säule,0.388,2,bn:00018876n bn:00020827n
51,n,cooc,,button,pulsante,Schaltfläche,0.384,1,bn:03843242n
52,n,cooc,,aisle,corridoio,Gang,0.378,1,bn:00002320n
53,n,cooc,,top,tetto,Dach,0.378,0,
54,n,cooc,,rooftop,tetto,Dach,0.377,0,
55,n,cooc,,lamp,lampada,Lampe,0.373,2,bn:00030151n bn:00045882n
56,n,cooc,,menu,menu,Menü,0.369,2,bn:00010407n bn:00021485n
57,n,cooc,,pillar,colonna,Säule,0.369,1,bn:00020827n
58,n,cooc,,garden,giardino,Garten,0.362,1,bn:00037300n
59,n,cooc,,time,periodo,Zeit,0.349,0,
60,n,cooc,,floor,piano,Boden,0.331,0,
61,n,cooc,,chamber,camera,Raum,0.325,1,bn:00068233n
62,n,cooc,,sink,lavandino,Waschbecken,0.289,1,bn:00071766n
63,n,cooc,,cover,copertina,Abdeckung,0.288,0,
64,n,cooc,,corner,angolo,Ecke,0.278,3,bn:00022740n bn:00022734n bn:00022736n
65,n,cooc,,pot,vaso,Topf,0.227,0,
66,n,cooc,,area,settore,Bereich,0.177,1,bn:00003268n
1,n,cooc,WEAK,bar,barra,Leiste,,,
2,n,cooc,WEAK,beam,trave,Seite,,,
3,n,cooc,WEAK,cabinet,mobile,Schrank,,,
4,n,cooc,WEAK,casing,rivestimento,Verkleidung,,,
5,n,cooc,WEAK,cladding,rivestimento,Verkleidung,,,
6,n,cooc,WEAK,console,mensola,Schrank,,,
7,n,cooc,WEAK,covering,rivestimento,Abdeckung,,,
8,n,cooc,WEAK,deck,piano,Terrasse,,,
9,n,cooc,WEAK,desk,tavolo,Schreibtisch,,,
10,n,cooc,WEAK,door,porta,Tor,,,
11,n,cooc,WEAK,doors,porta,Tor,,,
12,n,cooc,WEAK,doorset,porta,Türrahmen,,,
13,n,cooc,WEAK,dwelling,abitazione,Wohnung,,,
14,n,cooc,WEAK,entry,ingresso,Eintrag,,,
15,n,cooc,WEAK,exit,uscita,Ausstieg,,,
16,n,cooc,WEAK,fixture,impianto,Spiel,,,
17,n,cooc,WEAK,flooring,pavimento,Bodenbelag,,,
18,n,cooc,WEAK,floorpan,pavimento,Bodenplatte,,,
19,n,cooc,WEAK,furniture,mobile,Möbel,,,
20,n,cooc,WEAK,gateway,porta,Tor,,,
21,n,cooc,WEAK,grille,grata,Gitter,,,
22,n,cooc,WEAK,heating,riscaldamento,Heizung,,,
23,n,cooc,WEAK,hole,foro,Masche,,,
24,n,cooc,WEAK,installation,impianto,Montage,,,
25,n,cooc,WEAK,ledge,cornice,Leiste,,,
26,n,cooc,WEAK,lock,serratura,Schloss,,,
27,n,cooc,WEAK,pan,tazza,Topf,,,
28,n,cooc,WEAK,pane,vetro,Scheibe,,,
29,n,cooc,WEAK,panel,pannello,Feld,,,
30,n,cooc,WEAK,plate,lastra,Scheibe,,,
31,n,cooc,WEAK,point,punto,Stelle,,,
32,n,cooc,WEAK,porch,veranda,Portal,,,
33,n,cooc,WEAK,port,porta,Anschluss,,,
34,n,cooc,WEAK,rail,parapetto,Leiste,,,
35,n,cooc,WEAK,railing,ringhiera,Gitter,,,
36,n,cooc,WEAK,shade,tapparella,Farbe,,,
37,n,cooc,WEAK,shutter,serranda,Fensterladen,,,
38,n,cooc,WEAK,sill,davanzale,Sims,,,
39,n,cooc,WEAK,space,arco,Raum,,,
40,n,cooc,WEAK,spot,punto,Stelle,,,
41,n,cooc,WEAK,stair,scala,Stufe,,,
42,n,cooc,WEAK,story,articolo,Stockwerk,,,
43,n,cooc,WEAK,threshold,soglia,Türschwelle,,,
44,n,cooc,WEAK,vent,foro,Öffnung,,,
45,n,cooc,WEAK,washer,lavatrice,Scheibe,,,
1,adj,cooc,,open,aperto,offen,0.574,3,bn:00107879a bn:00107891a bn:00099186a
2,adj,cooc,,closed,chiuso,geschlossen,0.497,0,
3,adj,cooc,,optical,ottico,optisch,0.442,1,bn:00107730a
4,adj,cooc,,rectangular,rettangolare,rechteckig,0.425,0,
5,adj,cooc,,oval,ovale,oval,0.422,1,bn:00102056a
6,adj,cooc,,new,nuovo,neu,0.407,1,bn:00107267a
7,adj,cooc,,narrow,stretto,schmal,0.404,0,
8,adj,cooc,,small,piccolo,klein,0.395,0,
9,adj,cooc,,tight,stretto,dicht,0.394,0,
10,adj,cooc,,large,grande,groß,0.382,1,bn:00098342a
11,adj,cooc,,transparent,trasparente,transparent,0.382,1,bn:00100744a
12,adj,cooc,,active,attivo,aktiv,0.372,3,bn:00096392a bn:00096385a bn:00096384a
13,adj,cooc,,bright,luminoso,hell,0.37,0,
14,adj,cooc,,double,doppio,doppelt,0.36,1,bn:00101725a
15,adj,cooc,,tall,alto,hoch,0.355,1,bn:00111630a
16,adj,cooc,,wide,ampio,breit,0.353,1,bn:00098887a
17,adj,cooc,,blind,cieco,blind,0.349,1,bn:00098562a
18,adj,cooc,,square,quadrato,quadratisch,0.347,0,
19,adj,cooc,,huge,enorme,riesig,0.342,0,
20,adj,cooc,,big,grande,groß,0.338,1,bn:00098342a
21,adj,cooc,,empty,vuoto,leer,0.335,1,bn:00102177a
22,adj,cooc,,sunny,soleggiato,sonnig,0.335,0,
23,adj,cooc,,bare,vuoto,leer,0.323,0,
24,adj,cooc,,light,luminoso,hell,0.323,0,
25,adj,cooc,,floating,galleggiante,schwebend,0.297,0,
26,adj,cooc,,high,alto,hoch,0.286,1,bn:00104162a
27,adj,cooc,,available,disponibile,vorhanden,0.253,0,
1,adj,cooc,WEAK,back,posteriore,rückwärtig,,,
2,adj,cooc,WEAK,clear,luminoso,transparent,,,
3,adj,cooc,WEAK,close,chiuso,dicht,,,
4,adj,cooc,WEAK,deep,alto,tief,,,
5,adj,cooc,WEAK,full,ampio,groß,,,
6,adj,cooc,WEAK,live,vivo,direkt,,,
7,adj,cooc,WEAK,low,piccolo,tief,,,
8,adj,cooc,WEAK,rear,posteriore,rückwärtig,,,
9,adj,cooc,WEAK,separate,separato,separat,,,
10,adj,cooc,WEAK,short,breve,klein,,,
11,adj,cooc,WEAK,single,singolo,einzeln,,,
12,adj,cooc,WEAK,tiny,piccolo,winzig,,,
13,adj,cooc,WEAK,watertight,stagno,wasserdicht,,,
1,v,cooc,,open,aprire,öffnen,0.681,0,
2,v,cooc,,unlock,aprire,öffnen,0.6,0,
3,v,cooc,,close,chiudere,schließen,0.553,1,bn:00085162v
4,v,cooc,,appear,apparire,erscheinen,0.513,2,bn:00082691v bn:00082690v
5,v,cooc,,shut,chiudere,schließen,0.504,1,bn:00085162v
6,v,cooc,,end,terminare,enden,0.495,0,
7,v,cooc,,break,rompere,brechen,0.45,2,bn:00083904v bn:00083950v
8,v,cooc,,shield,proteggere,schützen,0.445,0,
9,v,cooc,,clean,pulire,reinigen,0.408,0,
10,v,cooc,,display,mostrare,anzeigen,0.394,0,
11,v,cooc,,decorate,decorare,schmücken,0.387,1,bn:00082386v
12,v,cooc,,frame,inquadrare,rahmen,0.384,0,
13,v,cooc,,minimize,minimizzare,minimieren,0.371,1,bn:00090804v
14,v,cooc,,watch,guardare,beobachten,0.37,0,
15,v,cooc,,shatter,frantumare,zerbrechen,0.366,0,
16,v,cooc,,replace,sostituire,ersetzen,0.363,2,bn:00092817v bn:00087802v
17,v,cooc,,lock,bloccare,verriegeln,0.362,0,
18,v,cooc,,move,spostare,bewegen,0.362,1,bn:00088912v
19,v,cooc,,disappear,scomparire,verschwinden,0.361,1,bn:00086880v
20,v,cooc,,position,posizionare,platzieren,0.357,0,
21,v,cooc,,pop,saltare,springen,0.356,0,
22,v,cooc,,cover,coprire,bedecken,0.354,0,
23,v,cooc,,activate,attivare,aktivieren,0.349,0,
24,v,cooc,,show,mostrare,anzeigen,0.348,0,
25,v,cooc,,repair,riparare,reparieren,0.347,2,bn:00084308v bn:00082576v
26,v,cooc,,update,aggiornare,aktualisieren,0.346,0,
27,v,cooc,,allow,consentire,gestatten,0.345,0,
28,v,cooc,,depict,rappresentare,darstellen,0.343,1,bn:00086611v
29,v,cooc,,look,guardare,aussehen,0.341,0,
30,v,cooc,,run,correre,laufen,0.335,1,bn:00093170v
31,v,cooc,,operate,azionare,betreiben,0.333,0,
32,v,cooc,,list,elencare,auflisten,0.33,0,
33,v,cooc,,restore,ripristinare,wiederherstellen,0.328,1,bn:00092614v
34,v,cooc,,illuminate,illuminare,beleuchten,0.324,1,bn:00089584v
35,v,cooc,,power,azionare,betreiben,0.324,0,
36,v,cooc,,notice,notare,bemerken,0.322,0,
37,v,cooc,,light,illuminare,beleuchten,0.321,1,bn:00089584v
38,v,cooc,,install,installare,installieren,0.319,1,bn:00089785v
39,v,cooc,,keep,tenere,halten,0.319,0,
40,v,cooc,,destroy,distruggere,zerstören,0.317,2,bn:00086699v bn:00086698v
41,v,cooc,,shake,tremare,zittern,0.314,0,
42,v,cooc,,demonstrate,mostrare,zeigen,0.31,2,bn:00086557v bn:00086567v
43,v,cooc,,view,vedere,sehen,0.307,0,
44,v,cooc,,insert,inserire,einfügen,0.306,1,bn:00087681v
45,v,cooc,,drag,trascinare,ziehen,0.302,0,
46,v,cooc,,adorn,adornare,schmücken,0.299,1,bn:00082386v
47,v,cooc,,remain,rimanere,bleiben,0.285,3,bn:00091562v bn:00092756v bn:00085719v
48,v,cooc,,stretch,allungare,strecken,0.285,0,
49,v,cooc,,arrange,disporre,arrangieren,0.283,0,
50,v,cooc,,create,creare,schaffen,0.283,1,bn:00086009v
51,v,cooc,,draw,disegnare,ziehen,0.283,0,
52,v,cooc,,stay,rimanere,bleiben,0.268,3,bn:00091562v bn:00092756v bn:00085719v
53,v,cooc,,last,durare,halten,0.264,0,
54,v,cooc,,give,dare,geben,0.262,2,bn:00088815v bn:00088825v
55,v,cooc,,reflect,riflettere,spiegeln,0.258,0,
56,v,cooc,,hide,nascondere,verstecken,0.256,2,bn:00089332v bn:00085509v
57,v,cooc,,damage,danneggiare,beschädigen,0.251,1,bn:00086494v
58,v,cooc,,offer,offrire,bieten,0.249,0,
59,v,cooc,,protect,proteggere,schützen,0.249,1,bn:00090041v
60,v,cooc,,use,usare,verwenden,0.245,1,bn:00082705v
61,v,cooc,,wipe,pulire,wischen,0.244,0,
62,v,cooc,,widen,allargare,verbreitern,0.241,0,
63,v,cooc,,indicate,indicare,zeigen,0.233,0,
64,v,cooc,,expose,esporre,belichten,0.219,0,
65,v,cooc,,bring,portare,bringen,0.195,1,bn:00084058v
66,v,cooc,,find,trovare,finden,0.165,2,bn:00088204v bn:00084231v
67,v,cooc,,step,andare,gehen,0.153,0,
68,v,cooc,,wait,aspettare,warten,0.101,1,bn:00089401v
1,v,cooc,WEAK,add,aggiungere,anbauen,,,
2,v,cooc,WEAK,afford,offrire,gewähren,,,
3,v,cooc,WEAK,attach,fissare,befestigen,,,
4,v,cooc,WEAK,bar,escludere,verschließen,,,
5,v,cooc,WEAK,be,diventare,liegen,,,
6,v,cooc,WEAK,bear,portare,tragen,,,
7,v,cooc,WEAK,blind,nascondere,blenden,,,
8,v,cooc,WEAK,block,bloccare,verdecken,,,
9,v,cooc,WEAK,build,trasformare,bauen,,,
10,v,cooc,WEAK,check,corrispondere,abgeben,,,
11,v,cooc,WEAK,choose,selezionare,wählen,,,
12,v,cooc,WEAK,compose,comporre,dichten,,,
13,v,cooc,WEAK,contain,contenere,tragen,,,
14,v,cooc,WEAK,crack,crollare,brechen,,,
15,v,cooc,WEAK,cross,oltrepassare,setzen,,,
16,v,cooc,WEAK,darken,oscurare,verdunkeln,,,
17,v,cooc,WEAK,detect,rivelare,entdecken,,,
18,v,cooc,WEAK,devote,dedicare,verwenden,,,
19,v,cooc,WEAK,discover,trovare,entdecken,,,
20,v,cooc,WEAK,do,eseguire,machen,,,
21,v,cooc,WEAK,dress,adornare,gestalten,,,
22,v,cooc,WEAK,enable,permettere,ermöglichen,,,
23,v,cooc,WEAK,ensure,garantire,sorgen,,,
24,v,cooc,WEAK,extend,estendere,reichen,,,
25,v,cooc,WEAK,fasten,fissare,befestigen,,,
26,v,cooc,WEAK,feature,rappresentare,aufmachen,,,
27,v,cooc,WEAK,fill,ricoprire,erfüllen,,,
28,v,cooc,WEAK,fit,munire,passen,,,
29,v,cooc,WEAK,fix,fissare,befestigen,,,
30,v,cooc,WEAK,follow,tenere,verfolgen,,,
31,v,cooc,WEAK,form,creare,bilden,,,
32,v,cooc,WEAK,have,disporre,besitzen,,,
33,v,cooc,WEAK,help,servire,helfen,,,
34,v,cooc,WEAK,hit,raggiungere,schlagen,,,
35,v,cooc,WEAK,implement,realizzare,ausführen,,,
36,v,cooc,WEAK,introduce,presentare,bringen,,,
37,v,cooc,WEAK,lead,portare,gehen,,,
38,v,cooc,WEAK,leave,lasciare,lassen,,,
39,v,cooc,WEAK,let,lasciare,lassen,,,
40,v,cooc,WEAK,locate,situare,finden,,,
41,v,cooc,WEAK,mean,significare,bezeichnen,,,
42,v,cooc,WEAK,mount,incorniciare,montieren,,,
43,v,cooc,WEAK,overlook,sovrastare,vorbeigehen,,,
44,v,cooc,WEAK,paint,dipingere,streichen,,,
45,v,cooc,WEAK,pass,oltrepassare,gehen,,,
46,v,cooc,WEAK,provide,fornire,bieten,,,
47,v,cooc,WEAK,punch,perforare,schlagen,,,
48,v,cooc,WEAK,qualify,modificare,bestimmen,,,
49,v,cooc,WEAK,regard,guardare,betrachten,,,
50,v,cooc,WEAK,remove,staccare,entfernen,,,
51,v,cooc,WEAK,retain,tenere,speichern,,,
52,v,cooc,WEAK,rise,sorgere,steigen,,,
53,v,cooc,WEAK,roll,sfondare,laufen,,,
54,v,cooc,WEAK,screen,schermare,verdecken,,,
55,v,cooc,WEAK,seal,sigillare,verschließen,,,
56,v,cooc,WEAK,seat,collocare,setzen,,,
57,v,cooc,WEAK,select,selezionare,wählen,,,
58,v,cooc,WEAK,set,fissare,setzen,,,
59,v,cooc,WEAK,sit,posare,sitzen,,,
60,v,cooc,WEAK,situate,situare,legen,,,
61,v,cooc,WEAK,slam,sbattere,schmeißen,,,
62,v,cooc,WEAK,smash,distruggere,zerschlagen,,,
63,v,cooc,WEAK,snap,scattare,reißen,,,
64,v,cooc,WEAK,start,scattare,beginnen,,,
65,v,cooc,WEAK,store,fornire,speichern,,,
66,v,cooc,WEAK,strike,trovare,schlagen,,,
67,v,cooc,WEAK,support,mantenere,stützen,,,
68,v,cooc,WEAK,trim,regolare,putzen,,,
69,v,cooc,WEAK,wash,pulire,schlagen,,,
