idx_group,pos,rel,weak,lex_en,lex_it,lex_de,score,bs_count,babel_synsets
0,n,head,,skirt,gonnella gonna sottana,Rock,,1,bn:00072004n
1,n,sim,,jacket,giacca,Jacke,0.286,2,bn:00020184n bn:00047823n
2,n,sim,,gown,vestito,Kleid,0.282,1,bn:00028682n
3,n,sim,,shirt,camicia,Hemd,0.279,1,bn:00071142n
4,n,sim,,dress,vestito,Kleid,0.278,1,bn:00028682n
5,n,sim,,coat,cappotto,Mantel,0.257,1,bn:00020184n
6,n,sim,,blouse,camicetta,Bluse,0.242,1,bn:00011441n
7,n,sim,,sweater,maglione,Pullover,0.241,2,bn:00048570n bn:00048144n
8,n,sim,,t-shirt,maglietta,T-shirt,0.233,0,
9,n,sim,,trouser,pantaloni,Hose,0.233,1,bn:00060423n
10,n,sim,,garment,indumento,Kleidungsstück,0.231,2,bn:00037352n bn:00006125n
11,n,sim,,scarf,sciarpa,Schal,0.219,1,bn:00069523n
12,n,sim,,top,top,Top,0.196,14,bn:00077609n bn:00077612n bn:00077611n bn:00077607n bn:00073407n bn:00000942n bn:00077610n bn:00010328n bn:00023349n bn:00000943n bn:00023758n bn:00043255n bn:00077608n bn:00079864n
13,n,sim,,hat,cappello,Hut,0.195,1,bn:00017718n
14,n,sim,,pouch,borsa,Tasche,0.195,0,
15,n,sim,,scarves,sciarpa,Schal,0.194,0,
16,n,sim,,cloak,mantello,Mantel,0.19,0,
17,n,sim,,suit,tuta,Anzug,0.189,0,
18,n,sim,,purse,borsa,Tasche,0.187,0,
19,n,sim,,jumper,maglione,Pullover,0.178,2,bn:00048570n bn:00048144n
20,n,sim,,sock,calzino,Socke,0.178,1,bn:00072576n
21,n,sim,,overcoat,cappotto,Mantel,0.177,1,bn:00041606n
22,n,sim,,shoe,scarpa,Schuh,0.177,1,bn:00071172n
23,n,sim,,stocking,calza,Strumpf,0.177,0,
24,n,sim,,tie,cravatta,Krawatte,0.176,1,bn:00057149n
25,n,sim,,ring,anello,Ring,0.168,5,bn:00004373n bn:00019935n bn:00008287n bn:00044712n bn:00008290n
26,n,sim,,jersey,maglia,Pullover,0.166,1,bn:00048570n
27,n,sim,,bag,sacchetto,Tasche,0.162,2,bn:00016261n bn:00007922n
28,n,sim,,attire,abbigliamento,Kleidung,0.161,2,bn:00006125n bn:00007046n
29,n,sim,,pocket,tasca,Tasche,0.16,2,bn:00063162n bn:00063155n
30,n,sim,,cloth,stoffa,Tuch,0.159,0,
31,n,sim,,belt,cintura,Band,0.157,0,
32,n,sim,,clothing,abbigliamento,Kleidung,0.153,1,bn:00006125n
33,n,sim,,tape,nastro,Band,0.149,0,
34,n,sim,,costume,costume,Kostüm,0.145,2,bn:00023030n bn:00023028n
35,n,sim,,wear,abbigliamento,Kleidung,0.143,1,bn:00006125n
36,n,sim,,ribbon,nastro,Band,0.141,1,bn:00067705n
37,n,sim,,beanie,berretto,Mütze,0.133,0,
38,n,sim,,shawl,scialle,Schal,0.13,1,bn:00070943n
39,n,sim,,clothes,vestiti,Kleidung,0.124,1,bn:00006125n
40,n,sim,,cape,mantellina,Umhang,0.12,0,
41,n,sim,,hair,pelo,Haar,0.114,1,bn:00042526n
42,n,sim,,towel,asciugamano,Tuch,0.114,0,
43,n,sim,,mask,maschera,Maske,0.101,1,bn:00053637n
1,n,sim,WEAK,apparel,abbigliamento,Mode,,,
2,n,sim,WEAK,bodice,corpetto,Oberteil,,,
3,n,sim,WEAK,bonnet,cappellino,Mütze,,,
4,n,sim,WEAK,cap,cappuccio,Mütze,,,
5,n,sim,WEAK,cardigan,cardigan,Jacke,,,
6,n,sim,WEAK,color,tinta,Farbe,,,
7,n,sim,WEAK,colour,tinta,Farbe,,,
8,n,sim,WEAK,fabric,tessuto,Stoff,,,
9,n,sim,WEAK,handkerchief,fazzoletto,Tuch,,,
10,n,sim,WEAK,hood,cappuccio,Maske,,,
11,n,sim,WEAK,lace,pizzo,Spitze,,,
12,n,sim,WEAK,make-up,trucco,Maske,,,
13,n,sim,WEAK,makeup,trucco,Maske,,,
14,n,sim,WEAK,outfit,completo,Kleidung,,,
15,n,sim,WEAK,paint,tinta,Farbe,,,
16,n,sim,WEAK,robe,tunica,Robe,,,
17,n,sim,WEAK,shade,tonalità,Farbe,,,
18,n,sim,WEAK,stripe,striscia,Band,,,
19,n,sim,WEAK,uniform,divisa,Kleid,,,
20,n,sim,WEAK,wrap,scialle,Mantel,,,
1,n,cooc,,trouser,pantalone,Hose,0.553,0,
2,n,cooc,,jacket,giacca,Jacke,0.545,2,bn:00020184n bn:00047823n
3,n,cooc,,blouse,camicetta,Bluse,0.515,1,bn:00011441n
4,n,cooc,,dress,vestito,Kleid,0.496,1,bn:00028682n
5,n,cooc,,top,top,Top,0.489,14,bn:00077609n bn:00077612n bn:00077611n bn:00077607n bn:00073407n bn:00000942n bn:00077610n bn:00010328n bn:00023349n bn:00000943n bn:00023758n bn:00043255n bn:00077608n bn:00079864n
6,n,cooc,,shirt,camicia,Hemd,0.482,1,bn:00071142n
7,n,cooc,,bodice,corpetto,Mieder,0.461,1,bn:00011732n
8,n,cooc,,stocking,calza,Strumpf,0.459,0,
9,n,cooc,,sweater,maglione,Pullover,0.453,2,bn:00048570n bn:00048144n
10,n,cooc,,gown,vestito,Kleid,0.441,1,bn:00028682n
11,n,cooc,,hat,cappello,Hut,0.434,1,bn:00017718n
12,n,cooc,,boot,stivale,Stiefel,0.423,1,bn:00012166n
13,n,cooc,,coat,cappotto,Mantel,0.421,1,bn:00020184n
14,n,cooc,,sock,calza,Strumpf,0.421,1,bn:00072576n
15,n,cooc,,sleeve,manica,Ärmel,0.415,1,bn:00005707n
16,n,cooc,,shoe,scarpa,Schuh,0.414,1,bn:00071172n
17,n,cooc,,belt,cintura,Band,0.413,0,
18,n,cooc,,vest,maglia,Weste,0.412,0,
19,n,cooc,,cloak,mantello,Mantel,0.411,0,
20,n,cooc,,t-shirt,maglietta,T-shirt,0.411,0,
21,n,cooc,,blazer,blazer,Blazer,0.403,1,bn:00011176n
22,n,cooc,,jumper,maglione,Pullover,0.401,2,bn:00048570n bn:00048144n
23,n,cooc,,apron,grembiule,Schürze,0.395,1,bn:00005180n
24,n,cooc,,collar,colletto,Kragen,0.391,1,bn:00020603n
25,n,cooc,,neckline,scollatura,Ausschnitt,0.382,0,
26,n,cooc,,neck,scollo,Ausschnitt,0.381,0,
27,n,cooc,,garment,indumento,Kleid,0.366,0,
28,n,cooc,,hair,capello,Haar,0.362,2,bn:00042528n bn:00042526n
29,n,cooc,,wig,parrucca,Perücke,0.309,1,bn:00081177n
1,n,cooc,WEAK,cardigan,cardigan,Jacke,,,
2,n,cooc,WEAK,lace,pizzo,Band,,,
3,n,cooc,WEAK,leg,piede,Bein,,,
4,n,cooc,WEAK,scarf,sciarpa,Kopftuch,,,
5,n,cooc,WEAK,scarves,sciarpa,Kopftuch,,,
6,n,cooc,WEAK,shawl,scialle,Kopftuch,,,
7,n,cooc,WEAK,suit,tuta,Kostüm,,,
8,n,cooc,WEAK,wrap,scialle,Mantel,,,
1,adj,cooc,,mini,mini,mini,0.478,1,bn:00106753a
2,adj,cooc,,short,corto,kurz,0.477,1,bn:00110562a
3,adj,cooc,,voluminous,voluminoso,voluminös,0.443,1,bn:00113671a
4,adj,cooc,,asymmetric,asimmetrico,asymmetrisch,0.414,0,
5,adj,cooc,,asymmetrical,asimmetrico,asymmetrisch,0.403,0,
6,adj,cooc,,black,nero,schwarz,0.378,2,bn:00098481a bn:00098480a
7,adj,cooc,,straight,dritto,gerade,0.368,0,
8,adj,cooc,,long,lungo,lang,0.36,1,bn:00106124a
9,adj,cooc,,see-through,trasparente,durchsichtig,0.358,0,
10,adj,cooc,,blue,blu,blau,0.341,1,bn:00098606a
11,adj,cooc,,grey,grigio,grau,0.31,1,bn:00103764a
12,adj,cooc,,sexy,sexy,sexy,0.308,2,bn:00110488a bn:00097306a
13,adj,cooc,,narrow,stretto,schmal,0.269,0,
14,adj,cooc,,transparent,trasparente,transparent,0.268,1,bn:00100744a
15,adj,cooc,,red,rosso,rot,0.263,1,bn:00098581a
16,adj,cooc,,dark,scuro,dunkel,0.225,1,bn:00100902a
1,adj,cooc,WEAK,chic,elegante,schick,,,
2,adj,cooc,WEAK,clear,completo,transparent,,,
3,adj,cooc,WEAK,fine,bello,fein,,,
4,adj,cooc,WEAK,flowing,fluido,fließend,,,
5,adj,cooc,WEAK,large,ampio,lang,,,
6,adj,cooc,WEAK,light,leggero,luftig,,,
7,adj,cooc,WEAK,nice,bello,fein,,,
8,adj,cooc,WEAK,perfect,perfetto,authentisch,,,
9,adj,cooc,WEAK,plain,liscio,schlicht,,,
10,adj,cooc,WEAK,sheer,trasparente,pur,,,
11,adj,cooc,WEAK,simple,liscio,schlicht,,,
12,adj,cooc,WEAK,smart,elegante,schick,,,
13,adj,cooc,WEAK,thin,leggero,schmal,,,
14,adj,cooc,WEAK,tight,stretto,eng,,,
15,adj,cooc,WEAK,typical,tipico,echt,,,
1,v,cooc,,wear,indossare,tragen,0.472,1,bn:00083227v
2,v,cooc,,lift,sollevare,heben,0.439,1,bn:00084110v
3,v,cooc,,sew,cucire,nähen,0.413,0,
4,v,cooc,,flutter,svolazzare,flattern,0.391,0,
5,v,cooc,,shorten,accorciare,kürzen,0.372,0,
6,v,cooc,,slide,scivolare,gleiten,0.329,0,
7,v,cooc,,adorn,ornare,zieren,0.297,1,bn:00082386v
8,v,cooc,,hide,nascondere,verstecken,0.291,2,bn:00089332v bn:00085509v
9,v,cooc,,pull,tirare,ziehen,0.275,1,bn:00092138v
10,v,cooc,,tug,tirare,ziehen,0.274,0,
11,v,cooc,,dress,vestire,kleiden,0.273,2,bn:00082684v bn:00087291v
12,v,cooc,,conceal,nascondere,verbergen,0.259,0,
13,v,cooc,,cover,coprire,bedecken,0.252,0,
14,v,cooc,,top,coprire,bedecken,0.246,0,
15,v,cooc,,hang,appendere,hängen,0.225,1,bn:00089178v
16,v,cooc,,drag,tirare,ziehen,0.208,0,
17,v,cooc,,round,girare,runden,0.194,0,
18,v,cooc,,leave,lasciare,verlassen,0.151,1,bn:00087845v
19,v,cooc,,arrive,arrivare,ankommen,0.143,2,bn:00082790v bn:00082788v
20,v,cooc,,fall,cadere,fallen,0.139,2,bn:00087976v bn:00087979v
1,v,cooc,WEAK,bear,portare,tragen,,,
2,v,cooc,WEAK,blow,gonfiare,wehen,,,
3,v,cooc,WEAK,catch,prendere,holen,,,
4,v,cooc,WEAK,chase,inseguire,jagen,,,
5,v,cooc,WEAK,cling,attaccare,kleben,,,
6,v,cooc,WEAK,cost,costare,kommen,,,
7,v,cooc,WEAK,cut,tagliare,kürzen,,,
8,v,cooc,WEAK,decorate,decorare,zieren,,,
9,v,cooc,WEAK,edge,orlare,schleifen,,,
10,v,cooc,WEAK,extend,allungare,reichen,,,
11,v,cooc,WEAK,feature,caratterizzare,bringen,,,
12,v,cooc,WEAK,fit,provare,passen,,,
13,v,cooc,WEAK,flatter,lisciare,schmeicheln,,,
14,v,cooc,WEAK,fold,piegare,legen,,,
15,v,cooc,WEAK,gather,prendere,raffen,,,
16,v,cooc,WEAK,have,prendere,machen,,,
17,v,cooc,WEAK,hoist,sollevare,hochziehen,,,
18,v,cooc,WEAK,look,sembrare,aussehen,,,
19,v,cooc,WEAK,make,rendere,machen,,,
20,v,cooc,WEAK,obscure,nascondere,verdecken,,,
21,v,cooc,WEAK,pin,attaccare,stecken,,,
22,v,cooc,WEAK,print,stampare,bringen,,,
23,v,cooc,WEAK,ride,andare,fahren,,,
24,v,cooc,WEAK,rip,strappare,reißen,,,
25,v,cooc,WEAK,rise,salire,anziehen,,,
26,v,cooc,WEAK,rock,ondeggiare,rocken,,,
27,v,cooc,WEAK,slip,scivolare,rutschen,,,
28,v,cooc,WEAK,smooth,lisciare,verschmelzen,,,
29,v,cooc,WEAK,stick,attaccare,halten,,,
30,v,cooc,WEAK,stretch,allungare,spannen,,,
31,v,cooc,WEAK,sway,ondeggiare,schwingen,,,
32,v,cooc,WEAK,swing,girare,schwingen,,,
33,v,cooc,WEAK,swirl,girare,wirbeln,,,
34,v,cooc,WEAK,tear,strappare,reißen,,,
35,v,cooc,WEAK,trail,inseguire,schleifen,,,
36,v,cooc,WEAK,trim,tagliare,schlagen,,,
37,v,cooc,WEAK,tuck,infilare,stecken,,,
38,v,cooc,WEAK,undo,slacciare,öffnen,,,
39,v,cooc,WEAK,weave,tessere,wirken,,,
40,v,cooc,WEAK,wrap,avvolgere,schmiegen,,,
