idx_group,pos,rel,weak,lex_en,lex_it,lex_de,score,bs_count,babel_synsets
0,n,head,,column chromatography_column,colonna,Säule,,1,bn:00018876n
1,n,sim,,circle,cerchio,Kreis,0.246,1,bn:00019169n
2,n,sim,,window,finestra,Fenster,0.226,2,bn:00081285n bn:00081292n
3,n,sim,,bar,barra,Balken,0.208,0,
4,n,sim,,ring,anello,Ring,0.199,5,bn:00004373n bn:00019935n bn:00008287n bn:00044712n bn:00008290n
5,n,sim,,chain,catena,Kette,0.195,4,bn:00017490n bn:00017489n bn:00080500n bn:00017488n
6,n,sim,,layer,strato,Schicht,0.176,3,bn:00050305n bn:00009477n bn:00050302n
7,n,sim,,dimension,dimensione,Dimension,0.174,4,bn:00027151n bn:00027153n bn:00027152n bn:00007067n
8,n,sim,,presentation,presentazione,Darstellung,0.173,0,
9,n,sim,,frame,cornice,Rahmen,0.172,1,bn:03336864n
10,n,sim,,map,mappa,Plan,0.169,0,
11,n,sim,,profile,profilo,Profil,0.169,2,bn:00064627n bn:00064628n
12,n,sim,,section,sezione,Abschnitt,0.168,1,bn:00070190n
13,n,sim,,pattern,modello,Muster,0.163,1,bn:00026537n
14,n,sim,,size,dimensione,Größe,0.162,1,bn:15234561n
15,n,sim,,core,nucleo,Kern,0.159,2,bn:00022627n bn:00017124n
16,n,sim,,box,riquadro,Feld,0.156,0,
17,n,sim,,character,carattere,Charakter,0.156,1,bn:00017748n
18,n,sim,,tree,albero,Baum,0.154,1,bn:00078131n
19,n,sim,,surface,superficie,Fläche,0.151,1,bn:02146864n
20,n,sim,,tool,strumento,Werkzeug,0.151,2,bn:00077585n bn:00023662n
21,n,sim,,link,anello,Ring,0.147,0,
22,n,sim,,machine,macchina,Maschine,0.147,1,bn:00026716n
23,n,sim,,medium,mezzo,Mittel,0.146,1,bn:00079676n
24,n,sim,,sign,segno,Zeichen,0.146,3,bn:00071525n bn:00071536n bn:00071527n
25,n,sim,,channel,canale,Kanal,0.145,2,bn:00017686n bn:00015144n
26,n,sim,,center,centro,Zentrum,0.144,2,bn:00017123n bn:00017130n
27,n,sim,,table,tabella,Tisch,0.144,0,
28,n,sim,,art,arte,Kunst,0.143,3,bn:00005928n bn:00005926n bn:00005927n
29,n,sim,,schedule,piano,Plan,0.136,0,
30,n,sim,,plate,piatto,Platte,0.134,1,bn:00062878n
31,n,sim,,plan,piano,Plan,0.133,3,bn:00026536n bn:00062759n bn:00069579n
32,n,sim,,sheet,foglio,Blatt,0.13,1,bn:00062308n
33,n,sim,,wall,parete,Wand,0.13,2,bn:00080386n bn:00060663n
34,n,sim,,field,campo,Feld,0.129,4,bn:00034273n bn:00034267n bn:00006752n bn:00034265n
35,n,sim,,letter,lettera,Buchstabe,0.129,1,bn:00003057n
36,n,sim,,feature,caratteristica,Feature,0.125,2,bn:00065538n bn:00017761n
37,n,sim,,line,linea,Linie,0.125,4,bn:00014457n bn:00051294n bn:00051289n bn:00014165n
38,n,sim,,chapter,capitolo,Kapitel,0.124,1,bn:00182115n
39,n,sim,,tube,tubo,Rohr,0.12,0,
40,n,sim,,object,oggetto,Objekt,0.118,4,bn:00058445n bn:00058443n bn:00002179n bn:00058442n
41,n,sim,,source,fonte,Quelle,0.117,2,bn:00009635n bn:00046702n
42,n,sim,,text,testo,Text,0.113,2,bn:00076732n bn:00069638n
43,n,sim,,range,serie,Reihe,0.109,0,
44,n,sim,,shape,forma,Form,0.108,5,bn:00035909n bn:00003882n bn:00016529n bn:00021751n bn:00035908n
45,n,sim,,room,camera,Raum,0.107,1,bn:00068233n
46,n,sim,,figure,figura,Figur,0.099,1,bn:00003882n
47,n,sim,,article,articolo,Gegenstand,0.098,0,
48,n,sim,,title,titolo,Titel,0.097,3,bn:00035925n bn:00077409n bn:00077412n
49,n,sim,,model,modello,Modell,0.095,7,bn:00033735n bn:00055447n bn:00055448n bn:00036197n bn:00032100n bn:00022071n bn:00032101n
50,n,sim,,nomenclature,nomenclatura,Nomenklatur,0.095,1,bn:00049915n
51,n,sim,,unit,unità,Einheit,0.094,1,bn:00079106n
52,n,sim,,component,componente,Komponente,0.092,1,bn:00021396n
53,n,sim,,amendment,emendamento,Ergänzung,0.091,0,
54,n,sim,,phase,fase,Phase,0.091,4,bn:00076588n bn:00061898n bn:00035914n bn:00061900n
55,n,sim,,clause,clausola,Klausel,0.09,2,bn:00048504n bn:00006123n
56,n,sim,,form,forma,Form,0.09,11,bn:00035911n bn:00035915n bn:00035909n bn:00003882n bn:00016529n bn:00021751n bn:00035912n bn:00035908n bn:00026512n bn:00035913n bn:00035907n
57,n,sim,,series,serie,Reihe,0.09,1,bn:00070613n
58,n,sim,,indicator,indicatore,Indikator,0.089,1,bn:04172384n
59,n,sim,,method,metodo,Methode,0.089,1,bn:00054625n
60,n,sim,,element,elemento,Element,0.088,6,bn:00030300n bn:00018105n bn:00030299n bn:00021396n bn:00030301n bn:00021394n
61,n,sim,,structure,struttura,Struktur,0.088,1,bn:00022071n
62,n,sim,,characteristic,caratteristica,Merkmal,0.087,2,bn:00065538n bn:00017762n
63,n,sim,,criterion,criterio,Kriterium,0.087,2,bn:00023853n bn:00023854n
64,n,sim,,block,blocco,Block,0.086,4,bn:00011315n bn:00011313n bn:00011308n bn:00007533n
65,n,sim,,parameter,parametro,Parameter,0.086,2,bn:00060587n bn:00005603n
66,n,sim,,engine,motore,Motor,0.085,2,bn:00056041n bn:00030850n
67,n,sim,,instrument,strumento,Instrument,0.084,6,bn:00046961n bn:00046965n bn:00046964n bn:00077585n bn:00023662n bn:00046962n
68,n,sim,,chamber,camera,Raum,0.083,1,bn:00068233n
69,n,sim,,option,opzione,Option,0.082,3,bn:00018661n bn:00059228n bn:00003132n
70,n,sim,,set,serie,Reihe,0.082,0,
71,n,sim,,zone,zona,Bereich,0.082,1,bn:00082076n
72,n,sim,,solution,soluzione,Lösung,0.08,1,bn:00072760n
1,n,sim,WEAK,[number],numero,Reihe,,,
2,n,sim,WEAK,account,descrizione,Darstellung,,,
3,n,sim,WEAK,act,documento,Gesetz,,,
4,n,sim,WEAK,array,apparato,Feld,,,
5,n,sim,WEAK,attribute,simbolo,Merkmal,,,
6,n,sim,WEAK,background,ambiente,Hintergrund,,,
7,n,sim,WEAK,band,banda,Kapelle,,,
8,n,sim,WEAK,base,centro,Basis,,,
9,n,sim,WEAK,board,tavola,Platte,,,
10,n,sim,WEAK,book,libro,Block,,,
11,n,sim,WEAK,card,scheda,Blatt,,,
12,n,sim,WEAK,cell,cella,Element,,,
13,n,sim,WEAK,class,classe,Stand,,,
14,n,sim,WEAK,composition,composizione,Aufbau,,,
15,n,sim,WEAK,configuration,composizione,Form,,,
16,n,sim,WEAK,cover,copertura,Decke,,,
17,n,sim,WEAK,definition,definizione,Bedeutung,,,
18,n,sim,WEAK,description,descrizione,Darstellung,,,
19,n,sim,WEAK,design,design,Konstruktion,,,
20,n,sim,WEAK,device,dispositivo,Mittel,,,
21,n,sim,WEAK,document,documento,Schrift,,,
22,n,sim,WEAK,dossier,fascicolo,Vorgang,,,
23,n,sim,WEAK,episode,episodio,Fortsetzung,,,
24,n,sim,WEAK,equipment,apparecchiatura,Anlage,,,
25,n,sim,WEAK,file,archivio,Vorgang,,,
26,n,sim,WEAK,film,pellicola,Schicht,,,
27,n,sim,WEAK,format,formato,Struktur,,,
28,n,sim,WEAK,framework,struttura,Rahmen,,,
29,n,sim,WEAK,gear,meccanismo,Gut,,,
30,n,sim,WEAK,grade,classe,Stufe,,,
31,n,sim,WEAK,image,immagine,Vorstellung,,,
32,n,sim,WEAK,input,potenza,Beitrag,,,
33,n,sim,WEAK,item,voce,Gegenstand,,,
34,n,sim,WEAK,label,etichetta,Schild,,,
35,n,sim,WEAK,layout,schema,Gestaltung,,,
36,n,sim,WEAK,length,tratto,Abschnitt,,,
37,n,sim,WEAK,location,esterno,Anlage,,,
38,n,sim,WEAK,mark,marchio,Zeichen,,,
39,n,sim,WEAK,material,materiale,Gut,,,
40,n,sim,WEAK,measurement,misurazione,Größe,,,
41,n,sim,WEAK,mind,spirito,Sinn,,,
42,n,sim,WEAK,notice,nota,Schild,,,
43,n,sim,WEAK,number,numero,Reihe,,,
44,n,sim,WEAK,order,classe,Ordnung,,,
45,n,sim,WEAK,output,produzione,Förderung,,,
46,n,sim,WEAK,package,imballaggio,Paket,,,
47,n,sim,WEAK,page,pagina,Blatt,,,
48,n,sim,WEAK,panel,pannello,Platte,,,
49,n,sim,WEAK,paper,carta,Blatt,,,
50,n,sim,WEAK,paragraph,paragrafo,Abschnitt,,,
51,n,sim,WEAK,part,pezzo,Rolle,,,
52,n,sim,WEAK,picture,immagine,Vorstellung,,,
53,n,sim,WEAK,piece,pezzo,Figur,,,
54,n,sim,WEAK,plane,piano,Ebene,,,
55,n,sim,WEAK,play,gioco,Vorstellung,,,
56,n,sim,WEAK,plot,trama,Plan,,,
57,n,sim,WEAK,point,punto,Spitze,,,
58,n,sim,WEAK,portion,quota,Abschnitt,,,
59,n,sim,WEAK,print,fotografia,Schrift,,,
60,n,sim,WEAK,property,patrimonio,Eigentum,,,
61,n,sim,WEAK,quantity,quantità,Größe,,,
62,n,sim,WEAK,quota,quota,Norm,,,
63,n,sim,WEAK,record,disco,Platte,,,
64,n,sim,WEAK,release,pubblicazione,Aufgabe,,,
65,n,sim,WEAK,row,riga,Reihe,,,
66,n,sim,WEAK,sample,campione,Muster,,,
67,n,sim,WEAK,scale,scala,Rahmen,,,
68,n,sim,WEAK,scenario,scenario,Plan,,,
69,n,sim,WEAK,score,segno,Stand,,,
70,n,sim,WEAK,screen,schermo,Wand,,,
71,n,sim,WEAK,script,testo,Schrift,,,
72,n,sim,WEAK,setting,ambiente,Rahmen,,,
73,n,sim,WEAK,space,arco,Raum,,,
74,n,sim,WEAK,standard,criterio,Standard,,,
75,n,sim,WEAK,string,corda,Kette,,,
76,n,sim,WEAK,tab,etichetta,Spiegel,,,
77,n,sim,WEAK,tag,etichetta,Blume,,,
78,n,sim,WEAK,term,periodo,Begriff,,,
79,n,sim,WEAK,theme,materia,Thema,,,
80,n,sim,WEAK,type,tipo,Schrift,,,
81,n,sim,WEAK,vehicle,veicolo,Träger,,,
82,n,sim,WEAK,version,versione,Modell,,,
83,n,sim,WEAK,wording,formulazione,Text,,,
84,n,sim,WEAK,writing,scrittura,Schrift,,,
1,n,cooc,,detector,rivelatore,Detektor,0.596,1,bn:00026638n
2,n,cooc,,pillar,pilastro,Säule,0.494,1,bn:00020827n
3,n,cooc,,valve,valvola,Ventil,0.48,1,bn:00079519n
4,n,cooc,,temperature,temperatura,Temperatur,0.464,1,bn:00076457n
5,n,cooc,,statue,statua,Statue,0.463,1,bn:00074064n
6,n,cooc,,pediment,frontone,Giebel,0.459,1,bn:00061245n
7,n,cooc,,cornice,cornice,Gesims,0.455,1,bn:00022765n
8,n,cooc,,coefficient,coefficiente,Koeffizient,0.452,1,bn:00020376n
9,n,cooc,,ceiling,soffitto,Decke,0.448,1,bn:00016974n
10,n,cooc,,balustrade,balaustra,Balustrade,0.436,1,bn:00008247n
11,n,cooc,,archway,arcata,Torbogen,0.426,1,bn:00005386n
12,n,cooc,,mosaic,mosaico,Mosaik,0.426,2,bn:00055962n bn:00005626n
13,n,cooc,,frieze,fregio,Fries,0.424,1,bn:00036552n
14,n,cooc,,obelisk,obelisco,Obelisk,0.422,2,bn:00025008n bn:00058435n
15,n,cooc,,entablature,trabeazione,Gebälk,0.419,1,bn:00030973n
16,n,cooc,,fountain,fontana,Brunnen,0.413,1,bn:00036076n
17,n,cooc,,pump,pompa,Pumpe,0.411,1,bn:00065198n
18,n,cooc,,head,testa,Haupt,0.409,1,bn:00015784n
19,n,cooc,,staircase,scala,Treppe,0.408,1,bn:00073853n
20,n,cooc,,marble,marmo,Marmor,0.406,1,bn:00053338n
21,n,cooc,,stanchion,puntello,Stütze,0.406,1,bn:00073903n
22,n,cooc,,slab,lastra,Platte,0.394,1,bn:00072033n
23,n,cooc,,arch,arco,Bogen,0.392,1,bn:00005387n
24,n,cooc,,frame,cornice,Rahmen,0.39,1,bn:03336864n
25,n,cooc,,dome,cupola,Kuppel,0.385,2,bn:00024432n bn:00028147n
26,n,cooc,,window,finestra,Fenster,0.381,2,bn:00081285n bn:00081292n
27,n,cooc,,roof,tetto,Dach,0.379,1,bn:00068220n
28,n,cooc,,plate,lastra,Platte,0.371,0,
29,n,cooc,,floor,pavimento,Boden,0.366,1,bn:00035304n
30,n,cooc,,flooring,pavimento,Fußboden,0.364,1,bn:00035304n
31,n,cooc,,b,b,B,0.357,13,bn:00007596n bn:00010731n bn:00014365n bn:00035081n bn:00007595n bn:00006880n bn:00071394n bn:00007599n bn:00007821n bn:00007594n bn:00007597n bn:00007598n bn:00010708n
32,n,cooc,,tower,torre,Turm,0.357,2,bn:00016571n bn:00077766n
33,n,cooc,,combination,combinazione,Kombination,0.351,4,bn:00020878n bn:00020874n bn:00020877n bn:00020873n
34,n,cooc,,wall,parete,Wand,0.348,2,bn:00080386n bn:00060663n
35,n,cooc,,foundation,fondamento,Grundlage,0.33,1,bn:00008786n
36,n,cooc,,element,elemento,Element,0.323,6,bn:00030300n bn:00018105n bn:00030299n bn:00021396n bn:00030301n bn:00021394n
37,n,cooc,,base,base,Basis,0.32,9,bn:00008916n bn:00008791n bn:00008870n bn:00008790n bn:00035744n bn:00008789n bn:00008782n bn:00008781n bn:00008786n
38,n,cooc,,depth,altezza,Höhe,0.32,0,
39,n,cooc,,front,fronte,Vorderseite,0.316,0,
40,n,cooc,,method,metodo,Methode,0.306,1,bn:00054625n
41,n,cooc,,figure,cifra,Abbildung,0.304,0,
42,n,cooc,,apparatus,apparato,Gerät,0.302,0,
43,n,cooc,,line,linea,Reihe,0.291,1,bn:00051290n
44,n,cooc,,amount,cifra,Betrag,0.289,0,
45,n,cooc,,center,centro,Mitte,0.286,2,bn:00017123n bn:00017130n
46,n,cooc,,type,tipo,Typ,0.284,0,
47,n,cooc,,height,altezza,Höhe,0.278,1,bn:00043544n
48,n,cooc,,range,serie,Reihe,0.268,0,
49,n,cooc,,string,serie,Reihe,0.242,0,
50,n,cooc,,[number],numero,Anzahl,0.21,0,
51,n,cooc,,number,numero,Anzahl,0.203,1,bn:00034394n
52,n,cooc,,system,sistema,System,0.196,7,bn:00075760n bn:00069580n bn:00075759n bn:00005863n bn:00075763n bn:00075762n bn:00075761n
53,n,cooc,,condition,condizione,Zustand,0.194,1,bn:13935995n
1,n,cooc,WEAK,beam,trave,Balken,,,
2,n,cooc,WEAK,block,blocco,Stein,,,
3,n,cooc,WEAK,bracket,mensola,Konsole,,,
4,n,cooc,WEAK,brick,mattone,Stein,,,
5,n,cooc,WEAK,capital,capitello,Kapital,,,
6,n,cooc,WEAK,case,caso,Angelegenheit,,,
7,n,cooc,WEAK,cell,cella,Element,,,
8,n,cooc,WEAK,connection,caso,Anschluss,,,
9,n,cooc,WEAK,economy,sistema,Wirtschaft,,,
10,n,cooc,WEAK,entry,voce,Eingang,,,
11,n,cooc,WEAK,field,bacino,Bereich,,,
12,n,cooc,WEAK,girder,trave,Träger,,,
13,n,cooc,WEAK,instance,caso,Beispiel,,,
14,n,cooc,WEAK,item,voce,Nummer,,,
15,n,cooc,WEAK,key,tono,Lösung,,,
16,n,cooc,WEAK,list,tabella,Aufstellung,,,
17,n,cooc,WEAK,molding,cornice,Stuck,,,
18,n,cooc,WEAK,panel,gruppo,Platte,,,
19,n,cooc,WEAK,partition,tramezzo,Wand,,,
20,n,cooc,WEAK,piece,brano,Teil,,,
21,n,cooc,WEAK,point,punto,Spitze,,,
22,n,cooc,WEAK,portico,portico,Vorhalle,,,
23,n,cooc,WEAK,row,riga,Reihe,,,
24,n,cooc,WEAK,section,sezione,Teil,,,
25,n,cooc,WEAK,step,misura,Stufe,,,
26,n,cooc,WEAK,stone,lapide,Stein,,,
27,n,cooc,WEAK,story,storia,Stockwerk,,,
28,n,cooc,WEAK,support,sostegno,Träger,,,
29,n,cooc,WEAK,table,tabella,Tafel,,,
30,n,cooc,WEAK,weight,peso,Bedeutung,,,
1,adj,cooc,,polar,polare,polar,0.529,1,bn:00108746a
2,adj,cooc,,chromatographic,cromatografica,chromatographisch,0.474,0,
3,adj,cooc,,prepared,preparato,vorbereitet,0.427,0,
4,adj,cooc,,doric,dorico,dorisch,0.411,0,
5,adj,cooc,,corinthian,corinzio,korinthisch,0.398,0,
6,adj,cooc,,empty,vuoto,hohl,0.382,0,
7,adj,cooc,,hollow,vuoto,hohl,0.37,0,
8,adj,cooc,,vertical,verticale,vertikal,0.361,1,bn:00108482a
9,adj,cooc,,slender,snello,schlank,0.351,0,
10,adj,cooc,,octagonal,ottagonale,achteckig,0.329,0,
11,adj,cooc,,towering,imponente,aufragend,0.322,0,
12,adj,cooc,,central,centrale,zentral,0.318,0,
13,adj,cooc,,ionic,ionico,ionisch,0.314,0,
14,adj,cooc,,tall,alto,hoch,0.306,1,bn:00111630a
15,adj,cooc,,thick,spesso,dick,0.296,1,bn:00111824a
16,adj,cooc,,separate,separato,getrennt,0.285,1,bn:00103316a
17,adj,cooc,,long,lungo,lang,0.257,1,bn:00106124a
18,adj,cooc,,relative,relativo,relativ,0.257,0,
19,adj,cooc,,equivalent,equivalente,gleichwertig,0.255,1,bn:00102357a
20,adj,cooc,,short,corto,kurz,0.247,1,bn:00110562a
21,adj,cooc,,additional,supplementare,zusätzlich,0.221,0,
22,adj,cooc,,special,speciale,speziell,0.182,1,bn:00108295a
23,adj,cooc,,deep,alto,hoch,0.181,0,
24,adj,cooc,,simple,semplice,schlicht,0.142,0,
25,adj,cooc,,great,grosso,groß,0.136,0,
26,adj,cooc,,large,grosso,groß,0.136,1,bn:00098342a
27,adj,cooc,,big,grosso,groß,0.115,1,bn:00098342a
28,adj,cooc,,different,diverso,verschieden,0.094,0,
1,adj,cooc,WEAK,appropriate,appropriato,gemäß,,,
2,adj,cooc,WEAK,complete,intero,vollständig,,,
3,adj,cooc,WEAK,equal,stesso,gleichwertig,,,
4,adj,cooc,WEAK,full,intero,vollständig,,,
5,adj,cooc,WEAK,good,bello,frisch,,,
6,adj,cooc,WEAK,important,grosso,wichtig,,,
7,adj,cooc,WEAK,individual,singolo,einzeln,,,
8,adj,cooc,WEAK,late,ultimo,lang,,,
9,adj,cooc,WEAK,massive,massiccio,riesig,,,
10,adj,cooc,WEAK,parallel,parallelo,vergleichbar,,,
11,adj,cooc,WEAK,personal,proprio,privat,,,
12,adj,cooc,WEAK,previous,precedente,ehemalig,,,
13,adj,cooc,WEAK,primary,primo,wesentlich,,,
14,adj,cooc,WEAK,single,singolo,einzeln,,,
15,adj,cooc,WEAK,small,sottile,schmal,,,
16,adj,cooc,WEAK,square,tozzo,quadratisch,,,
17,adj,cooc,WEAK,supplementary,supplementare,ergänzend,,,
18,adj,cooc,WEAK,wide,intero,weit,,,
1,v,cooc,,calibrate,tarare,kalibrieren,0.511,0,
2,v,cooc,,assemble,montare,montieren,0.397,1,bn:00082845v
3,v,cooc,,edit,montare,montieren,0.369,0,
4,v,cooc,,mount,montare,montieren,0.356,0,
5,v,cooc,,rotate,ruotare,drehen,0.337,0,
6,v,cooc,,advance,avanzare,avancieren,0.336,0,
7,v,cooc,,decorate,decorare,schmücken,0.33,1,bn:00082386v
8,v,cooc,,form,formare,bilden,0.328,1,bn:00088490v
9,v,cooc,,erect,erigere,errichten,0.325,0,
10,v,cooc,,label,contrassegnare,markieren,0.325,0,
11,v,cooc,,read,interpretare,deuten,0.32,0,
12,v,cooc,,move,spostare,verschieben,0.318,0,
13,v,cooc,,rest,poggiare,ruhen,0.318,0,
14,v,cooc,,adapt,adattare,anpassen,0.316,2,bn:00082316v bn:00082215v
15,v,cooc,,prepare,preparare,präparieren,0.313,1,bn:00088250v
16,v,cooc,,partition,dividere,aufteilen,0.307,0,
17,v,cooc,,reach,raggiungere,erreichen,0.298,2,bn:00082901v bn:00082226v
18,v,cooc,,complete,completare,abschließen,0.295,0,
19,v,cooc,,correspond,corrispondere,entsprechen,0.294,1,bn:00082477v
20,v,cooc,,create,creare,schaffen,0.294,1,bn:00086009v
21,v,cooc,,collapse,crollare,einstürzen,0.293,0,
22,v,cooc,,surround,circondare,umgeben,0.291,1,bn:00083797v
23,v,cooc,,contain,contenere,enthalten,0.286,1,bn:00083225v
24,v,cooc,,mark,contrassegnare,markieren,0.282,0,
25,v,cooc,,mean,dire,bedeuten,0.28,1,bn:00089805v
26,v,cooc,,represent,rappresentare,darstellen,0.262,1,bn:00083187v
27,v,cooc,,connect,collegare,verbinden,0.26,1,bn:00085623v
28,v,cooc,,fill,riempire,füllen,0.258,1,bn:00088177v
29,v,cooc,,add,aggiungere,ergänzen,0.256,0,
30,v,cooc,,alter,modificare,ändern,0.251,1,bn:00082553v
31,v,cooc,,divide,dividere,aufteilen,0.25,1,bn:00084611v
32,v,cooc,,maintain,mantenere,halten,0.246,0,
33,v,cooc,,depict,rappresentare,darstellen,0.243,1,bn:00086611v
34,v,cooc,,remain,rimanere,bleiben,0.24,3,bn:00091562v bn:00092756v bn:00085719v
35,v,cooc,,remove,rimuovere,entfernen,0.237,0,
36,v,cooc,,keep,mantenere,halten,0.234,0,
37,v,cooc,,remind,ricordare,erinnern,0.231,0,
38,v,cooc,,call,denominare,nennen,0.227,1,bn:00084385v
39,v,cooc,,concern,riguardare,betreffen,0.226,1,bn:00083240v
40,v,cooc,,include,includere,umfassen,0.224,0,
41,v,cooc,,spin,ruotare,drehen,0.224,0,
42,v,cooc,,see,vedere,sehen,0.219,2,bn:00092443v bn:00093430v
43,v,cooc,,name,denominare,nennen,0.212,1,bn:00084385v
44,v,cooc,,separate,separare,trennen,0.212,0,
45,v,cooc,,describe,descrivere,bezeichnen,0.209,0,
46,v,cooc,,employ,impiegare,verwenden,0.207,1,bn:00082705v
47,v,cooc,,replace,sostituire,ersetzen,0.207,2,bn:00092817v bn:00087802v
48,v,cooc,,miss,perdere,fehlen,0.205,0,
49,v,cooc,,leave,lasciare,gehen,0.198,0,
50,v,cooc,,drop,cadere,fallen,0.192,0,
51,v,cooc,,use,utilizzare,verwenden,0.185,1,bn:00082705v
52,v,cooc,,indicate,indicare,angeben,0.165,0,
53,v,cooc,,define,determinare,bestimmen,0.16,0,
54,v,cooc,,obtain,ottenere,erhalten,0.123,0,
55,v,cooc,,determine,determinare,bestimmen,0.091,0,
1,v,cooc,WEAK,accompany,accompagnare,flankieren,,,
2,v,cooc,WEAK,allow,consentire,geben,,,
3,v,cooc,WEAK,appear,apparire,wirken,,,
4,v,cooc,WEAK,apply,applicare,verwenden,,,
5,v,cooc,WEAK,assign,stabilire,zuordnen,,,
6,v,cooc,WEAK,be,diventare,liegen,,,
7,v,cooc,WEAK,bear,sostenere,tragen,,,
8,v,cooc,WEAK,begin,avviare,aufnehmen,,,
9,v,cooc,WEAK,carry,portare,tragen,,,
10,v,cooc,WEAK,carve,scolpire,meißeln,,,
11,v,cooc,WEAK,check,corrispondere,prüfen,,,
12,v,cooc,WEAK,cite,citare,angeben,,,
13,v,cooc,WEAK,compose,comporre,zusammensetzen,,,
14,v,cooc,WEAK,comprise,comprendere,umfassen,,,
15,v,cooc,WEAK,conclude,terminare,abschließen,,,
16,v,cooc,WEAK,condition,condizionare,bestimmen,,,
17,v,cooc,WEAK,copy,copiare,übertragen,,,
18,v,cooc,WEAK,cover,comprendere,decken,,,
19,v,cooc,WEAK,crack,crollare,brechen,,,
20,v,cooc,WEAK,deal,trattare,geben,,,
21,v,cooc,WEAK,denote,indicare,bezeichnen,,,
22,v,cooc,WEAK,design,ideare,bestimmen,,,
23,v,cooc,WEAK,display,mostrare,darstellen,,,
24,v,cooc,WEAK,do,eseguire,machen,,,
25,v,cooc,WEAK,draw,estrarre,beziehen,,,
26,v,cooc,WEAK,encounter,incontrare,finden,,,
27,v,cooc,WEAK,end,terminare,abschließen,,,
28,v,cooc,WEAK,enter,entrare,beziehen,,,
29,v,cooc,WEAK,examine,riguardare,prüfen,,,
30,v,cooc,WEAK,extend,estendere,ausbauen,,,
31,v,cooc,WEAK,fit,adattare,passen,,,
32,v,cooc,WEAK,frame,incorniciare,rahmen,,,
33,v,cooc,WEAK,gather,raccogliere,aufsteigen,,,
34,v,cooc,WEAK,give,fornire,geben,,,
35,v,cooc,WEAK,group,raggruppare,gruppieren,,,
36,v,cooc,WEAK,have,ottenere,machen,,,
37,v,cooc,WEAK,head,dirigere,leiten,,,
38,v,cooc,WEAK,intend,tendere,bestimmen,,,
39,v,cooc,WEAK,know,conoscere,erkennen,,,
40,v,cooc,WEAK,line,allineare,säumen,,,
41,v,cooc,WEAK,make,creare,machen,,,
42,v,cooc,WEAK,match,combinare,entsprechen,,,
43,v,cooc,WEAK,mention,citare,nennen,,,
44,v,cooc,WEAK,merge,incorporare,verbinden,,,
45,v,cooc,WEAK,occupy,occupare,füllen,,,
46,v,cooc,WEAK,order,comandare,anordnen,,,
47,v,cooc,WEAK,pack,impaccare,passen,,,
48,v,cooc,WEAK,place,mettere,platzieren,,,
49,v,cooc,WEAK,point,puntare,weisen,,,
50,v,cooc,WEAK,present,presentare,einführen,,,
51,v,cooc,WEAK,provide,fornire,geben,,,
52,v,cooc,WEAK,regard,riguardare,betrachten,,,
53,v,cooc,WEAK,require,comandare,benötigen,,,
54,v,cooc,WEAK,rise,salire,aufsteigen,,,
55,v,cooc,WEAK,run,andare,laufen,,,
56,v,cooc,WEAK,say,dire,heißen,,,
57,v,cooc,WEAK,score,segnare,schießen,,,
58,v,cooc,WEAK,select,selezionare,aufstellen,,,
59,v,cooc,WEAK,show,mostrare,weisen,,,
60,v,cooc,WEAK,span,attraversare,greifen,,,
61,v,cooc,WEAK,stand,sostenere,stehen,,,
62,v,cooc,WEAK,start,avviare,kommen,,,
63,v,cooc,WEAK,state,stabilire,angeben,,,
64,v,cooc,WEAK,store,fornire,stapeln,,,
65,v,cooc,WEAK,stretch,allungare,spannen,,,
66,v,cooc,WEAK,strip,togliere,abziehen,,,
67,v,cooc,WEAK,submit,presentare,aufgeben,,,
68,v,cooc,WEAK,support,sostenere,stützen,,,
69,v,cooc,WEAK,tap,incidere,zapfen,,,
70,v,cooc,WEAK,tick,segnare,funktionieren,,,
71,v,cooc,WEAK,top,superare,krönen,,,
72,v,cooc,WEAK,urge,spingere,betonen,,,
73,v,cooc,WEAK,write,scrivere,abschließen,,,
74,v,cooc,WEAK,yield,produrre,ergeben,,,
