idx_group,pos,rel,weak,lex_en,lex_it,lex_de,score,bs_count,babel_synsets
0,n,head,,forest woods wood,bosco_misto selva bosco,Holz Wälder Wald,,1,bn:00035868n
1,n,sim,,mountain,montagna,Berg,0.36,2,bn:00008985n bn:00056068n
2,n,sim,,garden,giardino,Garten,0.346,1,bn:00037300n
3,n,sim,,park,parco,Park,0.334,3,bn:00060690n bn:00021051n bn:00015795n
4,n,sim,,village,villaggio,Dorf,0.334,1,bn:00042729n
5,n,sim,,lake,lago,See,0.323,1,bn:00049709n
6,n,sim,,hill,collina,Hügel,0.32,1,bn:00044141n
7,n,sim,,green,prato,Wiese,0.308,0,
8,n,sim,,cave,grotta,Höhle,0.298,1,bn:00016878n
9,n,sim,,beach,spiaggia,Strand,0.29,1,bn:00009263n
10,n,sim,,meadow,prato,Wiese,0.287,1,bn:00043214n
11,n,sim,,river,fiume,Fluss,0.282,1,bn:00067948n
12,n,sim,,terrain,terreno,Gelände,0.281,0,
13,n,sim,,valley,valle,Tal,0.275,1,bn:00079476n
14,n,sim,,sky,cielo,Himmel,0.274,1,bn:00072016n
15,n,sim,,surface,superficie,Oberfläche,0.274,1,bn:21705848n
16,n,sim,,shade,ombra,Schatten,0.268,2,bn:00070830n bn:00070820n
17,n,sim,,beauty,bellezza,Schönheit,0.267,2,bn:00009436n bn:00009439n
18,n,sim,,track,pista,Strecke,0.265,0,
19,n,sim,,path,sentiero,Weg,0.26,1,bn:15485216n
20,n,sim,,territory,territorio,Gebiet,0.26,0,
21,n,sim,,tree,albero,Baum,0.26,1,bn:00078131n
22,n,sim,,trail,sentiero,Weg,0.259,1,bn:00077905n
23,n,sim,,area,zona,Bereich,0.253,1,bn:00082076n
24,n,sim,,top,cima,Spitze,0.25,2,bn:00077608n bn:00000943n
25,n,sim,,island,isola,Insel,0.248,1,bn:00047612n
26,n,sim,,tradition,tradizione,Tradition,0.248,2,bn:00077883n bn:00024592n
27,n,sim,,table,tavola,Tisch,0.245,2,bn:00075813n bn:00075814n
28,n,sim,,church,chiesa,Kirche,0.243,2,bn:00018995n bn:00018819n
29,n,sim,,district,quartiere,Bezirk,0.243,0,
30,n,sim,,foot,piede,Fuß,0.243,2,bn:00035680n bn:00035679n
31,n,sim,,square,piazza,Platz,0.243,1,bn:00065099n
32,n,sim,,north,nord,Norden,0.242,2,bn:00057102n bn:00029051n
33,n,sim,,field,campo,Feld,0.241,4,bn:00034267n bn:00034265n bn:00034273n bn:00006752n
34,n,sim,,winter,inverno,Winter,0.241,1,bn:00081370n
35,n,sim,,boat,barca,Boot,0.24,1,bn:00011674n
36,n,sim,,leaf,foglia,Blatt,0.24,1,bn:00035596n
37,n,sim,,centre,centro,Zentrum,0.239,2,bn:00017123n bn:00017130n
38,n,sim,,south,sud,Süden,0.239,2,bn:00029053n bn:00073013n
39,n,sim,,neighborhood,quartiere,Nachbarschaft,0.236,0,
40,n,sim,,corner,angolo,Ecke,0.235,3,bn:00022740n bn:00022736n bn:00022734n
41,n,sim,,wilderness,deserto,Wüste,0.234,0,
42,n,sim,,past,passato,Vergangenheit,0.233,1,bn:00060927n
43,n,sim,,forest,foresta,Wald,0.232,1,bn:00035868n
44,n,sim,,center,centro,Zentrum,0.231,2,bn:00017123n bn:00017130n
45,n,sim,,earth,terra,Erde,0.231,5,bn:00029427n bn:00029424n bn:00028934n bn:00029425n bn:00029429n
46,n,sim,,hotel,albergo,Hotel,0.231,1,bn:00044967n
47,n,sim,,museum,museo,Museum,0.231,1,bn:00056426n
48,n,sim,,camp,campo,Lager,0.228,2,bn:00015041n bn:00010805n
49,n,sim,,fire,fuoco,Feuer,0.226,3,bn:00034625n bn:00034627n bn:00034623n
50,n,sim,,place,luogo,Platz,0.226,2,bn:00051760n bn:00062699n
51,n,sim,,street,strada,Straße,0.226,2,bn:00074595n bn:00067975n
52,n,sim,,atmosphere,atmosfera,Atmosphäre,0.225,3,bn:00006807n bn:00006803n bn:00003263n
53,n,sim,,snow,neve,Schnee,0.225,3,bn:00011445n bn:00072455n bn:00072456n
54,n,sim,,spot,luogo,Stelle,0.225,1,bn:00062699n
55,n,sim,,castle,castello,Schloss,0.224,1,bn:00016570n
56,n,sim,,desert,deserto,Wüste,0.224,1,bn:00026519n
57,n,sim,,country,paese,Land,0.222,2,bn:00023236n bn:00023235n
58,n,sim,,kitchen,cucina,Küche,0.222,1,bn:00049248n
59,n,sim,,house,casa,Haus,0.221,4,bn:00029305n bn:00044994n bn:00000356n bn:00045000n
60,n,sim,,color,colore,Farbe,0.22,1,bn:00020726n
61,n,sim,,colour,colore,Farbe,0.22,1,bn:00020726n
62,n,sim,,landscape,paesaggio,Landschaft,0.22,1,bn:01321349n
63,n,sim,,restaurant,ristorante,Restaurant,0.22,1,bn:00029545n
64,n,sim,,wood,legno,Holz,0.216,1,bn:00081492n
65,n,sim,,kind,genere,Art,0.215,1,bn:00035907n
66,n,sim,,room,stanza,Zimmer,0.215,1,bn:00068233n
67,n,sim,,side,lato,Seite,0.215,2,bn:00071433n bn:00032604n
68,n,sim,,store,negozio,Laden,0.215,3,bn:00067417n bn:00071215n bn:00012452n
69,n,sim,,home,casa,Haus,0.213,2,bn:00044994n bn:00000356n
70,n,sim,,hospital,ospedale,Krankenhaus,0.213,3,bn:00044897n bn:00044896n bn:00019822n
71,n,sim,,station,stazione,Bahnhof,0.212,0,
72,n,sim,,species,specie,Art,0.211,1,bn:00073210n
73,n,sim,,ice,ghiaccio,Eis,0.21,1,bn:00045705n
74,n,sim,,community,comunità,Gemeinschaft,0.207,1,bn:00021248n
75,n,sim,,wildlife,natura,Natur,0.207,0,
76,n,sim,,nature,natura,Natur,0.206,3,bn:00057016n bn:00075760n bn:00057017n
77,n,sim,,province,provincia,Provinz,0.206,1,bn:00064914n
78,n,sim,,zone,zona,Bereich,0.205,1,bn:00082076n
79,n,sim,,knight,cavallo,Pferd,0.204,1,bn:00044819n
80,n,sim,,floor,piano,Boden,0.203,0,
81,n,sim,,stone,pietra,Stein,0.203,2,bn:00068045n bn:00068046n
82,n,sim,,town,città,Stadt,0.203,1,bn:00077775n
83,n,sim,,countryside,campagna,Landschaft,0.202,0,
84,n,sim,,heart,cuore,Herz,0.201,3,bn:00012289n bn:00001744n bn:00043383n
85,n,sim,,horse,cavallo,Pferd,0.201,3,bn:00031345n bn:00063492n bn:00044819n
86,n,sim,,sand,sabbia,Sand,0.195,1,bn:00069126n
87,n,sim,,theater,teatro,Theater,0.192,2,bn:00045002n bn:00028609n
88,n,sim,,theatre,teatro,Theater,0.191,2,bn:00045002n bn:00028609n
89,n,sim,,wall,parete,Wand,0.191,2,bn:00080386n bn:00060663n
90,n,sim,,woodland,bosco,Wald,0.191,1,bn:00035869n
91,n,sim,,apartment,appartamento,Wohnung,0.19,1,bn:00004836n
92,n,sim,,school,scuola,Schule,0.189,3,bn:00069625n bn:00069619n bn:00069620n
93,n,sim,,branch,ramo,Ast,0.187,2,bn:00051218n bn:00012738n
94,n,sim,,spring,primavera,Quelle,0.186,0,
95,n,sim,,environment,ambiente,Umwelt,0.184,1,bn:00031075n
96,n,sim,,sea,mare,Meer,0.184,1,bn:00069946n
97,n,sim,,shape,sagoma,Form,0.184,3,bn:00035909n bn:00021751n bn:00003882n
98,n,sim,,capital,capitale,Hauptstadt,0.183,1,bn:00015498n
99,n,sim,,plant,pianta,Pflanze,0.183,1,bn:00035324n
100,n,sim,,road,strada,Straße,0.183,1,bn:00067975n
101,n,sim,,construction,costruzione,Bau,0.182,1,bn:00013723n
102,n,sim,,universe,mondo,Welt,0.182,1,bn:00022991n
103,n,sim,,food,cibo,Essen,0.181,2,bn:00035649n bn:00035650n
104,n,sim,,market,mercato,Markt,0.178,3,bn:00053461n bn:00053459n bn:00053458n
105,n,sim,,region,regione,Region,0.178,2,bn:00066884n bn:00005515n
106,n,sim,,soil,suolo,Boden,0.177,1,bn:00041883n
107,n,sim,,history,storia,Geschichte,0.176,4,bn:00000738n bn:00044268n bn:00044267n bn:00044270n
108,n,sim,,star,stella,Stern,0.176,2,bn:00073964n bn:00073965n
109,n,sim,,agriculture,agricoltura,Landwirtschaft,0.175,1,bn:00002096n
110,n,sim,,stream,ruscello,Strom,0.175,0,
111,n,sim,,stadium,stadio,Stadion,0.174,1,bn:00005532n
112,n,sim,,dog,cane,Hund,0.172,1,bn:00015267n
113,n,sim,,air,aria,Luft,0.171,2,bn:00002185n bn:00002190n
114,n,sim,,ecosystem,ecosistema,Ökosystem,0.171,1,bn:00029687n
115,n,sim,,club,club,Verein,0.169,1,bn:00020039n
116,n,sim,,farming,agricoltura,Landwirtschaft,0.168,1,bn:00002096n
117,n,sim,,port,porto,Hafen,0.168,1,bn:00063640n
118,n,sim,,timber,legname,Holz,0.168,1,bn:00052293n
119,n,sim,,building,edificio,Gebäude,0.167,1,bn:00013722n
120,n,sim,,woods,bosco,Wald,0.167,2,bn:00035868n bn:00035869n
121,n,sim,,shop,negozio,Geschäft,0.165,1,bn:00071215n
122,n,sim,,office,ufficio,Büro,0.163,1,bn:00001961n
123,n,sim,,motor,macchina,Auto,0.156,0,
124,n,sim,,state,stato,Zustand,0.155,4,bn:02220665n bn:17345320n bn:03347921n bn:02108701n
125,n,sim,,flower,fiore,Blume,0.154,2,bn:00035378n bn:00011422n
126,n,sim,,fruit,frutta,Obst,0.154,1,bn:14220451n
127,n,sim,,meat,carne,Fleisch,0.153,1,bn:00054026n
128,n,sim,,paint,colore,Farbe,0.152,1,bn:00060187n
129,n,sim,,type,genere,Art,0.152,0,
130,n,sim,,oil,olio,Öl,0.151,1,bn:00058732n
131,n,sim,,tourism,turismo,Tourismus,0.151,1,bn:00077747n
132,n,sim,,climate,clima,Klima,0.15,1,bn:00019780n
133,n,sim,,fish,pesce,Fisch,0.149,3,bn:00062612n bn:00034816n bn:00034817n
134,n,sim,,fishing,pesca,Fischerei,0.148,1,bn:14200290n
135,n,sim,,wine,vino,Wein,0.148,1,bn:00080022n
136,n,sim,,installation,impianto,Anlage,0.147,1,bn:00046934n
137,n,sim,,animal,animale,Tier,0.146,1,bn:00004222n
138,n,sim,,population,popolazione,Bevölkerung,0.145,1,bn:00063596n
139,n,sim,,water,acqua,Wasser,0.145,3,bn:00080561n bn:00061253n bn:00042379n
140,n,sim,,culture,cultura,Kultur,0.143,1,bn:00024369n
141,n,sim,,fisheries,pesca,Fischerei,0.136,0,
142,n,sim,,grain,grano,Getreide,0.136,1,bn:00017324n
143,n,sim,,biodiversity,biodiversità,Biodiversität,0.135,1,bn:00010523n
144,n,sim,,world,mondo,Welt,0.135,3,bn:00029424n bn:00022991n bn:00045153n
145,n,sim,,city,città,Stadt,0.133,1,bn:00019319n
146,n,sim,,site,luogo,Standort,0.133,1,bn:00051760n
147,n,sim,,car,auto,Auto,0.131,1,bn:00007309n
148,n,sim,,family,famiglia,Familie,0.131,2,bn:00032896n bn:00032893n
149,n,sim,,institution,istituzione,Institution,0.128,2,bn:00046954n bn:00031641n
150,n,sim,,habitat,habitat,Lebensraum,0.127,1,bn:00042409n
151,n,sim,,machine,macchina,Maschine,0.127,1,bn:00026716n
152,n,sim,,sport,sport,Sport,0.125,9,bn:00073569n bn:00006747n bn:00036814n bn:00006759n bn:00073568n bn:00056530n bn:00032203n bn:00073571n bn:00073570n
153,n,sim,,heritage,patrimonio,Erbe,0.123,1,bn:00043821n
154,n,sim,,waste,rifiuto,Abfall,0.121,3,bn:00068465n bn:00080543n bn:00035670n
155,n,sim,,ocean,oceano,Meer,0.116,0,
156,n,sim,,bird,uccello,Vogel,0.113,1,bn:00010605n
157,n,sim,,wetland,palude,Feuchtgebiet,0.107,0,
158,n,sim,,structure,struttura,Struktur,0.102,1,bn:00022071n
159,n,sim,,economy,economia,Wirtschaft,0.101,1,bn:00029678n
160,n,sim,,olive,ulivo,Olive,0.091,2,bn:00058899n bn:00031923n
161,n,sim,,partnership,associazione,Partnerschaft,0.09,0,
162,n,sim,,society,società,Gesellschaft,0.088,2,bn:00072566n bn:00020039n
163,n,sim,,airport,aeroporto,Flughafen,0.086,1,bn:00001676n
1,n,sim,WEAK,bank,banca,Reihe,,,
2,n,sim,WEAK,bar,bar,Lokal,,,
3,n,sim,WEAK,base,centro,Boden,,,
4,n,sim,WEAK,bed,aiuola,Bett,,,
5,n,sim,WEAK,board,tavola,Platte,,,
6,n,sim,WEAK,business,azienda,Geschäft,,,
7,n,sim,WEAK,circle,ambiente,Kreis,,,
8,n,sim,WEAK,collection,gruppo,Sammlung,,,
9,n,sim,WEAK,department,ufficio,Bereich,,,
10,n,sim,WEAK,design,piano,Design,,,
11,n,sim,WEAK,enterprise,impresa,Betrieb,,,
12,n,sim,WEAK,estate,patrimonio,Eigentum,,,
13,n,sim,WEAK,fabric,struttura,Stoff,,,
14,n,sim,WEAK,factory,stabilimento,Werk,,,
15,n,sim,WEAK,farm,fattoria,Hof,,,
16,n,sim,WEAK,firm,impresa,Firma,,,
17,n,sim,WEAK,formation,schiera,Bildung,,,
18,n,sim,WEAK,frame,struttura,Rahmen,,,
19,n,sim,WEAK,grass,erba,Wiese,,,
20,n,sim,WEAK,grassland,prateria,Wiese,,,
21,n,sim,WEAK,ground,terra,Boden,,,
22,n,sim,WEAK,hair,chioma,Haar,,,
23,n,sim,WEAK,hall,palazzo,Halle,,,
24,n,sim,WEAK,heat,fuoco,Wärme,,,
25,n,sim,WEAK,holding,patrimonio,Land,,,
26,n,sim,WEAK,hole,cavità,Loch,,,
27,n,sim,WEAK,housing,abitazione,Unterkunft,,,
28,n,sim,WEAK,job,impresa,Arbeitsplatz,,,
29,n,sim,WEAK,land,terra,Land,,,
30,n,sim,WEAK,lane,vicolo,Bahn,,,
31,n,sim,WEAK,league,associazione,Liga,,,
32,n,sim,WEAK,learning,cultura,Lernen,,,
33,n,sim,WEAK,library,biblioteca,Sammlung,,,
34,n,sim,WEAK,light,fuoco,Licht,,,
35,n,sim,WEAK,lot,mucchio,Menge,,,
36,n,sim,WEAK,machinery,macchina,Mechanismus,,,
37,n,sim,WEAK,manufacture,costruzione,Herstellung,,,
38,n,sim,WEAK,mass,mole,Masse,,,
39,n,sim,WEAK,medium,ambiente,Medium,,,
40,n,sim,WEAK,palace,palazzo,Schloss,,,
41,n,sim,WEAK,panel,gruppo,Platte,,,
42,n,sim,WEAK,patch,macchia,Stelle,,,
43,n,sim,WEAK,peak,vetta,Spitze,,,
44,n,sim,WEAK,picture,cinema,Bild,,,
45,n,sim,WEAK,pit,cava,Loch,,,
46,n,sim,WEAK,plain,pianura,Ebene,,,
47,n,sim,WEAK,plantation,piantagione,Kultur,,,
48,n,sim,WEAK,plot,intreccio,Grundstück,,,
49,n,sim,WEAK,pond,stagno,See,,,
50,n,sim,WEAK,pool,piscina,Bad,,,
51,n,sim,WEAK,portion,quota,Teil,,,
52,n,sim,WEAK,product,frutto,Produkt,,,
53,n,sim,WEAK,property,patrimonio,Eigenschaft,,,
54,n,sim,WEAK,range,campo,Reihe,,,
55,n,sim,WEAK,ring,pista,Ring,,,
56,n,sim,WEAK,rock,roccia,Stein,,,
57,n,sim,WEAK,scene,luogo,Szene,,,
58,n,sim,WEAK,scenery,scenario,Landschaft,,,
59,n,sim,WEAK,screen,cortina,Wand,,,
60,n,sim,WEAK,seat,sede,Platz,,,
61,n,sim,WEAK,set,gruppo,Satz,,,
62,n,sim,WEAK,setting,ambiente,Rahmen,,,
63,n,sim,WEAK,sheet,distesa,Blatt,,,
64,n,sim,WEAK,shell,struttura,Form,,,
65,n,sim,WEAK,shelter,rifugio,Schutz,,,
66,n,sim,WEAK,skill,arte,Fähigkeit,,,
67,n,sim,WEAK,source,miniera,Quelle,,,
68,n,sim,WEAK,space,luogo,Raum,,,
69,n,sim,WEAK,stock,bestiame,Lager,,,
70,n,sim,WEAK,tunnel,galleria,Gang,,,
71,n,sim,WEAK,union,associazione,Verbindung,,,
72,n,sim,WEAK,unit,gruppo,Einheit,,,
73,n,sim,WEAK,variety,specie,Vielfalt,,,
74,n,sim,WEAK,wind,vento,Luft,,,
75,n,sim,WEAK,yard,cantiere,Hof,,,
76,n,sim,WEAK,yarn,storia,Garn,,,
77,n,sim,WEAK,youth,giovane,Jugend,,,
1,n,cooc,,fire,incendio,Feuer,0.575,1,bn:00034623n
2,n,cooc,,pasture,pascolo,Weide,0.573,1,bn:00041543n
3,n,cooc,,meadow,prato,Wiese,0.56,1,bn:00043214n
4,n,cooc,,forest,foresta,Wald,0.558,1,bn:00035868n
5,n,cooc,,ecosystem,ecosistema,Ökosystem,0.547,1,bn:00029687n
6,n,cooc,,river,fiume,Fluss,0.547,1,bn:00067948n
7,n,cooc,,woodland,bosco,Wald,0.544,1,bn:00035869n
8,n,cooc,,vineyard,vigneto,Weinberg,0.538,1,bn:00080018n
9,n,cooc,,lawn,prato,Wiese,0.534,1,bn:00050284n
10,n,cooc,,mountain,montagna,Berg,0.523,2,bn:00008985n bn:00056068n
11,n,cooc,,marsh,palude,Sumpf,0.505,1,bn:00034046n
12,n,cooc,,lake,lago,See,0.499,1,bn:00049709n
13,n,cooc,,cutting,taglio,Zuschnitt,0.494,0,
14,n,cooc,,eco-system,ecosistema,Ökosystem,0.492,0,
15,n,cooc,,fires,incendio,Feuer,0.489,0,
16,n,cooc,,desert,deserto,Wüste,0.488,1,bn:00026519n
17,n,cooc,,field,campo,Feld,0.485,4,bn:00034267n bn:00034265n bn:00034273n bn:00006752n
18,n,cooc,,swamp,palude,Sumpf,0.483,1,bn:00075499n
19,n,cooc,,tree,albero,Baum,0.481,1,bn:00078131n
20,n,cooc,,beach,spiaggia,Strand,0.478,1,bn:00009263n
21,n,cooc,,environment,ambiente,Umwelt,0.478,1,bn:00031075n
22,n,cooc,,park,parco,Park,0.478,3,bn:00060690n bn:00021051n bn:00015795n
23,n,cooc,,trail,sentiero,Weg,0.477,1,bn:00077905n
24,n,cooc,,garden,giardino,Garten,0.475,1,bn:00037300n
25,n,cooc,,countryside,campagna,Landschaft,0.471,0,
26,n,cooc,,clearing,radura,Lichtung,0.47,1,bn:00019668n
27,n,cooc,,cliff,dirupo,Felsen,0.468,0,
28,n,cooc,,animal,animale,Tier,0.467,1,bn:00004222n
29,n,cooc,,canyon,burrone,Schlucht,0.466,2,bn:00066290n bn:00015322n
30,n,cooc,,heath,brughiera,Heide,0.466,1,bn:00043448n
31,n,cooc,,mount,monte,Berg,0.466,1,bn:00056068n
32,n,cooc,,moorland,brughiera,Heide,0.464,0,
33,n,cooc,,waterfall,cascata,Wasserfall,0.463,1,bn:00032830n
34,n,cooc,,hill,collina,Hügel,0.461,1,bn:00044141n
35,n,cooc,,orchard,frutteto,Obstgarten,0.461,1,bn:00041967n
36,n,cooc,,resource,risorsa,Ressource,0.458,1,bn:00067352n
37,n,cooc,,rock,roccia,Felsen,0.454,1,bn:13886970n
38,n,cooc,,water,acqua,Wasser,0.452,3,bn:00080561n bn:00061253n bn:00042379n
39,n,cooc,,terrain,terreno,Gelände,0.451,0,
40,n,cooc,,path,sentiero,Weg,0.447,1,bn:15485216n
41,n,cooc,,sea,mare,Meer,0.447,1,bn:00069946n
42,n,cooc,,cut,taglio,Zuschnitt,0.446,0,
43,n,cooc,,wetland,palude,Feuchtgebiet,0.446,0,
44,n,cooc,,bush,boscaglia,Busch,0.445,0,
45,n,cooc,,cave,grotta,Höhle,0.439,1,bn:00016878n
46,n,cooc,,dale,vallata,Tal,0.439,1,bn:00079476n
47,n,cooc,,valley,vallata,Tal,0.438,1,bn:00079476n
48,n,cooc,,scenery,paesaggio,Landschaft,0.436,0,
49,n,cooc,,edge,margine,Rand,0.434,1,bn:00012214n
50,n,cooc,,farm,allevamento,Bauernhof,0.431,1,bn:00033676n
51,n,cooc,,road,strada,Straße,0.43,1,bn:00067975n
52,n,cooc,,surface,superficie,Oberfläche,0.43,1,bn:21705848n
53,n,cooc,,landscape,paesaggio,Landschaft,0.424,1,bn:01321349n
54,n,cooc,,area,zona,Bereich,0.423,1,bn:00082076n
55,n,cooc,,dune,duna,Düne,0.421,1,bn:00029124n
56,n,cooc,,grass,erba,Gras,0.416,2,bn:00015287n bn:00041433n
57,n,cooc,,hectare,ettaro,Hektar,0.41,1,bn:00043500n
58,n,cooc,,pond,stagno,Teich,0.407,1,bn:00063508n
59,n,cooc,,plant,pianta,Pflanze,0.406,1,bn:00035324n
60,n,cooc,,pool,stagno,Teich,0.406,1,bn:00063508n
61,n,cooc,,slope,pendio,Hang,0.404,0,
62,n,cooc,,castle,castello,Schloss,0.402,1,bn:00016570n
63,n,cooc,,village,villaggio,Dorf,0.401,1,bn:00042729n
64,n,cooc,,wildlife,natura,Natur,0.401,0,
65,n,cooc,,wilderness,deserto,Wildnis,0.397,0,
66,n,cooc,,peak,vetta,Gipfel,0.392,2,bn:00023758n bn:00000942n
67,n,cooc,,spice,spezia,Gewürz,0.388,1,bn:00073330n
68,n,cooc,,glacier,ghiacciaio,Gletscher,0.378,1,bn:00040579n
69,n,cooc,,nature,natura,Natur,0.369,3,bn:00057016n bn:00075760n bn:00057017n
70,n,cooc,,soil,suolo,Boden,0.368,1,bn:00041883n
71,n,cooc,,stone,sasso,Stein,0.365,2,bn:00068045n bn:00068046n
72,n,cooc,,earth,terra,Erde,0.331,5,bn:00029427n bn:00029424n bn:00028934n bn:00029425n bn:00029429n
73,n,cooc,,kind,natura,Art,0.308,1,bn:00035907n
74,n,cooc,,city,città,Stadt,0.283,1,bn:00019319n
75,n,cooc,,produce,prodotto,Erzeugnis,0.179,0,
76,n,cooc,,product,prodotto,Erzeugnis,0.174,0,
1,n,cooc,WEAK,avenue,viale,Weg,,,
2,n,cooc,WEAK,bog,palude,Moor,,,
3,n,cooc,WEAK,branch,sezione,Ast,,,
4,n,cooc,WEAK,brush,boscaglia,Gebüsch,,,
5,n,cooc,WEAK,burning,incendio,Verbrennung,,,
6,n,cooc,WEAK,canopy,cielo,Plane,,,
7,n,cooc,WEAK,change,resto,Änderung,,,
8,n,cooc,WEAK,climate,cielo,Klima,,,
9,n,cooc,WEAK,department,sezione,Abteilung,,,
10,n,cooc,WEAK,district,zona,Stadtteil,,,
11,n,cooc,WEAK,division,sezione,Abteilung,,,
12,n,cooc,WEAK,drift,corso,Richtung,,,
13,n,cooc,WEAK,farming,coltivazione,Landwirtschaft,,,
14,n,cooc,WEAK,floor,terra,Boden,,,
15,n,cooc,WEAK,gorge,gola,Schlucht,,,
16,n,cooc,WEAK,grassland,prateria,Wiese,,,
17,n,cooc,WEAK,green,prato,Grün,,,
18,n,cooc,WEAK,guard,guardia,Schutz,,,
19,n,cooc,WEAK,habitat,ambiente,Lebensraum,,,
20,n,cooc,WEAK,holding,patrimonio,Land,,,
21,n,cooc,WEAK,land,terra,Land,,,
22,n,cooc,WEAK,mark,macchia,Kennzeichnung,,,
23,n,cooc,WEAK,material,sostanza,Material,,,
24,n,cooc,WEAK,matter,sostanza,Sache,,,
25,n,cooc,WEAK,moss,palude,Moos,,,
26,n,cooc,WEAK,patch,macchia,Stelle,,,
27,n,cooc,WEAK,plain,pianura,Ebene,,,
28,n,cooc,WEAK,range,campo,Auswahl,,,
29,n,cooc,WEAK,refuge,rifugio,Schutz,,,
30,n,cooc,WEAK,rope,cima,Seil,,,
31,n,cooc,WEAK,scheme,sistema,Siedlung,,,
32,n,cooc,WEAK,scrub,macchia,Gebüsch,,,
33,n,cooc,WEAK,sheet,distesa,Blatt,,,
34,n,cooc,WEAK,shrubland,macchia,Gebüsch,,,
35,n,cooc,WEAK,stream,ruscello,Bach,,,
36,n,cooc,WEAK,thicket,macchia,Dickicht,,,
37,n,cooc,WEAK,tin,stagno,Blech,,,
38,n,cooc,WEAK,track,sentiero,Spur,,,
39,n,cooc,WEAK,waste,deserto,Abfall,,,
40,n,cooc,WEAK,wood,bosco,Holz,,,
1,adj,cooc,,tropical,tropicale,tropisch,0.615,1,bn:00112137a
2,adj,cooc,,dense,denso,dicht,0.558,1,bn:00101177a
3,adj,cooc,,dim,oscuro,dunkel,0.514,0,
4,adj,cooc,,lush,lussureggiante,üppig,0.509,0,
5,adj,cooc,,mediterranean,mediterraneo,mediterran,0.493,1,bn:00106560a
6,adj,cooc,,surrounding,circostante,umliegend,0.493,0,
7,adj,cooc,,subtropical,subtropicale,subtropisch,0.452,1,bn:00110397a
8,adj,cooc,,dark,scuro,dunkel,0.451,1,bn:00100902a
9,adj,cooc,,naked,spoglio,nackt,0.449,0,
10,adj,cooc,,urban,urbano,städtisch,0.448,0,
11,adj,cooc,,verdant,verdeggiante,grün,0.446,0,
12,adj,cooc,,humid,umido,feucht,0.439,1,bn:00104400a
13,adj,cooc,,green,verde,grün,0.437,1,bn:00100914a
14,adj,cooc,,luxuriant,lussureggiante,üppig,0.437,0,
15,adj,cooc,,impenetrable,impenetrabile,undurchdringlich,0.433,0,
16,adj,cooc,,bare,spoglio,nackt,0.431,0,
17,adj,cooc,,evergreen,sempreverde,immergrün,0.418,1,bn:00102465a
18,adj,cooc,,damp,umido,feucht,0.417,1,bn:00100892a
19,adj,cooc,,magnificent,magnifico,herrlich,0.417,0,
20,adj,cooc,,moist,umido,feucht,0.414,2,bn:00104400a bn:00100892a
21,adj,cooc,,near,vicino,nahe,0.412,0,
22,adj,cooc,,adjacent,adiacente,benachbart,0.406,1,bn:00096456a
23,adj,cooc,,gorgeous,magnifico,herrlich,0.404,0,
24,adj,cooc,,untouched,intatto,unberührt,0.399,0,
25,adj,cooc,,burnt,bruciato,verbrannt,0.396,0,
26,adj,cooc,,wild,selvaggio,wild,0.391,3,bn:00102901a bn:00113316a bn:00113870a
27,adj,cooc,,lovely,bello,schön,0.39,0,
28,adj,cooc,,silent,silenzioso,still,0.379,1,bn:00110624a
29,adj,cooc,,vast,vasto,riesig,0.377,0,
30,adj,cooc,,thick,spesso,dick,0.367,1,bn:00111824a
31,adj,cooc,,intact,intatto,intakt,0.366,0,
32,adj,cooc,,gloomy,tenebroso,düster,0.362,0,
33,adj,cooc,,quiet,silenzioso,ruhig,0.361,2,bn:00110624a bn:00109359a
34,adj,cooc,,painted,dipinto,bemalt,0.36,0,
35,adj,cooc,,fragrant,profumato,duftend,0.355,1,bn:00103284a
36,adj,cooc,,rich,ricco,reich,0.355,1,bn:00096612a
37,adj,cooc,,dead,morto,tot,0.343,1,bn:00100948a
38,adj,cooc,,beautiful,bello,schön,0.342,1,bn:00098171a
39,adj,cooc,,cool,fresco,kühl,0.335,1,bn:00100441a
40,adj,cooc,,abundant,ricco,reich,0.334,0,
41,adj,cooc,,ancient,antico,alt,0.33,0,
42,adj,cooc,,nice,bello,schön,0.325,0,
43,adj,cooc,,old,antico,alt,0.307,0,
44,adj,cooc,,good,bello,schön,0.293,0,
45,adj,cooc,,natural,naturale,natürlich,0.25,1,bn:00107151a
1,adj,cooc,WEAK,brilliant,splendido,glänzend,,,
2,adj,cooc,WEAK,brown,bruno,braun,,,
3,adj,cooc,WEAK,close,vicino,dicht,,,
4,adj,cooc,WEAK,damaged,danneggiato,schadhaft,,,
5,adj,cooc,WEAK,deep,cupo,tief,,,
6,adj,cooc,WEAK,extensive,vasto,ausgedehnt,,,
7,adj,cooc,WEAK,fine,bello,fein,,,
8,adj,cooc,WEAK,full,pieno,dick,,,
9,adj,cooc,WEAK,generous,magnifico,edel,,,
10,adj,cooc,WEAK,heavy,grande,dick,,,
11,adj,cooc,WEAK,indigenous,originario,einheimisch,,,
12,adj,cooc,WEAK,large,grande,dick,,,
13,adj,cooc,WEAK,live,vivo,direkt,,,
14,adj,cooc,WEAK,mature,maturo,abgelagert,,,
15,adj,cooc,WEAK,native,naturale,heimisch,,,
16,adj,cooc,WEAK,original,originario,ursprünglich,,,
17,adj,cooc,WEAK,primary,originario,hauptsächlich,,,
18,adj,cooc,WEAK,primeval,primordiale,urwüchsig,,,
19,adj,cooc,WEAK,pristine,incontaminato,ursprünglich,,,
20,adj,cooc,WEAK,raw,vivo,roh,,,
21,adj,cooc,WEAK,rough,aspro,rau,,,
22,adj,cooc,WEAK,smooth,piano,glatt,,,
23,adj,cooc,WEAK,solid,pieno,massiv,,,
24,adj,cooc,WEAK,sparse,rado,dünn,,,
25,adj,cooc,WEAK,strong,grande,stabil,,,
26,adj,cooc,WEAK,thin,rado,dünn,,,
27,adj,cooc,WEAK,typical,tipico,echt,,,
28,adj,cooc,WEAK,valuable,ricco,wertvoll,,,
29,adj,cooc,WEAK,virgin,vergine,unberührt,,,
30,adj,cooc,WEAK,wet,umido,nass,,,
31,adj,cooc,WEAK,white,candido,hell,,,
32,adj,cooc,WEAK,wonderful,meraviglioso,herrlich,,,
1,v,cooc,,chop,tagliare,hacken,0.507,1,bn:00084935v
2,v,cooc,,burn,bruciare,brennen,0.484,1,bn:00084270v
3,v,cooc,,enchant,incantare,verzaubern,0.454,1,bn:00083466v
4,v,cooc,,inhabit,abitare,bewohnen,0.442,0,
5,v,cooc,,traverse,attraversare,durchqueren,0.424,0,
6,v,cooc,,populate,popolare,bevölkern,0.41,1,bn:00087441v
7,v,cooc,,smell,odorare,riechen,0.409,1,bn:00093929v
8,v,cooc,,cross,attraversare,durchqueren,0.408,0,
9,v,cooc,,destroy,distruggere,zerstören,0.4,2,bn:00086698v bn:00086699v
10,v,cooc,,salvage,salvare,retten,0.394,0,
11,v,cooc,,surround,circondare,umgeben,0.394,1,bn:00083797v
12,v,cooc,,explore,esplorare,erkunden,0.387,0,
13,v,cooc,,protect,proteggere,schützen,0.387,1,bn:00090041v
14,v,cooc,,cover,coprire,decken,0.382,2,bn:00084032v bn:00085917v
15,v,cooc,,absorb,assorbire,aufnehmen,0.38,0,
16,v,cooc,,infest,infestare,befallen,0.378,0,
17,v,cooc,,trim,tagliare,schneiden,0.372,0,
18,v,cooc,,cut,tagliare,schneiden,0.371,1,bn:00086178v
19,v,cooc,,stretch,stendere,dehnen,0.367,1,bn:00087535v
20,v,cooc,,scour,perlustrare,durchsuchen,0.366,0,
21,v,cooc,,dive,immergere,tauchen,0.358,0,
22,v,cooc,,hide,nascondere,verstecken,0.354,2,bn:00089332v bn:00085509v
23,v,cooc,,save,salvare,speichern,0.349,2,bn:00090229v bn:00093281v
24,v,cooc,,dominate,dominare,dominieren,0.348,0,
25,v,cooc,,encircle,circondare,umgeben,0.342,1,bn:00083797v
26,v,cooc,,grow,crescere,wachsen,0.339,0,
27,v,cooc,,harbor,ospitare,beherbergen,0.338,0,
28,v,cooc,,prefer,prediligere,bevorzugen,0.338,0,
29,v,cooc,,color,colorare,färben,0.335,0,
30,v,cooc,,safeguard,salvaguardare,sichern,0.331,0,
31,v,cooc,,shelter,proteggere,schützen,0.33,0,
32,v,cooc,,harbour,ospitare,beherbergen,0.323,0,
33,v,cooc,,disappear,scomparire,verschwinden,0.321,1,bn:00086880v
34,v,cooc,,manage,gestire,verwalten,0.321,1,bn:00084527v
35,v,cooc,,donate,donare,spenden,0.31,1,bn:00087156v
36,v,cooc,,occupy,occupare,besetzen,0.31,0,
37,v,cooc,,retain,conservare,behalten,0.31,1,bn:00089386v
38,v,cooc,,finish,finire,enden,0.307,1,bn:00085475v
39,v,cooc,,extend,estendere,verlängern,0.304,0,
40,v,cooc,,harm,danneggiare,schaden,0.304,0,
41,v,cooc,,damage,danneggiare,beschädigen,0.303,1,bn:00086494v
42,v,cooc,,turn,girare,abbiegen,0.303,2,bn:00095233v bn:00086173v
43,v,cooc,,open,aprire,öffnen,0.301,0,
44,v,cooc,,penetrate,penetrare,dringen,0.297,0,
45,v,cooc,,fill,riempire,füllen,0.295,1,bn:00088177v
46,v,cooc,,enter,entrare,betreten,0.289,0,
47,v,cooc,,lead,condurre,führen,0.288,0,
48,v,cooc,,leave,lasciare,verlassen,0.282,1,bn:00087845v
49,v,cooc,,supply,fornire,liefern,0.282,0,
50,v,cooc,,search,cercare,suchen,0.278,1,bn:00090460v
51,v,cooc,,produce,produrre,produzieren,0.277,3,bn:00084082v bn:00084198v bn:00086013v
52,v,cooc,,constitute,costituire,bilden,0.274,1,bn:00083187v
53,v,cooc,,return,tornare,zurückkehren,0.274,1,bn:00092969v
54,v,cooc,,survive,sopravvivere,überleben,0.273,1,bn:00087617v
55,v,cooc,,win,vincere,gewinnen,0.273,2,bn:00095777v bn:00084086v
56,v,cooc,,characterize,caratterizzare,kennzeichnen,0.269,0,
57,v,cooc,,offer,offrire,bieten,0.269,0,
58,v,cooc,,explain,spiegare,erklären,0.266,1,bn:00087819v
59,v,cooc,,belong,appartenere,gehören,0.265,0,
60,v,cooc,,injure,danneggiare,schaden,0.265,0,
61,v,cooc,,name,denominare,nennen,0.265,1,bn:00084385v
62,v,cooc,,exist,esistere,bestehen,0.258,1,bn:00083184v
63,v,cooc,,spread,diffondere,verbreiten,0.258,2,bn:00093332v bn:00084119v
64,v,cooc,,form,formare,bilden,0.256,1,bn:00088490v
65,v,cooc,,purchase,comprare,kaufen,0.254,1,bn:00084331v
66,v,cooc,,prevent,impedire,verhindern,0.251,2,bn:00088454v bn:00090033v
67,v,cooc,,round,girare,runden,0.251,0,
68,v,cooc,,work,lavorare,arbeiten,0.251,1,bn:00095812v
69,v,cooc,,arrive,arrivare,ankommen,0.25,2,bn:00082790v bn:00082788v
70,v,cooc,,die,morire,sterben,0.249,1,bn:00084343v
71,v,cooc,,add,aggiungere,ergänzen,0.247,0,
72,v,cooc,,accompany,accompagnare,begleiten,0.246,1,bn:00082222v
73,v,cooc,,catch,prendere,fangen,0.246,1,bn:00084654v
74,v,cooc,,own,possedere,besitzen,0.246,1,bn:00089241v
75,v,cooc,,beat,battere,schlagen,0.233,3,bn:00083248v bn:00083265v bn:00083247v
76,v,cooc,,get,arrivare,erhalten,0.233,0,
77,v,cooc,,serve,servire,dienen,0.232,1,bn:00082867v
78,v,cooc,,remain,restare,bleiben,0.23,3,bn:00085719v bn:00091562v bn:00092756v
79,v,cooc,,shoot,girare,schießen,0.223,0,
80,v,cooc,,knock,battere,klopfen,0.204,1,bn:00090129v
81,v,cooc,,topple,cadere,stürzen,0.199,0,
82,v,cooc,,watch,osservare,beobachten,0.198,0,
83,v,cooc,,appear,apparire,erscheinen,0.194,2,bn:00082691v bn:00082690v
84,v,cooc,,improve,valorizzare,verbessern,0.194,1,bn:00082573v
85,v,cooc,,create,creare,schaffen,0.188,1,bn:00086009v
86,v,cooc,,place,mettere,legen,0.186,1,bn:00090224v
87,v,cooc,,pick,scegliere,auswählen,0.182,0,
88,v,cooc,,fall,cadere,fallen,0.181,2,bn:00087979v bn:00087976v
89,v,cooc,,choose,scegliere,auswählen,0.18,1,bn:00084931v
90,v,cooc,,make,fare,machen,0.178,3,bn:00086008v bn:00086013v bn:00084198v
91,v,cooc,,recall,ricordare,erinnern,0.175,0,
92,v,cooc,,tell,dire,sagen,0.175,1,bn:00093287v
93,v,cooc,,increase,aumentare,erhöhen,0.174,1,bn:00089667v
94,v,cooc,,certify,certificare,bestätigen,0.173,0,
95,v,cooc,,drop,cadere,fallen,0.171,0,
96,v,cooc,,relate,raccontare,erzählen,0.163,0,
97,v,cooc,,say,dire,sagen,0.163,1,bn:00093287v
98,v,cooc,,ensure,garantire,gewährleisten,0.161,1,bn:00082812v
99,v,cooc,,mean,dire,bedeuten,0.157,1,bn:00089805v
100,v,cooc,,throw,lanciare,werfen,0.157,1,bn:00094934v
101,v,cooc,,do,fare,tun,0.153,1,bn:00082286v
102,v,cooc,,consider,considerare,berücksichtigen,0.121,0,
103,v,cooc,,put,mettere,setzen,0.094,0,
104,v,cooc,,set,mettere,setzen,0.089,0,
105,v,cooc,,confirm,confermare,bestätigen,0.088,0,
1,v,cooc,WEAK,acknowledge,accettare,bestätigen,,,
2,v,cooc,WEAK,act,fare,handeln,,,
3,v,cooc,WEAK,admit,accogliere,zulassen,,,
4,v,cooc,WEAK,affect,interessare,beeinflussen,,,
5,v,cooc,WEAK,aim,puntare,einrichten,,,
6,v,cooc,WEAK,allow,lasciare,zulassen,,,
7,v,cooc,WEAK,arrest,impedire,aufhalten,,,
8,v,cooc,WEAK,ask,chiedere,fordern,,,
9,v,cooc,WEAK,be,diventare,liegen,,,
10,v,cooc,WEAK,become,diventare,stehen,,,
11,v,cooc,WEAK,believe,credere,meinen,,,
12,v,cooc,WEAK,block,congelare,versperren,,,
13,v,cooc,WEAK,border,fiancheggiare,grenzen,,,
14,v,cooc,WEAK,break,abbattere,brechen,,,
15,v,cooc,WEAK,capture,prendere,erobern,,,
16,v,cooc,WEAK,carve,tagliare,schnitzen,,,
17,v,cooc,WEAK,cause,produrre,verursachen,,,
18,v,cooc,WEAK,charge,chiedere,laden,,,
19,v,cooc,WEAK,chuck,lanciare,hauen,,,
20,v,cooc,WEAK,classify,classificare,bestimmen,,,
21,v,cooc,WEAK,clear,chiarire,räumen,,,
22,v,cooc,WEAK,close,finire,verschließen,,,
23,v,cooc,WEAK,comb,setacciare,absuchen,,,
24,v,cooc,WEAK,come,arrivare,kommen,,,
25,v,cooc,WEAK,complete,finire,ergänzen,,,
26,v,cooc,WEAK,compose,costituire,setzen,,,
27,v,cooc,WEAK,concern,interessare,betreffen,,,
28,v,cooc,WEAK,confront,affrontare,begegnen,,,
29,v,cooc,WEAK,conserve,conservare,konservieren,,,
30,v,cooc,WEAK,consume,distruggere,verbrauchen,,,
31,v,cooc,WEAK,contain,trattenere,enthalten,,,
32,v,cooc,WEAK,continue,continuare,aufgreifen,,,
33,v,cooc,WEAK,contribute,fornire,beitragen,,,
34,v,cooc,WEAK,convert,tramutare,verwandeln,,,
35,v,cooc,WEAK,crack,cedere,knacken,,,
36,v,cooc,WEAK,date,frequentare,stammen,,,
37,v,cooc,WEAK,decline,rifiutare,abnehmen,,,
38,v,cooc,WEAK,deem,credere,befinden,,,
39,v,cooc,WEAK,defeat,vincere,schlagen,,,
40,v,cooc,WEAK,defend,difendere,schützen,,,
41,v,cooc,WEAK,deliver,salvare,liefern,,,
42,v,cooc,WEAK,develop,svolgere,entwickeln,,,
43,v,cooc,WEAK,direct,puntare,führen,,,
44,v,cooc,WEAK,discard,abbandonare,ablegen,,,
45,v,cooc,WEAK,draw,avanzare,ziehen,,,
46,v,cooc,WEAK,dwell,abitare,wohnen,,,
47,v,cooc,WEAK,earn,prendere,verdienen,,,
48,v,cooc,WEAK,enclose,avvolgere,umschließen,,,
49,v,cooc,WEAK,encompass,circondare,umfassen,,,
50,v,cooc,WEAK,endure,subire,bestehen,,,
51,v,cooc,WEAK,enhance,aumentare,verbessern,,,
52,v,cooc,WEAK,exit,uscire,verlassen,,,
53,v,cooc,WEAK,expand,estendere,ausdehnen,,,
54,v,cooc,WEAK,exploit,sfruttare,verwerten,,,
55,v,cooc,WEAK,expose,scoprire,aussetzen,,,
56,v,cooc,WEAK,face,affrontare,begegnen,,,
57,v,cooc,WEAK,feature,caratterizzare,vorkommen,,,
58,v,cooc,WEAK,fell,abbattere,fällen,,,
59,v,cooc,WEAK,fetch,raggiungere,holen,,,
60,v,cooc,WEAK,fire,incendiare,schießen,,,
61,v,cooc,WEAK,float,lanciare,schwimmen,,,
62,v,cooc,WEAK,follow,accettare,folgen,,,
63,v,cooc,WEAK,fulfil,realizzare,erfüllen,,,
64,v,cooc,WEAK,gather,prendere,sammeln,,,
65,v,cooc,WEAK,give,fornire,geben,,,
66,v,cooc,WEAK,glue,attaccare,kleben,,,
67,v,cooc,WEAK,graze,radere,streifen,,,
68,v,cooc,WEAK,guard,custodire,sichern,,,
69,v,cooc,WEAK,handle,manipolare,behandeln,,,
70,v,cooc,WEAK,haunt,frequentare,vorkommen,,,
71,v,cooc,WEAK,have,fare,besitzen,,,
72,v,cooc,WEAK,head,puntare,gehen,,,
73,v,cooc,WEAK,help,servire,helfen,,,
74,v,cooc,WEAK,hew,tagliare,hauen,,,
75,v,cooc,WEAK,hit,raggiungere,treffen,,,
76,v,cooc,WEAK,hold,ospitare,halten,,,
77,v,cooc,WEAK,impair,danneggiare,beeinträchtigen,,,
78,v,cooc,WEAK,intend,significare,bestimmen,,,
79,v,cooc,WEAK,intersperse,cospargere,durchsetzen,,,
80,v,cooc,WEAK,invade,invadere,stören,,,
81,v,cooc,WEAK,join,entrare,verbinden,,,
82,v,cooc,WEAK,lay,stendere,legen,,,
83,v,cooc,WEAK,lie,restare,liegen,,,
84,v,cooc,WEAK,line,fiancheggiare,säumen,,,
85,v,cooc,WEAK,locate,situare,finden,,,
86,v,cooc,WEAK,look,sembrare,aussehen,,,
87,v,cooc,WEAK,maintain,conservare,pflegen,,,
88,v,cooc,WEAK,manufacture,produrre,fertigen,,,
89,v,cooc,WEAK,match,accompagnare,entsprechen,,,
90,v,cooc,WEAK,note,osservare,beachten,,,
91,v,cooc,WEAK,obtain,raggiungere,erhalten,,,
92,v,cooc,WEAK,occur,presentare,kommen,,,
93,v,cooc,WEAK,originate,nascere,entstehen,,,
94,v,cooc,WEAK,overcome,vincere,brechen,,,
95,v,cooc,WEAK,overlay,ricoprire,überziehen,,,
96,v,cooc,WEAK,paint,dipingere,streichen,,,
97,v,cooc,WEAK,pin,attaccare,stecken,,,
98,v,cooc,WEAK,pitch,piantare,werfen,,,
99,v,cooc,WEAK,plant,piantare,pflanzen,,,
100,v,cooc,WEAK,play,puntare,spielen,,,
101,v,cooc,WEAK,point,puntare,zeigen,,,
102,v,cooc,WEAK,predominate,predominare,dominieren,,,
103,v,cooc,WEAK,prepare,preparare,anfertigen,,,
104,v,cooc,WEAK,preserve,conservare,erhalten,,,
105,v,cooc,WEAK,promote,lanciare,fördern,,,
106,v,cooc,WEAK,provide,fornire,bieten,,,
107,v,cooc,WEAK,raze,radere,schleifen,,,
108,v,cooc,WEAK,reckon,considerare,zählen,,,
109,v,cooc,WEAK,reclaim,bonificare,gewinnen,,,
110,v,cooc,WEAK,recover,ritrovare,gewinnen,,,
111,v,cooc,WEAK,reduce,sfoltire,reduzieren,,,
112,v,cooc,WEAK,refer,sottoporre,hinweisen,,,
113,v,cooc,WEAK,regard,considerare,betreffen,,,
114,v,cooc,WEAK,release,lasciare,freisetzen,,,
115,v,cooc,WEAK,remove,allontanare,entfernen,,,
116,v,cooc,WEAK,replenish,riempire,ergänzen,,,
117,v,cooc,WEAK,require,chiedere,benötigen,,,
118,v,cooc,WEAK,reserve,conservare,belegen,,,
119,v,cooc,WEAK,resound,risonare,hallen,,,
120,v,cooc,WEAK,restore,ripristinare,herstellen,,,
121,v,cooc,WEAK,ring,risuonare,klingen,,,
122,v,cooc,WEAK,roll,avvolgere,drehen,,,
123,v,cooc,WEAK,score,vincere,erzielen,,,
124,v,cooc,WEAK,secure,garantire,sichern,,,
125,v,cooc,WEAK,sell,cedere,verkaufen,,,
126,v,cooc,WEAK,shade,ombreggiare,übergehen,,,
127,v,cooc,WEAK,shape,formare,gestalten,,,
128,v,cooc,WEAK,shed,diffondere,verlieren,,,
129,v,cooc,WEAK,sink,scendere,versinken,,,
130,v,cooc,WEAK,sit,partecipare,setzen,,,
131,v,cooc,WEAK,situate,situare,legen,,,
132,v,cooc,WEAK,skip,sorvolare,übergehen,,,
133,v,cooc,WEAK,slip,scappare,gleiten,,,
134,v,cooc,WEAK,soak,immergere,weichen,,,
135,v,cooc,WEAK,speak,parlare,sagen,,,
136,v,cooc,WEAK,specify,precisare,bestimmen,,,
137,v,cooc,WEAK,spend,occupare,verbringen,,,
138,v,cooc,WEAK,spot,punteggiare,erkennen,,,
139,v,cooc,WEAK,stain,colorare,beizen,,,
140,v,cooc,WEAK,stand,restare,stehen,,,
141,v,cooc,WEAK,step,andare,treten,,,
142,v,cooc,WEAK,stick,attaccare,halten,,,
143,v,cooc,WEAK,store,fornire,speichern,,,
144,v,cooc,WEAK,strike,trovare,schlagen,,,
145,v,cooc,WEAK,subdue,dominare,dämpfen,,,
146,v,cooc,WEAK,succeed,riuscire,gelingen,,,
147,v,cooc,WEAK,suffer,subire,leiden,,,
148,v,cooc,WEAK,support,difendere,unterstützen,,,
149,v,cooc,WEAK,sustain,accogliere,erhalten,,,
150,v,cooc,WEAK,teem,pullulare,wimmeln,,,
151,v,cooc,WEAK,thin,sfoltire,lichten,,,
152,v,cooc,WEAK,think,pensare,meinen,,,
153,v,cooc,WEAK,tie,attaccare,binden,,,
154,v,cooc,WEAK,treat,curare,behandeln,,,
155,v,cooc,WEAK,undergo,subire,erfahren,,,
156,v,cooc,WEAK,use,servire,verwenden,,,
157,v,cooc,WEAK,walk,percorrere,gehen,,,
158,v,cooc,WEAK,wander,girare,wandern,,,
159,v,cooc,WEAK,wear,mettere,tragen,,,
160,v,cooc,WEAK,yield,cedere,liefern,,,
