idx_group,pos,rel,weak,lex_en,lex_it,lex_de,score,bs_count,babel_synsets
0,n,head,,bridge span list_of_roman_bridges,ponte ponti_romani,Brücke Liste_römischer_brücken,,1,bn:00013077n
1,n,sim,,river,fiume,Fluss,0.292,1,bn:00067948n
2,n,sim,,road,strada,Straße,0.28,1,bn:00067975n
3,n,sim,,building,edificio,Gebäude,0.268,1,bn:00013722n
4,n,sim,,street,strada,Straße,0.266,2,bn:00074595n bn:00067975n
5,n,sim,,trail,sentiero,Weg,0.254,1,bn:00077905n
6,n,sim,,boat,barca,Boot,0.249,1,bn:00011674n
7,n,sim,,plant,pianta,Anlage,0.248,0,
8,n,sim,,highway,autostrada,Autobahn,0.245,2,bn:00078690n bn:00032402n
9,n,sim,,hill,collina,Hügel,0.242,1,bn:00044141n
10,n,sim,,park,parco,Park,0.241,3,bn:00021051n bn:00060690n bn:00015795n
11,n,sim,,lake,lago,See,0.239,1,bn:00049709n
12,n,sim,,route,percorso,Route,0.238,2,bn:00067975n bn:00047741n
13,n,sim,,station,stazione,Station,0.238,1,bn:00074049n
14,n,sim,,hall,sala,Halle,0.234,0,
15,n,sim,,path,sentiero,Weg,0.234,1,bn:15485216n
16,n,sim,,horse,cavallo,Pferd,0.233,3,bn:00063492n bn:00031345n bn:00044819n
17,n,sim,,rock,roccia,Felsen,0.232,1,bn:13886970n
18,n,sim,,foot,piede,Fuß,0.231,2,bn:00035679n bn:00035680n
19,n,sim,,beach,spiaggia,Strand,0.23,1,bn:00009263n
20,n,sim,,landscape,paesaggio,Landschaft,0.229,1,bn:01321349n
21,n,sim,,village,villaggio,Dorf,0.226,1,bn:00042729n
22,n,sim,,tree,albero,Baum,0.225,1,bn:00078131n
23,n,sim,,stone,pietra,Stein,0.22,2,bn:00068045n bn:00068046n
24,n,sim,,site,luogo,Standort,0.219,1,bn:00051760n
25,n,sim,,arm,braccio,Waffe,0.217,0,
26,n,sim,,element,elemento,Element,0.217,6,bn:00030300n bn:00018105n bn:00030299n bn:00021396n bn:00030301n bn:00021394n
27,n,sim,,stretch,tratto,Strecke,0.216,0,
28,n,sim,,light,luce,Licht,0.215,3,bn:00051109n bn:00045956n bn:00051108n
29,n,sim,,sea,mare,Meer,0.213,1,bn:00069946n
30,n,sim,,airport,aeroporto,Flughafen,0.212,1,bn:00001676n
31,n,sim,,island,isola,Insel,0.211,1,bn:00047612n
32,n,sim,,location,posizione,Lage,0.211,1,bn:00051760n
33,n,sim,,square,piazza,Platz,0.211,1,bn:00065099n
34,n,sim,,house,casa,Haus,0.21,4,bn:00045000n bn:00000356n bn:00044994n bn:00029305n
35,n,sim,,position,posizione,Position,0.21,10,bn:00063707n bn:00061746n bn:00007048n bn:00010073n bn:00063704n bn:00063708n bn:00063703n bn:00062704n bn:00063706n bn:00054979n
36,n,sim,,school,scuola,Schule,0.21,3,bn:00069620n bn:00069625n bn:00069619n
37,n,sim,,church,chiesa,Kirche,0.209,2,bn:00018995n bn:00018819n
38,n,sim,,tower,torre,Turm,0.209,2,bn:00016571n bn:00077766n
39,n,sim,,wood,legno,Wald,0.209,1,bn:06534338n
40,n,sim,,course,corso,Gang,0.208,0,
41,n,sim,,level,livello,Ebene,0.208,0,
42,n,sim,,vehicle,veicolo,Fahrzeug,0.208,1,bn:00079675n
43,n,sim,,area,zona,Bereich,0.207,1,bn:00082076n
44,n,sim,,line,linea,Linie,0.207,4,bn:00014457n bn:00051294n bn:00051289n bn:00014165n
45,n,sim,,room,camera,Raum,0.206,1,bn:00068233n
46,n,sim,,camp,campo,Lager,0.205,2,bn:00010805n bn:00015041n
47,n,sim,,center,centro,Zentrum,0.205,2,bn:00017123n bn:00017130n
48,n,sim,,centre,centro,Zentrum,0.205,2,bn:00017123n bn:00017130n
49,n,sim,,object,oggetto,Objekt,0.205,4,bn:00058445n bn:00058443n bn:00002179n bn:00058442n
50,n,sim,,piece,pezzo,Stück,0.205,2,bn:00062297n bn:00062299n
51,n,sim,,home,casa,Haus,0.204,2,bn:00044994n bn:00000356n
52,n,sim,,field,campo,Feld,0.203,4,bn:00034273n bn:00034267n bn:00006752n bn:00034265n
53,n,sim,,car,auto,Auto,0.201,1,bn:00007309n
54,n,sim,,hotel,albergo,Hotel,0.201,1,bn:00044967n
55,n,sim,,walk,percorso,Weg,0.201,0,
56,n,sim,,connection,connessione,Verbindung,0.2,3,bn:00021901n bn:00021915n bn:00021912n
57,n,sim,,plan,piano,Plan,0.2,3,bn:00026536n bn:00062759n bn:00069579n
58,n,sim,,traffic,traffico,Verkehr,0.2,1,bn:00077888n
59,n,sim,,neighborhood,quartiere,Umgebung,0.199,0,
60,n,sim,,project,progetto,Projekt,0.199,1,bn:00064665n
61,n,sim,,town,città,Stadt,0.199,1,bn:00077775n
62,n,sim,,window,finestra,Fenster,0.199,2,bn:00081285n bn:00081292n
63,n,sim,,flow,flusso,Fluss,0.198,1,bn:00035370n
64,n,sim,,ring,anello,Ring,0.197,5,bn:00004373n bn:00019935n bn:00008287n bn:00044712n bn:00008290n
65,n,sim,,structure,struttura,Struktur,0.196,1,bn:00022071n
66,n,sim,,zone,zona,Bereich,0.196,1,bn:00082076n
67,n,sim,,border,confine,Grenze,0.194,1,bn:00012212n
68,n,sim,,city,città,Stadt,0.194,1,bn:00019319n
69,n,sim,,contact,contatto,Kontakt,0.194,1,bn:00022113n
70,n,sim,,hospital,ospedale,Krankenhaus,0.194,3,bn:00044897n bn:00019822n bn:00044896n
71,n,sim,,track,pista,Spur,0.194,0,
72,n,sim,,stadium,stadio,Stadion,0.193,1,bn:00005532n
73,n,sim,,train,treno,Zug,0.193,1,bn:00066028n
74,n,sim,,instrument,strumento,Instrument,0.192,6,bn:00046961n bn:00046965n bn:00046964n bn:00077585n bn:00023662n bn:00046962n
75,n,sim,,museum,museo,Museum,0.192,1,bn:00056426n
76,n,sim,,entrance,ingresso,Eingang,0.191,2,bn:00031044n bn:00000663n
77,n,sim,,water,acqua,Wasser,0.19,3,bn:00061253n bn:00080561n bn:00042379n
78,n,sim,,boundary,confine,Grenze,0.189,2,bn:00012212n bn:00012418n
79,n,sim,,factory,fabbrica,Werk,0.189,1,bn:00032675n
80,n,sim,,shop,negozio,Geschäft,0.189,1,bn:00071215n
81,n,sim,,state,stato,Zustand,0.188,4,bn:03347921n bn:02220665n bn:02108701n bn:17345320n
82,n,sim,,infrastructure,infrastruttura,Infrastruktur,0.187,2,bn:00008794n bn:00046727n
83,n,sim,,restaurant,ristorante,Restaurant,0.187,1,bn:00029545n
84,n,sim,,space,spazio,Raum,0.187,2,bn:00053830n bn:00046665n
85,n,sim,,surface,superficie,Oberfläche,0.187,1,bn:21705848n
86,n,sim,,table,tavolo,Tisch,0.187,2,bn:00075814n bn:00075813n
87,n,sim,,floor,piano,Boden,0.185,0,
88,n,sim,,store,negozio,Laden,0.185,3,bn:00071215n bn:00012452n bn:00067417n
89,n,sim,,front,facciata,Fassade,0.184,0,
90,n,sim,,mountain,montagna,Berg,0.184,2,bn:00008985n bn:00056068n
91,n,sim,,construction,costruzione,Bau,0.183,1,bn:00013723n
92,n,sim,,market,mercato,Markt,0.183,3,bn:00053461n bn:00053458n bn:00053459n
93,n,sim,,ratio,rapporto,Verhältnis,0.181,1,bn:00066247n
94,n,sim,,system,sistema,System,0.181,7,bn:00075760n bn:00069580n bn:00075759n bn:00005863n bn:00075763n bn:00075762n bn:00075761n
95,n,sim,,vessel,nave,Schiff,0.181,2,bn:00079862n bn:00071103n
96,n,sim,,bus,autobus,Bus,0.18,1,bn:00007329n
97,n,sim,,place,posto,Platz,0.18,1,bn:00062699n
98,n,sim,,apartment,appartamento,Wohnung,0.179,1,bn:00004836n
99,n,sim,,wall,parete,Wand,0.179,2,bn:00080386n bn:00060663n
100,n,sim,,channel,canale,Kanal,0.178,2,bn:00017686n bn:00015144n
101,n,sim,,garden,giardino,Garten,0.178,1,bn:00037300n
102,n,sim,,machine,macchina,Maschine,0.178,1,bn:00026716n
103,n,sim,,network,rete,Netz,0.178,2,bn:00024712n bn:00054497n
104,n,sim,,relationship,rapporto,Beziehung,0.178,1,bn:00033359n
105,n,sim,,unit,unità,Einheit,0.177,1,bn:00079106n
106,n,sim,,bank,banca,Bank,0.176,4,bn:00008370n bn:00008367n bn:00008371n bn:00008364n
107,n,sim,,link,collegamento,Verbindung,0.175,2,bn:00021901n bn:00021912n
108,n,sim,,operation,operazione,Betrieb,0.175,1,bn:00059129n
109,n,sim,,ship,nave,Schiff,0.174,1,bn:00071103n
110,n,sim,,spot,posto,Stelle,0.174,1,bn:00062699n
111,n,sim,,event,evento,Ereignis,0.173,2,bn:00032022n bn:00032021n
112,n,sim,,service,servizio,Dienst,0.173,1,bn:00070651n
113,n,sim,,work,lavoro,Arbeit,0.173,5,bn:00081570n bn:00014138n bn:00030625n bn:00030616n bn:00081569n
114,n,sim,,platform,piattaforma,Plattform,0.172,1,bn:00062900n
115,n,sim,,wheel,ruota,Rad,0.171,1,bn:00080972n
116,n,sim,,community,comunità,Gemeinde,0.17,0,
117,n,sim,,development,sviluppo,Entwicklung,0.17,1,bn:07804057n
118,n,sim,,side,lato,Seite,0.17,2,bn:00032604n bn:00071433n
119,n,sim,,range,serie,Reihe,0.169,0,
120,n,sim,,section,sezione,Abschnitt,0.169,1,bn:00070190n
121,n,sim,,housing,alloggio,Unterkunft,0.168,1,bn:00045052n
122,n,sim,,program,programma,Programm,0.168,4,bn:00062899n bn:00013235n bn:00021497n bn:00021492n
123,n,sim,,roof,tetto,Dach,0.168,1,bn:00068220n
124,n,sim,,job,lavoro,Arbeit,0.167,4,bn:00014138n bn:00030625n bn:00030616n bn:00018756n
125,n,sim,,trip,viaggio,Reise,0.167,1,bn:00043300n
126,n,sim,,theatre,teatro,Theater,0.165,2,bn:00028609n bn:00045002n
127,n,sim,,device,dispositivo,Gerät,0.164,1,bn:00026716n
128,n,sim,,motorway,autostrada,Autobahn,0.164,2,bn:00078690n bn:00032402n
129,n,sim,,group,gruppo,Gruppe,0.163,4,bn:00041942n bn:00041943n bn:00018111n bn:00073698n
130,n,sim,,festival,festival,Fest,0.162,2,bn:00034151n bn:00060836n
131,n,sim,,theater,teatro,Theater,0.162,2,bn:00028609n bn:00045002n
132,n,sim,,tunnel,tunnel,Tunnel,0.16,2,bn:00078606n bn:00014056n
133,n,sim,,family,famiglia,Familie,0.159,2,bn:00032893n bn:00032896n
134,n,sim,,region,regione,Region,0.159,2,bn:00005515n bn:00066884n
135,n,sim,,aircraft,aereo,Flugzeug,0.158,1,bn:00002275n
136,n,sim,,speed,velocità,Gang,0.157,0,
137,n,sim,,middle,mezzo,Mitte,0.154,0,
138,n,sim,,history,storia,Geschichte,0.151,4,bn:00044267n bn:00044270n bn:00000738n bn:00044268n
139,n,sim,,supply,fornitura,Angebot,0.151,1,bn:00064922n
140,n,sim,,midst,mezzo,Mitte,0.15,0,
141,n,sim,,mass,massa,Messe,0.148,0,
142,n,sim,,setting,ambiente,Umgebung,0.145,0,
143,n,sim,,expansion,sviluppo,Entwicklung,0.144,0,
144,n,sim,,environment,ambiente,Umgebung,0.143,1,bn:00031075n
145,n,sim,,cluster,gruppo,Gruppe,0.142,0,
146,n,sim,,corridor,corridoio,Gang,0.141,1,bn:04090946n
147,n,sim,,stint,lavoro,Arbeit,0.135,0,
148,n,sim,,yield,produzione,Produktion,0.135,1,bn:00059790n
149,n,sim,,output,produzione,Produktion,0.134,1,bn:00059790n
150,n,sim,,terminal,terminale,Terminal,0.13,2,bn:00063297n bn:00076597n
151,n,sim,,dam,diga,Damm,0.128,1,bn:00025075n
152,n,sim,,series,serie,Reihe,0.128,1,bn:00070613n
153,n,sim,,territory,territorio,Gebiet,0.128,0,
154,n,sim,,set,serie,Reihe,0.126,0,
155,n,sim,,journey,viaggio,Reise,0.122,3,bn:00058579n bn:00078085n bn:00048463n
156,n,sim,,meter,metro,Meter,0.122,3,bn:00052501n bn:00054612n bn:00009400n
157,n,sim,,metre,metro,Meter,0.122,3,bn:00009400n bn:00054612n bn:00052501n
158,n,sim,,pattern,modello,Modell,0.121,0,
159,n,sim,,warehouse,magazzino,Lager,0.118,2,bn:00074453n bn:00074450n
160,n,sim,,grid,rete,Netz,0.113,0,
161,n,sim,,harbour,porto,Hafen,0.111,1,bn:00042918n
162,n,sim,,height,altezza,Höhe,0.107,1,bn:00043544n
163,n,sim,,interconnection,interconnessione,Verbindung,0.1,0,
1,n,sim,WEAK,access,ingresso,Zugang,,,
2,n,sim,WEAK,angle,angolo,Seite,,,
3,n,sim,WEAK,avenue,strada,Weg,,,
4,n,sim,WEAK,back,fondo,Kreuz,,,
5,n,sim,WEAK,balance,equilibrio,Stand,,,
6,n,sim,WEAK,bar,bar,Stück,,,
7,n,sim,WEAK,barrier,barriera,Wand,,,
8,n,sim,WEAK,base,centro,Boden,,,
9,n,sim,WEAK,bed,letto,Lager,,,
10,n,sim,WEAK,block,blocco,Stein,,,
11,n,sim,WEAK,board,bordo,Platte,,,
12,n,sim,WEAK,body,corpo,Gruppe,,,
13,n,sim,WEAK,box,cassa,Feld,,,
14,n,sim,WEAK,branch,sezione,Filiale,,,
15,n,sim,WEAK,business,azienda,Geschäft,,,
16,n,sim,WEAK,cable,cavo,Leitung,,,
17,n,sim,WEAK,category,categoria,Gruppe,,,
18,n,sim,WEAK,chain,catena,Reihe,,,
19,n,sim,WEAK,circle,ambiente,Kreis,,,
20,n,sim,WEAK,circuit,circuito,Kreis,,,
21,n,sim,WEAK,class,classe,Gruppe,,,
22,n,sim,WEAK,combination,unione,Verbindung,,,
23,n,sim,WEAK,court,castello,Hof,,,
24,n,sim,WEAK,craft,imbarcazione,Kunst,,,
25,n,sim,WEAK,crossing,passaggio,Kreuzung,,,
26,n,sim,WEAK,cycle,periodo,Fahrrad,,,
27,n,sim,WEAK,department,ufficio,Bereich,,,
28,n,sim,WEAK,depth,fondo,Höhe,,,
29,n,sim,WEAK,display,manifestazione,Ausstellung,,,
30,n,sim,WEAK,distance,distanza,Strecke,,,
31,n,sim,WEAK,district,quartiere,Kreis,,,
32,n,sim,WEAK,door,porta,Tor,,,
33,n,sim,WEAK,draft,trazione,Zug,,,
34,n,sim,WEAK,drift,corso,Richtung,,,
35,n,sim,WEAK,drive,trazione,Tour,,,
36,n,sim,WEAK,dwelling,abitazione,Wohnung,,,
37,n,sim,WEAK,edge,bordo,Grenze,,,
38,n,sim,WEAK,end,fondo,Ende,,,
39,n,sim,WEAK,engine,motore,Maschine,,,
40,n,sim,WEAK,equipment,apparecchiatura,Gerät,,,
41,n,sim,WEAK,estate,patrimonio,Gut,,,
42,n,sim,WEAK,facility,infrastruttura,Einrichtung,,,
43,n,sim,WEAK,fashion,modello,Art,,,
44,n,sim,WEAK,frame,telaio,Bild,,,
45,n,sim,WEAK,game,gioco,Vorhaben,,,
46,n,sim,WEAK,gate,porta,Tor,,,
47,n,sim,WEAK,grade,classe,Stufe,,,
48,n,sim,WEAK,ground,terra,Boden,,,
49,n,sim,WEAK,half,mezzo,Seite,,,
50,n,sim,WEAK,hole,apertura,Bau,,,
51,n,sim,WEAK,installation,installazione,Anlage,,,
52,n,sim,WEAK,land,terra,Land,,,
53,n,sim,WEAK,lane,rotta,Spur,,,
54,n,sim,WEAK,layout,tracciato,Anlage,,,
55,n,sim,WEAK,length,tratto,Stück,,,
56,n,sim,WEAK,limit,tetto,Grenze,,,
57,n,sim,WEAK,lock,blocco,Schloss,,,
58,n,sim,WEAK,manner,tipo,Art,,,
59,n,sim,WEAK,map,carta,Karte,,,
60,n,sim,WEAK,matter,fatto,Sache,,,
61,n,sim,WEAK,number,numero,Reihe,,,
62,n,sim,WEAK,office,ufficio,Stelle,,,
63,n,sim,WEAK,panel,pannello,Platte,,,
64,n,sim,WEAK,part,pezzo,Teil,,,
65,n,sim,WEAK,phase,periodo,Stufe,,,
66,n,sim,WEAK,plane,piano,Ebene,,,
67,n,sim,WEAK,play,gioco,Stück,,,
68,n,sim,WEAK,point,punto,Stelle,,,
69,n,sim,WEAK,pool,piscina,See,,,
70,n,sim,WEAK,port,porta,Hafen,,,
71,n,sim,WEAK,property,patrimonio,Objekt,,,
72,n,sim,WEAK,proportion,misura,Verhältnis,,,
73,n,sim,WEAK,quarter,quartiere,Seite,,,
74,n,sim,WEAK,rail,ferrovia,Gleis,,,
75,n,sim,WEAK,railway,ferrovia,Bahn,,,
76,n,sim,WEAK,reach,distanza,Strecke,,,
77,n,sim,WEAK,ride,pista,Fahrt,,,
78,n,sim,WEAK,round,serie,Kreis,,,
79,n,sim,WEAK,run,periodo,Fahrt,,,
80,n,sim,WEAK,runway,pista,Rollbahn,,,
81,n,sim,WEAK,scenario,scenario,Plan,,,
82,n,sim,WEAK,scene,luogo,Bild,,,
83,n,sim,WEAK,schedule,programma,Plan,,,
84,n,sim,WEAK,scope,campo,Raum,,,
85,n,sim,WEAK,seat,sede,Platz,,,
86,n,sim,WEAK,segment,segmento,Abschnitt,,,
87,n,sim,WEAK,shape,corpo,Form,,,
88,n,sim,WEAK,show,manifestazione,Ausstellung,,,
89,n,sim,WEAK,sign,segnale,Spur,,,
90,n,sim,WEAK,size,dimensione,Höhe,,,
91,n,sim,WEAK,sphere,ambiente,Bereich,,,
92,n,sim,WEAK,stage,stadio,Stufe,,,
93,n,sim,WEAK,stand,posizione,Stand,,,
94,n,sim,WEAK,step,misura,Schritt,,,
95,n,sim,WEAK,stop,punto,Haltestelle,,,
96,n,sim,WEAK,top,tetto,Kopf,,,
97,n,sim,WEAK,transition,passaggio,Übergang,,,
98,n,sim,WEAK,truck,carrello,Lkw,,,
99,n,sim,WEAK,view,paesaggio,Blick,,,
100,n,sim,WEAK,volume,capacità,Band,,,
101,n,sim,WEAK,way,via,Weg,,,
102,n,sim,WEAK,whole,complesso,Einheit,,,
103,n,sim,WEAK,wire,filo,Leitung,,,
104,n,sim,WEAK,yard,cantiere,Hof,,,
1,n,cooc,,tunnel,tunnel,Tunnel,0.644,2,bn:00078606n bn:00014056n
2,n,cooc,,crown,corona,Krone,0.572,2,bn:00015405n bn:00024072n
3,n,cooc,,viaduct,viadotto,Viadukt,0.569,1,bn:00079896n
4,n,cooc,,pontoon,pontone,Ponton,0.535,1,bn:00063522n
5,n,cooc,,rail,ferrovia,Schiene,0.527,0,
6,n,cooc,,collapse,crollo,Einsturz,0.525,0,
7,n,cooc,,construction,edificio,Bau,0.525,0,
8,n,cooc,,highway,autostrada,Autobahn,0.525,2,bn:00078690n bn:00032402n
9,n,cooc,,expressway,autostrada,Autobahn,0.523,2,bn:00078690n bn:00032402n
10,n,cooc,,road,strada,Straße,0.509,1,bn:00067975n
11,n,cooc,,harbour,porto,Hafen,0.5,1,bn:00042918n
12,n,cooc,,street,strada,Straße,0.5,2,bn:00074595n bn:00067975n
13,n,cooc,,motorway,autostrada,Autobahn,0.496,2,bn:00078690n bn:00032402n
14,n,cooc,,airport,aeroporto,Flughafen,0.485,1,bn:00001676n
15,n,cooc,,building,edificio,Gebäude,0.477,1,bn:00013722n
16,n,cooc,,railway,ferrovia,Eisenbahn,0.477,1,bn:00066020n
17,n,cooc,,overpass,cavalcavia,Überführung,0.474,1,bn:00035535n
18,n,cooc,,river,fiume,Fluss,0.464,1,bn:00067948n
19,n,cooc,,railroad,ferrovia,Eisenbahn,0.463,1,bn:00066020n
20,n,cooc,,financing,finanziamento,Finanzierung,0.455,2,bn:00034545n bn:00034524n
21,n,cooc,,tower,torre,Turm,0.453,2,bn:00016571n bn:00077766n
22,n,cooc,,flyover,cavalcavia,Überführung,0.451,1,bn:00035535n
23,n,cooc,,aqueduct,acquedotto,Aquädukt,0.45,2,bn:14565475n bn:03086755n
24,n,cooc,,canal,canale,Kanal,0.446,2,bn:00015145n bn:00015144n
25,n,cooc,,rialto,rialto,Rialto,0.436,1,bn:00030329n
26,n,cooc,,danube,danubio,Donau,0.435,1,bn:00025139n
27,n,cooc,,dam,diga,Damm,0.432,1,bn:00025075n
28,n,cooc,,embankment,argine,Damm,0.432,2,bn:00030464n bn:00050859n
29,n,cooc,,arc,arco,Bogen,0.428,1,bn:00005362n
30,n,cooc,,house,casa,Haus,0.421,4,bn:00045000n bn:00000356n bn:00044994n bn:00029305n
31,n,cooc,,crossing,attraversamento,Kreuzung,0.419,1,bn:00016237n
32,n,cooc,,intersection,incrocio,Kreuzung,0.418,1,bn:00016237n
33,n,cooc,,reservoir,serbatoio,Stausee,0.417,0,
34,n,cooc,,site,posto,Stelle,0.417,0,
35,n,cooc,,station,stazione,Bahnhof,0.415,0,
36,n,cooc,,memorial,monumento,Denkmal,0.414,1,bn:00054297n
37,n,cooc,,ferry,traghetto,Fähre,0.413,1,bn:00034131n
38,n,cooc,,metre,metro,Meter,0.401,3,bn:00009400n bn:00054612n bn:00052501n
39,n,cooc,,path,sentiero,Pfad,0.401,0,
40,n,cooc,,ramp,rampa,Rampe,0.399,1,bn:00046304n
41,n,cooc,,ladder,scala,Leiter,0.396,1,bn:00049652n
42,n,cooc,,skyscraper,grattacielo,Wolkenkratzer,0.395,1,bn:00072030n
43,n,cooc,,factory,fabbrica,Fabrik,0.393,1,bn:00032675n
44,n,cooc,,arch,arco,Bogen,0.392,1,bn:00005387n
45,n,cooc,,fountain,fontana,Brunnen,0.387,1,bn:00036076n
46,n,cooc,,mill,mulino,Mühle,0.387,1,bn:00041812n
47,n,cooc,,waterfall,cascata,Wasserfall,0.387,1,bn:00032830n
48,n,cooc,,link,collegamento,Verbindung,0.384,2,bn:00021901n bn:00021912n
49,n,cooc,,palace,palazzo,Palast,0.383,1,bn:00060224n
50,n,cooc,,rope,corda,Seil,0.382,1,bn:00068266n
51,n,cooc,,ship,nave,Schiff,0.377,1,bn:00071103n
52,n,cooc,,monument,monumento,Denkmal,0.366,1,bn:00054297n
53,n,cooc,,castle,castello,Schloss,0.362,1,bn:00016570n
54,n,cooc,,wall,parete,Mauer,0.362,1,bn:00080386n
55,n,cooc,,infrastructure,infrastruttura,Infrastruktur,0.36,2,bn:00008794n bn:00046727n
56,n,cooc,,area,zona,Bereich,0.356,1,bn:00082076n
57,n,cooc,,reconstruction,ricostruzione,Wiederaufbau,0.347,1,bn:00066571n
58,n,cooc,,boat,barca,Boot,0.346,1,bn:00011674n
59,n,cooc,,subway,sottopassaggio,Unterführung,0.345,1,bn:00075016n
60,n,cooc,,trail,sentiero,Weg,0.344,1,bn:00077905n
61,n,cooc,,underpass,sottopassaggio,Unterführung,0.336,1,bn:00075016n
62,n,cooc,,length,lunghezza,Länge,0.331,2,bn:00050662n bn:00027749n
63,n,cooc,,track,pista,Spur,0.331,0,
64,n,cooc,,work,lavoro,Werk,0.329,1,bn:00062309n
65,n,cooc,,structure,struttura,Aufbau,0.325,0,
66,n,cooc,,project,progetto,Projekt,0.324,1,bn:00064665n
67,n,cooc,,square,piazza,Platz,0.319,1,bn:00065099n
68,n,cooc,,pathway,sentiero,Weg,0.314,0,
69,n,cooc,,stretch,tratto,Strecke,0.314,0,
70,n,cooc,,section,sezione,Abschnitt,0.313,1,bn:00070190n
71,n,cooc,,reach,tratto,Strecke,0.312,0,
72,n,cooc,,center,mezzo,Mitte,0.293,0,
73,n,cooc,,place,posto,Platz,0.288,1,bn:00062699n
74,n,cooc,,year,anno,Jahr,0.287,3,bn:00081857n bn:00006662n bn:00078738n
75,n,cooc,,space,posto,Platz,0.277,0,
76,n,cooc,,centre,mezzo,Mitte,0.221,0,
1,n,cooc,WEAK,age,periodo,Alter,,,
2,n,cooc,WEAK,avenue,strada,Weg,,,
3,n,cooc,WEAK,bank,banca,Ufer,,,
4,n,cooc,WEAK,beam,trave,Seite,,,
5,n,cooc,WEAK,blade,filo,Schiene,,,
6,n,cooc,WEAK,border,bordo,Grenze,,,
7,n,cooc,WEAK,bridge,passerella,Brücke,,,
8,n,cooc,WEAK,check,ostacolo,Prüfung,,,
9,n,cooc,WEAK,creek,torrente,Bach,,,
10,n,cooc,WEAK,design,progetto,Konstruktion,,,
11,n,cooc,WEAK,digit,numero,Stelle,,,
12,n,cooc,WEAK,earth,massa,Bau,,,
13,n,cooc,WEAK,edge,bordo,Grenze,,,
14,n,cooc,WEAK,footbridge,passerella,Steg,,,
15,n,cooc,WEAK,gap,salto,Lücke,,,
16,n,cooc,WEAK,gate,porta,Tor,,,
17,n,cooc,WEAK,gateway,porta,Tor,,,
18,n,cooc,WEAK,grade,classe,Note,,,
19,n,cooc,WEAK,height,cima,Höhe,,,
20,n,cooc,WEAK,institution,opera,Eröffnung,,,
21,n,cooc,WEAK,lane,vicolo,Spur,,,
22,n,cooc,WEAK,line,linea,Strecke,,,
23,n,cooc,WEAK,phase,fase,Abschnitt,,,
24,n,cooc,WEAK,pier,banchina,Mole,,,
25,n,cooc,WEAK,platform,piattaforma,Gleis,,,
26,n,cooc,WEAK,point,punto,Stelle,,,
27,n,cooc,WEAK,port,porta,Hafen,,,
28,n,cooc,WEAK,repair,restauro,Reparatur,,,
29,n,cooc,WEAK,result,effetto,Ende,,,
30,n,cooc,WEAK,room,locale,Platz,,,
31,n,cooc,WEAK,route,via,Strecke,,,
32,n,cooc,WEAK,size,misura,Höhe,,,
33,n,cooc,WEAK,span,periodo,Spannweite,,,
34,n,cooc,WEAK,start,partenza,Start,,,
35,n,cooc,WEAK,stream,fiume,Bach,,,
36,n,cooc,WEAK,style,modello,Art,,,
37,n,cooc,WEAK,timber,trave,Holz,,,
38,n,cooc,WEAK,transit,passaggio,Transit,,,
39,n,cooc,WEAK,trestle,traliccio,Gerüst,,,
40,n,cooc,WEAK,turn,numero,Kurve,,,
41,n,cooc,WEAK,walk,passeggiata,Weg,,,
42,n,cooc,WEAK,weir,diga,Wehr,,,
43,n,cooc,WEAK,wire,filo,Seil,,,
1,adj,cooc,,passable,transitabile,befahrbar,0.477,0,
2,adj,cooc,,temporary,provvisorio,provisorisch,0.474,0,
3,adj,cooc,,old,vecchio,alt,0.444,2,bn:00107786a bn:00104306a
4,adj,cooc,,narrow,stretto,schmal,0.423,0,
5,adj,cooc,,floating,galleggiante,schwimmend,0.417,0,
6,adj,cooc,,long,lungo,lang,0.413,1,bn:00106124a
7,adj,cooc,,covered,coperto,gedeckt,0.396,0,
8,adj,cooc,,new,nuovo,neu,0.392,1,bn:00107267a
9,adj,cooc,,ancient,antico,alt,0.388,0,
10,adj,cooc,,movable,mobile,beweglich,0.382,0,
11,adj,cooc,,short,piccolo,klein,0.381,0,
12,adj,cooc,,famous,famoso,berühmt,0.368,1,bn:00099411a
13,adj,cooc,,cross-border,transfrontaliero,grenzübergreifend,0.356,0,
14,adj,cooc,,historic,storico,historisch,0.349,1,bn:00104223a
15,adj,cooc,,medieval,medievale,mittelalterlich,0.349,1,bn:00106547a
16,adj,cooc,,sound,solido,fest,0.337,0,
17,adj,cooc,,picturesque,pittoresco,malerisch,0.314,1,bn:00108587a
18,adj,cooc,,symbolic,simbolico,symbolisch,0.314,0,
19,adj,cooc,,solid,solido,fest,0.305,1,bn:00103937a
20,adj,cooc,,permanent,fisso,fest,0.297,0,
21,adj,cooc,,stable,stabile,stabil,0.294,0,
22,adj,cooc,,small,piccolo,klein,0.251,0,
23,adj,cooc,,important,importante,wichtig,0.153,0,
24,adj,cooc,,significant,importante,wichtig,0.151,0,
25,adj,cooc,,big,importante,wichtig,0.096,0,
1,adj,cooc,WEAK,clear,libero,direkt,,,
2,adj,cooc,WEAK,closed,chiuso,gesperrt,,,
3,adj,cooc,WEAK,existing,esistente,vorhanden,,,
4,adj,cooc,WEAK,great,grandioso,wichtig,,,
5,adj,cooc,WEAK,high,alto,blau,,,
6,adj,cooc,WEAK,large,spazioso,lang,,,
7,adj,cooc,WEAK,loose,libero,leicht,,,
8,adj,cooc,WEAK,low,basso,klein,,,
9,adj,cooc,WEAK,ready,pronto,fertig,,,
10,adj,cooc,WEAK,secure,sicuro,fest,,,
11,adj,cooc,WEAK,several,diverso,jeweilig,,,
12,adj,cooc,WEAK,single,solo,einzeln,,,
13,adj,cooc,WEAK,straight,liscio,direkt,,,
14,adj,cooc,WEAK,sturdy,solido,stabil,,,
15,adj,cooc,WEAK,tall,alto,lang,,,
16,adj,cooc,WEAK,typical,proprio,symbolisch,,,
17,adj,cooc,WEAK,unstable,mobile,schwankend,,,
18,adj,cooc,WEAK,wide,intero,breit,,,
19,adj,cooc,WEAK,wooden,rigido,hölzern,,,
1,v,cooc,,cross,attraversare,überqueren,0.64,0,
2,v,cooc,,build,costruire,bauen,0.552,1,bn:00084198v
3,v,cooc,,traverse,attraversare,überqueren,0.525,0,
4,v,cooc,,collapse,crollare,einstürzen,0.471,0,
5,v,cooc,,link,collegare,verbinden,0.448,1,bn:00085623v
6,v,cooc,,throw,gettare,werfen,0.445,1,bn:00094934v
7,v,cooc,,construct,costruire,konstruieren,0.442,1,bn:00084198v
8,v,cooc,,destroy,distruggere,zerstören,0.429,2,bn:00086699v bn:00086698v
9,v,cooc,,swing,oscillare,schwingen,0.428,0,
10,v,cooc,,crumble,crollare,bröckeln,0.402,0,
11,v,cooc,,replace,sostituire,ersetzen,0.39,2,bn:00092817v bn:00087802v
12,v,cooc,,burn,bruciare,brennen,0.379,1,bn:00084270v
13,v,cooc,,connect,collegare,verbinden,0.375,1,bn:00085623v
14,v,cooc,,repair,riparare,reparieren,0.368,2,bn:00084308v bn:00082576v
15,v,cooc,,damage,danneggiare,beschädigen,0.362,1,bn:00086494v
16,v,cooc,,break,rompere,brechen,0.361,2,bn:00083904v bn:00083950v
17,v,cooc,,wreck,distruggere,zerstören,0.355,0,
18,v,cooc,,rest,poggiare,ruhen,0.348,0,
19,v,cooc,,erect,erigere,errichten,0.34,0,
20,v,cooc,,design,progettare,entwerfen,0.336,0,
21,v,cooc,,form,formare,bilden,0.333,1,bn:00088490v
22,v,cooc,,jump,saltare,springen,0.332,1,bn:00090015v
23,v,cooc,,extend,estendere,verlängern,0.331,0,
24,v,cooc,,turn,girare,abbiegen,0.329,2,bn:00086173v bn:00095233v
25,v,cooc,,fortify,fortificare,befestigen,0.327,0,
26,v,cooc,,lift,alzare,heben,0.327,1,bn:00084110v
27,v,cooc,,pass,passare,passieren,0.326,1,bn:00091307v
28,v,cooc,,mend,riparare,reparieren,0.32,1,bn:00084308v
29,v,cooc,,bridge,colmare,überbrücken,0.314,0,
30,v,cooc,,reach,raggiungere,erreichen,0.313,2,bn:00082901v bn:00082226v
31,v,cooc,,withstand,resistere,standhalten,0.313,0,
32,v,cooc,,create,creare,schaffen,0.312,1,bn:00086009v
33,v,cooc,,remove,eliminare,entfernen,0.312,0,
34,v,cooc,,dismantle,smontare,demontieren,0.311,1,bn:00083956v
35,v,cooc,,exceed,superare,überschreiten,0.302,0,
36,v,cooc,,lower,abbassare,senken,0.296,0,
37,v,cooc,,pop,saltare,springen,0.296,0,
38,v,cooc,,reinforce,rafforzare,verstärken,0.292,0,
39,v,cooc,,photograph,fotografare,fotografieren,0.288,1,bn:00091585v
40,v,cooc,,climb,salire,klettern,0.287,0,
41,v,cooc,,inaugurate,inaugurare,eröffnen,0.285,0,
42,v,cooc,,complete,completare,abschließen,0.284,0,
43,v,cooc,,block,bloccare,blockieren,0.283,2,bn:00083103v bn:00083630v
44,v,cooc,,install,installare,installieren,0.282,1,bn:00089785v
45,v,cooc,,depart,partire,abfahren,0.279,0,
46,v,cooc,,reduce,abbassare,senken,0.279,0,
47,v,cooc,,open,aprire,öffnen,0.278,0,
48,v,cooc,,seize,prendere,nehmen,0.276,0,
49,v,cooc,,serve,servire,dienen,0.275,1,bn:00082867v
50,v,cooc,,use,utilizzare,verwenden,0.275,1,bn:00082705v
51,v,cooc,,strengthen,rafforzare,verstärken,0.273,1,bn:00083317v
52,v,cooc,,leave,partire,verlassen,0.27,1,bn:00087845v
53,v,cooc,,exist,esistere,existieren,0.262,1,bn:00083184v
54,v,cooc,,stay,rimanere,bleiben,0.257,3,bn:00091562v bn:00092756v bn:00085719v
55,v,cooc,,allow,consentire,erlauben,0.253,0,
56,v,cooc,,remain,rimanere,bleiben,0.252,3,bn:00091562v bn:00092756v bn:00085719v
57,v,cooc,,mark,segnare,markieren,0.248,0,
58,v,cooc,,cost,costare,kosten,0.229,0,
59,v,cooc,,maintain,mantenere,halten,0.229,0,
60,v,cooc,,represent,rappresentare,darstellen,0.224,1,bn:00083187v
61,v,cooc,,wait,aspettare,warten,0.222,1,bn:00089401v
62,v,cooc,,end,terminare,enden,0.22,0,
63,v,cooc,,fall,cadere,fallen,0.218,2,bn:00087976v bn:00087979v
64,v,cooc,,begin,iniziare,beginnen,0.214,2,bn:00083342v bn:00083340v
65,v,cooc,,start,iniziare,beginnen,0.214,2,bn:00083342v bn:00083340v
66,v,cooc,,see,vedere,sehen,0.211,2,bn:00092443v bn:00093430v
67,v,cooc,,follow,seguire,folgen,0.21,1,bn:00088020v
68,v,cooc,,permit,permettere,erlauben,0.199,1,bn:00082536v
69,v,cooc,,drop,cadere,fallen,0.179,0,
70,v,cooc,,operate,operare,arbeiten,0.165,0,
71,v,cooc,,provide,offrire,bieten,0.156,0,
72,v,cooc,,give,dare,geben,0.152,2,bn:00088815v bn:00088825v
73,v,cooc,,come,venire,kommen,0.148,1,bn:00085335v
74,v,cooc,,get,arrivare,erhalten,0.148,0,
75,v,cooc,,bring,portare,bringen,0.146,1,bn:00084058v
76,v,cooc,,offer,offrire,bieten,0.138,0,
77,v,cooc,,seem,sembrare,scheinen,0.083,1,bn:00082690v
1,v,cooc,WEAK,abandon,cedere,verlassen,,,
2,v,cooc,WEAK,accommodate,ospitare,dienen,,,
3,v,cooc,WEAK,affect,interessare,betreffen,,,
4,v,cooc,WEAK,appear,apparire,scheinen,,,
5,v,cooc,WEAK,approach,accedere,angehen,,,
6,v,cooc,WEAK,attach,unire,befestigen,,,
7,v,cooc,WEAK,be,diventare,liegen,,,
8,v,cooc,WEAK,bear,portare,tragen,,,
9,v,cooc,WEAK,become,diventare,stehen,,,
10,v,cooc,WEAK,calculate,credere,rechnen,,,
11,v,cooc,WEAK,capture,prendere,schlagen,,,
12,v,cooc,WEAK,carry,portare,tragen,,,
13,v,cooc,WEAK,cause,mettere,veranlassen,,,
14,v,cooc,WEAK,characterise,caratterizzare,prägen,,,
15,v,cooc,WEAK,characterize,caratterizzare,prägen,,,
16,v,cooc,WEAK,close,chiudere,abschließen,,,
17,v,cooc,WEAK,consider,considerare,prüfen,,,
18,v,cooc,WEAK,cut,tagliare,senken,,,
19,v,cooc,WEAK,decrease,scendere,senken,,,
20,v,cooc,WEAK,deem,credere,befinden,,,
21,v,cooc,WEAK,demolish,demolire,zerstören,,,
22,v,cooc,WEAK,determine,risolvere,bestimmen,,,
23,v,cooc,WEAK,divide,dividere,trennen,,,
24,v,cooc,WEAK,draw,disegnare,lenken,,,
25,v,cooc,WEAK,enable,permettere,ermöglichen,,,
26,v,cooc,WEAK,enhance,aumentare,heben,,,
27,v,cooc,WEAK,establish,stabilire,schaffen,,,
28,v,cooc,WEAK,expect,aspettare,bekommen,,,
29,v,cooc,WEAK,feature,caratterizzare,bringen,,,
30,v,cooc,WEAK,finish,terminare,abschließen,,,
31,v,cooc,WEAK,fix,sistemare,befestigen,,,
32,v,cooc,WEAK,float,lanciare,schweben,,,
33,v,cooc,WEAK,fly,sventolare,führen,,,
34,v,cooc,WEAK,go,partire,gehen,,,
35,v,cooc,WEAK,grow,aumentare,entstehen,,,
36,v,cooc,WEAK,guard,sorvegliare,bewachen,,,
37,v,cooc,WEAK,hang,sospendere,aufhängen,,,
38,v,cooc,WEAK,have,disporre,machen,,,
39,v,cooc,WEAK,head,intitolare,gehen,,,
40,v,cooc,WEAK,hit,raggiungere,treffen,,,
41,v,cooc,WEAK,improve,migliorare,heben,,,
42,v,cooc,WEAK,include,comprendere,rechnen,,,
43,v,cooc,WEAK,increase,aumentare,verstärken,,,
44,v,cooc,WEAK,indicate,indicare,hinweisen,,,
45,v,cooc,WEAK,join,unire,verbinden,,,
46,v,cooc,WEAK,last,resistere,dauern,,,
47,v,cooc,WEAK,lead,portare,führen,,,
48,v,cooc,WEAK,lie,rimanere,liegen,,,
49,v,cooc,WEAK,locate,situare,finden,,,
50,v,cooc,WEAK,look,sembrare,aussehen,,,
51,v,cooc,WEAK,mean,dire,heißen,,,
52,v,cooc,WEAK,name,denominare,benennen,,,
53,v,cooc,WEAK,navigate,traversare,lenken,,,
54,v,cooc,WEAK,need,occorrere,brauchen,,,
55,v,cooc,WEAK,owe,dovere,verdanken,,,
56,v,cooc,WEAK,pierce,forare,zerschneiden,,,
57,v,cooc,WEAK,play,giocare,machen,,,
58,v,cooc,WEAK,pose,creare,stellen,,,
59,v,cooc,WEAK,preserve,conservare,erhalten,,,
60,v,cooc,WEAK,project,progettare,planen,,,
61,v,cooc,WEAK,prove,risultare,prüfen,,,
62,v,cooc,WEAK,range,oscillare,schwanken,,,
63,v,cooc,WEAK,rate,considerare,rechnen,,,
64,v,cooc,WEAK,rebuild,ricostruire,aufbauen,,,
65,v,cooc,WEAK,reconstruct,ricostruire,erschließen,,,
66,v,cooc,WEAK,refer,rimandare,hinweisen,,,
67,v,cooc,WEAK,rehabilitate,riabilitare,sanieren,,,
68,v,cooc,WEAK,renovate,ristrutturare,erneuern,,,
69,v,cooc,WEAK,require,volere,erfordern,,,
70,v,cooc,WEAK,restore,ripristinare,herstellen,,,
71,v,cooc,WEAK,result,risultare,entstehen,,,
72,v,cooc,WEAK,retain,conservare,beauftragen,,,
73,v,cooc,WEAK,run,funzionare,laufen,,,
74,v,cooc,WEAK,sag,cedere,sacken,,,
75,v,cooc,WEAK,schedule,stabilire,planen,,,
76,v,cooc,WEAK,secure,garantire,befestigen,,,
77,v,cooc,WEAK,separate,dividere,trennen,,,
78,v,cooc,WEAK,set,stabilire,stellen,,,
79,v,cooc,WEAK,shake,traballare,beben,,,
80,v,cooc,WEAK,sit,resistere,sitzen,,,
81,v,cooc,WEAK,snap,spezzare,reißen,,,
82,v,cooc,WEAK,span,attraversare,überspannen,,,
83,v,cooc,WEAK,stand,resistere,stehen,,,
84,v,cooc,WEAK,strain,tendere,passieren,,,
85,v,cooc,WEAK,stretch,tendere,spannen,,,
86,v,cooc,WEAK,strike,trovare,schlagen,,,
87,v,cooc,WEAK,support,mantenere,tragen,,,
88,v,cooc,WEAK,suspend,sospendere,aufhängen,,,
89,v,cooc,WEAK,sustain,mantenere,erhalten,,,
90,v,cooc,WEAK,sway,oscillare,schwanken,,,
91,v,cooc,WEAK,symbolize,rappresentare,symbolisieren,,,
92,v,cooc,WEAK,travel,percorrere,wandern,,,
93,v,cooc,WEAK,unite,unire,verbinden,,,
94,v,cooc,WEAK,walk,percorrere,gehen,,,
95,v,cooc,WEAK,wander,girare,wandern,,,
