idx_group,pos,rel,weak,lex_en,lex_it,lex_de,score,bs_count,babel_synsets
0,n,head,,hill colina loma,collina poggio montuosità,Hügel,,1,bn:00044141n
1,n,sim,,mountain,montagna,Berg,0.313,2,bn:00008985n bn:00056068n
2,n,sim,,coast,costa,Küste,0.286,1,bn:00020164n
3,n,sim,,rock,roccia,Felsen,0.265,1,bn:13886970n
4,n,sim,,north,nord,Norden,0.263,2,bn:00029051n bn:00057102n
5,n,sim,,park,parco,Park,0.259,3,bn:00015795n bn:00021051n bn:00060690n
6,n,sim,,street,strada,Straße,0.259,2,bn:00067975n bn:00074595n
7,n,sim,,landscape,paesaggio,Landschaft,0.258,1,bn:01321349n
8,n,sim,,lake,lago,See,0.257,1,bn:00049709n
9,n,sim,,slope,pendio,Hang,0.256,0,
10,n,sim,,area,zona,Gebiet,0.254,1,bn:00082076n
11,n,sim,,valley,valle,Tal,0.254,1,bn:00079476n
12,n,sim,,south,sud,Süden,0.253,2,bn:00073013n bn:00029053n
13,n,sim,,beach,spiaggia,Strand,0.252,1,bn:00009263n
14,n,sim,,coastline,costa,Küste,0.252,0,
15,n,sim,,road,strada,Straße,0.246,1,bn:00067975n
16,n,sim,,zone,zona,Gebiet,0.243,1,bn:00082076n
17,n,sim,,castle,castello,Schloss,0.241,1,bn:00016570n
18,n,sim,,center,centro,Zentrum,0.238,2,bn:00017130n bn:00017123n
19,n,sim,,station,stazione,Station,0.238,1,bn:00074049n
20,n,sim,,neighborhood,quartiere,Umgebung,0.237,0,
21,n,sim,,centre,centro,Zentrum,0.236,2,bn:00017130n bn:00017123n
22,n,sim,,village,villaggio,Dorf,0.236,1,bn:00042729n
23,n,sim,,river,fiume,Fluss,0.232,1,bn:00067948n
24,n,sim,,countryside,campagna,Landschaft,0.23,0,
25,n,sim,,meadow,prato,Wiese,0.23,1,bn:00043214n
26,n,sim,,sky,cielo,Himmel,0.228,1,bn:00072016n
27,n,sim,,building,edificio,Gebäude,0.226,1,bn:00013722n
28,n,sim,,island,isola,Insel,0.226,1,bn:00047612n
29,n,sim,,corner,angolo,Ecke,0.22,3,bn:00022740n bn:00022734n bn:00022736n
30,n,sim,,forest,foresta,Wald,0.22,1,bn:00035868n
31,n,sim,,track,pista,Spur,0.217,0,
32,n,sim,,cliff,scogliera,Klippe,0.216,0,
33,n,sim,,territory,territorio,Gebiet,0.216,0,
34,n,sim,,woodland,bosco,Wald,0.216,1,bn:00035869n
35,n,sim,,top,cima,Spitze,0.214,2,bn:00077608n bn:00000943n
36,n,sim,,garden,giardino,Garten,0.213,1,bn:00037300n
37,n,sim,,hillside,pendio,Hang,0.208,0,
38,n,sim,,sea,mare,Meer,0.206,1,bn:00069946n
39,n,sim,,path,sentiero,Pfad,0.202,0,
40,n,sim,,tower,torre,Turm,0.202,2,bn:00016571n bn:00077766n
41,n,sim,,bay,baia,Bucht,0.201,1,bn:00009212n
42,n,sim,,lawn,prato,Rasen,0.2,1,bn:00050284n
43,n,sim,,terrain,terreno,Terrain,0.2,0,
44,n,sim,,beauty,bellezza,Schönheit,0.197,2,bn:00009439n bn:00009436n
45,n,sim,,pool,piscina,Becken,0.197,0,
46,n,sim,,plateau,altopiano,Plateau,0.196,1,bn:00062891n
47,n,sim,,field,campo,Feld,0.19,4,bn:00006752n bn:00034265n bn:00034273n bn:00034267n
48,n,sim,,foot,piede,Fuß,0.19,2,bn:00035679n bn:00035680n
49,n,sim,,tree,albero,Baum,0.19,1,bn:00078131n
50,n,sim,,bridge,ponte,Brücke,0.189,2,bn:00013083n bn:00013077n
51,n,sim,,sun,sole,Sonne,0.189,2,bn:00075170n bn:00075173n
52,n,sim,,desert,deserto,Wüste,0.188,1,bn:00026519n
53,n,sim,,tunnel,galleria,Tunnel,0.188,1,bn:00078606n
54,n,sim,,cave,grotta,Höhle,0.187,1,bn:00016878n
55,n,sim,,wood,legno,Wald,0.187,1,bn:06534338n
56,n,sim,,stone,pietra,Stein,0.185,2,bn:00068045n bn:00068046n
57,n,sim,,earth,terra,Erde,0.184,5,bn:00028934n bn:00029429n bn:00029425n bn:00029424n bn:00029427n
58,n,sim,,sand,sabbia,Sand,0.184,1,bn:00069126n
59,n,sim,,avenue,viale,Allee,0.183,1,bn:00007448n
60,n,sim,,wall,parete,Wand,0.183,2,bn:00060663n bn:00080386n
61,n,sim,,terrace,terrazza,Terrasse,0.18,1,bn:00061019n
62,n,sim,,east,est,Osten,0.178,3,bn:00073013n bn:00029463n bn:00029050n
63,n,sim,,flower,fiore,Blume,0.178,2,bn:00011422n bn:00035378n
64,n,sim,,bank,riva,Ufer,0.176,2,bn:00008363n bn:00071235n
65,n,sim,,line,tratto,Strecke,0.174,0,
66,n,sim,,shore,riva,Ufer,0.174,2,bn:00008363n bn:00071235n
67,n,sim,,yard,cortile,Hof,0.173,1,bn:00024541n
68,n,sim,,peak,punta,Spitze,0.17,0,
69,n,sim,,snow,neve,Schnee,0.169,3,bn:00072456n bn:00072455n bn:00011445n
70,n,sim,,end,punta,Spitze,0.168,0,
71,n,sim,,grass,erba,Gras,0.167,2,bn:00041433n bn:00015287n
72,n,sim,,place,luogo,Ort,0.163,2,bn:00051760n bn:00062699n
73,n,sim,,roof,tetto,Dach,0.163,1,bn:00068220n
74,n,sim,,pond,laghetto,Teich,0.162,1,bn:00063508n
75,n,sim,,wilderness,deserto,Wüste,0.161,0,
76,n,sim,,stretch,tratto,Strecke,0.159,0,
77,n,sim,,soil,suolo,Boden,0.157,1,bn:00041883n
78,n,sim,,farm,fattoria,Bauernhof,0.154,1,bn:00033676n
79,n,sim,,route,itinerario,Route,0.149,1,bn:00047741n
80,n,sim,,waterfall,cascata,Wasserfall,0.149,1,bn:00032830n
81,n,sim,,dune,duna,Düne,0.145,1,bn:00029124n
82,n,sim,,centro,centro,Zentrum,0.142,3,bn:00017123n bn:00017130n bn:00014155n
83,n,sim,,surface,superficie,Oberfläche,0.14,1,bn:21705848n
84,n,sim,,court,tribunale,Hof,0.132,0,
85,n,sim,,highway,autostrada,Autobahn,0.128,2,bn:00078690n bn:00032402n
86,n,sim,,pasture,pascolo,Weide,0.126,1,bn:00041543n
87,n,sim,,canyon,canyon,Schlucht,0.122,2,bn:00066290n bn:00015322n
88,n,sim,,cottage,casolare,Hütte,0.12,0,
89,n,sim,,fence,staccionata,Zaun,0.113,0,
90,n,sim,,laguna,laguna,Lagune,0.087,1,bn:00049696n
1,n,sim,WEAK,back,dosso,Rückseite,,,
2,n,sim,WEAK,base,centro,Boden,,,
3,n,sim,WEAK,block,masso,Stein,,,
4,n,sim,WEAK,border,confine,Rand,,,
5,n,sim,WEAK,branch,sezione,Ast,,,
6,n,sim,WEAK,circle,ambiente,Rand,,,
7,n,sim,WEAK,course,campo,Gang,,,
8,n,sim,WEAK,creek,torrente,Bach,,,
9,n,sim,WEAK,deck,ponte,Terrasse,,,
10,n,sim,WEAK,department,sezione,Gebiet,,,
11,n,sim,WEAK,district,quartiere,Gebiet,,,
12,n,sim,WEAK,edge,sponda,Rand,,,
13,n,sim,WEAK,estate,podere,Anwesen,,,
14,n,sim,WEAK,face,facciata,Fläche,,,
15,n,sim,WEAK,floor,terra,Boden,,,
16,n,sim,WEAK,front,facciata,Spitze,,,
17,n,sim,WEAK,green,prato,Grün,,,
18,n,sim,WEAK,ground,terra,Boden,,,
19,n,sim,WEAK,hall,salone,Flur,,,
20,n,sim,WEAK,land,terra,Boden,,,
21,n,sim,WEAK,lane,vicolo,Spur,,,
22,n,sim,WEAK,pit,cava,Loch,,,
23,n,sim,WEAK,plain,pianura,Ebene,,,
24,n,sim,WEAK,region,regione,Gebiet,,,
25,n,sim,WEAK,ridge,cresta,Rücken,,,
26,n,sim,WEAK,run,scala,Strecke,,,
27,n,sim,WEAK,scene,luogo,Landschaft,,,
28,n,sim,WEAK,scenery,scenario,Landschaft,,,
29,n,sim,WEAK,section,sezione,Strecke,,,
30,n,sim,WEAK,settlement,comunità,Siedlung,,,
31,n,sim,WEAK,side,lato,Rand,,,
32,n,sim,WEAK,site,luogo,Gelände,,,
33,n,sim,WEAK,spot,luogo,Fleck,,,
34,n,sim,WEAK,square,piazza,Feld,,,
35,n,sim,WEAK,stair,scala,Stufe,,,
36,n,sim,WEAK,star,stella,Fleck,,,
37,n,sim,WEAK,stream,ruscello,Bach,,,
38,n,sim,WEAK,summit,cima,Gipfel,,,
39,n,sim,WEAK,town,città,Ortschaft,,,
40,n,sim,WEAK,trail,sentiero,Spur,,,
41,n,sim,WEAK,walk,passeggiata,Wanderung,,,
1,n,cooc,,mountain,montagna,Berg,0.564,2,bn:00008985n bn:00056068n
2,n,cooc,,vineyard,vigneto,Weinberg,0.473,1,bn:00080018n
3,n,cooc,,top,cima,Spitze,0.47,2,bn:00077608n bn:00000943n
4,n,cooc,,foot,piede,Fuß,0.461,2,bn:00035679n bn:00035680n
5,n,cooc,,cypress,cipresso,Zypresse,0.449,2,bn:00024436n bn:00024845n
6,n,cooc,,plateau,altopiano,Plateau,0.447,1,bn:00062891n
7,n,cooc,,climb,salita,Anstieg,0.44,0,
8,n,cooc,,dale,vallata,Tal,0.438,1,bn:00079476n
9,n,cooc,,pasture,pascolo,Weide,0.423,1,bn:00041543n
10,n,cooc,,slope,pendio,Steigung,0.419,0,
11,n,cooc,,rock,roccia,Felsen,0.418,1,bn:13886970n
12,n,cooc,,cliff,scogliera,Klippe,0.416,0,
13,n,cooc,,vista,vista,Aussicht,0.408,3,bn:00032558n bn:00071511n bn:00006384n
14,n,cooc,,pond,laghetto,Teich,0.407,1,bn:00063508n
15,n,cooc,,sea,mare,Meer,0.406,1,bn:00069946n
16,n,cooc,,loch,lago,See,0.404,0,
17,n,cooc,,field,campo,Feld,0.396,4,bn:00006752n bn:00034265n bn:00034273n bn:00034267n
18,n,cooc,,ridge,crinale,Grat,0.396,0,
19,n,cooc,,dune,duna,Düne,0.395,1,bn:00029124n
20,n,cooc,,lake,lago,See,0.395,1,bn:00049709n
21,n,cooc,,bridge,ponte,Brücke,0.392,2,bn:00013083n bn:00013077n
22,n,cooc,,trail,sentiero,Pfad,0.39,0,
23,n,cooc,,knoll,poggio,Hügel,0.386,1,bn:00042745n
24,n,cooc,,wood,bosco,Wald,0.383,2,bn:00035869n bn:00035868n
25,n,cooc,,bay,baia,Bucht,0.382,1,bn:00009212n
26,n,cooc,,river,fiume,Fluss,0.38,1,bn:00067948n
27,n,cooc,,woodland,bosco,Wald,0.38,1,bn:00035869n
28,n,cooc,,shore,riva,Ufer,0.379,2,bn:00008363n bn:00071235n
29,n,cooc,,castle,castello,Schloss,0.378,1,bn:00016570n
30,n,cooc,,swamp,palude,Sumpf,0.376,1,bn:00075499n
31,n,cooc,,countryside,campagna,Landschaft,0.375,0,
32,n,cooc,,path,sentiero,Pfad,0.374,0,
33,n,cooc,,beach,spiaggia,Strand,0.372,1,bn:00009263n
34,n,cooc,,vegetation,vegetazione,Vegetation,0.371,3,bn:00079674n bn:00012321n bn:00035324n
35,n,cooc,,tree,albero,Baum,0.369,1,bn:00078131n
36,n,cooc,,marsh,palude,Sumpf,0.365,1,bn:00034046n
37,n,cooc,,forest,foresta,Wald,0.363,1,bn:00035868n
38,n,cooc,,ground,terreno,Gelände,0.361,0,
39,n,cooc,,terrain,terreno,Gelände,0.36,0,
40,n,cooc,,cave,grotta,Höhle,0.355,1,bn:00016878n
41,n,cooc,,sky,cielo,Himmel,0.353,1,bn:00072016n
42,n,cooc,,park,parco,Park,0.349,3,bn:00015795n bn:00021051n bn:00060690n
43,n,cooc,,verde,verde,Grün,0.348,2,bn:00041648n bn:00041703n
44,n,cooc,,country,paese,Land,0.346,2,bn:00023235n bn:00023236n
45,n,cooc,,village,villaggio,Dorf,0.345,1,bn:00042729n
46,n,cooc,,scenery,paesaggio,Landschaft,0.341,0,
47,n,cooc,,landscape,paesaggio,Landschaft,0.332,1,bn:01321349n
48,n,cooc,,house,casa,Haus,0.329,4,bn:00044994n bn:00000356n bn:00029305n bn:00045000n
49,n,cooc,,view,vista,Blick,0.328,0,
50,n,cooc,,district,zona,Gegend,0.326,0,
51,n,cooc,,coastline,costa,Küste,0.325,0,
52,n,cooc,,snow,neve,Schnee,0.324,3,bn:00072456n bn:00072455n bn:00011445n
53,n,cooc,,coast,costa,Küste,0.318,1,bn:00020164n
54,n,cooc,,meadow,prato,Wiese,0.318,1,bn:00043214n
55,n,cooc,,area,zona,Gegend,0.311,0,
56,n,cooc,,home,casa,Haus,0.304,2,bn:00044994n bn:00000356n
57,n,cooc,,valley,valle,Tal,0.293,1,bn:00079476n
58,n,cooc,,road,strada,Straße,0.291,1,bn:00067975n
59,n,cooc,,town,città,Stadt,0.285,1,bn:00077775n
60,n,cooc,,church,chiesa,Kirche,0.27,2,bn:00018995n bn:00018819n
61,n,cooc,,street,strada,Straße,0.226,2,bn:00067975n bn:00074595n
62,n,cooc,,vale,valle,Tal,0.212,1,bn:00079476n
1,n,cooc,WEAK,barrier,sbarra,Hindernis,,,
2,n,cooc,WEAK,base,centro,Fuß,,,
3,n,cooc,WEAK,court,castello,Feld,,,
4,n,cooc,WEAK,creek,torrente,Bach,,,
5,n,cooc,WEAK,estate,campagna,Siedlung,,,
6,n,cooc,WEAK,flat,appartamento,Ebene,,,
7,n,cooc,WEAK,garden,giardino,Park,,,
8,n,cooc,WEAK,gorge,gola,Schlucht,,,
9,n,cooc,WEAK,grassland,prateria,Wiese,,,
10,n,cooc,WEAK,green,prato,Grün,,,
11,n,cooc,WEAK,hollow,buca,Höhle,,,
12,n,cooc,WEAK,land,terreno,Land,,,
13,n,cooc,WEAK,neighborhood,vicinanza,Umgebung,,,
14,n,cooc,WEAK,neighbourhood,vicinanza,Umgebung,,,
15,n,cooc,WEAK,peak,vetta,Spitze,,,
16,n,cooc,WEAK,plain,pianura,Ebene,,,
17,n,cooc,WEAK,range,campo,Kette,,,
18,n,cooc,WEAK,region,regione,Gegend,,,
19,n,cooc,WEAK,sand,spiaggia,Sand,,,
20,n,cooc,WEAK,stream,ruscello,Bach,,,
21,n,cooc,WEAK,tower,torre,Festung,,,
22,n,cooc,WEAK,walk,passo,Spaziergang,,,
23,n,cooc,WEAK,way,strada,Richtung,,,
24,n,cooc,WEAK,zone,zona,Horizont,,,
1,adj,cooc,,wooded,boscoso,bewaldet,0.621,0,
2,adj,cooc,,forested,boscoso,bewaldet,0.609,0,
3,adj,cooc,,steep,ripido,steil,0.596,0,
4,adj,cooc,,green,verde,grün,0.562,1,bn:00100914a
5,adj,cooc,,verdant,verdeggiante,grün,0.556,0,
6,adj,cooc,,tuscan,toscano,toskanisch,0.531,0,
7,adj,cooc,,rocky,roccioso,felsig,0.518,1,bn:00098748a
8,adj,cooc,,surrounding,circostante,umliegend,0.516,0,
9,adj,cooc,,precipitous,ripido,steil,0.455,0,
10,adj,cooc,,grassy,erboso,grasig,0.445,0,
11,adj,cooc,,lush,lussureggiante,üppig,0.433,0,
12,adj,cooc,,picturesque,pittoresco,malerisch,0.425,1,bn:00108587a
13,adj,cooc,,distant,distante,entfernt,0.408,0,
14,adj,cooc,,artificial,artificiale,künstlich,0.403,0,
15,adj,cooc,,adjacent,adiacente,benachbart,0.384,1,bn:00096456a
16,adj,cooc,,stony,sassoso,steinig,0.379,1,bn:00098748a
17,adj,cooc,,sandy,sabbioso,sandig,0.378,0,
18,adj,cooc,,near,vicino,nahe,0.366,0,
19,adj,cooc,,volcanic,vulcanico,vulkanisch,0.363,1,bn:00113661a
20,adj,cooc,,fertile,fertile,fruchtbar,0.362,1,bn:00102905a
21,adj,cooc,,majestic,maestoso,majestätisch,0.351,0,
22,adj,cooc,,lofty,alto,hoch,0.336,0,
23,adj,cooc,,tall,alto,hoch,0.323,1,bn:00111630a
24,adj,cooc,,opposite,opposto,gegenüberliegend,0.305,1,bn:00107927a
25,adj,cooc,,flat,pianeggiante,flach,0.296,1,bn:00103058a
26,adj,cooc,,lonely,solitario,einsam,0.294,1,bn:00106122a
27,adj,cooc,,high,alto,hoch,0.281,1,bn:00104162a
28,adj,cooc,,small,piccolo,klein,0.255,0,
29,adj,cooc,,close,vicino,nah,0.24,0,
30,adj,cooc,,slight,lieve,leicht,0.195,0,
1,adj,cooc,WEAK,bare,nudo,kahl,,,
2,adj,cooc,WEAK,barren,arido,karg,,,
3,adj,cooc,WEAK,gentle,dolce,sanft,,,
4,adj,cooc,WEAK,isolated,isolato,abgelegen,,,
5,adj,cooc,WEAK,low,basso,klein,,,
6,adj,cooc,WEAK,naked,nudo,kahl,,,
7,adj,cooc,WEAK,neighboring,vicino,benachbart,,,
8,adj,cooc,WEAK,noticeable,evidente,sichtbar,,,
9,adj,cooc,WEAK,prominent,evidente,markant,,,
10,adj,cooc,WEAK,quiet,tranquillo,sanft,,,
11,adj,cooc,WEAK,rich,ricco,üppig,,,
12,adj,cooc,WEAK,rolling,ondulato,rollend,,,
13,adj,cooc,WEAK,rugged,aspro,zerklüftet,,,
14,adj,cooc,WEAK,scenic,panoramico,malerisch,,,
15,adj,cooc,WEAK,solid,pieno,dicht,,,
16,adj,cooc,WEAK,terrific,stupendo,mächtig,,,
1,v,cooc,,climb,salire,klettern,0.479,0,
2,v,cooc,,surround,circondare,umgeben,0.442,1,bn:00083797v
3,v,cooc,,encircle,circondare,umgeben,0.412,1,bn:00083797v
4,v,cooc,,scale,scalare,erklimmen,0.396,0,
5,v,cooc,,traverse,attraversare,überqueren,0.378,0,
6,v,cooc,,cross,attraversare,überqueren,0.376,0,
7,v,cooc,,top,coprire,bedecken,0.356,0,
8,v,cooc,,surmount,sormontare,überwinden,0.351,0,
9,v,cooc,,crown,coronare,krönen,0.341,0,
10,v,cooc,,dominate,dominare,dominieren,0.324,0,
11,v,cooc,,hide,nascondere,verstecken,0.308,2,bn:00085509v bn:00089332v
12,v,cooc,,ascend,ascendere,steigen,0.304,0,
13,v,cooc,,recapture,riconquistare,zurückerobern,0.295,0,
14,v,cooc,,name,denominare,nennen,0.291,1,bn:00084385v
15,v,cooc,,cover,coprire,decken,0.275,2,bn:00085917v bn:00084032v
16,v,cooc,,characterise,caratterizzare,charakterisieren,0.271,1,bn:00084800v
17,v,cooc,,occupy,occupare,besetzen,0.264,0,
18,v,cooc,,characterize,caratterizzare,charakterisieren,0.263,1,bn:00084800v
19,v,cooc,,form,formare,bilden,0.259,1,bn:00088490v
20,v,cooc,,succeed,susseguire,folgen,0.241,0,
21,v,cooc,,separate,separare,trennen,0.239,0,
22,v,cooc,,inhabit,abitare,leben,0.235,1,bn:00087441v
23,v,cooc,,shelter,proteggere,schützen,0.234,0,
24,v,cooc,,protect,proteggere,schützen,0.232,1,bn:00090041v
25,v,cooc,,conceal,nascondere,verbergen,0.222,0,
26,v,cooc,,call,chiamare,nennen,0.203,1,bn:00084385v
27,v,cooc,,raze,distruggere,zerstören,0.182,0,
28,v,cooc,,offer,offrire,bieten,0.181,0,
29,v,cooc,,recall,ricordare,erinnern,0.17,0,
30,v,cooc,,open,aprire,eröffnen,0.163,0,
31,v,cooc,,visit,visitare,besuchen,0.162,2,bn:00093433v bn:00084390v
32,v,cooc,,play,rappresentare,darstellen,0.161,0,
33,v,cooc,,appear,apparire,erscheinen,0.159,2,bn:00082691v bn:00082690v
34,v,cooc,,reach,raggiungere,erreichen,0.155,2,bn:00082226v bn:00082901v
35,v,cooc,,catch,prendere,fangen,0.149,1,bn:00084654v
36,v,cooc,,look,guardare,aussehen,0.149,0,
37,v,cooc,,seize,prendere,nehmen,0.139,0,
38,v,cooc,,remind,ricordare,erinnern,0.137,0,
39,v,cooc,,watch,guardare,beobachten,0.137,0,
40,v,cooc,,take,prendere,nehmen,0.133,3,bn:00094731v bn:00085689v bn:00088762v
41,v,cooc,,start,iniziare,beginnen,0.129,2,bn:00083340v bn:00083342v
42,v,cooc,,tumble,cadere,fallen,0.122,0,
43,v,cooc,,hit,colpire,treffen,0.118,0,
1,v,cooc,WEAK,attack,attaccare,stürmen,,,
2,v,cooc,WEAK,bear,portare,tragen,,,
3,v,cooc,WEAK,beat,colpire,bezwingen,,,
4,v,cooc,WEAK,become,diventare,stehen,,,
5,v,cooc,WEAK,block,nascondere,versperren,,,
6,v,cooc,WEAK,border,delimitare,grenzen,,,
7,v,cooc,WEAK,cap,coronare,bedecken,,,
8,v,cooc,WEAK,capture,prendere,erobern,,,
9,v,cooc,WEAK,charge,prendere,laden,,,
10,v,cooc,WEAK,close,concludere,schließen,,,
11,v,cooc,WEAK,command,dominare,führen,,,
12,v,cooc,WEAK,compose,costituire,setzen,,,
13,v,cooc,WEAK,connect,collegare,treffen,,,
14,v,cooc,WEAK,descend,scendere,fallen,,,
15,v,cooc,WEAK,divide,separare,teilen,,,
16,v,cooc,WEAK,dot,punteggiare,verstreuen,,,
17,v,cooc,WEAK,earn,guadagnare,einnehmen,,,
18,v,cooc,WEAK,enclose,avvolgere,umschließen,,,
19,v,cooc,WEAK,encounter,incontrare,finden,,,
20,v,cooc,WEAK,enter,entrare,besteigen,,,
21,v,cooc,WEAK,erode,erodere,abtragen,,,
22,v,cooc,WEAK,explore,esplorare,untersuchen,,,
23,v,cooc,WEAK,extend,estendere,reichen,,,
24,v,cooc,WEAK,fortify,fortificare,verschanzen,,,
25,v,cooc,WEAK,frame,incorniciare,umrahmen,,,
26,v,cooc,WEAK,get,arrivare,lassen,,,
27,v,cooc,WEAK,give,dare,verleihen,,,
28,v,cooc,WEAK,graze,sfiorare,grasen,,,
29,v,cooc,WEAK,guard,custodire,decken,,,
30,v,cooc,WEAK,hold,ospitare,bergen,,,
31,v,cooc,WEAK,include,abbracciare,einschließen,,,
32,v,cooc,WEAK,intersperse,cospargere,verteilen,,,
33,v,cooc,WEAK,jump,scavalcare,springen,,,
34,v,cooc,WEAK,know,sapere,erkennen,,,
35,v,cooc,WEAK,lead,portare,führen,,,
36,v,cooc,WEAK,leave,lasciare,lassen,,,
37,v,cooc,WEAK,level,spianare,erheben,,,
38,v,cooc,WEAK,light,illuminare,entzünden,,,
39,v,cooc,WEAK,line,fiancheggiare,säumen,,,
40,v,cooc,WEAK,locate,situare,finden,,,
41,v,cooc,WEAK,make,fare,treffen,,,
42,v,cooc,WEAK,mount,salire,aufstellen,,,
43,v,cooc,WEAK,obscure,nascondere,verdecken,,,
44,v,cooc,WEAK,overlook,dominare,überblicken,,,
45,v,cooc,WEAK,pick,scegliere,aufstellen,,,
46,v,cooc,WEAK,pitch,cadere,werfen,,,
47,v,cooc,WEAK,point,punteggiare,weisen,,,
48,v,cooc,WEAK,prove,risultare,gehen,,,
49,v,cooc,WEAK,punctuate,punteggiare,unterbrechen,,,
50,v,cooc,WEAK,put,presentare,setzen,,,
51,v,cooc,WEAK,receive,accogliere,finden,,,
52,v,cooc,WEAK,ride,percorrere,reiten,,,
53,v,cooc,WEAK,ring,circondare,brausen,,,
54,v,cooc,WEAK,rise,salire,steigen,,,
55,v,cooc,WEAK,roll,avvolgere,rollen,,,
56,v,cooc,WEAK,run,diventare,laufen,,,
57,v,cooc,WEAK,scatter,cospargere,verstreuen,,,
58,v,cooc,WEAK,select,scegliere,aufstellen,,,
59,v,cooc,WEAK,serve,offrire,dienen,,,
60,v,cooc,WEAK,set,dare,setzen,,,
61,v,cooc,WEAK,share,partecipare,teilen,,,
62,v,cooc,WEAK,sit,partecipare,sitzen,,,
63,v,cooc,WEAK,situate,situare,legen,,,
64,v,cooc,WEAK,speak,esprimere,zeugen,,,
65,v,cooc,WEAK,stretch,estendere,ziehen,,,
66,v,cooc,WEAK,strew,cospargere,verstreuen,,,
67,v,cooc,WEAK,tell,raccontare,heißen,,,
68,v,cooc,WEAK,throw,buttare,werfen,,,
69,v,cooc,WEAK,walk,percorrere,gehen,,,
70,v,cooc,WEAK,wander,percorrere,wandern,,,
71,v,cooc,WEAK,wind,avvolgere,winden,,,
