idx_group,pos,rel,weak,lex_en,lex_it,lex_de,score,bs_count,babel_synsets
0,n,head,,wedlock marriage matrimony,sposalizio nozze matrimonio,Ehe Ehestand,,1,bn:00053518n
1,n,sim,,relationship,rapporto,Beziehung,0.369,1,bn:00033359n
2,n,sim,,love,amore,Liebe,0.344,1,bn:00052121n
3,n,sim,,relation,relazione,Beziehung,0.338,1,bn:00066995n
4,n,sim,,faith,fede,Glaube,0.324,2,bn:00032768n bn:00032770n
5,n,sim,,friendship,amicizia,Freundschaft,0.322,1,bn:00036545n
6,n,sim,,religion,religione,Religion,0.322,2,bn:00032768n bn:00032770n
7,n,sim,,wedding,matrimonio,Hochzeit,0.313,2,bn:00045458n bn:00053519n
8,n,sim,,belief,fede,Glaube,0.311,1,bn:00032768n
9,n,sim,,death,morte,Tod,0.307,2,bn:00025583n bn:00025582n
10,n,sim,,family,famiglia,Familie,0.304,2,bn:00032896n bn:00032893n
11,n,sim,,freedom,libertà,Freiheit,0.304,1,bn:00050954n
12,n,sim,,situation,situazione,Situation,0.301,3,bn:00063707n bn:00071869n bn:00071858n
13,n,sim,,peace,pace,Frieden,0.298,2,bn:00061149n bn:00060095n
14,n,sim,,existence,esistenza,Existenz,0.297,1,bn:00009676n
15,n,sim,,birth,nascita,Geburt,0.296,4,bn:00010664n bn:00010663n bn:00000735n bn:00010665n
16,n,sim,,society,società,Gesellschaft,0.294,2,bn:00020039n bn:00072566n
17,n,sim,,identity,identità,Identität,0.292,2,bn:00045825n bn:00045824n
18,n,sim,,past,passato,Vergangenheit,0.292,1,bn:00060927n
19,n,sim,,war,guerra,Krieg,0.292,1,bn:00080439n
20,n,sim,,health,salute,Gesundheit,0.291,1,bn:00043358n
21,n,sim,,community,comunità,Gemeinschaft,0.29,1,bn:00021248n
22,n,sim,,dream,sogno,Traum,0.29,2,bn:00028658n bn:00028659n
23,n,sim,,reality,realtà,Wirklichkeit,0.289,1,bn:00066418n
24,n,sim,,couple,coppia,Paar,0.288,3,bn:00012596n bn:00012597n bn:00023268n
25,n,sim,,conflict,conflitto,Konflikt,0.287,3,bn:00009080n bn:00021766n bn:00021769n
26,n,sim,,democracy,democrazia,Demokratie,0.287,1,bn:00021207n
27,n,sim,,culture,cultura,Kultur,0.286,1,bn:00024369n
28,n,sim,,party,festa,Partei,0.286,0,
29,n,sim,,politics,politica,Politik,0.284,1,bn:00063351n
30,n,sim,,mother,madre,Mutter,0.282,2,bn:00058313n bn:00034027n
31,n,sim,,behavior,comportamento,Verhalten,0.281,2,bn:00009657n bn:00009656n
32,n,sim,,age,età,Alter,0.28,2,bn:00001939n bn:00001940n
33,n,sim,,event,evento,Ereignis,0.28,2,bn:00032021n bn:00032022n
34,n,sim,,nature,natura,Natur,0.28,3,bn:00057016n bn:00075760n bn:00057017n
35,n,sim,,life,vita,Leben,0.279,4,bn:00051047n bn:00051054n bn:00051045n bn:00002761n
36,n,sim,,practice,pratica,Praxis,0.278,2,bn:00063990n bn:00063989n
37,n,sim,,teaching,insegnamento,Lehre,0.277,0,
38,n,sim,,tradition,tradizione,Tradition,0.277,2,bn:00077883n bn:00024592n
39,n,sim,,violence,violenza,Gewalt,0.277,2,bn:00035772n bn:00034115n
40,n,sim,,father,padre,Vater,0.275,3,bn:00019003n bn:00009616n bn:00033779n
41,n,sim,,truth,verità,Wahrheit,0.275,4,bn:00072816n bn:00000782n bn:00076789n bn:00078460n
42,n,sim,,justice,giustizia,Gerechtigkeit,0.274,2,bn:00048669n bn:00048668n
43,n,sim,,history,storia,Geschichte,0.273,4,bn:00044268n bn:00044267n bn:00044270n bn:00000738n
44,n,sim,,language,lingua,Sprache,0.273,2,bn:00049910n bn:00077565n
45,n,sim,,art,arte,Kunst,0.272,3,bn:00005928n bn:00005927n bn:00005926n
46,n,sim,,policy,politica,Politik,0.272,1,bn:00063329n
47,n,sim,,thing,cosa,Sache,0.272,2,bn:00076925n bn:00001734n
48,n,sim,,being,essere,Wesen,0.27,0,
49,n,sim,,church,chiesa,Kirche,0.27,2,bn:00018819n bn:00018995n
50,n,sim,,behaviour,comportamento,Verhalten,0.269,2,bn:00009657n bn:00009656n
51,n,sim,,career,carriera,Karriere,0.269,1,bn:00014839n
52,n,sim,,future,futuro,Zukunft,0.269,2,bn:00036941n bn:00036942n
53,n,sim,,employment,occupazione,Beschäftigung,0.267,3,bn:00014138n bn:00030616n bn:00030625n
54,n,sim,,fact,fatto,Tatsache,0.267,2,bn:00032654n bn:00032655n
55,n,sim,,memory,memoria,Erinnerung,0.267,0,
56,n,sim,,mission,missione,Mission,0.267,5,bn:00054971n bn:00021019n bn:00035832n bn:00055325n bn:00017793n
57,n,sim,,story,storia,Geschichte,0.267,2,bn:00056857n bn:00000738n
58,n,sim,,institution,istituzione,Institution,0.266,2,bn:00046954n bn:00031641n
59,n,sim,,thought,pensiero,Gedanke,0.266,0,
60,n,sim,,trust,fede,Vertrauen,0.265,0,
61,n,sim,,crisis,crisi,Krise,0.264,2,bn:00023845n bn:00023844n
62,n,sim,,environment,ambiente,Umwelt,0.264,1,bn:00031075n
63,n,sim,,living,vita,Leben,0.264,1,bn:00002761n
64,n,sim,,economy,economia,Wirtschaft,0.262,1,bn:00029678n
65,n,sim,,reform,riforma,Reform,0.262,1,bn:00066830n
66,n,sim,,character,carattere,Charakter,0.259,1,bn:00017748n
67,n,sim,,contract,contratto,Vertrag,0.259,1,bn:00022227n
68,n,sim,,conversation,conversazione,Gespräch,0.259,1,bn:00022349n
69,n,sim,,movement,movimento,Bewegung,0.258,3,bn:00036632n bn:00056030n bn:00056029n
70,n,sim,,sex,sesso,Sex,0.256,3,bn:00037634n bn:00070773n bn:00070772n
71,n,sim,,son,figlio,Sohn,0.256,1,bn:00051877n
72,n,sim,,organization,organizzazione,Organisation,0.255,5,bn:00059480n bn:00059483n bn:00005863n bn:00001423n bn:00059482n
73,n,sim,,union,unione,Union,0.254,6,bn:00021127n bn:00079093n bn:00079094n bn:00079077n bn:00058032n bn:00021881n
74,n,sim,,activity,attività,Aktivität,0.25,2,bn:00001128n bn:00001174n
75,n,sim,,establishment,istituzione,Einrichtung,0.25,0,
76,n,sim,,moment,momento,Moment,0.25,5,bn:00055596n bn:00010728n bn:00046942n bn:00055597n bn:00077679n
77,n,sim,,wife,moglie,Ehefrau,0.249,1,bn:00053531n
78,n,sim,,change,cambiamento,Veränderung,0.248,1,bn:00003125n
79,n,sim,,kind,genere,Art,0.242,1,bn:00035907n
80,n,sim,,nuptials,nozze,Hochzeit,0.239,2,bn:00045458n bn:00053519n
81,n,sim,,presence,presenza,Gegenwart,0.239,0,
82,n,sim,,talk,conversazione,Gespräch,0.238,1,bn:00075966n
83,n,sim,,divorce,divorzio,Scheidung,0.237,1,bn:00027937n
84,n,sim,,illness,malattia,Krankheit,0.233,2,bn:00027546n bn:00045952n
85,n,sim,,affair,affare,Affäre,0.23,1,bn:14459343n
86,n,sim,,husband,marito,Ehemann,0.23,2,bn:00045106n bn:00010161n
87,n,sim,,sport,sport,Sport,0.23,9,bn:00032203n bn:00073571n bn:00073569n bn:00036814n bn:00006759n bn:00006747n bn:00073570n bn:00073568n bn:00056530n
88,n,sim,,election,elezione,Wahl,0.227,2,bn:00030113n bn:00030114n
89,n,sim,,will,testamento,Wille,0.227,0,
90,n,sim,,deal,affare,Deal,0.225,1,bn:00014152n
91,n,sim,,engagement,fidanzamento,Engagement,0.225,1,bn:00010152n
92,n,sim,,school,scuola,Schule,0.225,3,bn:00069625n bn:00069619n bn:00069620n
93,n,sim,,job,lavoro,Job,0.223,4,bn:00014138n bn:00030616n bn:00018756n bn:00030625n
94,n,sim,,action,azione,Aktion,0.222,0,
95,n,sim,,role,ruolo,Rolle,0.222,1,bn:00068130n
96,n,sim,,law,giurisprudenza,Recht,0.221,1,bn:00048655n
97,n,sim,,plan,piano,Plan,0.219,3,bn:00062759n bn:00069579n bn:00026536n
98,n,sim,,parent,genitore,Elternteil,0.216,1,bn:00060643n
99,n,sim,,campaign,campagna,Kampagne,0.214,1,bn:00015052n
100,n,sim,,scheme,piano,Plan,0.213,1,bn:00069579n
101,n,sim,,commitment,impegno,Engagement,0.209,1,bn:00002819n
102,n,sim,,treatment,cura,Behandlung,0.209,2,bn:00076843n bn:00047235n
103,n,sim,,gender,genere,Geschlecht,0.205,2,bn:00037634n bn:00037633n
104,n,sim,,trip,viaggio,Reise,0.205,1,bn:00043300n
105,n,sim,,occurrence,evento,Ereignis,0.204,1,bn:02131709n
106,n,sim,,condition,condizione,Zustand,0.203,1,bn:13935995n
107,n,sim,,daughter,figlia,Tochter,0.203,1,bn:00025364n
108,n,sim,,initiative,iniziativa,Initiative,0.203,2,bn:00034797n bn:00031009n
109,n,sim,,pregnancy,gravidanza,Schwangerschaft,0.203,3,bn:00040332n bn:00040331n bn:00041486n
110,n,sim,,travel,viaggio,Reise,0.203,1,bn:00078085n
111,n,sim,,incident,avvenimento,Ereignis,0.202,1,bn:02131709n
112,n,sim,,companionship,compagnia,Gesellschaft,0.2,0,
113,n,sim,,football,calcio,Fußball,0.198,3,bn:00008122n bn:00006547n bn:00035704n
114,n,sim,,movie,film,Film,0.198,1,bn:00034471n
115,n,sim,,circumstance,circostanza,Umstand,0.197,2,bn:00019218n bn:00019219n
116,n,sim,,film,film,Film,0.196,6,bn:00034474n bn:00034472n bn:00034471n bn:00017056n bn:00034473n bn:00020185n
117,n,sim,,cultivation,cultura,Kultur,0.194,0,
118,n,sim,,occupation,occupazione,Beruf,0.194,3,bn:00014138n bn:00030625n bn:00030616n
119,n,sim,,claim,reclamo,Anspruch,0.193,2,bn:00014794n bn:00016853n
120,n,sim,,communion,comunione,Gemeinschaft,0.192,1,bn:01954435n
121,n,sim,,conduct,comportamento,Verhalten,0.191,2,bn:00009657n bn:00009656n
122,n,sim,,style,stile,Art,0.191,0,
123,n,sim,,profession,professione,Beruf,0.189,2,bn:00064608n bn:00064607n
124,n,sim,,vocation,professione,Beruf,0.188,0,
125,n,sim,,agreement,accordo,Vereinbarung,0.187,1,bn:00002086n
126,n,sim,,show,mostra,Show,0.187,1,bn:00027670n
127,n,sim,,stay,soggiorno,Aufenthalt,0.187,0,
128,n,sim,,arrangement,accordo,Vereinbarung,0.185,1,bn:04094003n
129,n,sim,,sickness,malattia,Krankheit,0.183,2,bn:00027546n bn:00045952n
130,n,sim,,choice,scelta,Wahl,0.179,3,bn:00018661n bn:00003132n bn:00018660n
131,n,sim,,ownership,proprietà,Eigentum,0.177,0,
132,n,sim,,performance,prestazione,Vorstellung,0.177,0,
133,n,sim,,labor,lavoro,Arbeit,0.176,1,bn:00049570n
134,n,sim,,meeting,riunione,Treffen,0.175,0,
135,n,sim,,training,formazione,Ausbildung,0.175,1,bn:00041853n
136,n,sim,,work,lavoro,Arbeit,0.175,5,bn:00081570n bn:00014138n bn:00030625n bn:00030616n bn:00081569n
137,n,sim,,idea,idea,Idee,0.174,1,bn:00045800n
138,n,sim,,competition,concorso,Wettbewerb,0.171,2,bn:00021339n bn:00021338n
139,n,sim,,project,progetto,Projekt,0.161,1,bn:00064665n
140,n,sim,,debate,discussione,Debatte,0.149,2,bn:00025621n bn:00005601n
141,n,sim,,separation,separazione,Trennung,0.145,1,bn:00070547n
142,n,sim,,pension,pensione,Rente,0.144,0,
143,n,sim,,residence,residenza,Wohnsitz,0.128,1,bn:00000356n
144,n,sim,,merger,fusione,Fusion,0.096,2,bn:00036926n bn:00003203n
145,n,sim,,shipment,spedizione,Sendung,0.096,0,
146,n,sim,,vaccination,vaccinazione,Impfung,0.094,1,bn:00046839n
147,n,sim,,leave,congedo,Urlaub,0.083,0,
148,n,sim,,exploitation,sfruttamento,Nutzung,0.081,0,
149,n,sim,,admission,ammissione,Aufnahme,0.079,1,bn:00001460n
150,n,sim,,nationality,nazionalità,Staatsangehörigkeit,0.076,0,
151,n,sim,,citizenship,cittadinanza,Staatsangehörigkeit,0.071,1,bn:00019285n
152,n,sim,,patent,brevetto,Patent,0.07,2,bn:00050828n bn:00060984n
153,n,sim,,dismissal,licenziamento,Kündigung,0.066,1,bn:00027476n
1,n,sim,WEAK,acceptance,accoglienza,Anerkennung,,,
2,n,sim,WEAK,act,gesto,Akt,,,
3,n,sim,WEAK,assignment,nomina,Aufgabe,,,
4,n,sim,WEAK,ban,bando,Verbot,,,
5,n,sim,WEAK,benefit,indennità,Nutzung,,,
6,n,sim,WEAK,bill,fattura,Gesetz,,,
7,n,sim,WEAK,business,lavoro,Geschäft,,,
8,n,sim,WEAK,call,telefonata,Gespräch,,,
9,n,sim,WEAK,case,caso,Sache,,,
10,n,sim,WEAK,class,classe,Wahl,,,
11,n,sim,WEAK,communication,legame,Kommunikation,,,
12,n,sim,WEAK,connection,relazione,Verbindung,,,
13,n,sim,WEAK,crime,crimine,Tat,,,
14,n,sim,WEAK,dispute,controversia,Auseinandersetzung,,,
15,n,sim,WEAK,education,istruzione,Bildung,,,
16,n,sim,WEAK,exchange,scambio,Amt,,,
17,n,sim,WEAK,exercise,pratica,Bewegung,,,
18,n,sim,WEAK,experience,esperienza,Praxis,,,
19,n,sim,WEAK,form,figura,Form,,,
20,n,sim,WEAK,generation,età,Generation,,,
21,n,sim,WEAK,girl,fidanzata,Mädchen,,,
22,n,sim,WEAK,interest,partecipazione,Interesse,,,
23,n,sim,WEAK,issue,rilascio,Angelegenheit,,,
24,n,sim,WEAK,letter,carattere,Sendung,,,
25,n,sim,WEAK,litigation,lite,Rechtsstreit,,,
26,n,sim,WEAK,matter,cosa,Angelegenheit,,,
27,n,sim,WEAK,mind,idea,Geist,,,
28,n,sim,WEAK,opinion,giudizio,Meinung,,,
29,n,sim,WEAK,order,ordinamento,Ordnung,,,
30,n,sim,WEAK,partnership,società,Partnerschaft,,,
31,n,sim,WEAK,permit,permesso,Patent,,,
32,n,sim,WEAK,person,persona,Wesen,,,
33,n,sim,WEAK,play,gioco,Vorstellung,,,
34,n,sim,WEAK,problem,crisi,Aufgabe,,,
35,n,sim,WEAK,production,presentazione,Entwicklung,,,
36,n,sim,WEAK,program,programma,Sendung,,,
37,n,sim,WEAK,question,discussione,Sache,,,
38,n,sim,WEAK,race,gara,Geschlecht,,,
39,n,sim,WEAK,release,uscita,Film,,,
40,n,sim,WEAK,retirement,pensionamento,Aufgabe,,,
41,n,sim,WEAK,return,ritorno,Wahl,,,
42,n,sim,WEAK,right,bene,Recht,,,
43,n,sim,WEAK,security,difesa,Sicherheit,,,
44,n,sim,WEAK,seniority,anzianità,Alter,,,
45,n,sim,WEAK,sense,giudizio,Sinn,,,
46,n,sim,WEAK,sentence,frase,Urteil,,,
47,n,sim,WEAK,settlement,liquidazione,Regelung,,,
48,n,sim,WEAK,sort,ordinamento,Art,,,
49,n,sim,WEAK,speech,parola,Sprache,,,
50,n,sim,WEAK,spirit,anima,Geist,,,
51,n,sim,WEAK,status,stato,Stellung,,,
52,n,sim,WEAK,study,studio,Studium,,,
53,n,sim,WEAK,succession,successione,Serie,,,
54,n,sim,WEAK,tie,legame,Verbindung,,,
55,n,sim,WEAK,trade,tratta,Handel,,,
56,n,sim,WEAK,trafficking,tratta,Handel,,,
57,n,sim,WEAK,trial,giudizio,Versuch,,,
58,n,sim,WEAK,understanding,intesa,Vereinbarung,,,
59,n,sim,WEAK,use,costume,Nutzung,,,
60,n,sim,WEAK,vision,visione,Vorstellung,,,
61,n,sim,WEAK,visit,visita,Aufenthalt,,,
62,n,sim,WEAK,vote,voto,Wahl,,,
63,n,sim,WEAK,withdrawal,ritiro,Austritt,,,
64,n,sim,WEAK,writing,scrittura,Schrift,,,
1,n,cooc,,divorce,divorzio,Scheidung,0.62,1,bn:00027937n
2,n,cooc,,family,famiglia,Familie,0.593,2,bn:00032896n bn:00032893n
3,n,cooc,,baptism,battesimo,Taufe,0.524,1,bn:00008455n
4,n,cooc,,birth,nascita,Geburt,0.485,4,bn:00010664n bn:00010663n bn:00000735n bn:00010665n
5,n,cooc,,sacrament,sacramento,Sakrament,0.48,1,bn:00068745n
6,n,cooc,,christening,battesimo,Taufe,0.478,1,bn:00008455n
7,n,cooc,,couple,coppia,Paar,0.466,3,bn:00012596n bn:00012597n bn:00023268n
8,n,cooc,,adoption,adozione,Adoption,0.461,3,bn:00001495n bn:00001494n bn:00000649n
9,n,cooc,,wedding,matrimonio,Hochzeit,0.461,2,bn:00045458n bn:00053519n
10,n,cooc,,motherhood,maternità,Mutterschaft,0.46,2,bn:00034027n bn:00053820n
11,n,cooc,,engagement,fidanzamento,Verlobung,0.455,1,bn:00010152n
12,n,cooc,,career,carriera,Karriere,0.429,1,bn:00014839n
13,n,cooc,,betrothal,fidanzamento,Verlobung,0.426,1,bn:00010152n
14,n,cooc,,death,morte,Tod,0.426,2,bn:00025583n bn:00025582n
15,n,cooc,,abortion,aborto,Abtreibung,0.425,1,bn:00000372n
16,n,cooc,,homosexuality,omosessualità,Homosexualität,0.424,1,bn:00037547n
17,n,cooc,,sexuality,sessualità,Sexualität,0.418,2,bn:02287748n bn:16104355n
18,n,cooc,,life,vita,Leben,0.413,4,bn:00051047n bn:00051054n bn:00051045n bn:00002761n
19,n,cooc,,fatherhood,paternità,Vaterschaft,0.409,0,
20,n,cooc,,communion,comunione,Gemeinschaft,0.406,1,bn:01954435n
21,n,cooc,,paternity,paternità,Vaterschaft,0.397,1,bn:27269094n
22,n,cooc,,celibacy,celibato,Zölibat,0.396,1,bn:00017021n
23,n,cooc,,separation,separazione,Trennung,0.396,1,bn:00070547n
24,n,cooc,,virginity,verginità,Jungfräulichkeit,0.396,1,bn:00080066n
25,n,cooc,,parenthood,paternità,Elternschaft,0.392,0,
26,n,cooc,,fidelity,fedeltà,Treue,0.391,1,bn:00032774n
27,n,cooc,,friendship,amicizia,Freundschaft,0.391,1,bn:00036545n
28,n,cooc,,vow,promessa,Versprechen,0.387,0,
29,n,cooc,,love,amore,Liebe,0.385,1,bn:00052121n
30,n,cooc,,relation,relazione,Beziehung,0.383,1,bn:00066995n
31,n,cooc,,pregnancy,gravidanza,Schwangerschaft,0.381,3,bn:00040332n bn:00040331n bn:00041486n
32,n,cooc,,relationship,rapporto,Beziehung,0.381,1,bn:00033359n
33,n,cooc,,term,termine,Begriff,0.381,1,bn:00076590n
34,n,cooc,,procreation,procreazione,Zeugung,0.375,1,bn:04158642n
35,n,cooc,,law,diritto,Recht,0.374,1,bn:00048655n
36,n,cooc,,husband,marito,Mann,0.368,2,bn:00045106n bn:00010161n
37,n,cooc,,legalization,legalizzazione,Legalisierung,0.365,1,bn:00050573n
38,n,cooc,,fertility,fertilità,Fruchtbarkeit,0.364,1,bn:00033897n
39,n,cooc,,penance,penitenza,Buße,0.362,2,bn:00061332n bn:00061330n
40,n,cooc,,act,atto,Gesetz,0.36,0,
41,n,cooc,,right,diritto,Recht,0.36,1,bn:00067807n
42,n,cooc,,marriage,matrimonio,Heirat,0.352,2,bn:00045458n bn:00053519n
43,n,cooc,,intercourse,rapporto,Geschlechtsverkehr,0.35,0,
44,n,cooc,,priesthood,sacerdozio,Priestertum,0.328,2,bn:03012712n bn:14113966n
45,n,cooc,,childbirth,parto,Geburt,0.324,3,bn:00010663n bn:00000735n bn:00010665n
46,n,cooc,,wife,moglie,Frau,0.287,1,bn:00053531n
47,n,cooc,,trouble,problema,Problem,0.281,1,bn:00064527n
48,n,cooc,,issue,problema,Problem,0.264,0,
49,n,cooc,,living,vita,Leben,0.257,1,bn:00002761n
50,n,cooc,,case,argomento,Fall,0.256,0,
51,n,cooc,,form,forma,Form,0.253,11,bn:00035913n bn:00035915n bn:00021751n bn:00026512n bn:00003882n bn:00035911n bn:00035907n bn:00035909n bn:00035912n bn:00016529n bn:00035908n
52,n,cooc,,ruling,decisione,Entscheidung,0.241,0,
53,n,cooc,,bond,legame,Bindung,0.217,0,
54,n,cooc,,woman,donna,Frau,0.195,2,bn:00001530n bn:00034016n
55,n,cooc,,possibility,possibilità,Möglichkeit,0.184,1,bn:00017621n
56,n,cooc,,person,persona,Person,0.178,4,bn:00044576n bn:00046516n bn:00061715n bn:00061714n
1,n,cooc,WEAK,affair,relazione,Affäre,,,
2,n,cooc,WEAK,affinity,affinità,Verwandtschaft,,,
3,n,cooc,WEAK,age,vita,Zeit,,,
4,n,cooc,WEAK,alliance,unione,Bund,,,
5,n,cooc,WEAK,arrangement,disposizione,Regelung,,,
6,n,cooc,WEAK,bill,biglietto,Gesetz,,,
7,n,cooc,WEAK,certificate,certificato,Schein,,,
8,n,cooc,WEAK,child,figlio,Kind,,,
9,n,cooc,WEAK,end,termine,Ende,,,
10,n,cooc,WEAK,ending,termine,Ende,,,
11,n,cooc,WEAK,faith,fede,Treue,,,
12,n,cooc,WEAK,function,ufficio,Zweck,,,
13,n,cooc,WEAK,kinship,parentela,Verwandtschaft,,,
14,n,cooc,WEAK,labor,fatica,Arbeit,,,
15,n,cooc,WEAK,link,legame,Verbindung,,,
16,n,cooc,WEAK,object,argomento,Zweck,,,
17,n,cooc,WEAK,option,scelta,Möglichkeit,,,
18,n,cooc,WEAK,order,ordinazione,Folge,,,
19,n,cooc,WEAK,ordination,ordinazione,Weihe,,,
20,n,cooc,WEAK,partner,moglie,Partner,,,
21,n,cooc,WEAK,purchase,acquisto,Bezug,,,
22,n,cooc,WEAK,story,articolo,Geschichte,,,
23,n,cooc,WEAK,union,unione,Verbindung,,,
1,adj,cooc,,gay,gay,schwul,0.609,0,
2,adj,cooc,,happy,felice,glücklich,0.571,0,
3,adj,cooc,,unhappy,infelice,unglücklich,0.539,2,bn:00112813a bn:00110036a
4,adj,cooc,,homosexual,omosessuale,homosexuell,0.537,1,bn:00104297a
5,adj,cooc,,heterosexual,eterosessuale,heterosexuell,0.499,1,bn:00104140a
6,adj,cooc,,mixed,misto,gemischt,0.498,0,
7,adj,cooc,,forced,forzato,erzwungen,0.497,0,
8,adj,cooc,,miserable,infelice,unglücklich,0.469,0,
9,adj,cooc,,civil,civile,bürgerlich,0.464,0,
10,adj,cooc,,indissoluble,indissolubile,unauflöslich,0.445,0,
11,adj,cooc,,sacramental,sacramentale,sakramental,0.435,0,
12,adj,cooc,,christian,cristiano,christlich,0.429,1,bn:00099656a
13,adj,cooc,,early,precoce,früh,0.41,0,
14,adj,cooc,,holy,santo,heilig,0.403,0,
15,adj,cooc,,invalid,invalido,ungültig,0.4,0,
16,adj,cooc,,polygamous,poligamo,polygam,0.396,0,
17,adj,cooc,,previous,precedente,vorherig,0.394,1,bn:00107791a
18,adj,cooc,,perfect,perfetto,perfekt,0.386,0,
19,adj,cooc,,valid,valido,gültig,0.384,0,
20,adj,cooc,,traditional,tradizionale,traditionell,0.38,0,
21,adj,cooc,,morganatic,morganatico,morganatisch,0.364,0,
22,adj,cooc,,clandestine,clandestino,heimlich,0.356,0,
23,adj,cooc,,religious,religioso,religiös,0.356,1,bn:00109662a
24,adj,cooc,,prior,precedente,vorherig,0.346,0,
25,adj,cooc,,inter-religious,interreligioso,interreligiös,0.325,0,
26,adj,cooc,,turbulent,turbolento,turbulent,0.308,0,
27,adj,cooc,,real,reale,echt,0.304,0,
28,adj,cooc,,sacred,sacro,heilig,0.299,1,bn:00100305a
29,adj,cooc,,normal,normale,normal,0.253,1,bn:00107587a
30,adj,cooc,,different,diverso,verschieden,0.226,0,
1,adj,cooc,WEAK,common,normale,gemeinsam,,,
2,adj,cooc,WEAK,enduring,duraturo,dauernd,,,
3,adj,cooc,WEAK,failed,mancato,gescheitert,,,
4,adj,cooc,WEAK,genuine,autentico,echt,,,
5,adj,cooc,WEAK,lasting,duraturo,dauernd,,,
6,adj,cooc,WEAK,lawful,legittimo,rechtmäßig,,,
7,adj,cooc,WEAK,legal,legittimo,rechtlich,,,
8,adj,cooc,WEAK,legitimate,legittimo,rechtmäßig,,,
9,adj,cooc,WEAK,natural,naturale,echt,,,
10,adj,cooc,WEAK,null,nullo,ungültig,,,
11,adj,cooc,WEAK,pure,perfetto,keusch,,,
12,adj,cooc,WEAK,same-sex,omosessuale,gleichgeschlechtlich,,,
13,adj,cooc,WEAK,secret,segreto,heimlich,,,
14,adj,cooc,WEAK,solid,pieno,stabil,,,
15,adj,cooc,WEAK,strong,valido,stabil,,,
16,adj,cooc,WEAK,unsuccessful,fallito,unglücklich,,,
17,adj,cooc,WEAK,void,nullo,ungültig,,,
1,v,cooc,,arrange,organizzare,arrangieren,0.554,0,
2,v,cooc,,annul,annullare,annullieren,0.539,1,bn:00082642v
3,v,cooc,,legalize,legalizzare,legalisieren,0.531,1,bn:00086424v
4,v,cooc,,legalise,legalizzare,legalisieren,0.51,1,bn:00086424v
5,v,cooc,,nullify,annullare,annullieren,0.455,1,bn:00082642v
6,v,cooc,,last,durare,dauern,0.437,1,bn:00087620v
7,v,cooc,,celebrate,celebrare,feiern,0.435,1,bn:00084714v
8,v,cooc,,ruin,rovinare,ruinieren,0.425,0,
9,v,cooc,,force,forzare,zwingen,0.411,0,
10,v,cooc,,ban,vietare,verbieten,0.409,0,
11,v,cooc,,bless,benedire,segnen,0.402,0,
12,v,cooc,,prohibit,vietare,verbieten,0.388,1,bn:00086877v
13,v,cooc,,save,salvare,retten,0.376,1,bn:00084105v
14,v,cooc,,end,finire,beenden,0.372,1,bn:00087608v
15,v,cooc,,forbid,vietare,verbieten,0.37,1,bn:00086877v
16,v,cooc,,refuse,rifiutare,verweigern,0.361,0,
17,v,cooc,,recognize,riconoscere,erkennen,0.351,1,bn:00086904v
18,v,cooc,,announce,annunciare,verkünden,0.349,3,bn:00082638v bn:00082637v bn:00087811v
19,v,cooc,,define,definire,definieren,0.347,1,bn:00086465v
20,v,cooc,,destroy,distruggere,zerstören,0.347,2,bn:00086699v bn:00086698v
21,v,cooc,,reject,rifiutare,ablehnen,0.344,1,bn:00086390v
22,v,cooc,,salvage,salvare,retten,0.342,0,
23,v,cooc,,register,registrare,registrieren,0.339,2,bn:00083775v bn:00092679v
24,v,cooc,,wreck,distruggere,zerstören,0.339,0,
25,v,cooc,,violate,rompere,brechen,0.338,0,
26,v,cooc,,break,rompere,brechen,0.335,2,bn:00083950v bn:00083904v
27,v,cooc,,recognise,riconoscere,erkennen,0.323,1,bn:00086904v
28,v,cooc,,enter,entrare,eintreten,0.322,1,bn:00085363v
29,v,cooc,,permit,permettere,erlauben,0.321,1,bn:00082536v
30,v,cooc,,record,registrare,registrieren,0.321,0,
31,v,cooc,,become,diventare,werden,0.317,0,
32,v,cooc,,sanctify,santificare,heiligen,0.316,0,
33,v,cooc,,survive,sopravvivere,überleben,0.31,1,bn:00087617v
34,v,cooc,,abolish,abolire,abschaffen,0.308,1,bn:00082643v
35,v,cooc,,accept,accettare,akzeptieren,0.307,3,bn:00082201v bn:00082198v bn:00082197v
36,v,cooc,,decline,rifiutare,ablehnen,0.304,1,bn:00086390v
37,v,cooc,,mean,significare,bedeuten,0.303,2,bn:00089805v bn:00087672v
38,v,cooc,,defend,difendere,verteidigen,0.298,2,bn:00090041v bn:00086453v
39,v,cooc,,allow,consentire,zulassen,0.295,0,
40,v,cooc,,keep,tenere,halten,0.294,0,
41,v,cooc,,exist,esistere,existieren,0.284,1,bn:00083184v
42,v,cooc,,promise,promettere,versprechen,0.283,0,
43,v,cooc,,seem,sembrare,scheinen,0.265,1,bn:00082690v
44,v,cooc,,work,funzionare,arbeiten,0.265,0,
45,v,cooc,,constitute,costituire,darstellen,0.264,1,bn:00083187v
46,v,cooc,,grow,diventare,werden,0.263,0,
47,v,cooc,,terminate,terminare,beenden,0.262,1,bn:00087608v
48,v,cooc,,go,andare,gehen,0.259,2,bn:00088629v bn:00086600v
49,v,cooc,,relate,narrare,erzählen,0.259,0,
50,v,cooc,,contemplate,contemplare,betrachten,0.257,1,bn:00085703v
51,v,cooc,,prevent,prevenire,verhindern,0.251,2,bn:00090033v bn:00088454v
52,v,cooc,,struggle,combattere,kämpfen,0.251,1,bn:00085711v
53,v,cooc,,fulfill,realizzare,verwirklichen,0.25,0,
54,v,cooc,,do,fare,tun,0.24,1,bn:00082286v
55,v,cooc,,appear,sembrare,scheinen,0.236,1,bn:00082690v
56,v,cooc,,continue,continuare,fortsetzen,0.235,0,
57,v,cooc,,signify,significare,bedeuten,0.221,0,
58,v,cooc,,accord,concedere,gewähren,0.22,0,
59,v,cooc,,happen,succedere,passieren,0.218,1,bn:00083286v
60,v,cooc,,change,cambiare,ändern,0.217,1,bn:00082553v
61,v,cooc,,bring,portare,bringen,0.213,1,bn:00084058v
62,v,cooc,,have,fare,machen,0.212,0,
63,v,cooc,,make,fare,machen,0.201,3,bn:00086008v bn:00086013v bn:00084198v
64,v,cooc,,remain,rimanere,bleiben,0.199,3,bn:00091562v bn:00085719v bn:00092756v
65,v,cooc,,depend,dipendere,abhängen,0.196,1,bn:00086606v
66,v,cooc,,identify,riconoscere,erkennen,0.192,0,
67,v,cooc,,come,venire,kommen,0.182,1,bn:00085335v
68,v,cooc,,begin,iniziare,beginnen,0.113,2,bn:00083340v bn:00083342v
69,v,cooc,,follow,seguire,folgen,0.111,1,bn:00088020v
70,v,cooc,,give,dare,geben,0.101,2,bn:00088825v bn:00088815v
71,v,cooc,,start,iniziare,beginnen,0.097,2,bn:00083340v bn:00083342v
1,v,cooc,WEAK,acquire,acquistare,erwerben,,,
2,v,cooc,WEAK,affect,interessare,betreffen,,,
3,v,cooc,WEAK,affirm,confermare,erklären,,,
4,v,cooc,WEAK,approve,approvare,zustimmen,,,
5,v,cooc,WEAK,authorize,autorizzare,zulassen,,,
6,v,cooc,WEAK,bar,impedire,ausschließen,,,
7,v,cooc,WEAK,be,diventare,liegen,,,
8,v,cooc,WEAK,bear,portare,tragen,,,
9,v,cooc,WEAK,bind,fissare,binden,,,
10,v,cooc,WEAK,cause,determinare,bringen,,,
11,v,cooc,WEAK,cease,cessare,beenden,,,
12,v,cooc,WEAK,collapse,fallire,zerbrechen,,,
13,v,cooc,WEAK,combat,combattere,angehen,,,
14,v,cooc,WEAK,concern,interessare,betreffen,,,
15,v,cooc,WEAK,conclude,concludere,abschließen,,,
16,v,cooc,WEAK,conduct,dirigere,führen,,,
17,v,cooc,WEAK,confirm,confermare,einsegnen,,,
18,v,cooc,WEAK,connect,inserire,verbinden,,,
19,v,cooc,WEAK,consider,giudicare,betrachten,,,
20,v,cooc,WEAK,contract,contrarre,schließen,,,
21,v,cooc,WEAK,deny,negare,verweigern,,,
22,v,cooc,WEAK,dissolve,sciogliere,lösen,,,
23,v,cooc,WEAK,endure,resistere,ertragen,,,
24,v,cooc,WEAK,escape,fuggire,entkommen,,,
25,v,cooc,WEAK,fail,mancare,scheitern,,,
26,v,cooc,WEAK,fall,diminuire,fallen,,,
27,v,cooc,WEAK,favor,assomigliare,begünstigen,,,
28,v,cooc,WEAK,feel,sembrare,fühlen,,,
29,v,cooc,WEAK,fix,fissare,regeln,,,
30,v,cooc,WEAK,govern,reggere,steuern,,,
31,v,cooc,WEAK,hang,sospendere,liegen,,,
32,v,cooc,WEAK,hinder,ostacolare,hindern,,,
33,v,cooc,WEAK,hit,bocciare,schlagen,,,
34,v,cooc,WEAK,imply,implicare,bedeuten,,,
35,v,cooc,WEAK,institute,istituire,einführen,,,
36,v,cooc,WEAK,involve,comportare,betreffen,,,
37,v,cooc,WEAK,lead,portare,führen,,,
38,v,cooc,WEAK,license,autorizzare,zulassen,,,
39,v,cooc,WEAK,link,unire,verbinden,,,
40,v,cooc,WEAK,matter,interessare,ausmachen,,,
41,v,cooc,WEAK,occur,avvenire,kommen,,,
42,v,cooc,WEAK,oppose,contrastare,ablehnen,,,
43,v,cooc,WEAK,perform,svolgere,ausüben,,,
44,v,cooc,WEAK,practice,seguire,praktizieren,,,
45,v,cooc,WEAK,preserve,conservare,erhalten,,,
46,v,cooc,WEAK,produce,produrre,ergeben,,,
47,v,cooc,WEAK,propose,intendere,beantragen,,,
48,v,cooc,WEAK,protect,difendere,schützen,,,
49,v,cooc,WEAK,prove,risultare,nachweisen,,,
50,v,cooc,WEAK,reach,arrivare,kommen,,,
51,v,cooc,WEAK,regard,riguardare,betrachten,,,
52,v,cooc,WEAK,regulate,regolare,regeln,,,
53,v,cooc,WEAK,require,richiedere,bedürfen,,,
54,v,cooc,WEAK,resemble,assomigliare,gleichen,,,
55,v,cooc,WEAK,reserve,prenotare,bestellen,,,
56,v,cooc,WEAK,respect,onorare,anerkennen,,,
57,v,cooc,WEAK,restrict,limitare,befristen,,,
58,v,cooc,WEAK,result,risultare,entstehen,,,
59,v,cooc,WEAK,rule,regolare,entscheiden,,,
60,v,cooc,WEAK,solemnize,celebrare,vollziehen,,,
61,v,cooc,WEAK,stand,resistere,stehen,,,
62,v,cooc,WEAK,stop,fermare,beenden,,,
63,v,cooc,WEAK,strain,tendere,belasten,,,
64,v,cooc,WEAK,subsist,sussistere,leben,,,
65,v,cooc,WEAK,succeed,riuscire,gelingen,,,
66,v,cooc,WEAK,support,mantenere,unterstützen,,,
67,v,cooc,WEAK,suppose,immaginare,vermuten,,,
68,v,cooc,WEAK,sustain,mantenere,erhalten,,,
69,v,cooc,WEAK,symbolize,rappresentare,symbolisieren,,,
70,v,cooc,WEAK,take,assumere,nehmen,,,
71,v,cooc,WEAK,think,immaginare,denken,,,
72,v,cooc,WEAK,turn,trasformare,werden,,,
73,v,cooc,WEAK,unite,unire,verbinden,,,
74,v,cooc,WEAK,uphold,difendere,aufrechterhalten,,,
75,v,cooc,WEAK,want,desiderare,brauchen,,,
