idx_group,pos,rel,weak,lex_en,lex_it,lex_de,score,bs_count,babel_synsets
0,n,head,,yamshd cheese,cacio formaggio,Käse,,1,bn:00018038n
1,n,sim,,bread,pane,Brot,0.377,1,bn:00012873n
2,n,sim,,chocolate,cioccolato,Schokolade,0.377,2,bn:00018638n bn:00018639n
3,n,sim,,salad,insalata,Salat,0.338,1,bn:00068899n
4,n,sim,,chicken,pollo,Huhn,0.332,2,bn:00018266n bn:00018265n
5,n,sim,,onion,cipolla,Zwiebel,0.311,3,bn:00059006n bn:00059007n bn:00002891n
6,n,sim,,pasta,pasta,Pasta,0.305,6,bn:00028432n bn:00060935n bn:00060957n bn:00055400n bn:00002747n bn:00060958n
7,n,sim,,sauce,salsa,Sauce,0.305,1,bn:00069350n
8,n,sim,,pastry,pasta,Teig,0.294,0,
9,n,sim,,dough,pasta,Teig,0.286,1,bn:00028432n
10,n,sim,,cake,torta,Kuchen,0.285,2,bn:00014610n bn:00014609n
11,n,sim,,pizza,pizza,Pizza,0.282,3,bn:00012225n bn:00062694n bn:00066766n
12,n,sim,,butter,burro,Butter,0.281,1,bn:00014249n
13,n,sim,,paste,pasta,Teig,0.276,0,
14,n,sim,,spice,spezia,Gewürz,0.273,1,bn:00073330n
15,n,sim,,mushroom,fungo,Pilz,0.272,0,
16,n,sim,,meat,carne,Fleisch,0.271,1,bn:00054026n
17,n,sim,,biscuit,biscotto,Keks,0.269,1,bn:00010697n
18,n,sim,,pie,torta,Torte,0.265,1,bn:00062293n
19,n,sim,,cookie,biscotto,Plätzchen,0.263,0,
20,n,sim,,soup,zuppa,Suppe,0.263,1,bn:00072921n
21,n,sim,,fruit,frutta,Obst,0.257,1,bn:14220451n
22,n,sim,,sandwich,panino,Sandwich,0.257,0,
23,n,sim,,coffee,caffè,Kaffee,0.255,3,bn:00020414n bn:00020416n bn:00020411n
24,n,sim,,herb,erba,Kraut,0.253,1,bn:00043776n
25,n,sim,,yogurt,yogurt,Joghurt,0.249,1,bn:00081929n
26,n,sim,,cracker,biscotto,Keks,0.244,0,
27,n,sim,,jam,marmellata,Marmelade,0.243,1,bn:00021987n
28,n,sim,,vegetable,verdura,Gemüse,0.243,2,bn:00079663n bn:00079666n
29,n,sim,,tea,tè,Tee,0.236,3,bn:00076264n bn:00015001n bn:00076266n
30,n,sim,,slice,fetta,Scheibe,0.235,2,bn:00072139n bn:00062300n
31,n,sim,,pumpkin,zucca,Kürbis,0.234,2,bn:00073733n bn:00007408n
32,n,sim,,flavor,sapore,Geschmack,0.233,2,bn:00035137n bn:00042275n
33,n,sim,,egg,uovo,Ei,0.23,3,bn:00029914n bn:00029913n bn:00008124n
34,n,sim,,potato,patata,Kartoffel,0.23,1,bn:00047481n
35,n,sim,,rice,riso,Reis,0.228,2,bn:00067718n bn:00067717n
36,n,sim,,carrot,carota,Karotte,0.227,1,bn:00016271n
37,n,sim,,garlic,aglio,Knoblauch,0.227,2,bn:00002899n bn:00002165n
38,n,sim,,wine,vino,Wein,0.227,1,bn:00080022n
39,n,sim,,sausage,salsiccia,Wurst,0.226,1,bn:00069369n
40,n,sim,,cream,crema,Creme,0.224,0,
41,n,sim,,lemon,limone,Zitrone,0.224,2,bn:00019309n bn:00037175n
42,n,sim,,pepper,pepe,Pfeffer,0.224,1,bn:00010957n
43,n,sim,,squash,zucca,Kürbis,0.224,2,bn:00073733n bn:00007408n
44,n,sim,,sugar,zucchero,Zucker,0.223,2,bn:00015853n bn:00066804n
45,n,sim,,cereal,cereale,Getreide,0.221,2,bn:00017324n bn:00017323n
46,n,sim,,tomato,pomodoro,Tomate,0.22,2,bn:00077537n bn:00052131n
47,n,sim,,oil,olio,Öl,0.219,1,bn:00058732n
48,n,sim,,fish,pesce,Fisch,0.217,3,bn:00034816n bn:00034817n bn:00062612n
49,n,sim,,seasoning,condimento,Gewürz,0.216,0,
50,n,sim,,recipe,ricetta,Rezept,0.215,1,bn:00035960n
51,n,sim,,beer,birra,Bier,0.211,2,bn:00002554n bn:00009589n
52,n,sim,,broth,brodo,Brühe,0.21,2,bn:00013368n bn:00013367n
53,n,sim,,flavour,sapore,Geschmack,0.21,2,bn:00035137n bn:00042275n
54,n,sim,,food,cibo,Essen,0.21,2,bn:00035650n bn:00035649n
55,n,sim,,ham,prosciutto,Schinken,0.209,1,bn:00037229n
56,n,sim,,olive,oliva,Olive,0.208,2,bn:00058890n bn:00058888n
57,n,sim,,strawberry,fragola,Erdbeere,0.205,1,bn:00074577n
58,n,sim,,cabbage,cavolo,Kraut,0.204,0,
59,n,sim,,taste,gusto,Geschmack,0.204,4,bn:00042272n bn:00042275n bn:00035137n bn:00061333n
60,n,sim,,corn,mais,Mais,0.203,1,bn:00022678n
61,n,sim,,pea,pisello,Erbse,0.203,1,bn:00061140n
62,n,sim,,asparagus,asparago,Spargel,0.202,1,bn:00006373n
63,n,sim,,drink,bevanda,Getränk,0.202,2,bn:00010183n bn:00028749n
64,n,sim,,honey,miele,Honig,0.2,1,bn:00044622n
65,n,sim,,apple,mela,Apfel,0.199,1,bn:00005054n
66,n,sim,,beverage,bevanda,Getränk,0.198,1,bn:00010183n
67,n,sim,,chili,peperoncino,Chili,0.198,4,bn:00061464n bn:00010957n bn:00018370n bn:00015734n
68,n,sim,,leaf,foglia,Blatt,0.197,1,bn:00035596n
69,n,sim,,dessert,dessert,Dessert,0.194,1,bn:00001880n
70,n,sim,,yoghurt,yogurt,Joghurt,0.191,1,bn:00081929n
71,n,sim,,beef,manzo,Rindfleisch,0.189,1,bn:00009544n
72,n,sim,,steak,bistecca,Steak,0.188,1,bn:00074089n
73,n,sim,,powder,polvere,Pulver,0.184,1,bn:00063926n
74,n,sim,,banana,banana,Banane,0.179,2,bn:04993192n bn:26745791n
75,n,sim,,grape,uva,Traube,0.179,1,bn:12910090n
76,n,sim,,grain,grano,Getreide,0.178,1,bn:00017324n
77,n,sim,,orange,arancia,Orange,0.178,2,bn:00059251n bn:00059249n
78,n,sim,,shrimp,gamberetto,Garnele,0.178,2,bn:00064034n bn:00071349n
79,n,sim,,chilli,peperoncino,Chili,0.176,3,bn:00061464n bn:00018370n bn:00015734n
80,n,sim,,juice,succo,Saft,0.173,2,bn:00048535n bn:00048532n
81,n,sim,,pig,maiale,Schwein,0.173,1,bn:00042006n
82,n,sim,,flour,farina,Mehl,0.171,2,bn:00053995n bn:00035361n
83,n,sim,,flower,fiore,Blume,0.166,2,bn:00011422n bn:00035378n
84,n,sim,,bean,fagiolo,Bohne,0.165,2,bn:00009324n bn:00009322n
85,n,sim,,ingredient,ingrediente,Bestandteil,0.165,1,bn:00034946n
86,n,sim,,pear,pera,Birne,0.16,1,bn:00061188n
87,n,sim,,cocktail,cocktail,Cocktail,0.158,3,bn:00020307n bn:00020310n bn:00020306n
88,n,sim,,raisin,uvetta,Rosine,0.155,1,bn:00066063n
89,n,sim,,tobacco,tabacco,Tabak,0.155,2,bn:00077441n bn:00007699n
90,n,sim,,cucumber,cetriolo,Gurke,0.152,2,bn:00024295n bn:00024294n
91,n,sim,,cocoa,cacao,Kakao,0.151,1,bn:00018638n
92,n,sim,,fat,grasso,Fett,0.149,2,bn:00033761n bn:00001386n
93,n,sim,,maize,mais,Mais,0.148,2,bn:00022678n bn:00037175n
94,n,sim,,raspberry,lampone,Himbeere,0.148,1,bn:00066209n
95,n,sim,,almond,mandorla,Mandel,0.147,1,bn:00002967n
96,n,sim,,salmon,salmone,Lachs,0.146,1,bn:00068966n
97,n,sim,,peach,pesca,Pfirsich,0.145,1,bn:00061166n
98,n,sim,,mint,menta,Minze,0.144,2,bn:00038676n bn:00055221n
99,n,sim,,blend,miscela,Mischung,0.141,1,bn:00011199n
100,n,sim,,variety,varietà,Sorte,0.141,0,
101,n,sim,,meal,pasto,Mahlzeit,0.139,1,bn:00053993n
102,n,sim,,plant,pianta,Pflanze,0.131,1,bn:00035324n
103,n,sim,,wood,legno,Holz,0.13,1,bn:00081492n
104,n,sim,,prawn,gamberetto,Garnele,0.129,1,bn:00064034n
105,n,sim,,pineapple,ananas,Ananas,0.128,2,bn:00003817n bn:00003816n
106,n,sim,,packaging,imballaggio,Verpackung,0.127,1,bn:00060114n
107,n,sim,,mixture,miscela,Mischung,0.126,1,bn:00055384n
108,n,sim,,animal,animale,Tier,0.125,1,bn:00004222n
109,n,sim,,bottle,bottiglia,Flasche,0.124,2,bn:00012339n bn:00012340n
110,n,sim,,good,bene,Gut,0.123,1,bn:00021045n
111,n,sim,,protein,proteina,Eiweiß,0.121,1,bn:00064855n
112,n,sim,,product,prodotto,Produkt,0.12,4,bn:00064584n bn:00053827n bn:00054416n bn:00064585n
113,n,sim,,sheep,pecora,Schaf,0.12,1,bn:00070967n
114,n,sim,,cherry,ciliegia,Kirsche,0.119,1,bn:00018175n
115,n,sim,,cinnamon,cannella,Zimt,0.118,2,bn:00017431n bn:00019142n
116,n,sim,,fibre,fibra,Faser,0.116,2,bn:00034205n bn:00034207n
117,n,sim,,tissue,tessuto,Gewebe,0.115,1,bn:00077386n
118,n,sim,,substance,sostanza,Substanz,0.112,3,bn:00074985n bn:00017124n bn:00018096n
119,n,sim,,waste,rifiuto,Abfall,0.112,3,bn:00035670n bn:00080543n bn:00068465n
120,n,sim,,paper,carta,Papier,0.111,1,bn:00060464n
121,n,sim,,by-product,sottoprodotto,Nebenprodukt,0.109,0,
122,n,sim,,cotton,cotone,Baumwolle,0.108,3,bn:00023074n bn:00023073n bn:00023072n
123,n,sim,,liquid,liquido,Flüssigkeit,0.107,1,bn:00051472n
124,n,sim,,vanilla,vaniglia,Vanille,0.105,3,bn:00079553n bn:00079558n bn:00079556n
125,n,sim,,lot,lotto,Menge,0.103,0,
126,n,sim,,steel,acciaio,Stahl,0.103,1,bn:00074123n
127,n,sim,,consignment,spedizione,Sendung,0.101,0,
128,n,sim,,electricity,elettricità,Strom,0.1,1,bn:00030181n
129,n,sim,,fuel,carburante,Kraftstoff,0.1,0,
130,n,sim,,coal,carbone,Kohle,0.099,1,bn:00020133n
131,n,sim,,drug,farmaco,Arzneimittel,0.099,1,bn:00054128n
132,n,sim,,timber,legname,Holz,0.099,1,bn:00052293n
133,n,sim,,stock,stock,Bestand,0.098,0,
134,n,sim,,wheat,frumento,Weizen,0.098,1,bn:00080959n
135,n,sim,,export,esportazione,Ausfuhr,0.096,1,bn:00032363n
136,n,sim,,appliance,apparecchio,Gerät,0.094,0,
137,n,sim,,origin,origine,Herkunft,0.094,0,
138,n,sim,,gas,gas,Gas,0.093,8,bn:00037384n bn:00037457n bn:00037383n bn:00037385n bn:00031987n bn:00035120n bn:00037382n bn:00000632n
139,n,sim,,machine,macchina,Maschine,0.093,1,bn:00026716n
140,n,sim,,material,materiale,Material,0.093,3,bn:00053802n bn:00053803n bn:00053801n
141,n,sim,,cigarette,sigaretta,Zigarette,0.091,2,bn:00014238n bn:00072322n
142,n,sim,,consumption,consumo,Verbrauch,0.091,0,
143,n,sim,,poultry,pollame,Geflügel,0.091,1,bn:00028155n
144,n,sim,,sample,campione,Probe,0.091,1,bn:00069078n
145,n,sim,,glass,vetro,Glas,0.09,1,bn:00040605n
146,n,sim,,specimen,campione,Probe,0.09,1,bn:00073223n
147,n,sim,,apparatus,apparecchio,Gerät,0.089,0,
148,n,sim,,package,confezione,Verpackung,0.089,0,
149,n,sim,,component,componente,Bestandteil,0.088,1,bn:00021396n
150,n,sim,,constituent,componente,Bestandteil,0.088,1,bn:00021396n
151,n,sim,,object,oggetto,Gegenstand,0.086,1,bn:09067735n
152,n,sim,,model,modello,Modell,0.085,7,bn:00033735n bn:00055447n bn:00055448n bn:00036197n bn:00032100n bn:00022071n bn:00032101n
153,n,sim,,indication,segno,Zeichen,0.083,1,bn:00071525n
154,n,sim,,sign,segno,Zeichen,0.083,3,bn:00071525n bn:00071536n bn:00071527n
155,n,sim,,mark,marchio,Marke,0.082,0,
156,n,sim,,quantity,quantità,Menge,0.081,2,bn:00003603n bn:00065553n
157,n,sim,,toy,giocattolo,Spielzeug,0.081,1,bn:00062965n
158,n,sim,,producer,produttore,Erzeuger,0.077,0,
159,n,sim,,production,produzione,Produktion,0.076,4,bn:00059790n bn:00064590n bn:00064592n bn:00064594n
160,n,sim,,output,produzione,Produktion,0.075,1,bn:00059790n
1,n,sim,WEAK,bacon,lardo,Speck,,,
2,n,sim,WEAK,batch,partita,Partie,,,
3,n,sim,WEAK,bowl,recipiente,Schale,,,
4,n,sim,WEAK,bun,focaccia,Brötchen,,,
5,n,sim,WEAK,can,scatola,Konserve,,,
6,n,sim,WEAK,candy,caramella,Schokolade,,,
7,n,sim,WEAK,carcase,carcassa,Schlachtkörper,,,
8,n,sim,WEAK,card,carta,Blatt,,,
9,n,sim,WEAK,catch,pesca,Partie,,,
10,n,sim,WEAK,chip,pezzetto,Chip,,,
11,n,sim,WEAK,commodity,merce,Ware,,,
12,n,sim,WEAK,cooking,cucina,Essen,,,
13,n,sim,WEAK,dish,piatto,Schale,,,
14,n,sim,WEAK,dressing,condimento,Soße,,,
15,n,sim,WEAK,dumpling,gnocco,Nudel,,,
16,n,sim,WEAK,engine,motore,Maschine,,,
17,n,sim,WEAK,equipment,materiale,Gerät,,,
18,n,sim,WEAK,fabric,tessuto,Stoff,,,
19,n,sim,WEAK,farm,allevamento,Gut,,,
20,n,sim,WEAK,feed,pasto,Futter,,,
21,n,sim,WEAK,feedingstuff,mangime,Futtermittel,,,
22,n,sim,WEAK,game,partita,Partie,,,
23,n,sim,WEAK,grade,qualità,Sorte,,,
24,n,sim,WEAK,gravy,sugo,Soße,,,
25,n,sim,WEAK,hamburger,hamburger,Hackfleisch,,,
26,n,sim,WEAK,item,voce,Gegenstand,,,
27,n,sim,WEAK,kind,tipo,Sorte,,,
28,n,sim,WEAK,medicine,medicinale,Arzneimittel,,,
29,n,sim,WEAK,nut,nocciola,Nuss,,,
30,n,sim,WEAK,piece,pezzo,Waffe,,,
31,n,sim,WEAK,pork,maiale,Schweinefleisch,,,
32,n,sim,WEAK,pot,recipiente,Topf,,,
33,n,sim,WEAK,produce,produzione,Erzeugnis,,,
34,n,sim,WEAK,roll,panino,Brötchen,,,
35,n,sim,WEAK,seed,seme,Korn,,,
36,n,sim,WEAK,ship,nave,Maschine,,,
37,n,sim,WEAK,stuff,materiale,Zeug,,,
38,n,sim,WEAK,sweet,aroma,Dessert,,,
39,n,sim,WEAK,texture,fibra,Gewebe,,,
40,n,sim,WEAK,type,tipo,Sorte,,,
1,n,cooc,,ham,prosciutto,Schinken,0.553,1,bn:00037229n
2,n,cooc,,chocolate,cioccolato,Schokolade,0.539,2,bn:00018638n bn:00018639n
3,n,cooc,,egg,uovo,Ei,0.539,3,bn:00029914n bn:00029913n bn:00008124n
4,n,cooc,,prosciutto,prosciutto,Schinken,0.538,2,bn:00037229n bn:00064802n
5,n,cooc,,herb,erba,Kraut,0.534,1,bn:00043776n
6,n,cooc,,dough,pasta,Teig,0.518,1,bn:00028432n
7,n,cooc,,yoghurt,yogurt,Joghurt,0.513,1,bn:00081929n
8,n,cooc,,honey,miele,Honig,0.512,1,bn:00044622n
9,n,cooc,,pastry,pasta,Teig,0.511,0,
10,n,cooc,,pizza,pizza,Pizza,0.504,3,bn:00012225n bn:00062694n bn:00066766n
11,n,cooc,,butter,burro,Butter,0.501,1,bn:00014249n
12,n,cooc,,casein,caseina,Kasein,0.5,2,bn:00016437n bn:00016436n
13,n,cooc,,sausage,salsiccia,Wurst,0.497,1,bn:00069369n
14,n,cooc,,bread,pane,Brot,0.495,1,bn:00012873n
15,n,cooc,,yogurt,yogurt,Joghurt,0.492,1,bn:00081929n
16,n,cooc,,salami,salame,Salami,0.49,1,bn:00068914n
17,n,cooc,,wine,vino,Wein,0.49,1,bn:00080022n
18,n,cooc,,fish,pesce,Fisch,0.486,3,bn:00034816n bn:00034817n bn:00062612n
19,n,cooc,,plate,piatto,Teller,0.479,1,bn:00062878n
20,n,cooc,,gouda,gouda,Gouda,0.478,1,bn:00041174n
21,n,cooc,,mozzarella,mozzarella,Mozzarella,0.477,1,bn:00056178n
22,n,cooc,,tomato,pomodoro,Tomate,0.474,2,bn:00077537n bn:00052131n
23,n,cooc,,olive,oliva,Olive,0.472,2,bn:00058890n bn:00058888n
24,n,cooc,,meat,carne,Fleisch,0.466,1,bn:00054026n
25,n,cooc,,dressing,salsa,Soße,0.464,0,
26,n,cooc,,jam,marmellata,Marmelade,0.463,1,bn:00021987n
27,n,cooc,,sandwich,panino,Sandwich,0.463,0,
28,n,cooc,,flavour,gusto,Geschmack,0.462,2,bn:00035137n bn:00042275n
29,n,cooc,,salad,insalata,Salat,0.462,1,bn:00068899n
30,n,cooc,,pasta,pasta,Pasta,0.459,6,bn:00028432n bn:00060935n bn:00060957n bn:00055400n bn:00002747n bn:00060958n
31,n,cooc,,beer,birra,Bier,0.451,2,bn:00002554n bn:00009589n
32,n,cooc,,sauce,salsa,Sauce,0.446,1,bn:00069350n
33,n,cooc,,speciality,specialità,Spezialität,0.442,1,bn:00073205n
34,n,cooc,,cake,torta,Kuchen,0.44,2,bn:00014610n bn:00014609n
35,n,cooc,,mushroom,fungo,Pilz,0.439,0,
36,n,cooc,,cracker,biscotto,Keks,0.437,0,
37,n,cooc,,fruit,frutta,Obst,0.433,1,bn:14220451n
38,n,cooc,,dessert,dessert,Dessert,0.431,1,bn:00001880n
39,n,cooc,,cream,crema,Sahne,0.425,0,
40,n,cooc,,parsley,prezzemolo,Petersilie,0.425,1,bn:00060755n
41,n,cooc,,specialty,specialità,Spezialität,0.425,1,bn:00073205n
42,n,cooc,,onion,cipolla,Zwiebel,0.424,3,bn:00059006n bn:00059007n bn:00002891n
43,n,cooc,,biscuit,biscotto,Keks,0.423,1,bn:00010697n
44,n,cooc,,concession,concessione,Zugeständnis,0.417,0,
45,n,cooc,,salmon,salmone,Lachs,0.413,1,bn:00068966n
46,n,cooc,,spice,spezia,Gewürz,0.413,1,bn:00073330n
47,n,cooc,,juice,succo,Saft,0.409,2,bn:00048535n bn:00048532n
48,n,cooc,,potato,patata,Kartoffel,0.401,1,bn:00047481n
49,n,cooc,,slice,fetta,Scheibe,0.401,2,bn:00072139n bn:00062300n
50,n,cooc,,vegetable,verdura,Gemüse,0.4,2,bn:00079663n bn:00079666n
51,n,cooc,,soup,zuppa,Suppe,0.399,1,bn:00072921n
52,n,cooc,,corn,cereale,Getreide,0.396,0,
53,n,cooc,,product,prodotto,Produkt,0.396,4,bn:00064584n bn:00053827n bn:00054416n bn:00064585n
54,n,cooc,,bean,fagiolo,Bohne,0.393,2,bn:00009324n bn:00009322n
55,n,cooc,,apple,mela,Apfel,0.388,1,bn:00005054n
56,n,cooc,,fat,grasso,Fett,0.383,2,bn:00033761n bn:00001386n
57,n,cooc,,manufacture,produzione,Herstellung,0.376,0,
58,n,cooc,,oil,olio,Öl,0.375,1,bn:00058732n
59,n,cooc,,production,produzione,Produktion,0.369,4,bn:00059790n bn:00064590n bn:00064592n bn:00064594n
60,n,cooc,,weight,peso,Gewicht,0.361,1,bn:00080831n
61,n,cooc,,preparation,preparazione,Zubereitung,0.318,1,bn:00021596n
62,n,cooc,,regulation,regolamento,Regelung,0.159,1,bn:00059436n
1,n,cooc,WEAK,area,settore,Gebiet,,,
2,n,cooc,WEAK,bacon,lardo,Speck,,,
3,n,cooc,WEAK,bun,focaccia,Brötchen,,,
4,n,cooc,WEAK,category,categoria,Gruppe,,,
5,n,cooc,WEAK,dish,piatto,Speise,,,
6,n,cooc,WEAK,gravy,sugo,Soße,,,
7,n,cooc,WEAK,import,peso,Einfuhr,,,
8,n,cooc,WEAK,making,confezione,Herstellung,,,
9,n,cooc,WEAK,market,mercato,Handel,,,
10,n,cooc,WEAK,mixture,miscela,Teig,,,
11,n,cooc,WEAK,pepper,pepe,Paprika,,,
12,n,cooc,WEAK,pie,torta,Pastete,,,
13,n,cooc,WEAK,processing,trattamento,Verarbeitung,,,
14,n,cooc,WEAK,roll,panino,Brötchen,,,
15,n,cooc,WEAK,shape,condizione,Form,,,
16,n,cooc,WEAK,spread,pasta,Aufstrich,,,
17,n,cooc,WEAK,steak,fetta,Steak,,,
18,n,cooc,WEAK,use,scopo,Verarbeitung,,,
1,adj,cooc,,swiss,svizzero,schweizer,0.552,0,
2,adj,cooc,,creamy,cremoso,cremig,0.521,0,
3,adj,cooc,,tangy,piccante,würzig,0.521,0,
4,adj,cooc,,low-fat,magro,mager,0.516,0,
5,adj,cooc,,fat,grasso,fett,0.476,0,
6,adj,cooc,,fresh,fresco,frisch,0.475,0,
7,adj,cooc,,soft,morbido,weich,0.44,0,
8,adj,cooc,,emmental,emmental,emmentaler,0.438,0,
9,adj,cooc,,thin,magro,mager,0.437,0,
10,adj,cooc,,delicious,delizioso,köstlich,0.431,1,bn:00101116a
11,adj,cooc,,tasty,gustoso,schmackhaft,0.42,2,bn:00106985a bn:00111670a
12,adj,cooc,,yummy,delizioso,lecker,0.419,1,bn:00101116a
13,adj,cooc,,scrumptious,delizioso,lecker,0.414,1,bn:00101116a
14,adj,cooc,,dutch,olandese,holländisch,0.405,1,bn:00101908a
15,adj,cooc,,salty,salato,salzig,0.396,1,bn:00110068a
16,adj,cooc,,whole,intero,ganz,0.383,0,
17,adj,cooc,,fried,fritto,gebraten,0.378,0,
18,adj,cooc,,smooth,morbido,weich,0.375,0,
19,adj,cooc,,mature,maturo,reif,0.372,1,bn:00103083a
20,adj,cooc,,ripe,maturo,reif,0.371,0,
21,adj,cooc,,stinky,puzzolente,stinkend,0.367,1,bn:00104556a
22,adj,cooc,,smelly,puzzolente,stinkend,0.363,1,bn:00102912a
23,adj,cooc,,white,bianco,weiß,0.326,1,bn:00113830a
24,adj,cooc,,famous,famoso,berühmt,0.309,1,bn:00099411a
25,adj,cooc,,certain,determinato,bestimmt,0.294,0,
26,adj,cooc,,traditional,tradizionale,traditionell,0.293,0,
27,adj,cooc,,hot,piccante,heiß,0.29,0,
28,adj,cooc,,italian,italiano,italienisch,0.287,1,bn:00105493a
29,adj,cooc,,nice,buono,gut,0.246,0,
30,adj,cooc,,good,buono,gut,0.239,2,bn:00103672a bn:00103677a
31,adj,cooc,,local,locale,lokal,0.211,1,bn:00106109a
32,adj,cooc,,low,piccolo,klein,0.165,0,
1,adj,cooc,WEAK,bad,dannoso,verdorben,,,
2,adj,cooc,WEAK,bland,dolce,mild,,,
3,adj,cooc,WEAK,delicate,delicato,fein,,,
4,adj,cooc,WEAK,delightful,delizioso,wunderbar,,,
5,adj,cooc,WEAK,excellent,eccellente,hervorragend,,,
6,adj,cooc,WEAK,expensive,salato,teuer,,,
7,adj,cooc,WEAK,fine,eccellente,fein,,,
8,adj,cooc,WEAK,flavorful,saporito,würzig,,,
9,adj,cooc,WEAK,full-fat,grasso,vollfett,,,
10,adj,cooc,WEAK,great,celebre,fein,,,
11,adj,cooc,WEAK,hard,duro,kräftig,,,
12,adj,cooc,WEAK,indigenous,indigeno,heimisch,,,
13,adj,cooc,WEAK,mild,dolce,mild,,,
14,adj,cooc,WEAK,perfect,perfetto,ganz,,,
15,adj,cooc,WEAK,ready,pronto,fertig,,,
16,adj,cooc,WEAK,real,buono,wirklich,,,
17,adj,cooc,WEAK,rich,ricco,fett,,,
18,adj,cooc,WEAK,savory,salato,schmackhaft,,,
19,adj,cooc,WEAK,sharp,secco,gut,,,
20,adj,cooc,WEAK,sour,acido,rezent,,,
21,adj,cooc,WEAK,special,particolare,speziell,,,
22,adj,cooc,WEAK,superb,eccellente,hervorragend,,,
23,adj,cooc,WEAK,sweet,dolce,frisch,,,
24,adj,cooc,WEAK,tart,acido,rezent,,,
25,adj,cooc,WEAK,typical,tipico,echt,,,
1,v,cooc,,grate,grattugiare,reiben,0.65,0,
2,v,cooc,,melt,sciogliere,schmelzen,0.607,2,bn:00090736v bn:00086718v
3,v,cooc,,eat,mangiare,essen,0.493,2,bn:00087460v bn:00087461v
4,v,cooc,,slice,tagliare,schneiden,0.467,0,
5,v,cooc,,crumble,sbriciolare,zerbröckeln,0.443,0,
6,v,cooc,,ripen,maturare,reifen,0.406,0,
7,v,cooc,,manufacture,produrre,herstellen,0.396,0,
8,v,cooc,,chop,tagliare,schneiden,0.387,0,
9,v,cooc,,mature,maturare,reifen,0.381,0,
10,v,cooc,,mix,mescolare,mischen,0.376,3,bn:00082565v bn:00083597v bn:00090871v
11,v,cooc,,produce,produrre,produzieren,0.364,3,bn:00084198v bn:00084082v bn:00086013v
12,v,cooc,,cut,tagliare,schneiden,0.362,1,bn:00086178v
13,v,cooc,,scrape,grattare,schaben,0.353,0,
14,v,cooc,,store,immagazzinare,lagern,0.345,1,bn:00089368v
15,v,cooc,,wrap,avvolgere,wickeln,0.331,1,bn:00087593v
16,v,cooc,,add,aggiungere,hinzufügen,0.329,1,bn:00082318v
17,v,cooc,,consume,consumare,konsumieren,0.322,0,
18,v,cooc,,import,importare,importieren,0.318,1,bn:00089626v
19,v,cooc,,stir,mescolare,rühren,0.315,0,
20,v,cooc,,mash,schiacciare,zerdrücken,0.314,0,
21,v,cooc,,export,esportare,exportieren,0.311,0,
22,v,cooc,,combine,unire,kombinieren,0.31,1,bn:00085314v
23,v,cooc,,love,amare,lieben,0.307,1,bn:00090504v
24,v,cooc,,purchase,acquistare,kaufen,0.298,1,bn:00084331v
25,v,cooc,,get,ottenere,erhalten,0.29,0,
26,v,cooc,,mingle,mescolare,mischen,0.289,1,bn:00082565v
27,v,cooc,,sell,vendere,verkaufen,0.289,1,bn:00093472v
28,v,cooc,,buy,acquistare,kaufen,0.288,1,bn:00084331v
29,v,cooc,,meet,soddisfare,erfüllen,0.288,0,
30,v,cooc,,serve,servire,servieren,0.282,0,
31,v,cooc,,enjoy,gustare,genießen,0.263,1,bn:00083145v
32,v,cooc,,contain,contenere,enthalten,0.258,1,bn:00083225v
33,v,cooc,,put,mettere,stellen,0.248,1,bn:00090224v
34,v,cooc,,process,elaborare,verarbeiten,0.245,0,
35,v,cooc,,cook,cucinare,kochen,0.243,2,bn:00085783v bn:00085784v
36,v,cooc,,lend,prestare,verleihen,0.239,0,
37,v,cooc,,pack,confezionare,packen,0.234,0,
38,v,cooc,,obtain,ottenere,erhalten,0.224,0,
39,v,cooc,,allocate,distribuire,verteilen,0.211,0,
40,v,cooc,,indicate,indicare,angeben,0.206,0,
41,v,cooc,,call,chiamare,rufen,0.201,0,
42,v,cooc,,know,conoscere,kennen,0.173,2,bn:00090143v bn:00085261v
43,v,cooc,,take,prendere,nehmen,0.173,3,bn:00094731v bn:00085689v bn:00088762v
44,v,cooc,,begin,iniziare,beginnen,0.171,2,bn:00083342v bn:00083340v
45,v,cooc,,place,mettere,stellen,0.169,1,bn:00090224v
46,v,cooc,,come,venire,kommen,0.16,1,bn:00085335v
47,v,cooc,,make,fare,machen,0.157,3,bn:00084198v bn:00086008v bn:00086013v
48,v,cooc,,protect,proteggere,schützen,0.157,1,bn:00090041v
49,v,cooc,,recall,richiamare,erinnern,0.157,0,
50,v,cooc,,have,fare,machen,0.15,0,
51,v,cooc,,use,utilizzare,verwenden,0.15,1,bn:00082705v
52,v,cooc,,include,includere,umfassen,0.148,0,
53,v,cooc,,exist,esistere,bestehen,0.142,1,bn:00083184v
54,v,cooc,,describe,descrivere,bezeichnen,0.127,0,
55,v,cooc,,supply,fornire,liefern,0.118,0,
56,v,cooc,,do,fare,machen,0.107,1,bn:00082286v
57,v,cooc,,provide,fornire,liefern,0.102,0,
1,v,cooc,WEAK,acquire,acquisire,annehmen,,,
2,v,cooc,WEAK,adore,adorare,lieben,,,
3,v,cooc,WEAK,allow,lasciare,geben,,,
4,v,cooc,WEAK,assimilate,assimilare,verarbeiten,,,
5,v,cooc,WEAK,be,diventare,liegen,,,
6,v,cooc,WEAK,bear,produrre,tragen,,,
7,v,cooc,WEAK,beat,sbattere,rühren,,,
8,v,cooc,WEAK,blend,fondere,mischen,,,
9,v,cooc,WEAK,characterise,caratterizzare,bestimmen,,,
10,v,cooc,WEAK,classify,classificare,bestimmen,,,
11,v,cooc,WEAK,comprise,comprendere,umfassen,,,
12,v,cooc,WEAK,concern,interessare,betreffen,,,
13,v,cooc,WEAK,constitute,costituire,ausmachen,,,
14,v,cooc,WEAK,cost,venire,kosten,,,
15,v,cooc,WEAK,cover,comprendere,decken,,,
16,v,cooc,WEAK,cure,conciare,trocknen,,,
17,v,cooc,WEAK,derive,derivare,schließen,,,
18,v,cooc,WEAK,designate,designare,bestimmen,,,
19,v,cooc,WEAK,destine,destinare,bestimmen,,,
20,v,cooc,WEAK,dress,condire,anrichten,,,
21,v,cooc,WEAK,dry,esaurire,trocknen,,,
22,v,cooc,WEAK,enhance,aumentare,verbessern,,,
23,v,cooc,WEAK,feature,caratterizzare,vorkommen,,,
24,v,cooc,WEAK,find,considerare,finden,,,
25,v,cooc,WEAK,flavor,insaporire,würzen,,,
26,v,cooc,WEAK,flavour,insaporire,würzen,,,
27,v,cooc,WEAK,follow,derivare,erfolgen,,,
28,v,cooc,WEAK,fry,friggere,backen,,,
29,v,cooc,WEAK,give,fornire,geben,,,
30,v,cooc,WEAK,hail,chiamare,stammen,,,
31,v,cooc,WEAK,identify,identificare,erkennen,,,
32,v,cooc,WEAK,increase,aumentare,stärken,,,
33,v,cooc,WEAK,intend,intendere,bestimmen,,,
34,v,cooc,WEAK,keep,mantenere,aufbewahren,,,
35,v,cooc,WEAK,label,etichettare,bezeichnen,,,
36,v,cooc,WEAK,like,piacere,mögen,,,
37,v,cooc,WEAK,link,unire,verbinden,,,
38,v,cooc,WEAK,mark,contrassegnare,bezeichnen,,,
39,v,cooc,WEAK,market,comprare,verkaufen,,,
40,v,cooc,WEAK,mean,dire,heißen,,,
41,v,cooc,WEAK,mould,modellare,schimmeln,,,
42,v,cooc,WEAK,name,denominare,angeben,,,
43,v,cooc,WEAK,originate,provenire,entstehen,,,
44,v,cooc,WEAK,please,soddisfare,erfreuen,,,
45,v,cooc,WEAK,present,presentare,einführen,,,
46,v,cooc,WEAK,preserve,conservare,erhalten,,,
47,v,cooc,WEAK,qualify,definire,bestimmen,,,
48,v,cooc,WEAK,range,classificare,reichen,,,
49,v,cooc,WEAK,reach,raggiungere,kommen,,,
50,v,cooc,WEAK,regard,considerare,betreffen,,,
51,v,cooc,WEAK,remove,andare,ziehen,,,
52,v,cooc,WEAK,require,richiedere,mögen,,,
53,v,cooc,WEAK,roll,avvolgere,rollen,,,
54,v,cooc,WEAK,salt,salare,streuen,,,
55,v,cooc,WEAK,sample,assaggiare,probieren,,,
56,v,cooc,WEAK,say,dire,heißen,,,
57,v,cooc,WEAK,shred,grattugiare,zerkleinern,,,
58,v,cooc,WEAK,sit,rappresentare,stellen,,,
59,v,cooc,WEAK,skim,scremare,fliegen,,,
60,v,cooc,WEAK,smear,spalmare,schmieren,,,
61,v,cooc,WEAK,smell,annusare,riechen,,,
62,v,cooc,WEAK,spice,aromatizzare,würzen,,,
63,v,cooc,WEAK,spread,spargere,verteilen,,,
64,v,cooc,WEAK,sprinkle,spargere,streuen,,,
65,v,cooc,WEAK,stand,restare,stellen,,,
66,v,cooc,WEAK,steal,rubare,klauen,,,
67,v,cooc,WEAK,taste,gustare,schmecken,,,
68,v,cooc,WEAK,try,assaggiare,probieren,,,
69,v,cooc,WEAK,undergo,subire,erleben,,,
70,v,cooc,WEAK,undertake,assumere,ausführen,,,
71,v,cooc,WEAK,waft,spargere,tragen,,,
72,v,cooc,WEAK,whisk,sbattere,verquirlen,,,
73,v,cooc,WEAK,win,conquistare,gewinnen,,,
