idx_group,pos,rel,weak,lex_en,lex_it,lex_de,score,bs_count,babel_synsets
0,n,head,,language human_language linguistic_communication,idioma linguaggio lingua,Menschliche_sprache Zunge Sprache,,1,bn:00049910n
1,n,sim,,thought,pensiero,Gedanke,0.422,0,
2,n,sim,,art,arte,Kunst,0.42,3,bn:00005928n bn:00005927n bn:00005926n
3,n,sim,,teaching,insegnamento,Lehre,0.404,0,
4,n,sim,,history,storia,Geschichte,0.4,4,bn:00044267n bn:00044270n bn:00000738n bn:00044268n
5,n,sim,,sense,senso,Sinn,0.4,4,bn:00070494n bn:00070498n bn:00000657n bn:00070499n
6,n,sim,,mind,mente,Geist,0.392,1,bn:00012681n
7,n,sim,,music,musica,Musik,0.39,2,bn:00056443n bn:00031853n
8,n,sim,,understanding,comprensione,Verständnis,0.39,2,bn:00021432n bn:00005134n
9,n,sim,,object,oggetto,Objekt,0.389,4,bn:00002179n bn:00058443n bn:00058445n bn:00058442n
10,n,sim,,religion,religione,Religion,0.386,2,bn:00032768n bn:00032770n
11,n,sim,,story,storia,Geschichte,0.384,2,bn:00056857n bn:00000738n
12,n,sim,,movement,movimento,Bewegung,0.381,3,bn:00056029n bn:00036632n bn:00056030n
13,n,sim,,behavior,comportamento,Verhalten,0.38,2,bn:00009656n bn:00009657n
14,n,sim,,theme,tema,Thema,0.372,3,bn:00056025n bn:00045803n bn:00074900n
15,n,sim,,topic,argomento,Thema,0.371,1,bn:00074900n
16,n,sim,,theory,teoria,Theorie,0.368,1,bn:00076834n
17,n,sim,,form,forma,Form,0.367,11,bn:00035911n bn:00003882n bn:00035909n bn:00026512n bn:00021751n bn:00016529n bn:00035915n bn:00035908n bn:00035907n bn:00035913n bn:00035912n
18,n,sim,,word,parola,Wort,0.363,1,bn:00081546n
19,n,sim,,ability,capacità,Fähigkeit,0.362,2,bn:00000317n bn:00005193n
20,n,sim,,family,famiglia,Familie,0.36,2,bn:00032893n bn:00032896n
21,n,sim,,book,libro,Buch,0.359,2,bn:00012066n bn:00012059n
22,n,sim,,value,valore,Wert,0.359,5,bn:00079508n bn:00079511n bn:00079509n bn:00058151n bn:00029680n
23,n,sim,,class,classe,Klasse,0.358,6,bn:00019479n bn:00016733n bn:00019478n bn:00019477n bn:00019483n bn:00019482n
24,n,sim,,individual,individuo,Person,0.357,1,bn:00046516n
25,n,sim,,perspective,prospettiva,Perspektive,0.357,1,bn:00051351n
26,n,sim,,thing,cosa,Sache,0.354,2,bn:00076925n bn:00001734n
27,n,sim,,voice,voce,Stimme,0.349,2,bn:00060770n bn:00062019n
28,n,sim,,change,cambiamento,Veränderung,0.348,1,bn:00003125n
29,n,sim,,figure,figura,Figur,0.347,1,bn:00003882n
30,n,sim,,material,materiale,Material,0.347,3,bn:00053802n bn:00053803n bn:00053801n
31,n,sim,,world,terra,Welt,0.345,2,bn:00029424n bn:00045153n
32,n,sim,,group,gruppo,Gruppe,0.34,4,bn:00073698n bn:00041943n bn:00041942n bn:00018111n
33,n,sim,,sport,sport,Sport,0.34,9,bn:00073569n bn:00056530n bn:00006759n bn:00073568n bn:00073570n bn:00036814n bn:00006747n bn:00032203n bn:00073571n
34,n,sim,,element,elemento,Element,0.335,6,bn:00021394n bn:00030300n bn:00030299n bn:00018105n bn:00030301n bn:00021396n
35,n,sim,,page,pagina,Seite,0.334,1,bn:00060158n
36,n,sim,,energy,energia,Kraft,0.333,0,
37,n,sim,,generation,generazione,Generation,0.331,4,bn:00037676n bn:00037677n bn:00020407n bn:00037681n
38,n,sim,,piece,pezzo,Stück,0.331,2,bn:00062299n bn:00062297n
39,n,sim,,state,stato,Zustand,0.328,4,bn:03347921n bn:02220665n bn:17345320n bn:02108701n
40,n,sim,,politics,politica,Politik,0.326,1,bn:00063351n
41,n,sim,,production,produzione,Produktion,0.326,4,bn:00064590n bn:00064592n bn:00059790n bn:00064594n
42,n,sim,,content,contenuto,Inhalt,0.325,2,bn:00022154n bn:00022153n
43,n,sim,,development,sviluppo,Entwicklung,0.321,1,bn:07804057n
44,n,sim,,representation,rappresentazione,Darstellung,0.318,1,bn:15061631n
45,n,sim,,culture,cultura,Kultur,0.316,1,bn:00024369n
46,n,sim,,manner,modo,Weise,0.316,0,
47,n,sim,,case,argomento,Fall,0.315,0,
48,n,sim,,literature,letteratura,Literatur,0.315,1,bn:00051538n
49,n,sim,,meaning,significato,Bedeutung,0.312,2,bn:00046139n bn:00054009n
50,n,sim,,function,funzione,Funktion,0.307,3,bn:00036821n bn:00036825n bn:00036822n
51,n,sim,,program,programma,Programm,0.306,4,bn:00062899n bn:00021492n bn:00013235n bn:00021497n
52,n,sim,,text,testo,Text,0.306,2,bn:00069638n bn:00076732n
53,n,sim,,role,ruolo,Rolle,0.305,1,bn:00068130n
54,n,sim,,system,sistema,System,0.305,7,bn:00005863n bn:00075760n bn:00075763n bn:00069580n bn:00075762n bn:00075759n bn:00075761n
55,n,sim,,event,evento,Ereignis,0.304,2,bn:00032022n bn:00032021n
56,n,sim,,writing,scrittura,Schreiben,0.302,1,bn:00081714n
57,n,sim,,reality,realtà,Wirklichkeit,0.301,1,bn:00066418n
58,n,sim,,future,futuro,Zukunft,0.3,2,bn:00036942n bn:00036941n
59,n,sim,,school,scuola,Schule,0.3,3,bn:00069619n bn:00069620n bn:00069625n
60,n,sim,,pattern,modello,Modell,0.299,0,
61,n,sim,,programme,programma,Programm,0.299,2,bn:00021492n bn:00013235n
62,n,sim,,space,spazio,Raum,0.299,2,bn:00053830n bn:00046665n
63,n,sim,,power,potere,Macht,0.296,1,bn:00063940n
64,n,sim,,force,forza,Kraft,0.293,2,bn:00035768n bn:00035767n
65,n,sim,,design,design,Design,0.292,11,bn:00045772n bn:00045963n bn:00026536n bn:00026537n bn:00026535n bn:00056023n bn:00002178n bn:00026538n bn:00011593n bn:00021551n bn:00028639n
66,n,sim,,source,fonte,Quelle,0.292,2,bn:00009635n bn:00046702n
67,n,sim,,structure,struttura,Struktur,0.292,1,bn:00022071n
68,n,sim,,action,azione,Aktion,0.29,0,
69,n,sim,,memory,memoria,Erinnerung,0.29,0,
70,n,sim,,style,stile,Stil,0.29,1,bn:15993750n
71,n,sim,,project,progetto,Projekt,0.289,1,bn:00064665n
72,n,sim,,condition,condizione,Zustand,0.288,1,bn:13935995n
73,n,sim,,use,uso,Anwendung,0.288,1,bn:00030627n
74,n,sim,,community,comunità,Gemeinschaft,0.286,1,bn:00021248n
75,n,sim,,idea,idea,Idee,0.285,1,bn:00045800n
76,n,sim,,level,livello,Ebene,0.284,0,
77,n,sim,,practice,pratica,Praxis,0.284,2,bn:00063989n bn:00063990n
78,n,sim,,article,articolo,Artikel,0.283,2,bn:00006124n bn:00006121n
79,n,sim,,image,immagine,Bild,0.282,2,bn:00045970n bn:00045972n
80,n,sim,,knowledge,conoscenza,Wissen,0.28,1,bn:00020452n
81,n,sim,,situation,situazione,Situation,0.275,3,bn:00071869n bn:00063707n bn:00071858n
82,n,sim,,science,scienza,Wissenschaft,0.274,1,bn:00069670n
83,n,sim,,organisation,organizzazione,Organisation,0.273,5,bn:00005863n bn:00059483n bn:00059480n bn:00001423n bn:00059482n
84,n,sim,,experience,esperienza,Erfahrung,0.272,2,bn:00032307n bn:00032306n
85,n,sim,,tradition,tradizione,Tradition,0.272,2,bn:00024592n bn:00077883n
86,n,sim,,communication,comunicazione,Kommunikation,0.271,1,bn:00021221n
87,n,sim,,organization,organizzazione,Organisation,0.271,5,bn:00005863n bn:00059483n bn:00059480n bn:00001423n bn:00059482n
88,n,sim,,nature,natura,Natur,0.27,3,bn:00057016n bn:00057017n bn:00075760n
89,n,sim,,character,carattere,Charakter,0.268,1,bn:00017748n
90,n,sim,,society,società,Gesellschaft,0.268,2,bn:00020039n bn:00072566n
91,n,sim,,expression,espressione,Ausdruck,0.265,2,bn:00032395n bn:00006386n
92,n,sim,,policy,politica,Politik,0.265,1,bn:00063329n
93,n,sim,,technique,tecnica,Technik,0.265,1,bn:16282150n
94,n,sim,,quality,qualità,Qualität,0.263,2,bn:00065538n bn:00014731n
95,n,sim,,aspect,aspetto,Aspekt,0.262,1,bn:00006385n
96,n,sim,,picture,immagine,Bild,0.262,2,bn:00032381n bn:00045970n
97,n,sim,,principle,principio,Prinzip,0.262,1,bn:00064428n
98,n,sim,,rule,regola,Regel,0.262,2,bn:00066933n bn:00064192n
99,n,sim,,song,canzone,Song,0.262,1,bn:00072794n
100,n,sim,,law,legge,Recht,0.261,2,bn:00048655n bn:00050250n
101,n,sim,,economy,economia,Wirtschaft,0.257,1,bn:00029678n
102,n,sim,,objective,obiettivo,Ziel,0.255,1,bn:00002179n
103,n,sim,,technology,tecnologia,Technologie,0.255,1,bn:00005105n
104,n,sim,,model,modello,Modell,0.254,7,bn:00036197n bn:00032101n bn:00055448n bn:00032100n bn:00033735n bn:00022071n bn:00055447n
105,n,sim,,environment,ambiente,Umgebung,0.252,1,bn:00031075n
106,n,sim,,characteristic,caratteristica,Eigenschaft,0.249,1,bn:00017762n
107,n,sim,,feature,caratteristica,Eigenschaft,0.249,0,
108,n,sim,,establishment,stabilimento,Einrichtung,0.248,0,
109,n,sim,,institution,istituzione,Institution,0.248,2,bn:00031641n bn:00046954n
110,n,sim,,network,rete,Netzwerk,0.248,4,bn:00057379n bn:00021488n bn:00054497n bn:00024712n
111,n,sim,,security,sicurezza,Sicherheit,0.248,2,bn:00070219n bn:00068799n
112,n,sim,,safety,sicurezza,Sicherheit,0.246,2,bn:00070219n bn:00068799n
113,n,sim,,instrument,strumento,Instrument,0.245,6,bn:00023662n bn:00046965n bn:00046961n bn:00046962n bn:00077585n bn:00046964n
114,n,sim,,tool,strumento,Instrument,0.245,3,bn:00046962n bn:00077585n bn:00023662n
115,n,sim,,property,proprietà,Eigenschaft,0.24,1,bn:00064752n
116,n,sim,,variety,varietà,Vielfalt,0.24,1,bn:00027862n
117,n,sim,,opinion,opinione,Meinung,0.237,4,bn:00059168n bn:00021870n bn:00009716n bn:00064277n
118,n,sim,,right,diritto,Recht,0.234,1,bn:00067807n
119,n,sim,,concept,concetto,Konzept,0.233,1,bn:00021547n
120,n,sim,,application,applicazione,Anwendung,0.23,2,bn:00005094n bn:00005095n
121,n,sim,,place,luogo,Ort,0.227,2,bn:00051760n bn:00062699n
122,n,sim,,process,processo,Verfahren,0.223,1,bn:00064536n
123,n,sim,,brand,marchio,Marke,0.215,1,bn:00012758n
124,n,sim,,fact,fatto,Umstand,0.214,0,
125,n,sim,,version,versione,Version,0.214,4,bn:00047114n bn:00001266n bn:00029773n bn:00079827n
126,n,sim,,app,applicazione,App,0.213,1,bn:00005095n
127,n,sim,,body,corpo,Körper,0.213,1,bn:00011744n
128,n,sim,,way,modo,Weg,0.213,1,bn:00033729n
129,n,sim,,approach,approccio,Ansatz,0.212,0,
130,n,sim,,category,categoria,Kategorie,0.205,1,bn:00016733n
131,n,sim,,message,messaggio,Mitteilung,0.203,0,
132,n,sim,,document,documento,Dokument,0.201,2,bn:00028015n bn:00028018n
133,n,sim,,training,formazione,Ausbildung,0.2,1,bn:00041853n
134,n,sim,,number,numero,Nummer,0.199,1,bn:02929223n
135,n,sim,,description,descrizione,Beschreibung,0.198,1,bn:01244302n
136,n,sim,,platform,piattaforma,Plattform,0.19,1,bn:00062900n
137,n,sim,,infrastructure,infrastruttura,Infrastruktur,0.189,2,bn:00008794n bn:00046727n
138,n,sim,,procedure,procedura,Verfahren,0.189,1,bn:00064536n
139,n,sim,,context,contesto,Kontext,0.187,2,bn:00022168n bn:00019219n
140,n,sim,,population,popolazione,Bevölkerung,0.187,1,bn:00063596n
141,n,sim,,method,metodo,Verfahren,0.186,1,bn:00054625n
142,n,sim,,administration,amministrazione,Verwaltung,0.185,5,bn:00001424n bn:00053116n bn:00001423n bn:00027355n bn:00001422n
143,n,sim,,competence,competenza,Zuständigkeit,0.185,1,bn:00021335n
144,n,sim,,list,elenco,Liste,0.185,2,bn:00051508n bn:00023140n
145,n,sim,,management,gestione,Verwaltung,0.185,2,bn:00053116n bn:00027355n
146,n,sim,,publication,pubblicazione,Veröffentlichung,0.184,3,bn:00065106n bn:00065108n bn:00047693n
147,n,sim,,strategy,strategia,Strategie,0.184,2,bn:00069579n bn:00074558n
148,n,sim,,circumstance,circostanza,Umstand,0.183,2,bn:00019218n bn:00019219n
149,n,sim,,notification,notifica,Mitteilung,0.177,0,
150,n,sim,,mark,marchio,Marke,0.176,0,
151,n,sim,,interpretation,interpretazione,Auslegung,0.174,1,bn:04810972n
152,n,sim,,register,registro,Register,0.174,6,bn:00066895n bn:00059469n bn:00066890n bn:00074436n bn:00066891n bn:00066893n
153,n,sim,,currency,valuta,Währung,0.173,1,bn:00024507n
154,n,sim,,initiative,iniziativa,Initiative,0.168,2,bn:00034797n bn:00031009n
155,n,sim,,registration,registrazione,Anmeldung,0.168,1,bn:00066905n
156,n,sim,,resource,risorsa,Ressource,0.168,1,bn:00067352n
157,n,sim,,nationality,nazionalità,Staatsangehörigkeit,0.167,0,
158,n,sim,,jurisdiction,giurisdizione,Zuständigkeit,0.166,1,bn:00048652n
159,n,sim,,criterion,criterio,Kriterium,0.165,2,bn:00023853n bn:00023854n
160,n,sim,,matter,materia,Angelegenheit,0.165,0,
161,n,sim,,notice,avviso,Bekanntmachung,0.165,0,
162,n,sim,,act,legge,Gesetz,0.164,1,bn:00050588n
163,n,sim,,performance,performance,Leistung,0.164,1,bn:00016286n
164,n,sim,,sector,settore,Sektor,0.163,1,bn:11333488n
165,n,sim,,plan,piano,Plan,0.161,3,bn:00069579n bn:00026536n bn:00062759n
166,n,sim,,regulation,regolamento,Verordnung,0.16,1,bn:00059436n
167,n,sim,,requirement,requisito,Voraussetzung,0.16,2,bn:00064181n bn:00031631n
168,n,sim,,review,revisione,Überprüfung,0.16,0,
169,n,sim,,trade,commercio,Handel,0.16,2,bn:00008735n bn:00077860n
170,n,sim,,priority,priorità,Priorität,0.158,1,bn:00064072n
171,n,sim,,specification,specificazione,Spezifikation,0.129,1,bn:00073184n
172,n,sim,,file,archivio,Akte,0.127,1,bn:00034423n
173,n,sim,,standard,standard,Standard,0.127,8,bn:00073914n bn:00023853n bn:00022335n bn:00023854n bn:00008426n bn:00073915n bn:00025851n bn:00055641n
174,n,sim,,indication,segno,Zeichen,0.114,1,bn:00071525n
1,n,sim,WEAK,account,ragione,Bericht,,,
2,n,sim,WEAK,activity,movimento,Aktivität,,,
3,n,sim,WEAK,arrangement,disposizione,Vereinbarung,,,
4,n,sim,WEAK,belief,credenza,Glaube,,,
5,n,sim,WEAK,business,azienda,Geschäft,,,
6,n,sim,WEAK,capacity,capacità,Leistung,,,
7,n,sim,WEAK,classification,classificazione,Spezifikation,,,
8,n,sim,WEAK,comment,critica,Stellungnahme,,,
9,n,sim,WEAK,component,componente,Teil,,,
10,n,sim,WEAK,concern,impresa,Bedeutung,,,
11,n,sim,WEAK,connection,circostanza,Verbindung,,,
12,n,sim,WEAK,control,autorità,Regelung,,,
13,n,sim,WEAK,conversation,discorso,Gespräch,,,
14,n,sim,WEAK,decision,conclusione,Entscheidung,,,
15,n,sim,WEAK,definition,definizione,Bedeutung,,,
16,n,sim,WEAK,education,istruzione,Bildung,,,
17,n,sim,WEAK,employment,occupazione,Arbeit,,,
18,n,sim,WEAK,exchange,scambio,Amt,,,
19,n,sim,WEAK,exercise,esercizio,Bewegung,,,
20,n,sim,WEAK,facility,infrastruttura,Einrichtung,,,
21,n,sim,WEAK,format,formato,Struktur,,,
22,n,sim,WEAK,framework,contesto,Rahmen,,,
23,n,sim,WEAK,instruction,istruzione,Unterricht,,,
24,n,sim,WEAK,issue,pubblicazione,Problem,,,
25,n,sim,WEAK,kind,tipo,Art,,,
26,n,sim,WEAK,letter,carattere,Schreiben,,,
27,n,sim,WEAK,measure,modo,Maßnahme,,,
28,n,sim,WEAK,mechanism,meccanismo,Werk,,,
29,n,sim,WEAK,medium,mezzo,Medium,,,
30,n,sim,WEAK,mode,modo,Art,,,
31,n,sim,WEAK,name,nome,Name,,,
32,n,sim,WEAK,narrative,narrazione,Geschichte,,,
33,n,sim,WEAK,note,tono,Kenntnis,,,
34,n,sim,WEAK,obligation,vincolo,Verpflichtung,,,
35,n,sim,WEAK,opportunity,modo,Möglichkeit,,,
36,n,sim,WEAK,order,ordinamento,Auftrag,,,
37,n,sim,WEAK,origin,origine,Quelle,,,
38,n,sim,WEAK,part,pezzo,Teil,,,
39,n,sim,WEAK,position,funzione,Position,,,
40,n,sim,WEAK,product,genere,Produkt,,,
41,n,sim,WEAK,qualification,qualifica,Voraussetzung,,,
42,n,sim,WEAK,question,argomento,Frage,,,
43,n,sim,WEAK,reading,lettura,Version,,,
44,n,sim,WEAK,record,registrazione,Akte,,,
45,n,sim,WEAK,reference,consultazione,Zeichen,,,
46,n,sim,WEAK,report,comunicazione,Bericht,,,
47,n,sim,WEAK,scheme,schema,Programm,,,
48,n,sim,WEAK,section,settore,Abschnitt,,,
49,n,sim,WEAK,service,funzione,Dienst,,,
50,n,sim,WEAK,set,gruppo,Satz,,,
51,n,sim,WEAK,setting,ambiente,Rahmen,,,
52,n,sim,WEAK,skill,abilità,Fähigkeit,,,
53,n,sim,WEAK,staff,personale,Stab,,,
54,n,sim,WEAK,statement,istruzione,Erklärung,,,
55,n,sim,WEAK,status,stato,Stellung,,,
56,n,sim,WEAK,subject,oggetto,Thema,,,
57,n,sim,WEAK,task,funzione,Aufgabe,,,
58,n,sim,WEAK,term,periodo,Begriff,,,
59,n,sim,WEAK,type,tipo,Art,,,
60,n,sim,WEAK,view,visione,Blick,,,
61,n,sim,WEAK,vision,visione,Vorstellung,,,
62,n,sim,WEAK,work,opera,Arbeit,,,
1,n,cooc,,religion,religione,Religion,0.55,2,bn:00032768n bn:00032770n
2,n,cooc,,learning,apprendimento,Lernen,0.533,1,bn:17277242n
3,n,cooc,,knowledge,conoscenza,Kenntnis,0.527,1,bn:00020452n
4,n,cooc,,literature,letteratura,Literatur,0.527,1,bn:00051538n
5,n,cooc,,style,stile,Stil,0.523,1,bn:15993750n
6,n,cooc,,layout,disposizione,Layout,0.522,0,
7,n,cooc,,tradition,tradizione,Tradition,0.519,2,bn:00024592n bn:00077883n
8,n,cooc,,culture,cultura,Kultur,0.517,1,bn:00024369n
9,n,cooc,,arrangement,disposizione,Gestaltung,0.505,0,
10,n,cooc,,body,corpo,Körper,0.502,1,bn:00011744n
11,n,cooc,,translation,traduzione,Übersetzung,0.482,2,bn:00047114n bn:00078013n
12,n,cooc,,dialect,dialetto,Dialekt,0.479,1,bn:00000640n
13,n,cooc,,behavior,comportamento,Verhalten,0.476,2,bn:00009656n bn:00009657n
14,n,cooc,,behaviour,comportamento,Verhalten,0.475,2,bn:00009656n bn:00009657n
15,n,cooc,,sign,segno,Zeichen,0.471,3,bn:00071527n bn:00071525n bn:00071536n
16,n,cooc,,tone,tono,Ton,0.47,1,bn:00077554n
17,n,cooc,,teaching,insegnamento,Unterricht,0.467,1,bn:00026980n
18,n,cooc,,art,arte,Kunst,0.463,3,bn:00005928n bn:00005927n bn:00005926n
19,n,cooc,,music,musica,Musik,0.461,2,bn:00056443n bn:00031853n
20,n,cooc,,grammar,grammatica,Grammatik,0.46,1,bn:00041302n
21,n,cooc,,history,storia,Geschichte,0.459,4,bn:00044267n bn:00044270n bn:00000738n bn:00044268n
22,n,cooc,,format,formato,Format,0.454,2,bn:00025321n bn:00035939n
23,n,cooc,,tuition,insegnamento,Unterricht,0.454,0,
24,n,cooc,,english,inglese,Englisch,0.453,2,bn:00030862n bn:00003344n
25,n,cooc,,image,immagine,Bild,0.453,2,bn:00045970n bn:00045972n
26,n,cooc,,identity,identità,Identität,0.45,2,bn:00045825n bn:00045824n
27,n,cooc,,gesture,gesto,Geste,0.449,2,bn:00040336n bn:00040335n
28,n,cooc,,voice,voce,Stimme,0.441,2,bn:00060770n bn:00062019n
29,n,cooc,,mathematics,matematica,Mathematik,0.439,1,bn:00053823n
30,n,cooc,,communication,comunicazione,Kommunikation,0.437,1,bn:00021221n
31,n,cooc,,source,origine,Ursprung,0.436,1,bn:00009635n
32,n,cooc,,usage,uso,Verwendung,0.435,1,bn:00030627n
33,n,cooc,,science,scienza,Naturwissenschaft,0.431,0,
34,n,cooc,,nation,nazione,Nation,0.43,3,bn:00076734n bn:00023236n bn:00023235n
35,n,cooc,,speech,discorso,Rede,0.43,1,bn:00001304n
36,n,cooc,,code,codice,Code,0.428,3,bn:00020352n bn:00020353n bn:00020354n
37,n,cooc,,logic,logica,Logik,0.428,2,bn:00051849n bn:00051845n
38,n,cooc,,use,uso,Verwendung,0.428,1,bn:00030627n
39,n,cooc,,nationality,nazionalità,Nationalität,0.427,1,bn:00056964n
40,n,cooc,,brain,cervello,Gehirn,0.426,1,bn:00012679n
41,n,cooc,,course,corso,Kurs,0.425,2,bn:00019477n bn:00019479n
42,n,cooc,,content,contenuto,Inhalt,0.424,2,bn:00022154n bn:00022153n
43,n,cooc,,dictionary,dizionario,Wörterbuch,0.424,1,bn:00026967n
44,n,cooc,,meaning,significato,Bedeutung,0.423,2,bn:00046139n bn:00054009n
45,n,cooc,,civilization,civiltà,Kultur,0.422,1,bn:00019384n
46,n,cooc,,currency,valuta,Währung,0.422,1,bn:00024507n
47,n,cooc,,ethnicity,etnia,Ethnie,0.422,0,
48,n,cooc,,form,forma,Form,0.421,11,bn:00035911n bn:00003882n bn:00035909n bn:00026512n bn:00021751n bn:00016529n bn:00035915n bn:00035908n bn:00035907n bn:00035913n bn:00035912n
49,n,cooc,,sport,sport,Sport,0.421,9,bn:00073569n bn:00056530n bn:00006759n bn:00073568n bn:00073570n bn:00036814n bn:00006747n bn:00032203n bn:00073571n
50,n,cooc,,tool,strumento,Werkzeug,0.421,2,bn:00077585n bn:00023662n
51,n,cooc,,understanding,comprensione,Verständnis,0.421,2,bn:00021432n bn:00005134n
52,n,cooc,,thought,pensiero,Gedanke,0.42,0,
53,n,cooc,,concept,concetto,Begriff,0.419,1,bn:00021547n
54,n,cooc,,attitude,atteggiamento,Haltung,0.418,1,bn:00007048n
55,n,cooc,,race,razza,Rasse,0.418,2,bn:00065800n bn:00065801n
56,n,cooc,,memory,memoria,Gedächtnis,0.416,1,bn:00054300n
57,n,cooc,,origin,origine,Herkunft,0.416,0,
58,n,cooc,,writing,scrittura,Schreiben,0.416,1,bn:00081714n
59,n,cooc,,manner,modo,Weise,0.413,0,
60,n,cooc,,ability,capacità,Fähigkeit,0.411,2,bn:00000317n bn:00005193n
61,n,cooc,,theme,tema,Thema,0.411,3,bn:00056025n bn:00045803n bn:00074900n
62,n,cooc,,way,modo,Weise,0.411,0,
63,n,cooc,,country,paese,Land,0.409,2,bn:00023236n bn:00023235n
64,n,cooc,,tongue,lingua,Zunge,0.408,4,bn:00077567n bn:00049910n bn:00019439n bn:00077565n
65,n,cooc,,contract,contratto,Vertrag,0.407,1,bn:00022227n
66,n,cooc,,structure,struttura,Struktur,0.406,1,bn:00022071n
67,n,cooc,,philosophy,filosofia,Philosophie,0.405,2,bn:00061984n bn:00028013n
68,n,cooc,,vocabulary,vocabolario,Wortschatz,0.404,1,bn:00050906n
69,n,cooc,,education,educazione,Bildung,0.402,1,bn:00026980n
70,n,cooc,,symbol,simbolo,Symbol,0.402,2,bn:00075652n bn:00075653n
71,n,cooc,,people,popolo,Leute,0.401,1,bn:00061450n
72,n,cooc,,comprehension,comprensione,Verständnis,0.399,2,bn:00021432n bn:00005134n
73,n,cooc,,region,regione,Region,0.399,2,bn:00066884n bn:00005515n
74,n,cooc,,expression,espressione,Ausdruck,0.395,2,bn:00032395n bn:00006386n
75,n,cooc,,word,parola,Wort,0.395,1,bn:00081546n
76,n,cooc,,book,libro,Buch,0.39,2,bn:00012066n bn:00012059n
77,n,cooc,,french,francese,Französisch,0.388,1,bn:00036426n
78,n,cooc,,syntax,sintassi,Syntax,0.388,2,bn:00062118n bn:00075738n
79,n,cooc,,version,versione,Fassung,0.383,0,
80,n,cooc,,spanish,spagnolo,Spanisch,0.382,2,bn:00073092n bn:00016558n
81,n,cooc,,spelling,compitazione,Rechtschreibung,0.38,1,bn:00073279n
82,n,cooc,,selection,scelta,Auswahl,0.378,2,bn:00018660n bn:00018661n
83,n,cooc,,training,formazione,Ausbildung,0.378,1,bn:00041853n
84,n,cooc,,capability,capacità,Fähigkeit,0.377,1,bn:00005193n
85,n,cooc,,awareness,coscienza,Bewusstsein,0.375,2,bn:00007499n bn:00007498n
86,n,cooc,,level,livello,Ebene,0.373,0,
87,n,cooc,,subject,argomento,Thema,0.373,1,bn:00074900n
88,n,cooc,,sex,sesso,Geschlecht,0.372,1,bn:00037634n
89,n,cooc,,school,scuola,Schule,0.369,3,bn:00069619n bn:00069620n bn:00069625n
90,n,cooc,,gender,sesso,Geschlecht,0.368,1,bn:00037634n
91,n,cooc,,reading,lettura,Lesen,0.367,1,bn:00066372n
92,n,cooc,,text,testo,Text,0.366,2,bn:00069638n bn:00076732n
93,n,cooc,,diversity,diversità,Vielfalt,0.364,1,bn:00027862n
94,n,cooc,,minority,minoranza,Minderheit,0.364,1,bn:00055208n
95,n,cooc,,rule,regola,Regel,0.358,2,bn:00066933n bn:00064192n
96,n,cooc,,orientation,orientamento,Orientierung,0.356,2,bn:27268799n bn:03186216n
97,n,cooc,,disorder,disturbo,Störung,0.355,0,
98,n,cooc,,technology,tecnologia,Technologie,0.35,1,bn:00005105n
99,n,cooc,,lack,mancanza,Mangel,0.341,2,bn:00025916n bn:00025913n
100,n,cooc,,term,termine,Begriff,0.337,1,bn:00076590n
101,n,cooc,,platform,piattaforma,Plattform,0.32,1,bn:00062900n
102,n,cooc,,state,condizione,Zustand,0.312,1,bn:13935995n
103,n,cooc,,age,età,Alter,0.304,2,bn:00001939n bn:00001940n
104,n,cooc,,examination,esame,Prüfung,0.301,1,bn:00032095n
105,n,cooc,,type,tipo,Typ,0.301,0,
106,n,cooc,,exam,esame,Prüfung,0.29,0,
107,n,cooc,,consciousness,coscienza,Bewusstsein,0.27,1,bn:00007498n
108,n,cooc,,right,diritto,Recht,0.215,1,bn:00067807n
1,n,cooc,WEAK,action,gesto,Wirkung,,,
2,n,cooc,WEAK,application,richiesta,Anwendung,,,
3,n,cooc,WEAK,background,ambiente,Herkunft,,,
4,n,cooc,WEAK,belief,opinione,Glaube,,,
5,n,cooc,WEAK,class,corso,Kategorie,,,
6,n,cooc,WEAK,cognition,cognizione,Wahrnehmung,,,
7,n,cooc,WEAK,competence,competenza,Fähigkeit,,,
8,n,cooc,WEAK,custom,abitudine,Brauch,,,
9,n,cooc,WEAK,department,sezione,Bereich,,,
10,n,cooc,WEAK,division,ripartizione,Kategorie,,,
11,n,cooc,WEAK,document,scrittura,Dokument,,,
12,n,cooc,WEAK,family,gruppo,Familie,,,
13,n,cooc,WEAK,feature,carattere,Eigenschaft,,,
14,n,cooc,WEAK,idea,idea,Gedanke,,,
15,n,cooc,WEAK,instruction,insegnamento,Befehl,,,
16,n,cooc,WEAK,medium,strumento,Medium,,,
17,n,cooc,WEAK,model,modello,Typ,,,
18,n,cooc,WEAK,object,fine,Sache,,,
19,n,cooc,WEAK,office,studio,Amt,,,
20,n,cooc,WEAK,pack,pacchetto,Gruppe,,,
21,n,cooc,WEAK,paper,relazione,Arbeit,,,
22,n,cooc,WEAK,party,gruppo,Partei,,,
23,n,cooc,WEAK,policy,metodo,Politik,,,
24,n,cooc,WEAK,practice,pratica,Ausübung,,,
25,n,cooc,WEAK,reference,riferimento,Zeichen,,,
26,n,cooc,WEAK,requirement,richiesta,Voraussetzung,,,
27,n,cooc,WEAK,script,testo,Schrift,,,
28,n,cooc,WEAK,section,sezione,Teil,,,
29,n,cooc,WEAK,service,servizio,Inspektion,,,
30,n,cooc,WEAK,setting,ambiente,Einstellung,,,
31,n,cooc,WEAK,skill,abilità,Fähigkeit,,,
32,n,cooc,WEAK,study,studio,Studium,,,
33,n,cooc,WEAK,support,supporto,Förderung,,,
34,n,cooc,WEAK,test,esame,Test,,,
35,n,cooc,WEAK,title,qualifica,Bezeichnung,,,
36,n,cooc,WEAK,unit,gruppo,Element,,,
37,n,cooc,WEAK,working,funzione,Arbeit,,,
1,adj,cooc,,english,inglese,englisch,0.759,1,bn:00102248a
2,adj,cooc,,norwegian,norvegese,norwegisch,0.64,1,bn:00107597a
3,adj,cooc,,german,tedesco,deutsch,0.594,1,bn:00103560a
4,adj,cooc,,french,francese,französisch,0.569,1,bn:00103321a
5,adj,cooc,,alien,straniero,fremd,0.555,1,bn:00096774a
6,adj,cooc,,spanish,spagnolo,spanisch,0.546,1,bn:00110978a
7,adj,cooc,,italian,italiano,italienisch,0.535,1,bn:00105493a
8,adj,cooc,,understandable,comprensibile,verständlich,0.531,1,bn:00097389a
9,adj,cooc,,intelligible,comprensibile,verständlich,0.524,2,bn:00097389a bn:00100161a
10,adj,cooc,,official,ufficiale,offiziell,0.523,1,bn:00107770a
11,adj,cooc,,latin,latino,lateinisch,0.519,0,
12,adj,cooc,,arabic,arabo,arabisch,0.51,1,bn:00097423a
13,adj,cooc,,russian,russo,russisch,0.508,1,bn:00110004a
14,adj,cooc,,different,diverso,verschieden,0.505,0,
15,adj,cooc,,plain,semplice,einfach,0.5,0,
16,adj,cooc,,common,comune,gemeinsam,0.499,0,
17,adj,cooc,,comprehensible,comprensibile,verständlich,0.497,2,bn:00097389a bn:00100161a
18,adj,cooc,,chinese,cinese,chinesisch,0.492,1,bn:00099614a
19,adj,cooc,,greek,greco,griechisch,0.492,1,bn:00103785a
20,adj,cooc,,universal,universale,universell,0.486,1,bn:00112911a
21,adj,cooc,,bulgarian,bulgaro,bulgarisch,0.48,1,bn:00099000a
22,adj,cooc,,written,scritto,geschrieben,0.474,0,
23,adj,cooc,,simple,semplice,einfach,0.469,1,bn:00101973a
24,adj,cooc,,poetic,poetico,poetisch,0.467,3,bn:00108730a bn:00108731a bn:00108733a
25,adj,cooc,,clear,chiaro,klar,0.462,1,bn:00099803a
26,adj,cooc,,hebrew,ebraico,hebräisch,0.462,0,
27,adj,cooc,,visual,visivo,visuell,0.449,0,
28,adj,cooc,,natural,naturale,natürlich,0.446,1,bn:00107151a
29,adj,cooc,,japanese,giapponese,japanisch,0.444,1,bn:00105516a
30,adj,cooc,,maltese,maltese,maltesisch,0.444,0,
31,adj,cooc,,european,europeo,europäisch,0.439,0,
32,adj,cooc,,slavic,slavo,slawisch,0.439,0,
33,adj,cooc,,swedish,svedese,schwedisch,0.438,1,bn:00111537a
34,adj,cooc,,vulgar,volgare,vulgär,0.429,0,
35,adj,cooc,,own,proprio,eigen,0.428,1,bn:00096707a
36,adj,cooc,,modern,moderno,modern,0.425,3,bn:00096529a bn:00106822a bn:00106831a
37,adj,cooc,,portuguese,portoghese,portugiesisch,0.424,1,bn:00106270a
38,adj,cooc,,precise,preciso,präzise,0.423,0,
39,adj,cooc,,easy,facile,leicht,0.418,1,bn:00101973a
40,adj,cooc,,human,umano,menschlich,0.416,1,bn:00104386a
41,adj,cooc,,slovak,slovacco,slowakisch,0.416,0,
42,adj,cooc,,germanic,germanico,germanisch,0.413,1,bn:00103564a
43,adj,cooc,,ordinary,ordinario,einfach,0.411,0,
44,adj,cooc,,ancient,antico,alt,0.408,0,
45,adj,cooc,,prevalent,comune,häufig,0.404,0,
46,adj,cooc,,semitic,semitico,semitisch,0.402,0,
47,adj,cooc,,irish,irlandese,irisch,0.4,1,bn:00105419a
48,adj,cooc,,turkish,turco,türkisch,0.399,1,bn:00112187a
49,adj,cooc,,unintelligible,incomprensibile,unverständlich,0.396,0,
50,adj,cooc,,unknown,sconosciuto,unbekannt,0.393,0,
51,adj,cooc,,local,locale,lokal,0.392,1,bn:00106109a
52,adj,cooc,,same,stesso,gleich,0.384,0,
53,adj,cooc,,dutch,olandese,niederländisch,0.379,1,bn:00101908a
54,adj,cooc,,romanian,rumeno,rumänisch,0.376,1,bn:00109917a
55,adj,cooc,,difficult,difficile,schwierig,0.375,1,bn:00101358a
56,adj,cooc,,hard,difficile,schwer,0.372,1,bn:00101358a
57,adj,cooc,,croatian,croato,kroatisch,0.368,1,bn:00100680a
58,adj,cooc,,acceptable,accettabile,annehmbar,0.362,1,bn:00096246a
59,adj,cooc,,required,necessario,vorgeschrieben,0.361,0,
60,adj,cooc,,only,solo,einzig,0.357,0,
61,adj,cooc,,albanian,albanese,albanisch,0.354,1,bn:00096739a
62,adj,cooc,,czech,ceco,tschechisch,0.354,1,bn:00100868a
63,adj,cooc,,kurdish,curdo,kurdisch,0.354,0,
64,adj,cooc,,celtic,celtico,keltisch,0.347,0,
65,adj,cooc,,respective,rispettivo,jeweilig,0.347,0,
66,adj,cooc,,hungarian,ungherese,ungarisch,0.341,1,bn:00104406a
67,adj,cooc,,persian,persiano,persisch,0.337,0,
68,adj,cooc,,active,attivo,aktiv,0.328,3,bn:00096384a bn:00096385a bn:00096392a
69,adj,cooc,,passive,passivo,passiv,0.324,0,
70,adj,cooc,,equal,uguale,gleich,0.322,0,
71,adj,cooc,,identical,identico,gleich,0.322,0,
72,adj,cooc,,beautiful,bello,schön,0.319,1,bn:00098171a
73,adj,cooc,,african,africano,afrikanisch,0.312,0,
74,adj,cooc,,korean,coreano,koreanisch,0.31,1,bn:00105648a
75,adj,cooc,,mandatory,obbligatorio,obligatorisch,0.309,0,
76,adj,cooc,,compulsory,obbligatorio,obligatorisch,0.305,0,
77,adj,cooc,,working,attivo,aktiv,0.302,0,
78,adj,cooc,,direct,diretto,direkt,0.222,0,
79,adj,cooc,,known,conosciuto,bekannt,0.133,0,
1,adj,cooc,WEAK,actual,attuale,wirklich,,,
2,adj,cooc,WEAK,akin,simile,verwandt,,,
3,adj,cooc,WEAK,alive,vivo,lebendig,,,
4,adj,cooc,WEAK,broad,chiaro,weit,,,
5,adj,cooc,WEAK,coarse,volgare,derb,,,
6,adj,cooc,WEAK,current,corrente,derzeitig,,,
7,adj,cooc,WEAK,customary,abituale,gebräuchlich,,,
8,adj,cooc,WEAK,distinct,diverso,deutlich,,,
9,adj,cooc,WEAK,explicit,esplicito,deutlich,,,
10,adj,cooc,WEAK,familiar,familiare,bekannt,,,
11,adj,cooc,WEAK,foreign,estero,fremd,,,
12,adj,cooc,WEAK,formal,formale,formal,,,
13,adj,cooc,WEAK,harsh,duro,rau,,,
14,adj,cooc,WEAK,necessary,necessario,obligatorisch,,,
15,adj,cooc,WEAK,new,nuovo,modern,,,
16,adj,cooc,WEAK,particular,preciso,bestimmt,,,
17,adj,cooc,WEAK,peculiar,strano,eigen,,,
18,adj,cooc,WEAK,popular,popolare,gängig,,,
19,adj,cooc,WEAK,possible,possibile,gängig,,,
20,adj,cooc,WEAK,proper,proprio,korrekt,,,
21,adj,cooc,WEAK,real,originale,wirklich,,,
22,adj,cooc,WEAK,rich,ricco,schwer,,,
23,adj,cooc,WEAK,several,diverso,jeweilig,,,
24,adj,cooc,WEAK,similar,simile,gleich,,,
25,adj,cooc,WEAK,specific,specifico,bestimmt,,,
26,adj,cooc,WEAK,spoken,verbale,gesprochen,,,
27,adj,cooc,WEAK,standard,standard,einheitlich,,,
28,adj,cooc,WEAK,strong,forte,scharf,,,
29,adj,cooc,WEAK,typical,tipico,eigen,,,
30,adj,cooc,WEAK,unfamiliar,sconosciuto,fremd,,,
31,adj,cooc,WEAK,unique,unico,eindeutig,,,
32,adj,cooc,WEAK,various,vario,verschieden,,,
1,v,cooc,,speak,parlare,sprechen,0.699,1,bn:00094090v
2,v,cooc,,learn,imparare,lernen,0.623,1,bn:00082281v
3,v,cooc,,talk,parlare,sprechen,0.564,1,bn:00094090v
4,v,cooc,,study,studiare,studieren,0.518,2,bn:00090266v bn:00094501v
5,v,cooc,,master,padroneggiare,beherrschen,0.5,0,
6,v,cooc,,use,utilizzare,verwenden,0.485,1,bn:00082705v
7,v,cooc,,teach,insegnare,lehren,0.483,1,bn:00089791v
8,v,cooc,,insert,inserire,einfügen,0.472,1,bn:00087681v
9,v,cooc,,understand,capire,verstehen,0.466,1,bn:00082727v
10,v,cooc,,interpret,interpretare,auslegen,0.461,0,
11,v,cooc,,shape,plasmare,formen,0.436,2,bn:00088480v bn:00088490v
12,v,cooc,,invent,inventare,erfinden,0.433,1,bn:00085743v
13,v,cooc,,know,sapere,kennen,0.42,1,bn:00085261v
14,v,cooc,,model,plasmare,formen,0.42,0,
15,v,cooc,,mention,menzionare,nennen,0.415,0,
16,v,cooc,,translate,tradurre,übersetzen,0.405,1,bn:00089840v
17,v,cooc,,evolve,evolvere,entwickeln,0.397,0,
18,v,cooc,,develop,sviluppare,entwickeln,0.394,1,bn:00086745v
19,v,cooc,,accompany,accompagnare,begleiten,0.389,1,bn:00082222v
20,v,cooc,,prescribe,prescrivere,vorschreiben,0.389,0,
21,v,cooc,,write,scrivere,schreiben,0.383,2,bn:00093281v bn:00094109v
22,v,cooc,,acquire,acquisire,erwerben,0.382,1,bn:00082280v
23,v,cooc,,promote,promuovere,fördern,0.379,0,
24,v,cooc,,appear,apparire,erscheinen,0.377,2,bn:00082690v bn:00082691v
25,v,cooc,,influence,influenzare,beeinflussen,0.371,1,bn:00082304v
26,v,cooc,,choose,scegliere,wählen,0.369,1,bn:00084931v
27,v,cooc,,practice,praticare,üben,0.368,0,
28,v,cooc,,change,cambiare,wechseln,0.367,1,bn:00084772v
29,v,cooc,,prefer,preferire,bevorzugen,0.365,1,bn:00091949v
30,v,cooc,,differ,differire,abweichen,0.362,0,
31,v,cooc,,recognise,riconoscere,erkennen,0.359,1,bn:00086904v
32,v,cooc,,betray,tradire,verraten,0.358,0,
33,v,cooc,,recognize,riconoscere,erkennen,0.356,1,bn:00086904v
34,v,cooc,,explore,esplorare,erkunden,0.351,0,
35,v,cooc,,decipher,decifrare,entschlüsseln,0.35,1,bn:00086376v
36,v,cooc,,mirror,rispecchiare,spiegeln,0.35,0,
37,v,cooc,,love,amare,lieben,0.347,1,bn:00090504v
38,v,cooc,,process,elaborare,verarbeiten,0.347,0,
39,v,cooc,,belong,appartenere,gehören,0.346,0,
40,v,cooc,,mimick,imitare,imitieren,0.345,0,
41,v,cooc,,decode,decodificare,entschlüsseln,0.342,1,bn:00086376v
42,v,cooc,,adapt,adattare,anpassen,0.338,2,bn:00082215v bn:00082316v
43,v,cooc,,confuse,confondere,verwirren,0.336,1,bn:00083309v
44,v,cooc,,serve,servire,dienen,0.336,1,bn:00082867v
45,v,cooc,,reflect,riflettere,reflektieren,0.335,1,bn:00084733v
46,v,cooc,,regard,considerare,betrachten,0.335,0,
47,v,cooc,,comprehend,comprendere,begreifen,0.334,1,bn:00082727v
48,v,cooc,,imitate,imitare,imitieren,0.333,0,
49,v,cooc,,specify,specificare,angeben,0.331,0,
50,v,cooc,,mean,dire,bedeuten,0.33,1,bn:00089805v
51,v,cooc,,revise,modificare,ändern,0.329,0,
52,v,cooc,,help,aiutare,helfen,0.328,1,bn:00082481v
53,v,cooc,,disappear,scomparire,verschwinden,0.327,1,bn:00086880v
54,v,cooc,,express,esprimere,ausdrücken,0.326,0,
55,v,cooc,,constitute,costituire,bilden,0.325,1,bn:00083187v
56,v,cooc,,exist,esistere,existieren,0.325,1,bn:00083184v
57,v,cooc,,alter,modificare,ändern,0.324,1,bn:00082553v
58,v,cooc,,mix,mescolare,mischen,0.323,3,bn:00082565v bn:00083597v bn:00090871v
59,v,cooc,,fascinate,affascinare,faszinieren,0.322,0,
60,v,cooc,,introduce,introdurre,einführen,0.322,0,
61,v,cooc,,modify,modificare,ändern,0.322,1,bn:00082553v
62,v,cooc,,consider,considerare,betrachten,0.321,0,
63,v,cooc,,desire,desiderare,begehren,0.321,1,bn:00086682v
64,v,cooc,,dominate,dominare,dominieren,0.319,0,
65,v,cooc,,disseminate,diffondere,verbreiten,0.316,1,bn:00084119v
66,v,cooc,,possess,possedere,besitzen,0.313,1,bn:00089241v
67,v,cooc,,distinguish,distinguere,unterscheiden,0.312,0,
68,v,cooc,,pertain,riguardare,betreffen,0.31,1,bn:00083240v
69,v,cooc,,create,creare,schaffen,0.309,1,bn:00086009v
70,v,cooc,,facilitate,facilitare,erleichtern,0.308,1,bn:00082531v
71,v,cooc,,define,definire,definieren,0.307,1,bn:00086465v
72,v,cooc,,play,giocare,spielen,0.307,2,bn:00091711v bn:00091708v
73,v,cooc,,unite,unire,vereinigen,0.307,1,bn:00082317v
74,v,cooc,,live,abitare,leben,0.306,1,bn:00087441v
75,v,cooc,,analyze,analizzare,analysieren,0.305,1,bn:00082596v
76,v,cooc,,limit,limitare,beschränken,0.305,0,
77,v,cooc,,require,richiedere,erfordern,0.303,0,
78,v,cooc,,add,aggiungere,hinzufügen,0.302,1,bn:00082318v
79,v,cooc,,switch,passare,wechseln,0.301,0,
80,v,cooc,,find,trovare,finden,0.297,2,bn:00084231v bn:00088204v
81,v,cooc,,form,costituire,bilden,0.295,0,
82,v,cooc,,include,includere,umfassen,0.29,0,
83,v,cooc,,integrate,integrare,integrieren,0.29,1,bn:00089803v
84,v,cooc,,restrict,limitare,beschränken,0.287,0,
85,v,cooc,,permit,permettere,erlauben,0.285,1,bn:00082536v
86,v,cooc,,accept,accettare,akzeptieren,0.284,3,bn:00082201v bn:00082197v bn:00082198v
87,v,cooc,,remain,restare,bleiben,0.283,3,bn:00092756v bn:00091562v bn:00085719v
88,v,cooc,,determine,determinare,bestimmen,0.282,0,
89,v,cooc,,allow,consentire,zulassen,0.28,0,
90,v,cooc,,resemble,assomigliare,ähneln,0.277,0,
91,v,cooc,,die,morire,sterben,0.276,1,bn:00084343v
92,v,cooc,,call,chiamare,nennen,0.272,1,bn:00084385v
93,v,cooc,,forget,dimenticare,vergessen,0.272,2,bn:00084302v bn:00088482v
94,v,cooc,,exclude,escludere,ausschließen,0.27,0,
95,v,cooc,,inspire,ispirare,begeistern,0.27,0,
96,v,cooc,,improve,migliorare,verbessern,0.267,1,bn:00082573v
97,v,cooc,,give,rendere,geben,0.266,0,
98,v,cooc,,request,richiedere,auffordern,0.266,0,
99,v,cooc,,say,dire,sagen,0.26,1,bn:00093287v
100,v,cooc,,lack,mancare,fehlen,0.258,1,bn:00090161v
101,v,cooc,,preserve,preservare,erhalten,0.252,2,bn:00083242v bn:00085644v
102,v,cooc,,cover,coprire,bedecken,0.25,0,
103,v,cooc,,represent,rappresentare,darstellen,0.25,1,bn:00083187v
104,v,cooc,,characterize,caratterizzare,kennzeichnen,0.249,0,
105,v,cooc,,analyse,analizzare,analysieren,0.233,1,bn:00082596v
106,v,cooc,,divide,separare,trennen,0.233,0,
107,v,cooc,,seem,sembrare,scheinen,0.217,1,bn:00082690v
108,v,cooc,,do,fare,tun,0.209,1,bn:00082286v
109,v,cooc,,separate,separare,trennen,0.209,0,
110,v,cooc,,indicate,indicare,zeigen,0.205,0,
111,v,cooc,,make,fare,machen,0.197,3,bn:00086008v bn:00086013v bn:00084198v
112,v,cooc,,avoid,evitare,vermeiden,0.179,1,bn:00082958v
113,v,cooc,,follow,seguire,folgen,0.173,1,bn:00088020v
114,v,cooc,,offer,offrire,bieten,0.144,0,
115,v,cooc,,provide,offrire,bieten,0.143,0,
1,v,cooc,WEAK,accord,concordare,erteilen,,,
2,v,cooc,WEAK,adopt,adottare,annehmen,,,
3,v,cooc,WEAK,affect,interessare,beeinflussen,,,
4,v,cooc,WEAK,agree,concordare,passen,,,
5,v,cooc,WEAK,amend,correggere,ändern,,,
6,v,cooc,WEAK,apply,ricorrere,anwenden,,,
7,v,cooc,WEAK,approve,approvare,annehmen,,,
8,v,cooc,WEAK,authorise,autorizzare,zulassen,,,
9,v,cooc,WEAK,authorize,autorizzare,zulassen,,,
10,v,cooc,WEAK,bar,escludere,verschließen,,,
11,v,cooc,WEAK,base,basare,basieren,,,
12,v,cooc,WEAK,be,diventare,liegen,,,
13,v,cooc,WEAK,become,diventare,stehen,,,
14,v,cooc,WEAK,bind,legare,verbinden,,,
15,v,cooc,WEAK,borrow,mutuare,entlehnen,,,
16,v,cooc,WEAK,compile,compilare,verfassen,,,
17,v,cooc,WEAK,comprise,comprendere,umfassen,,,
18,v,cooc,WEAK,concern,interessare,betreffen,,,
19,v,cooc,WEAK,construct,costruire,erstellen,,,
20,v,cooc,WEAK,construe,interpretare,analysieren,,,
21,v,cooc,WEAK,contain,comprendere,enthalten,,,
22,v,cooc,WEAK,convey,esprimere,vermitteln,,,
23,v,cooc,WEAK,design,ideare,bestimmen,,,
24,v,cooc,WEAK,designate,designare,bestimmen,,,
25,v,cooc,WEAK,direct,orientare,richten,,,
26,v,cooc,WEAK,draft,tirare,zeichnen,,,
27,v,cooc,WEAK,edit,correggere,bearbeiten,,,
28,v,cooc,WEAK,embrace,abbracciare,umfassen,,,
29,v,cooc,WEAK,emerge,risultare,entstehen,,,
30,v,cooc,WEAK,employ,impiegare,beschäftigen,,,
31,v,cooc,WEAK,enable,permettere,ermöglichen,,,
32,v,cooc,WEAK,enter,inserire,eintragen,,,
33,v,cooc,WEAK,entitle,autorizzare,berechtigen,,,
34,v,cooc,WEAK,establish,stabilire,schaffen,,,
35,v,cooc,WEAK,examine,studiare,prüfen,,,
36,v,cooc,WEAK,extend,allungare,erweitern,,,
37,v,cooc,WEAK,fail,mancare,versagen,,,
38,v,cooc,WEAK,have,fare,besitzen,,,
39,v,cooc,WEAK,hear,sentire,hören,,,
40,v,cooc,WEAK,identify,identificare,erkennen,,,
41,v,cooc,WEAK,imply,implicare,bedeuten,,,
42,v,cooc,WEAK,incorporate,includere,integrieren,,,
43,v,cooc,WEAK,increase,ingrossare,vergrößern,,,
44,v,cooc,WEAK,intend,intendere,bestimmen,,,
45,v,cooc,WEAK,involve,coinvolgere,umfassen,,,
46,v,cooc,WEAK,lay,elaborare,legen,,,
47,v,cooc,WEAK,list,elencare,aufnehmen,,,
48,v,cooc,WEAK,maintain,conservare,pflegen,,,
49,v,cooc,WEAK,matter,interessare,machen,,,
50,v,cooc,WEAK,need,occorrere,brauchen,,,
51,v,cooc,WEAK,originate,derivare,entstehen,,,
52,v,cooc,WEAK,prevent,evitare,verhindern,,,
53,v,cooc,WEAK,program,stabilire,programmieren,,,
54,v,cooc,WEAK,programme,stabilire,programmieren,,,
55,v,cooc,WEAK,protect,proteggere,bewahren,,,
56,v,cooc,WEAK,quote,citare,nennen,,,
57,v,cooc,WEAK,read,interpretare,lesen,,,
58,v,cooc,WEAK,refer,rimandare,hinweisen,,,
59,v,cooc,WEAK,remove,andare,entfernen,,,
60,v,cooc,WEAK,respect,rispettare,achten,,,
61,v,cooc,WEAK,retain,conservare,bewahren,,,
62,v,cooc,WEAK,select,selezionare,wählen,,,
63,v,cooc,WEAK,set,fissare,setzen,,,
64,v,cooc,WEAK,sound,sembrare,klingen,,,
65,v,cooc,WEAK,state,stabilire,angeben,,,
66,v,cooc,WEAK,suggest,indicare,unterstellen,,,
67,v,cooc,WEAK,support,aiutare,unterstützen,,,
68,v,cooc,WEAK,surround,limitare,umfassen,,,
69,v,cooc,WEAK,tend,tirare,pflegen,,,
70,v,cooc,WEAK,test,sperimentare,prüfen,,,
71,v,cooc,WEAK,treat,considerare,behandeln,,,
72,v,cooc,WEAK,utilize,utilizzare,nutzen,,,
73,v,cooc,WEAK,vary,modificare,abweichen,,,
74,v,cooc,WEAK,work,andare,arbeiten,,,
