idx_group,pos,rel,weak,lex_en,lex_it,lex_de,score,bs_count,babel_synsets
0,n,head,,tribunal judicature court,giuria corte aula_di_tribunale,Gerichtssaal Gerichtshof Gericht,,1,bn:00023301n
1,n,sim,,authority,autorità,Behörde,0.383,0,
2,n,sim,,commission,commissione,Kommission,0.333,1,bn:06245657n
3,n,sim,,council,consiglio,Rat,0.32,1,bn:00023119n
4,n,sim,,government,governo,Regierung,0.315,1,bn:00001426n
5,n,sim,,parliament,parlamento,Parlament,0.312,1,bn:00060708n
6,n,sim,,decision,decisione,Entscheidung,0.31,3,bn:00018661n bn:00003132n bn:00025693n
7,n,sim,,judgment,sentenza,Urteil,0.298,2,bn:00021628n bn:00048496n
8,n,sim,,institution,istituzione,Institution,0.295,2,bn:00046954n bn:00031641n
9,n,sim,,judge,giudice,Richter,0.292,1,bn:00048488n
10,n,sim,,administration,amministrazione,Verwaltung,0.29,5,bn:00027355n bn:00001424n bn:00053116n bn:00001423n bn:00001422n
11,n,sim,,club,club,Verein,0.289,1,bn:00020039n
12,n,sim,,state,stato,Staat,0.289,3,bn:00023236n bn:00023235n bn:00064914n
13,n,sim,,family,famiglia,Familie,0.285,2,bn:00032893n bn:00032896n
14,n,sim,,bank,banca,Bank,0.279,4,bn:00008370n bn:00008371n bn:00008367n bn:00008364n
15,n,sim,,organisation,organizzazione,Organisation,0.279,5,bn:00059482n bn:00059480n bn:00005863n bn:00059483n bn:00001423n
16,n,sim,,law,legge,Recht,0.278,2,bn:00050250n bn:00048655n
17,n,sim,,case,argomento,Fall,0.274,0,
18,n,sim,,church,chiesa,Kirche,0.272,2,bn:00018995n bn:00018819n
19,n,sim,,society,società,Gesellschaft,0.272,2,bn:00020039n bn:00072566n
20,n,sim,,election,elezione,Wahl,0.271,2,bn:00030114n bn:00030113n
21,n,sim,,committee,comitato,Ausschuss,0.27,1,bn:00021015n
22,n,sim,,kingdom,regno,Königreich,0.269,2,bn:00049170n bn:00049169n
23,n,sim,,culture,cultura,Kultur,0.268,1,bn:00024369n
24,n,sim,,company,azienda,Firma,0.266,4,bn:00014160n bn:00022811n bn:00073910n bn:00021286n
25,n,sim,,people,popolo,Leute,0.265,1,bn:00061450n
26,n,sim,,client,committente,Kunde,0.262,1,bn:00019763n
27,n,sim,,hospital,ospedale,Krankenhaus,0.259,3,bn:00019822n bn:00044897n bn:00044896n
28,n,sim,,member,membro,Mitglied,0.258,2,bn:00034004n bn:00054277n
29,n,sim,,court,tribunale,Gericht,0.257,3,bn:00023308n bn:00023302n bn:00023301n
30,n,sim,,tribunal,tribunale,Gericht,0.257,1,bn:00023301n
31,n,sim,,applicant,richiedente,Antragsteller,0.254,1,bn:00005091n
32,n,sim,,policy,politica,Politik,0.254,1,bn:00063329n
33,n,sim,,community,comunità,Gemeinschaft,0.253,1,bn:00021248n
34,n,sim,,establishment,istituzione,Einrichtung,0.253,0,
35,n,sim,,measure,provvedimento,Maßnahme,0.252,0,
36,n,sim,,act,legge,Gesetz,0.251,1,bn:00050588n
37,n,sim,,organization,organizzazione,Organisation,0.251,5,bn:00059482n bn:00059480n bn:00005863n bn:00059483n bn:00001423n
38,n,sim,,man,uomo,Mann,0.25,1,bn:00001533n
39,n,sim,,teacher,insegnante,Lehrer,0.25,2,bn:00076289n bn:00046958n
40,n,sim,,student,allievo,Schüler,0.249,1,bn:00029806n
41,n,sim,,group,gruppo,Gruppe,0.248,4,bn:00041943n bn:00073698n bn:00018111n bn:00041942n
42,n,sim,,process,procedimento,Verfahren,0.246,2,bn:00064536n bn:00054625n
43,n,sim,,order,ordine,Auftrag,0.245,1,bn:00059311n
44,n,sim,,treaty,trattato,Vertrag,0.244,1,bn:00000728n
45,n,sim,,university,università,Universität,0.244,3,bn:00000568n bn:00079152n bn:00069619n
46,n,sim,,statement,dichiarazione,Erklärung,0.243,0,
47,n,sim,,subject,argomento,Thema,0.243,1,bn:00074900n
48,n,sim,,association,associazione,Verein,0.241,2,bn:00006539n bn:00020039n
49,n,sim,,justice,giustizia,Justiz,0.238,0,
50,n,sim,,legislation,legislazione,Gesetzgebung,0.238,1,bn:00050587n
51,n,sim,,practice,prassi,Praxis,0.238,2,bn:00024591n bn:00063989n
52,n,sim,,agency,agenzia,Agentur,0.237,2,bn:00001962n bn:00001961n
53,n,sim,,circumstance,circostanza,Umstand,0.234,2,bn:00019218n bn:00019219n
54,n,sim,,agent,agente,Mittel,0.232,0,
55,n,sim,,citizen,cittadino,Bürger,0.232,1,bn:15489147n
56,n,sim,,declaration,dichiarazione,Erklärung,0.231,0,
57,n,sim,,bundesgerichtshof,bundesgerichtshof,Bundesgerichtshof,0.23,2,bn:05300525n bn:03367443n
58,n,sim,,opinion,opinione,Meinung,0.23,4,bn:00064277n bn:00009716n bn:00021870n bn:00059168n
59,n,sim,,representative,rappresentante,Vertreter,0.23,0,
60,n,sim,,senate,senato,Senat,0.229,1,bn:00070458n
61,n,sim,,expert,esperto,Experte,0.227,1,bn:00032322n
62,n,sim,,ruling,decisione,Entscheidung,0.226,0,
63,n,sim,,investigation,indagine,Untersuchung,0.225,1,bn:00047354n
64,n,sim,,judiciary,magistratura,Justiz,0.225,1,bn:00048503n
65,n,sim,,nation,nazione,Nation,0.225,3,bn:00023236n bn:00076734n bn:00023235n
66,n,sim,,customer,committente,Kunde,0.224,1,bn:00019763n
67,n,sim,,union,unione,Union,0.224,6,bn:00058032n bn:00079093n bn:00079077n bn:00021127n bn:00021881n bn:00079094n
68,n,sim,,congress,congresso,Kongress,0.223,2,bn:00021845n bn:00021844n
69,n,sim,,fact,fatto,Tatsache,0.223,2,bn:00032654n bn:00032655n
70,n,sim,,claim,reclamo,Anspruch,0.222,2,bn:00014794n bn:00016853n
71,n,sim,,advocate,avvocato,Anwalt,0.22,0,
72,n,sim,,place,posizione,Ort,0.219,1,bn:00051760n
73,n,sim,,counsel,consiglio,Rat,0.216,0,
74,n,sim,,manufacturer,fabbricante,Hersteller,0.216,1,bn:00052911n
75,n,sim,,producer,produttore,Hersteller,0.216,1,bn:03927465n
76,n,sim,,participant,partecipante,Teilnehmer,0.213,1,bn:00060799n
77,n,sim,,police,polizia,Polizei,0.213,1,bn:00022026n
78,n,sim,,corporation,società,Gesellschaft,0.212,0,
79,n,sim,,assessment,accertamento,Bewertung,0.211,0,
80,n,sim,,partner,partner,Partner,0.211,6,bn:00006531n bn:00028157n bn:00060819n bn:00010161n bn:00020592n bn:00060821n
81,n,sim,,doctor,medico,Arzt,0.21,1,bn:00027976n
82,n,sim,,appeal,appello,Beschwerde,0.209,0,
83,n,sim,,lawmaker,legislatore,Gesetzgeber,0.208,1,bn:00050281n
84,n,sim,,legislator,legislatore,Gesetzgeber,0.207,1,bn:00050281n
85,n,sim,,physician,medico,Arzt,0.206,1,bn:00027976n
86,n,sim,,republic,repubblica,Republik,0.205,1,bn:00067223n
87,n,sim,,office,ufficio,Büro,0.204,1,bn:00001961n
88,n,sim,,judgement,sentenza,Urteil,0.203,1,bn:00048496n
89,n,sim,,amendment,emendamento,Änderung,0.202,0,
90,n,sim,,operator,operatore,Betreiber,0.202,2,bn:00059142n bn:00053226n
91,n,sim,,store,negozio,Laden,0.201,3,bn:00071215n bn:00012452n bn:00067417n
92,n,sim,,inquiry,inchiesta,Untersuchung,0.2,1,bn:00047354n
93,n,sim,,plan,piano,Plan,0.199,3,bn:00069579n bn:00026536n bn:00062759n
94,n,sim,,reference,raccomandazione,Empfehlung,0.198,0,
95,n,sim,,prison,carcere,Gefängnis,0.197,3,bn:00019832n bn:00064469n bn:00064468n
96,n,sim,,embassy,ambasciata,Botschaft,0.196,1,bn:00027289n
97,n,sim,,ministry,ministero,Ministerium,0.196,1,bn:00055180n
98,n,sim,,conclusion,conclusione,Schlussfolgerung,0.195,0,
99,n,sim,,hall,sala,Halle,0.195,0,
100,n,sim,,chamber,camera,Kammer,0.194,1,bn:00017581n
101,n,sim,,complaint,reclamo,Beschwerde,0.194,1,bn:00021348n
102,n,sim,,germany,germania,Deutschland,0.194,1,bn:00026684n
103,n,sim,,restaurant,ristorante,Restaurant,0.194,1,bn:00029545n
104,n,sim,,federation,federazione,Verband,0.191,0,
105,n,sim,,issue,edizione,Ausgabe,0.191,0,
106,n,sim,,newspaper,giornale,Zeitung,0.191,2,bn:00057563n bn:00057566n
107,n,sim,,principle,principio,Grundsatz,0.19,2,bn:00064077n bn:00064428n
108,n,sim,,verdict,verdetto,Urteil,0.19,0,
109,n,sim,,room,camera,Zimmer,0.189,1,bn:00068233n
110,n,sim,,argument,argomento,Argument,0.188,2,bn:00005600n bn:00005604n
111,n,sim,,petitioner,richiedente,Antragsteller,0.188,0,
112,n,sim,,recommendation,raccomandazione,Empfehlung,0.188,1,bn:00893309n
113,n,sim,,position,posizione,Stellung,0.187,2,bn:00063708n bn:00063704n
114,n,sim,,press,stampa,Presse,0.187,1,bn:00048459n
115,n,sim,,convention,convenzione,Konvention,0.185,1,bn:00022335n
116,n,sim,,plaintiff,attore,Kläger,0.184,1,bn:00021346n
117,n,sim,,review,rassegna,Überprüfung,0.184,0,
118,n,sim,,session,seduta,Sitzung,0.184,2,bn:00070690n bn:00070689n
119,n,sim,,public,pubblico,Öffentlichkeit,0.179,1,bn:00063584n
120,n,sim,,interpretation,interpretazione,Auslegung,0.177,1,bn:04810972n
121,n,sim,,senat,senato,Senat,0.177,1,bn:00070458n
122,n,sim,,vote,votazione,Abstimmung,0.176,1,bn:00008198n
123,n,sim,,voter,elettore,Wähler,0.176,1,bn:00030122n
124,n,sim,,bundesverwaltungsgericht,bundesverwaltungsgericht,Bundesverwaltungsgericht,0.175,3,bn:03294352n bn:15648682n bn:03693764n
125,n,sim,,minister,ministro,Minister,0.175,3,bn:00027288n bn:00041200n bn:00024459n
126,n,sim,,bundesfinanzhof,bundesfinanzhof,Bundesfinanzhof,0.174,1,bn:00324358n
127,n,sim,,author,autore,Autor,0.173,1,bn:00007287n
128,n,sim,,jurisdiction,giurisdizione,Zuständigkeit,0.171,1,bn:00048652n
129,n,sim,,probe,indagine,Untersuchung,0.171,0,
130,n,sim,,politician,politico,Politiker,0.17,1,bn:00063277n
131,n,sim,,solicitor,avvocato,Rechtsanwalt,0.17,0,
132,n,sim,,view,opinione,Ansicht,0.17,0,
133,n,sim,,president,presidente,Präsident,0.166,2,bn:00064234n bn:00017517n
134,n,sim,,attorney,procuratore,Rechtsanwalt,0.164,0,
135,n,sim,,decree,decreto,Verordnung,0.164,1,bn:17702831n
136,n,sim,,bishop,vescovo,Bischof,0.161,1,bn:00010714n
137,n,sim,,lawyer,avvocato,Rechtsanwalt,0.156,2,bn:00008722n bn:00007051n
138,n,sim,,ordinance,decreto,Verordnung,0.156,0,
139,n,sim,,institute,istituto,Institut,0.155,1,bn:00046952n
140,n,sim,,assembly,assemblea,Versammlung,0.154,0,
141,n,sim,,landlord,proprietario,Vermieter,0.152,1,bn:00049877n
142,n,sim,,mayor,sindaco,Bürgermeister,0.152,1,bn:00019333n
143,n,sim,,chairman,presidente,Präsident,0.151,1,bn:00017517n
144,n,sim,,constitution,costituzione,Verfassung,0.151,1,bn:00022052n
145,n,sim,,team,squadra,Team,0.149,2,bn:00073699n bn:00030339n
146,n,sim,,bureau,ufficio,Büro,0.146,1,bn:00001961n
147,n,sim,,investigator,investigatore,Ermittler,0.143,2,bn:00026633n bn:00047357n
148,n,sim,,conference,conferenza,Konferenz,0.142,0,
149,n,sim,,defence,difesa,Verteidigung,0.141,3,bn:00025880n bn:00025871n bn:00025878n
150,n,sim,,evaluator,valutatore,Gutachter,0.138,0,
151,n,sim,,army,esercito,Armee,0.12,2,bn:00005732n bn:00005803n
152,n,sim,,majority,maggioranza,Mehrheit,0.117,1,bn:00000445n
153,n,sim,,coalition,coalizione,Koalition,0.115,1,bn:00020151n
154,n,sim,,fifa,fifa,Fifa,0.115,2,bn:00041689n bn:00033854n
155,n,sim,,investor,investitore,Investor,0.113,1,bn:00047367n
156,n,sim,,foundation,fondazione,Stiftung,0.11,2,bn:00036064n bn:00061947n
157,n,sim,,summit,vertice,Gipfel,0.11,3,bn:00000943n bn:00000942n bn:00075159n
158,n,sim,,luxembourg,lussemburgo,Luxemburg,0.107,2,bn:00041328n bn:00015570n
159,n,sim,,uefa,uefa,Uefa,0.107,2,bn:03195127n bn:02587815n
160,n,sim,,referendum,referendum,Referendum,0.092,1,bn:00066793n
1,n,sim,WEAK,action,provvedimento,Aktion,,,
2,n,sim,WEAK,adviser,consigliere,Beirat,,,
3,n,sim,WEAK,agreement,convenzione,Vereinbarung,,,
4,n,sim,WEAK,application,istanza,Anwendung,,,
5,n,sim,WEAK,area,quartiere,Bereich,,,
6,n,sim,WEAK,arrangement,organizzazione,Vereinbarung,,,
7,n,sim,WEAK,article,clausola,Artikel,,,
8,n,sim,WEAK,bill,cartellone,Gesetz,,,
9,n,sim,WEAK,board,consiglio,Vorstand,,,
10,n,sim,WEAK,body,organismo,Organ,,,
11,n,sim,WEAK,branch,sezione,Gebiet,,,
12,n,sim,WEAK,building,edificio,Haus,,,
13,n,sim,WEAK,business,azienda,Unternehmen,,,
14,n,sim,WEAK,call,appello,Gespräch,,,
15,n,sim,WEAK,campaign,campagna,Aktion,,,
16,n,sim,WEAK,case-law,giurisprudenza,Rechtsprechung,,,
17,n,sim,WEAK,change,resto,Änderung,,,
18,n,sim,WEAK,charge,addebito,Klage,,,
19,n,sim,WEAK,class,classe,Gruppe,,,
20,n,sim,WEAK,college,collegio,Institut,,,
21,n,sim,WEAK,comment,osservazione,Stellungnahme,,,
22,n,sim,WEAK,condition,stato,Bedingung,,,
23,n,sim,WEAK,contract,convenzione,Auftrag,,,
24,n,sim,WEAK,contractor,contraente,Unternehmer,,,
25,n,sim,WEAK,control,autorità,Kontrolle,,,
26,n,sim,WEAK,councillor,consigliere,Stadtrat,,,
27,n,sim,WEAK,country,campagna,Land,,,
28,n,sim,WEAK,course,direzione,Verlauf,,,
29,n,sim,WEAK,criterion,principio,Kriterium,,,
30,n,sim,WEAK,custom,costume,Praxis,,,
31,n,sim,WEAK,delegate,delegato,Abgeordnete,,,
32,n,sim,WEAK,department,ufficio,Bereich,,,
33,n,sim,WEAK,directorate,direzione,Aufsichtsrat,,,
34,n,sim,WEAK,district,quartiere,Kreis,,,
35,n,sim,WEAK,division,sezione,Organ,,,
36,n,sim,WEAK,duty,ufficio,Pflicht,,,
37,n,sim,WEAK,end,conclusione,Zweck,,,
38,n,sim,WEAK,enterprise,azienda,Unternehmen,,,
39,n,sim,WEAK,entity,ente,Ding,,,
40,n,sim,WEAK,event,fatto,Ereignis,,,
41,n,sim,WEAK,executive,dirigente,Vorstand,,,
42,n,sim,WEAK,firm,ditta,Firma,,,
43,n,sim,WEAK,form,figura,Form,,,
44,n,sim,WEAK,framework,contesto,Rahmen,,,
45,n,sim,WEAK,hearing,udienza,Anhörung,,,
46,n,sim,WEAK,holder,proprietario,Fassung,,,
47,n,sim,WEAK,home,abitazione,Haus,,,
48,n,sim,WEAK,house,abitazione,Haus,,,
49,n,sim,WEAK,inspector,ispettore,Kontrolle,,,
50,n,sim,WEAK,instance,istanza,Fall,,,
51,n,sim,WEAK,interest,partecipazione,Interesse,,,
52,n,sim,WEAK,justiciary,magistrato,Justiz,,,
53,n,sim,WEAK,kind,categoria,Art,,,
54,n,sim,WEAK,land,campagna,Land,,,
55,n,sim,WEAK,leadership,direzione,Regierung,,,
56,n,sim,WEAK,league,lega,Bund,,,
57,n,sim,WEAK,list,lista,Programm,,,
58,n,sim,WEAK,location,posizione,Stelle,,,
59,n,sim,WEAK,management,direzione,Verwaltung,,,
60,n,sim,WEAK,market,piazza,Markt,,,
61,n,sim,WEAK,matter,argomento,Sache,,,
62,n,sim,WEAK,medium,ambiente,Medium,,,
63,n,sim,WEAK,meeting,assemblea,Sitzung,,,
64,n,sim,WEAK,municipality,comune,Gemeinde,,,
65,n,sim,WEAK,nature,ordine,Natur,,,
66,n,sim,WEAK,notification,contestazione,Mitteilung,,,
67,n,sim,WEAK,observation,osservazione,Feststellung,,,
68,n,sim,WEAK,officer,funzionario,Beamte,,,
69,n,sim,WEAK,official,funzionario,Beamte,,,
70,n,sim,WEAK,panel,gruppo,Gremium,,,
71,n,sim,WEAK,park,parco,Anlage,,,
72,n,sim,WEAK,part,organo,Teil,,,
73,n,sim,WEAK,party,gruppo,Partei,,,
74,n,sim,WEAK,person,figura,Person,,,
75,n,sim,WEAK,player,attore,Spieler,,,
76,n,sim,WEAK,plea,appello,Plädoyer,,,
77,n,sim,WEAK,point,argomento,Punkt,,,
78,n,sim,WEAK,power,autorità,Macht,,,
79,n,sim,WEAK,practitioner,medico,Rechtsanwalt,,,
80,n,sim,WEAK,presidency,presidenza,Präsidium,,,
81,n,sim,WEAK,principal,direttore,Mandant,,,
82,n,sim,WEAK,program,cartellone,Programm,,,
83,n,sim,WEAK,programme,cartellone,Programm,,,
84,n,sim,WEAK,project,piano,Projekt,,,
85,n,sim,WEAK,property,proprietà,Haus,,,
86,n,sim,WEAK,protection,difesa,Schutz,,,
87,n,sim,WEAK,provision,clausola,Bestimmung,,,
88,n,sim,WEAK,question,dubbio,Frage,,,
89,n,sim,WEAK,reason,motivazione,Grund,,,
90,n,sim,WEAK,record,protocollo,Aufnahme,,,
91,n,sim,WEAK,regulation,ordinanza,Verordnung,,,
92,n,sim,WEAK,request,istanza,Antrag,,,
93,n,sim,WEAK,resolution,decisione,Lösung,,,
94,n,sim,WEAK,respondent,convenuto,Beklagte,,,
95,n,sim,WEAK,rule,dominio,Regel,,,
96,n,sim,WEAK,rules,ordinamento,Satzung,,,
97,n,sim,WEAK,sanction,sanzione,Genehmigung,,,
98,n,sim,WEAK,scheme,piano,Programm,,,
99,n,sim,WEAK,school,collegio,Schule,,,
100,n,sim,WEAK,secretary,segretario,Minister,,,
101,n,sim,WEAK,section,sezione,Teil,,,
102,n,sim,WEAK,security,difesa,Sicherheit,,,
103,n,sim,WEAK,settlement,insediamento,Regelung,,,
104,n,sim,WEAK,side,squadra,Seite,,,
105,n,sim,WEAK,situation,posizione,Situation,,,
106,n,sim,WEAK,sponsor,sponsor,Auftraggeber,,,
107,n,sim,WEAK,standard,scala,Norm,,,
108,n,sim,WEAK,statute,legge,Satzung,,,
109,n,sim,WEAK,system,complesso,System,,,
110,n,sim,WEAK,time,epoca,Zeit,,,
111,n,sim,WEAK,trial,giudizio,Versuch,,,
112,n,sim,WEAK,trust,società,Pflicht,,,
113,n,sim,WEAK,unit,gruppo,Anlage,,,
114,n,sim,WEAK,use,costume,Anwendung,,,
115,n,sim,WEAK,way,direzione,Weise,,,
116,n,sim,WEAK,witness,spettatore,Zeuge,,,
117,n,sim,WEAK,work,fabbrica,Arbeit,,,
1,n,cooc,,appellate,appello,Berufung,0.649,1,bn:00005019n
2,n,cooc,,appeal,appello,Beschwerde,0.632,0,
3,n,cooc,,judgment,sentenza,Urteil,0.616,2,bn:00021628n bn:00048496n
4,n,cooc,,judgement,sentenza,Urteil,0.592,1,bn:00048496n
5,n,cooc,,justice,giustizia,Gerechtigkeit,0.583,2,bn:00048669n bn:00048668n
6,n,cooc,,ruling,decisione,Entscheidung,0.58,0,
7,n,cooc,,judge,giudice,Richter,0.577,1,bn:00048488n
8,n,cooc,,verdict,verdetto,Urteil,0.575,0,
9,n,cooc,,decision,decisione,Entscheidung,0.551,3,bn:00018661n bn:00003132n bn:00025693n
10,n,cooc,,order,ordinanza,Auftrag,0.501,0,
11,n,cooc,,justicia,giustizia,Gerechtigkeit,0.486,0,
12,n,cooc,,court,tribunale,Gericht,0.484,3,bn:00023308n bn:00023302n bn:00023301n
13,n,cooc,,tribunal,tribunale,Gericht,0.484,1,bn:00023301n
14,n,cooc,,district,distretto,Bezirk,0.47,1,bn:00027810n
15,n,cooc,,claim,reclamo,Anspruch,0.462,2,bn:00014794n bn:00016853n
16,n,cooc,,jurisdiction,giurisdizione,Zuständigkeit,0.453,1,bn:00048652n
17,n,cooc,,commission,commissione,Kommission,0.439,1,bn:06245657n
18,n,cooc,,complaint,reclamo,Beschwerde,0.439,1,bn:00021348n
19,n,cooc,,sentencing,sentenza,Verurteilung,0.43,1,bn:00021628n
20,n,cooc,,right,diritto,Recht,0.429,1,bn:00067807n
21,n,cooc,,attorney,procuratore,Rechtsanwalt,0.428,0,
22,n,cooc,,parliament,parlamento,Parlament,0.428,1,bn:00060708n
23,n,cooc,,appointment,nomina,Termin,0.406,0,
24,n,cooc,,government,governo,Regierung,0.399,1,bn:00001426n
25,n,cooc,,resolution,decisione,Beschluss,0.395,0,
26,n,cooc,,question,questione,Frage,0.383,0,
27,n,cooc,,lawyer,avvocato,Rechtsanwalt,0.377,2,bn:00008722n bn:00007051n
28,n,cooc,,law,legge,Recht,0.376,2,bn:00050250n bn:00048655n
29,n,cooc,,issue,questione,Frage,0.357,0,
30,n,cooc,,date,data,Datum,0.355,2,bn:00025340n bn:00025338n
31,n,cooc,,principle,principio,Grundsatz,0.352,2,bn:00064077n bn:00064428n
32,n,cooc,,registry,segreteria,Sekretariat,0.351,0,
33,n,cooc,,regulation,regolamento,Verordnung,0.346,1,bn:00059436n
34,n,cooc,,employment,lavoro,Arbeit,0.334,3,bn:00030616n bn:00030625n bn:00014138n
35,n,cooc,,expert,esperto,Sachverständige,0.333,0,
36,n,cooc,,president,presidente,Präsident,0.332,2,bn:00064234n bn:00017517n
37,n,cooc,,assembly,assemblea,Versammlung,0.328,0,
38,n,cooc,,council,consiglio,Rat,0.327,1,bn:00023119n
39,n,cooc,,secretariat,segreteria,Sekretariat,0.325,1,bn:00070166n
40,n,cooc,,counsel,consiglio,Rat,0.319,0,
41,n,cooc,,judiciary,magistratura,Justiz,0.314,1,bn:00048503n
42,n,cooc,,circumstance,circostanza,Umstand,0.303,2,bn:00019218n bn:00019219n
43,n,cooc,,event,evento,Fall,0.298,0,
44,n,cooc,,officer,ufficiale,Beamte,0.29,0,
45,n,cooc,,valuation,valutazione,Einschätzung,0.281,0,
46,n,cooc,,term,termine,Begriff,0.272,1,bn:00076590n
47,n,cooc,,execution,svolgimento,Ausführung,0.265,0,
48,n,cooc,,building,edificio,Gebäude,0.254,1,bn:00013722n
49,n,cooc,,assessment,valutazione,Beurteilung,0.247,0,
50,n,cooc,,chairman,presidente,Vorsitzende,0.229,1,bn:00017517n
51,n,cooc,,press,stampa,Presse,0.208,1,bn:00048459n
52,n,cooc,,chairperson,presidente,Vorsitzende,0.187,1,bn:00017517n
53,n,cooc,,member,membro,Mitglied,0.143,2,bn:00034004n bn:00054277n
1,n,cooc,WEAK,act,legge,Akt,,,
2,n,cooc,WEAK,action,opera,Wirkung,,,
3,n,cooc,WEAK,adjudicator,giudice,Schiedsrichter,,,
4,n,cooc,WEAK,agency,mandato,Vertretung,,,
5,n,cooc,WEAK,annex,annesso,Antrag,,,
6,n,cooc,WEAK,appearance,pubblicazione,Gesicht,,,
7,n,cooc,WEAK,application,istanza,Anwendung,,,
8,n,cooc,WEAK,arbiter,giudice,Schiedsrichter,,,
9,n,cooc,WEAK,award,premio,Urteil,,,
10,n,cooc,WEAK,bill,nota,Rechnung,,,
11,n,cooc,WEAK,board,consiglio,Gremium,,,
12,n,cooc,WEAK,body,organo,Gremium,,,
13,n,cooc,WEAK,case,questione,Fall,,,
14,n,cooc,WEAK,case-law,giurisprudenza,Rechtsprechung,,,
15,n,cooc,WEAK,committee,comitato,Kommission,,,
16,n,cooc,WEAK,conclusion,termine,Schlussfolgerung,,,
17,n,cooc,WEAK,connection,circostanza,Zusammenhang,,,
18,n,cooc,WEAK,consideration,valutazione,Berücksichtigung,,,
19,n,cooc,WEAK,constitution,legge,Verfassung,,,
20,n,cooc,WEAK,course,corso,Platz,,,
21,n,cooc,WEAK,courts,corti,Justiz,,,
22,n,cooc,WEAK,crime,crimine,Tat,,,
23,n,cooc,WEAK,design,progetto,Ausführung,,,
24,n,cooc,WEAK,effect,risultato,Wirkung,,,
25,n,cooc,WEAK,field,terreno,Praxis,,,
26,n,cooc,WEAK,finding,sentenza,Erkenntnis,,,
27,n,cooc,WEAK,ground,terreno,Grund,,,
28,n,cooc,WEAK,head,direttore,Spitze,,,
29,n,cooc,WEAK,hearing,udienza,Anhörung,,,
30,n,cooc,WEAK,house,abitazione,Kammer,,,
31,n,cooc,WEAK,instance,istanza,Fall,,,
32,n,cooc,WEAK,institution,opera,Institution,,,
33,n,cooc,WEAK,judiciaire,magistrato,Gerichtsvollzieher,,,
34,n,cooc,WEAK,land,terreno,Grund,,,
35,n,cooc,WEAK,mark,voto,Note,,,
36,n,cooc,WEAK,matter,questione,Sache,,,
37,n,cooc,WEAK,mean,strumento,Mitte,,,
38,n,cooc,WEAK,meeting,assemblea,Sitzung,,,
39,n,cooc,WEAK,note,nota,Note,,,
40,n,cooc,WEAK,notice,nota,Mitteilung,,,
41,n,cooc,WEAK,official,magistrato,Beamte,,,
42,n,cooc,WEAK,opinion,giudizio,Meinung,,,
43,n,cooc,WEAK,page,facciata,Seite,,,
44,n,cooc,WEAK,panel,gruppo,Gremium,,,
45,n,cooc,WEAK,party,gruppo,Partei,,,
46,n,cooc,WEAK,petition,ricorso,Petition,,,
47,n,cooc,WEAK,plea,appello,Plädoyer,,,
48,n,cooc,WEAK,pleas,appello,Plädoyer,,,
49,n,cooc,WEAK,point,questione,Stelle,,,
50,n,cooc,WEAK,proceedings,cerimonia,Verfahren,,,
51,n,cooc,WEAK,process,corso,Verfahren,,,
52,n,cooc,WEAK,provision,scorta,Bestimmung,,,
53,n,cooc,WEAK,purpose,fine,Bestimmung,,,
54,n,cooc,WEAK,record,nota,Akte,,,
55,n,cooc,WEAK,register,elenco,Register,,,
56,n,cooc,WEAK,request,istanza,Antrag,,,
57,n,cooc,WEAK,respect,rispetto,Würdigung,,,
58,n,cooc,WEAK,review,critica,Überprüfung,,,
59,n,cooc,WEAK,room,sala,Platz,,,
60,n,cooc,WEAK,rule,governo,Vorschrift,,,
61,n,cooc,WEAK,sentence,sentenza,Satz,,,
62,n,cooc,WEAK,settlement,composizione,Regelung,,,
63,n,cooc,WEAK,station,base,Platz,,,
64,n,cooc,WEAK,statute,legge,Satzung,,,
65,n,cooc,WEAK,time,momento,Zeitpunkt,,,
66,n,cooc,WEAK,trial,giudizio,Prozess,,,
67,n,cooc,WEAK,view,mostra,Ansicht,,,
68,n,cooc,WEAK,warrant,mandato,Haftbefehl,,,
69,n,cooc,WEAK,word,termine,Wort,,,
1,adj,cooc,,european,europeo,europäisch,0.547,0,
2,adj,cooc,,impartial,imparziale,unparteiisch,0.487,0,
3,adj,cooc,,cantonal,cantonale,kantonal,0.472,0,
4,adj,cooc,,international,internazionale,international,0.445,2,bn:00102626a bn:00105294a
5,adj,cooc,,english,inglese,englisch,0.404,1,bn:00102248a
6,adj,cooc,,imperial,imperiale,kaiserlich,0.399,1,bn:00104651a
7,adj,cooc,,german,tedesco,deutsch,0.396,1,bn:00103560a
8,adj,cooc,,french,francese,französisch,0.389,1,bn:00103321a
9,adj,cooc,,independent,indipendente,unabhängig,0.381,0,
10,adj,cooc,,high,alto,hoch,0.379,1,bn:00104162a
11,adj,cooc,,spanish,spagnolo,spanisch,0.379,1,bn:00110978a
12,adj,cooc,,royal,reale,königlich,0.375,0,
13,adj,cooc,,national,nazionale,national,0.368,4,bn:00107138a bn:00107136a bn:00107137a bn:00104253a
14,adj,cooc,,common,comune,häufig,0.367,0,
15,adj,cooc,,british,britannico,britisch,0.353,1,bn:00098883a
16,adj,cooc,,low,basso,niedrig,0.349,0,
17,adj,cooc,,regional,regionale,regional,0.338,2,bn:00109624a bn:00109623a
18,adj,cooc,,specialized,specializzato,spezialisiert,0.322,0,
19,adj,cooc,,pursuant,secondo,entsprechend,0.319,0,
20,adj,cooc,,local,locale,lokal,0.293,1,bn:00106109a
21,adj,cooc,,dutch,olandese,niederländisch,0.268,1,bn:00101908a
22,adj,cooc,,australian,australiano,australisch,0.247,1,bn:00097786a
23,adj,cooc,,full,pieno,voll,0.211,1,bn:00103391a
24,adj,cooc,,final,finale,endgültig,0.183,0,
25,adj,cooc,,different,diverso,verschieden,0.141,0,
1,adj,cooc,WEAK,broad,ampio,weit,,,
2,adj,cooc,WEAK,clear,netto,scharf,,,
3,adj,cooc,WEAK,close,chiuso,genau,,,
4,adj,cooc,WEAK,competent,competente,zuständig,,,
5,adj,cooc,WEAK,critical,critico,entscheidend,,,
6,adj,cooc,WEAK,domestic,nazionale,inländisch,,,
7,adj,cooc,WEAK,early,primo,früh,,,
8,adj,cooc,WEAK,effective,reale,tatsächlich,,,
9,adj,cooc,WEAK,fair,sufficiente,gerecht,,,
10,adj,cooc,WEAK,first,primo,ursprünglich,,,
11,adj,cooc,WEAK,free,franco,leer,,,
12,adj,cooc,WEAK,hard,severo,hart,,,
13,adj,cooc,WEAK,inferior,inferiore,untergeordnet,,,
14,adj,cooc,WEAK,open,franco,weit,,,
15,adj,cooc,WEAK,ordinary,comune,einfach,,,
16,adj,cooc,WEAK,other,diverso,sonstig,,,
17,adj,cooc,WEAK,permanent,permanente,ständig,,,
18,adj,cooc,WEAK,relevant,relativo,entsprechend,,,
19,adj,cooc,WEAK,secret,misterioso,geheim,,,
20,adj,cooc,WEAK,separate,indipendente,einzeln,,,
21,adj,cooc,WEAK,special,speciale,bestimmt,,,
22,adj,cooc,WEAK,strict,severo,genau,,,
23,adj,cooc,WEAK,subordinate,inferiore,untergeordnet,,,
24,adj,cooc,WEAK,subsequent,successivo,anschließend,,,
25,adj,cooc,WEAK,superior,superiore,hoch,,,
1,v,cooc,,sentence,condannare,verurteilen,0.566,0,
2,v,cooc,,convict,condannare,verurteilen,0.559,1,bn:00085771v
3,v,cooc,,strike,colpire,schlagen,0.547,0,
4,v,cooc,,decide,decidere,entscheiden,0.535,2,bn:00082354v bn:00086370v
5,v,cooc,,convince,convincere,überzeugen,0.507,1,bn:00085767v
6,v,cooc,,persuade,convincere,überzeugen,0.489,1,bn:00091565v
7,v,cooc,,declare,dichiarare,erklären,0.478,1,bn:00086380v
8,v,cooc,,recognize,riconoscere,erkennen,0.474,1,bn:00086904v
9,v,cooc,,consider,considerare,betrachten,0.46,0,
10,v,cooc,,condemn,condannare,verurteilen,0.457,0,
11,v,cooc,,order,ordinare,bestellen,0.454,0,
12,v,cooc,,confirm,confermare,bestätigen,0.452,0,
13,v,cooc,,slap,colpire,schlagen,0.451,0,
14,v,cooc,,examine,esaminare,prüfen,0.449,0,
15,v,cooc,,acquit,assolvere,freisprechen,0.448,1,bn:00082283v
16,v,cooc,,deliver,consegnare,liefern,0.445,1,bn:00086531v
17,v,cooc,,find,ritrovare,finden,0.441,1,bn:00088204v
18,v,cooc,,report,segnalare,berichten,0.441,0,
19,v,cooc,,endorse,approvare,billigen,0.437,0,
20,v,cooc,,deem,ritenere,erachten,0.434,0,
21,v,cooc,,welcome,accogliere,begrüßen,0.434,1,bn:00092491v
22,v,cooc,,locate,individuare,finden,0.433,0,
23,v,cooc,,tell,dire,sagen,0.428,1,bn:00093287v
24,v,cooc,,infringe,violare,verletzen,0.416,0,
25,v,cooc,,regard,considerare,betrachten,0.413,0,
26,v,cooc,,determine,determinare,bestimmen,0.407,0,
27,v,cooc,,approve,approvare,genehmigen,0.404,0,
28,v,cooc,,recognise,riconoscere,erkennen,0.403,1,bn:00086904v
29,v,cooc,,impose,imporre,auferlegen,0.402,0,
30,v,cooc,,indict,accusare,anklagen,0.399,0,
31,v,cooc,,accept,accettare,akzeptieren,0.398,3,bn:00082201v bn:00082198v bn:00082197v
32,v,cooc,,answer,rispondere,beantworten,0.397,0,
33,v,cooc,,ban,vietare,verbieten,0.396,0,
34,v,cooc,,observe,osservare,beobachten,0.395,0,
35,v,cooc,,appoint,nominare,ernennen,0.394,1,bn:00082716v
36,v,cooc,,give,dare,geben,0.393,2,bn:00088815v bn:00088825v
37,v,cooc,,argue,argomentare,argumentieren,0.392,1,bn:00082754v
38,v,cooc,,define,definire,definieren,0.392,1,bn:00086465v
39,v,cooc,,stress,sottolineare,betonen,0.392,1,bn:00082195v
40,v,cooc,,believe,ritenere,glauben,0.391,1,bn:00083370v
41,v,cooc,,prohibit,vietare,verbieten,0.39,1,bn:00086877v
42,v,cooc,,refuse,rifiutare,verweigern,0.39,0,
43,v,cooc,,clear,chiarire,klären,0.385,1,bn:00085084v
44,v,cooc,,clarify,chiarire,klären,0.384,0,
45,v,cooc,,empower,autorizzare,ermächtigen,0.384,0,
46,v,cooc,,decline,rifiutare,ablehnen,0.382,1,bn:00086390v
47,v,cooc,,inform,informare,informieren,0.378,1,bn:00082416v
48,v,cooc,,lift,sollevare,heben,0.377,1,bn:00084110v
49,v,cooc,,obligate,obbligare,verpflichten,0.376,0,
50,v,cooc,,ignore,ignorare,ignorieren,0.372,0,
51,v,cooc,,reject,rifiutare,ablehnen,0.372,1,bn:00086390v
52,v,cooc,,annul,annullare,annullieren,0.371,1,bn:00082642v
53,v,cooc,,block,bloccare,blockieren,0.371,2,bn:00083103v bn:00083630v
54,v,cooc,,constitute,costituire,bilden,0.367,1,bn:00083187v
55,v,cooc,,do,fare,tun,0.366,1,bn:00082286v
56,v,cooc,,suspend,sospendere,aussetzen,0.364,0,
57,v,cooc,,pronounce,pronunciare,aussprechen,0.362,1,bn:00082800v
58,v,cooc,,form,formare,bilden,0.361,1,bn:00088490v
59,v,cooc,,interpret,interpretare,interpretieren,0.361,1,bn:00089838v
60,v,cooc,,hold,tenere,halten,0.36,1,bn:00089385v
61,v,cooc,,seize,prendere,ergreifen,0.36,1,bn:00085207v
62,v,cooc,,oblige,obbligare,verpflichten,0.357,0,
63,v,cooc,,induce,indurre,veranlassen,0.354,0,
64,v,cooc,,investigate,indagare,untersuchen,0.354,0,
65,v,cooc,,follow,seguire,folgen,0.352,1,bn:00088020v
66,v,cooc,,transmit,trasmettere,übertragen,0.352,1,bn:00082493v
67,v,cooc,,close,chiudere,schließen,0.351,1,bn:00085162v
68,v,cooc,,designate,designare,benennen,0.351,0,
69,v,cooc,,explain,spiegare,erklären,0.351,1,bn:00087819v
70,v,cooc,,ask,chiedere,fragen,0.35,1,bn:00082819v
71,v,cooc,,dismiss,respingere,entlassen,0.35,0,
72,v,cooc,,use,impiegare,verwenden,0.35,1,bn:00082705v
73,v,cooc,,call,chiamare,rufen,0.345,0,
74,v,cooc,,vote,votare,wählen,0.343,1,bn:00095572v
75,v,cooc,,disregard,ignorare,ignorieren,0.34,0,
76,v,cooc,,submit,presentare,einreichen,0.339,0,
77,v,cooc,,accuse,accusare,vorwerfen,0.338,0,
78,v,cooc,,consult,consultare,befragen,0.337,0,
79,v,cooc,,recommend,raccomandare,empfehlen,0.331,0,
80,v,cooc,,choose,scegliere,wählen,0.33,1,bn:00084931v
81,v,cooc,,violate,violare,verletzen,0.33,1,bn:00083897v
82,v,cooc,,guide,guidare,führen,0.328,0,
83,v,cooc,,leave,abbandonare,verlassen,0.328,0,
84,v,cooc,,admit,ammettere,zugeben,0.326,1,bn:00082267v
85,v,cooc,,say,dire,sagen,0.326,1,bn:00093287v
86,v,cooc,,indicate,indicare,zeigen,0.324,0,
87,v,cooc,,make,fare,machen,0.322,3,bn:00084198v bn:00086013v bn:00086008v
88,v,cooc,,nullify,annullare,annullieren,0.322,1,bn:00082642v
89,v,cooc,,agree,concordare,zustimmen,0.321,2,bn:00082480v bn:00082475v
90,v,cooc,,see,vedere,sehen,0.321,2,bn:00093430v bn:00092443v
91,v,cooc,,cite,citare,zitieren,0.32,1,bn:00085007v
92,v,cooc,,commit,impegnare,verpflichten,0.319,0,
93,v,cooc,,proceed,procedere,vorgehen,0.314,0,
94,v,cooc,,authorize,autorizzare,genehmigen,0.312,0,
95,v,cooc,,take,prendere,nehmen,0.312,3,bn:00094731v bn:00088762v bn:00085689v
96,v,cooc,,judge,giudicare,beurteilen,0.311,1,bn:00087763v
97,v,cooc,,request,richiedere,anfordern,0.309,0,
98,v,cooc,,beg,chiedere,bitten,0.302,0,
99,v,cooc,,note,notare,beachten,0.301,0,
100,v,cooc,,supply,fornire,liefern,0.3,0,
101,v,cooc,,bribe,corrompere,bestechen,0.298,0,
102,v,cooc,,disallow,respingere,ablehnen,0.297,0,
103,v,cooc,,recall,ricordare,erinnern,0.297,0,
104,v,cooc,,elect,eleggere,wählen,0.296,0,
105,v,cooc,,force,costringere,zwingen,0.295,0,
106,v,cooc,,point,indicare,zeigen,0.293,0,
107,v,cooc,,commend,raccomandare,empfehlen,0.292,1,bn:00085410v
108,v,cooc,,expect,aspettare,erwarten,0.29,1,bn:00082963v
109,v,cooc,,prevent,impedire,verhindern,0.289,2,bn:00090033v bn:00088454v
110,v,cooc,,mean,dire,bedeuten,0.287,1,bn:00089805v
111,v,cooc,,assign,assegnare,zuweisen,0.281,1,bn:00082857v
112,v,cooc,,authorise,autorizzare,genehmigen,0.281,0,
113,v,cooc,,affect,influenzare,betreffen,0.275,0,
114,v,cooc,,remind,ricordare,erinnern,0.274,0,
115,v,cooc,,place,mettere,legen,0.269,1,bn:00090224v
116,v,cooc,,announce,annunciare,verkünden,0.263,3,bn:00087811v bn:00082637v bn:00082638v
117,v,cooc,,put,mettere,setzen,0.262,0,
118,v,cooc,,move,muovere,bewegen,0.26,0,
119,v,cooc,,abolish,abolire,abschaffen,0.257,1,bn:00082643v
120,v,cooc,,assemble,riunire,versammeln,0.257,0,
121,v,cooc,,concern,riguardare,betreffen,0.256,1,bn:00083240v
122,v,cooc,,conduct,condurre,führen,0.255,0,
123,v,cooc,,disband,sciogliere,auflösen,0.255,0,
124,v,cooc,,resolve,risolvere,lösen,0.233,0,
125,v,cooc,,compel,costringere,zwingen,0.229,0,
126,v,cooc,,receive,ricevere,bekommen,0.225,1,bn:00089246v
127,v,cooc,,defend,difendere,verteidigen,0.223,2,bn:00086453v bn:00090041v
128,v,cooc,,hit,colpire,treffen,0.223,0,
129,v,cooc,,paralyse,paralizzare,lähmen,0.222,0,
130,v,cooc,,paralyze,paralizzare,lähmen,0.222,0,
131,v,cooc,,present,presentare,präsentieren,0.22,1,bn:00086557v
132,v,cooc,,pass,passare,passieren,0.209,1,bn:00091307v
133,v,cooc,,include,includere,umfassen,0.2,0,
134,v,cooc,,send,mandare,senden,0.197,0,
135,v,cooc,,reach,raggiungere,erreichen,0.195,2,bn:00082226v bn:00082901v
136,v,cooc,,found,fondare,gründen,0.167,1,bn:00087732v
137,v,cooc,,enter,entrare,eintreten,0.15,1,bn:00085363v
1,v,cooc,WEAK,accord,concordare,gewähren,,,
2,v,cooc,WEAK,acknowledge,riconoscere,bestätigen,,,
3,v,cooc,WEAK,act,operare,handeln,,,
4,v,cooc,WEAK,add,aggiungere,zugeben,,,
5,v,cooc,WEAK,adjourn,rinviare,vertagen,,,
6,v,cooc,WEAK,adjudge,aggiudicare,zuerkennen,,,
7,v,cooc,WEAK,adjudicate,giudicare,entscheiden,,,
8,v,cooc,WEAK,administer,dare,führen,,,
9,v,cooc,WEAK,adopt,adottare,annehmen,,,
10,v,cooc,WEAK,advise,raccomandare,beraten,,,
11,v,cooc,WEAK,affirm,affermare,bestätigen,,,
12,v,cooc,WEAK,afford,fornire,gewähren,,,
13,v,cooc,WEAK,allege,dichiarare,behaupten,,,
14,v,cooc,WEAK,allow,ammettere,zulassen,,,
15,v,cooc,WEAK,appeal,piacere,appellieren,,,
16,v,cooc,WEAK,appear,presentare,erscheinen,,,
17,v,cooc,WEAK,apply,applicare,anwenden,,,
18,v,cooc,WEAK,ascertain,accertare,ermitteln,,,
19,v,cooc,WEAK,assess,valutare,beurteilen,,,
20,v,cooc,WEAK,attach,fissare,anschließen,,,
21,v,cooc,WEAK,attend,assistere,begleiten,,,
22,v,cooc,WEAK,award,aggiudicare,verleihen,,,
23,v,cooc,WEAK,back,sostenere,unterstützen,,,
24,v,cooc,WEAK,bar,escludere,blockieren,,,
25,v,cooc,WEAK,base,basare,gründen,,,
26,v,cooc,WEAK,be,fare,liegen,,,
27,v,cooc,WEAK,bind,impegnare,binden,,,
28,v,cooc,WEAK,cancel,cancellare,aufheben,,,
29,v,cooc,WEAK,carry,portare,tragen,,,
30,v,cooc,WEAK,challenge,sfidare,fordern,,,
31,v,cooc,WEAK,charge,incaricare,laden,,,
32,v,cooc,WEAK,claim,vantare,behaupten,,,
33,v,cooc,WEAK,compose,comporre,zusammenstellen,,,
34,v,cooc,WEAK,comprise,comprendere,umfassen,,,
35,v,cooc,WEAK,conclude,concludere,schließen,,,
36,v,cooc,WEAK,contact,contattare,berühren,,,
37,v,cooc,WEAK,contain,comprendere,enthalten,,,
38,v,cooc,WEAK,contest,impugnare,bestreiten,,,
39,v,cooc,WEAK,convene,convocare,versammeln,,,
40,v,cooc,WEAK,cover,comprendere,umfassen,,,
41,v,cooc,WEAK,deal,fornire,geben,,,
42,v,cooc,WEAK,deny,negare,verweigern,,,
43,v,cooc,WEAK,deprive,privare,entziehen,,,
44,v,cooc,WEAK,describe,qualificare,beschreiben,,,
45,v,cooc,WEAK,develop,valorizzare,entwickeln,,,
46,v,cooc,WEAK,direct,dirigere,richten,,,
47,v,cooc,WEAK,dispose,disporre,anordnen,,,
48,v,cooc,WEAK,disqualify,squalificare,ausschließen,,,
49,v,cooc,WEAK,dissolve,sciogliere,lösen,,,
50,v,cooc,WEAK,divide,dividere,teilen,,,
51,v,cooc,WEAK,draw,estrarre,ziehen,,,
52,v,cooc,WEAK,endow,fornire,schenken,,,
53,v,cooc,WEAK,enforce,applicare,erzwingen,,,
54,v,cooc,WEAK,entertain,intrattenere,hegen,,,
55,v,cooc,WEAK,entitle,autorizzare,berechtigen,,,
56,v,cooc,WEAK,entrust,affidare,überlassen,,,
57,v,cooc,WEAK,erect,fondare,errichten,,,
58,v,cooc,WEAK,err,sbagliare,abweichen,,,
59,v,cooc,WEAK,establish,stabilire,errichten,,,
60,v,cooc,WEAK,execute,interpretare,ausführen,,,
61,v,cooc,WEAK,express,esprimere,äußern,,,
62,v,cooc,WEAK,extend,allargare,reichen,,,
63,v,cooc,WEAK,fail,bocciare,scheitern,,,
64,v,cooc,WEAK,fix,fissare,regeln,,,
65,v,cooc,WEAK,go,funzionare,gehen,,,
66,v,cooc,WEAK,grant,dare,gewähren,,,
67,v,cooc,WEAK,guarantee,avallare,gewährleisten,,,
68,v,cooc,WEAK,hand,consegnare,übergeben,,,
69,v,cooc,WEAK,handle,manipolare,behandeln,,,
70,v,cooc,WEAK,have,disporre,haben,,,
71,v,cooc,WEAK,head,capeggiare,leiten,,,
72,v,cooc,WEAK,hear,sentire,hören,,,
73,v,cooc,WEAK,identify,individuare,erkennen,,,
74,v,cooc,WEAK,infer,concludere,schließen,,,
75,v,cooc,WEAK,institute,istituire,einleiten,,,
76,v,cooc,WEAK,instruct,incaricare,beauftragen,,,
77,v,cooc,WEAK,invite,invitare,laden,,,
78,v,cooc,WEAK,involve,coinvolgere,umfassen,,,
79,v,cooc,WEAK,issue,emettere,erteilen,,,
80,v,cooc,WEAK,join,entrare,beitreten,,,
81,v,cooc,WEAK,justify,motivare,rechtfertigen,,,
82,v,cooc,WEAK,lead,portare,führen,,,
83,v,cooc,WEAK,let,autorizzare,lassen,,,
84,v,cooc,WEAK,lodge,ospitare,einreichen,,,
85,v,cooc,WEAK,mention,citare,erwähnen,,,
86,v,cooc,WEAK,notify,notificare,mitteilen,,,
87,v,cooc,WEAK,offer,presentare,bieten,,,
88,v,cooc,WEAK,overhaul,esaminare,überholen,,,
89,v,cooc,WEAK,overrule,annullare,zurückweisen,,,
90,v,cooc,WEAK,overturn,ribaltare,kippen,,,
91,v,cooc,WEAK,pack,pressare,passen,,,
92,v,cooc,WEAK,permit,ammettere,erlauben,,,
93,v,cooc,WEAK,plead,chiedere,plädieren,,,
94,v,cooc,WEAK,prescribe,ordinare,anordnen,,,
95,v,cooc,WEAK,preside,presiedere,führen,,,
96,v,cooc,WEAK,probe,interrogare,untersuchen,,,
97,v,cooc,WEAK,prompt,spingere,veranlassen,,,
98,v,cooc,WEAK,propose,presentare,vorschlagen,,,
99,v,cooc,WEAK,provide,fornire,bieten,,,
100,v,cooc,WEAK,quash,annullare,aufheben,,,
101,v,cooc,WEAK,question,interrogare,fragen,,,
102,v,cooc,WEAK,raise,sollevare,erhöhen,,,
103,v,cooc,WEAK,reason,argomentare,folgern,,,
104,v,cooc,WEAK,record,scrivere,festhalten,,,
105,v,cooc,WEAK,refer,rinviare,verweisen,,,
106,v,cooc,WEAK,relate,riferire,erzählen,,,
107,v,cooc,WEAK,release,emettere,lösen,,,
108,v,cooc,WEAK,relieve,sollevare,entlasten,,,
109,v,cooc,WEAK,render,rendere,machen,,,
110,v,cooc,WEAK,require,richiedere,benötigen,,,
111,v,cooc,WEAK,reserve,riservare,buchen,,,
112,v,cooc,WEAK,respect,osservare,respektieren,,,
113,v,cooc,WEAK,respond,rispondere,reagieren,,,
114,v,cooc,WEAK,retain,tenere,beauftragen,,,
115,v,cooc,WEAK,reverse,revocare,aufheben,,,
116,v,cooc,WEAK,rule,dominare,entscheiden,,,
117,v,cooc,WEAK,schedule,fissare,vorsehen,,,
118,v,cooc,WEAK,seat,insediare,setzen,,,
119,v,cooc,WEAK,set,fissare,setzen,,,
120,v,cooc,WEAK,settle,risolvere,regeln,,,
121,v,cooc,WEAK,share,dividere,teilen,,,
122,v,cooc,WEAK,sit,partecipare,sitzen,,,
123,v,cooc,WEAK,situate,situare,legen,,,
124,v,cooc,WEAK,split,dividere,teilen,,,
125,v,cooc,WEAK,state,affermare,angeben,,,
126,v,cooc,WEAK,stay,sospendere,bleiben,,,
127,v,cooc,WEAK,stop,bloccare,stoppen,,,
128,v,cooc,WEAK,suggest,indicare,vorschlagen,,,
129,v,cooc,WEAK,summon,convocare,berufen,,,
130,v,cooc,WEAK,support,sostenere,unterstützen,,,
131,v,cooc,WEAK,suppose,ammettere,annehmen,,,
132,v,cooc,WEAK,sustain,sostenere,unterstützen,,,
133,v,cooc,WEAK,think,pensare,glauben,,,
134,v,cooc,WEAK,treat,considerare,behandeln,,,
135,v,cooc,WEAK,try,assaggiare,versuchen,,,
136,v,cooc,WEAK,uphold,sostenere,wahren,,,
137,v,cooc,WEAK,urge,sollecitare,nötigen,,,
138,v,cooc,WEAK,verify,riscontrare,überprüfen,,,
139,v,cooc,WEAK,view,vedere,ansehen,,,
140,v,cooc,WEAK,want,volere,wünschen,,,
141,v,cooc,WEAK,wish,volere,wünschen,,,
