idx_group,pos,rel,weak,lex_en,lex_it,lex_de,score,bs_count,babel_synsets
0,n,head,,mensuration measure measurement,misuratura misura misurazione,Messung Maß,,1,bn:00054019n
1,n,sim,,law,legge,Recht,0.37,2,bn:00050250n bn:00048655n
2,n,sim,,solution,soluzione,Lösung,0.357,1,bn:00072760n
3,n,sim,,energy,energia,Energie,0.356,1,bn:00030820n
4,n,sim,,rule,regola,Regel,0.352,2,bn:00066933n bn:00064192n
5,n,sim,,result,risultato,Ergebnis,0.35,3,bn:00034520n bn:00021961n bn:00004452n
6,n,sim,,aid,aiuto,Hilfe,0.349,2,bn:00002155n bn:00055177n
7,n,sim,,project,progetto,Projekt,0.345,1,bn:00064665n
8,n,sim,,program,programma,Programm,0.343,4,bn:00062899n bn:00021492n bn:00021497n bn:00013235n
9,n,sim,,view,vista,Blick,0.341,0,
10,n,sim,,right,diritto,Recht,0.34,1,bn:00067807n
11,n,sim,,term,termine,Begriff,0.34,1,bn:00076590n
12,n,sim,,basis,base,Basis,0.337,9,bn:00008916n bn:00008781n bn:00035744n bn:00008791n bn:00008786n bn:00008870n bn:00008790n bn:00008782n bn:00008789n
13,n,sim,,benefit,vantaggio,Vorteil,0.335,0,
14,n,sim,,programme,programma,Programm,0.335,2,bn:00021492n bn:00013235n
15,n,sim,,policy,politica,Politik,0.334,1,bn:00063329n
16,n,sim,,unit,unità,Einheit,0.334,1,bn:00079106n
17,n,sim,,assistance,assistenza,Hilfe,0.332,1,bn:00002155n
18,n,sim,,degree,livello,Grad,0.332,1,bn:00025965n
19,n,sim,,contribution,contributo,Beitrag,0.331,1,bn:00022272n
20,n,sim,,opportunity,opportunità,Möglichkeit,0.331,1,bn:00017621n
21,n,sim,,effect,effetto,Wirkung,0.33,1,bn:00021961n
22,n,sim,,commission,commissione,Auftrag,0.329,0,
23,n,sim,,work,lavoro,Arbeit,0.327,5,bn:00081569n bn:00014138n bn:00030616n bn:00081570n bn:00030625n
24,n,sim,,construction,costruzione,Konstruktion,0.325,2,bn:00013723n bn:00022069n
25,n,sim,,idea,idea,Idee,0.321,1,bn:00045800n
26,n,sim,,outcome,risultato,Ergebnis,0.32,2,bn:00034520n bn:00021961n
27,n,sim,,plan,piano,Plan,0.317,3,bn:00026536n bn:00069579n bn:00062759n
28,n,sim,,change,cambiamento,Änderung,0.315,1,bn:00003125n
29,n,sim,,initiative,iniziativa,Initiative,0.314,2,bn:00034797n bn:00031009n
30,n,sim,,regulation,regolamento,Verordnung,0.314,1,bn:00059436n
31,n,sim,,action,azione,Aktion,0.313,0,
32,n,sim,,force,forza,Kraft,0.313,2,bn:00035767n bn:00035768n
33,n,sim,,target,obiettivo,Ziel,0.313,1,bn:00002179n
34,n,sim,,way,modo,Weg,0.311,1,bn:00033729n
35,n,sim,,limit,limite,Grenze,0.31,1,bn:00051249n
36,n,sim,,organisation,organizzazione,Organisation,0.31,5,bn:00059482n bn:00059483n bn:00059480n bn:00005863n bn:00001423n
37,n,sim,,principle,principio,Prinzip,0.31,1,bn:00064428n
38,n,sim,,product,prodotto,Produkt,0.307,4,bn:00053827n bn:00054416n bn:00064585n bn:00064584n
39,n,sim,,proposal,proposta,Vorschlag,0.307,1,bn:03851567n
40,n,sim,,role,ruolo,Rolle,0.306,1,bn:00068130n
41,n,sim,,experience,esperienza,Erfahrung,0.305,2,bn:00032307n bn:00032306n
42,n,sim,,tool,strumento,Instrument,0.302,3,bn:00046962n bn:00077585n bn:00023662n
43,n,sim,,category,categoria,Kategorie,0.301,1,bn:00016733n
44,n,sim,,element,elemento,Element,0.3,6,bn:00018105n bn:00030300n bn:00030301n bn:00021396n bn:00030299n bn:00021394n
45,n,sim,,organization,organizzazione,Organisation,0.3,5,bn:00059482n bn:00059483n bn:00059480n bn:00005863n bn:00001423n
46,n,sim,,method,metodo,Verfahren,0.299,1,bn:00054625n
47,n,sim,,approach,approccio,Ansatz,0.298,0,
48,n,sim,,condition,condizione,Zustand,0.298,1,bn:13935995n
49,n,sim,,employment,lavoro,Arbeit,0.298,3,bn:00030616n bn:00014138n bn:00030625n
50,n,sim,,behavior,comportamento,Verhalten,0.297,2,bn:00009656n bn:00009657n
51,n,sim,,exercise,esercizio,Übung,0.296,3,bn:00028736n bn:00032203n bn:00032102n
52,n,sim,,contract,contratto,Auftrag,0.295,0,
53,n,sim,,move,movimento,Bewegung,0.295,1,bn:00056029n
54,n,sim,,practice,pratica,Praxis,0.295,2,bn:00063990n bn:00063989n
55,n,sim,,use,uso,Verwendung,0.295,1,bn:00030627n
56,n,sim,,content,contenuto,Inhalt,0.293,2,bn:00022153n bn:00022154n
57,n,sim,,support,supporto,Unterstützung,0.293,2,bn:00075331n bn:00075332n
58,n,sim,,cut,taglio,Schnitt,0.291,4,bn:00024608n bn:00024612n bn:00024613n bn:00024607n
59,n,sim,,strategy,strategia,Strategie,0.291,2,bn:00074558n bn:00069579n
60,n,sim,,statement,dichiarazione,Erklärung,0.287,0,
61,n,sim,,weight,peso,Gewicht,0.287,1,bn:00080831n
62,n,sim,,decision,decisione,Entscheidung,0.286,3,bn:00003132n bn:00018661n bn:00025693n
63,n,sim,,power,energia,Leistung,0.286,1,bn:00063941n
64,n,sim,,relationship,relazione,Beziehung,0.286,2,bn:00045161n bn:00033359n
65,n,sim,,sense,senso,Sinn,0.286,4,bn:00070494n bn:00070499n bn:00000657n bn:00070498n
66,n,sim,,situation,situazione,Situation,0.286,3,bn:00063707n bn:00071858n bn:00071869n
67,n,sim,,amount,importo,Menge,0.285,0,
68,n,sim,,motion,movimento,Bewegung,0.285,2,bn:00056030n bn:00056029n
69,n,sim,,phase,fase,Phase,0.285,4,bn:00076588n bn:00061898n bn:00061900n bn:00035914n
70,n,sim,,reason,motivo,Grund,0.285,3,bn:00016851n bn:00066443n bn:00041881n
71,n,sim,,resolution,risoluzione,Lösung,0.285,0,
72,n,sim,,obligation,obbligo,Verpflichtung,0.284,1,bn:00029239n
73,n,sim,,activity,attività,Aktivität,0.283,2,bn:00001174n bn:00001128n
74,n,sim,,agreement,accordo,Vereinbarung,0.283,1,bn:00002086n
75,n,sim,,expression,espressione,Ausdruck,0.283,2,bn:00032395n bn:00006386n
76,n,sim,,movement,movimento,Bewegung,0.283,3,bn:00056030n bn:00036632n bn:00056029n
77,n,sim,,system,sistema,System,0.283,7,bn:00075763n bn:00075762n bn:00075761n bn:00005863n bn:00075759n bn:00075760n bn:00069580n
78,n,sim,,union,unione,Union,0.282,6,bn:00079094n bn:00079077n bn:00079093n bn:00058032n bn:00021881n bn:00021127n
79,n,sim,,growth,crescita,Wachstum,0.281,2,bn:00041979n bn:00026697n
80,n,sim,,management,gestione,Management,0.281,2,bn:00053116n bn:00027355n
81,n,sim,,design,disegno,Design,0.28,6,bn:00011593n bn:00045772n bn:00045963n bn:00028639n bn:00002178n bn:00026537n
82,n,sim,,form,forma,Form,0.28,11,bn:00016529n bn:00003882n bn:00035915n bn:00035912n bn:00035908n bn:00035911n bn:00021751n bn:00026512n bn:00035913n bn:00035909n bn:00035907n
83,n,sim,,requirement,requisito,Anforderung,0.28,1,bn:00064181n
84,n,sim,,deal,accordo,Abkommen,0.279,1,bn:00008568n
85,n,sim,,relation,relazione,Beziehung,0.279,1,bn:00066995n
86,n,sim,,restriction,restrizione,Beschränkung,0.279,1,bn:00051254n
87,n,sim,,cooperation,cooperazione,Zusammenarbeit,0.277,1,bn:00022452n
88,n,sim,,development,sviluppo,Entwicklung,0.276,1,bn:07804057n
89,n,sim,,mean,mezzo,Mittel,0.276,0,
90,n,sim,,procedure,procedura,Verfahren,0.276,1,bn:00064536n
91,n,sim,,security,sicurezza,Sicherheit,0.276,2,bn:00070219n bn:00068799n
92,n,sim,,standard,standard,Standard,0.276,8,bn:00023854n bn:00023853n bn:00008426n bn:00025851n bn:00073914n bn:00073915n bn:00055641n bn:00022335n
93,n,sim,,aspect,aspetto,Aspekt,0.275,1,bn:00006385n
94,n,sim,,environment,ambiente,Umwelt,0.275,1,bn:00031075n
95,n,sim,,level,livello,Ebene,0.275,0,
96,n,sim,,resource,risorsa,Ressource,0.275,1,bn:00067352n
97,n,sim,,number,numero,Anzahl,0.274,1,bn:00034394n
98,n,sim,,report,relazione,Bericht,0.272,1,bn:00067181n
99,n,sim,,case,caso,Fall,0.271,3,bn:00016403n bn:00016402n bn:00016411n
100,n,sim,,community,comunità,Gemeinschaft,0.271,1,bn:00021248n
101,n,sim,,intervention,intervento,Eingriff,0.27,0,
102,n,sim,,process,processo,Verfahren,0.27,1,bn:00064536n
103,n,sim,,concept,concetto,Konzept,0.269,1,bn:00021547n
104,n,sim,,reference,riferimento,Bezug,0.269,0,
105,n,sim,,value,valore,Wert,0.269,5,bn:00079509n bn:00079511n bn:00058151n bn:00029680n bn:00079508n
106,n,sim,,modification,modifica,Änderung,0.268,2,bn:00001410n bn:00003125n
107,n,sim,,nature,natura,Natur,0.268,3,bn:00075760n bn:00057016n bn:00057017n
108,n,sim,,class,classe,Klasse,0.267,6,bn:00019479n bn:00019482n bn:00016733n bn:00019483n bn:00019477n bn:00019478n
109,n,sim,,structure,struttura,Struktur,0.266,1,bn:00022071n
110,n,sim,,consequence,conseguenza,Folge,0.265,1,bn:00021961n
111,n,sim,,thing,cosa,Sache,0.265,2,bn:00001734n bn:00076925n
112,n,sim,,investigation,indagine,Untersuchung,0.263,1,bn:00047354n
113,n,sim,,investment,investimento,Investition,0.263,1,bn:00047358n
114,n,sim,,area,area,Bereich,0.262,2,bn:00003268n bn:00082076n
115,n,sim,,claim,richiesta,Anspruch,0.262,1,bn:00019405n
116,n,sim,,control,controllo,Kontrolle,0.262,1,bn:17607444n
117,n,sim,,declaration,dichiarazione,Erklärung,0.262,0,
118,n,sim,,fact,fatto,Umstand,0.262,0,
119,n,sim,,period,periodo,Zeit,0.262,0,
120,n,sim,,increase,aumento,Erhöhung,0.26,2,bn:00041979n bn:00001294n
121,n,sim,,objective,obiettivo,Ziel,0.26,1,bn:00002179n
122,n,sim,,country,paese,Land,0.259,2,bn:00023235n bn:00023236n
123,n,sim,,problem,problema,Problem,0.259,3,bn:00064526n bn:00048242n bn:00064527n
124,n,sim,,expenditure,spesa,Aufwand,0.258,0,
125,n,sim,,tax,imposta,Abgabe,0.258,0,
126,n,sim,,time,tempo,Zeit,0.258,2,bn:00077270n bn:00076545n
127,n,sim,,commitment,impegno,Engagement,0.257,1,bn:00002819n
128,n,sim,,cost,costo,Kosten,0.257,1,bn:00022995n
129,n,sim,,funding,finanziamento,Finanzierung,0.257,1,bn:00034545n
130,n,sim,,state,stato,Zustand,0.257,4,bn:02108701n bn:03347921n bn:02220665n bn:17345320n
131,n,sim,,ability,capacità,Fähigkeit,0.256,2,bn:00005193n bn:00000317n
132,n,sim,,act,atto,Handlung,0.256,1,bn:16082183n
133,n,sim,,payment,pagamento,Zahlung,0.256,1,bn:00061119n
134,n,sim,,step,passo,Schritt,0.255,2,bn:00054018n bn:00025152n
135,n,sim,,crisis,crisi,Krise,0.254,2,bn:00023844n bn:00023845n
136,n,sim,,job,lavoro,Job,0.254,4,bn:00018756n bn:00030616n bn:00014138n bn:00030625n
137,n,sim,,protection,protezione,Schutz,0.254,2,bn:00064838n bn:00071020n
138,n,sim,,safety,sicurezza,Sicherheit,0.254,2,bn:00070219n bn:00068799n
139,n,sim,,technique,tecnica,Technik,0.254,1,bn:16282150n
140,n,sim,,training,formazione,Training,0.254,2,bn:00041853n bn:00012992n
141,n,sim,,evaluation,valutazione,Auswertung,0.253,0,
142,n,sim,,interest,interesse,Interesse,0.251,6,bn:00047080n bn:00047081n bn:00021556n bn:00047077n bn:00047083n bn:00047079n
143,n,sim,,order,ordine,Bestellung,0.251,2,bn:00059308n bn:00059311n
144,n,sim,,quality,qualità,Qualität,0.251,2,bn:00065538n bn:00014731n
145,n,sim,,assessment,valutazione,Bewertung,0.25,0,
146,n,sim,,service,servizio,Service,0.25,6,bn:00070651n bn:00044916n bn:00070647n bn:00070659n bn:00070653n bn:00070654n
147,n,sim,,analysis,analisi,Analyse,0.249,1,bn:00003794n
148,n,sim,,load,carico,Belastung,0.249,0,
149,n,sim,,position,posizione,Position,0.249,10,bn:00063703n bn:00007048n bn:00010073n bn:00063704n bn:00063707n bn:00063706n bn:00062704n bn:00063708n bn:00061746n bn:00054979n
150,n,sim,,competition,concorrenza,Wettbewerb,0.248,2,bn:00021337n bn:00021339n
151,n,sim,,instrument,strumento,Instrument,0.247,6,bn:00077585n bn:00023662n bn:00046962n bn:00046961n bn:00046964n bn:00046965n
152,n,sim,,response,risposta,Antwort,0.247,3,bn:00067180n bn:00004451n bn:00004454n
153,n,sim,,sale,vendita,Verkauf,0.247,2,bn:00068929n bn:00068918n
154,n,sim,,question,domanda,Frage,0.246,1,bn:00047208n
155,n,sim,,risk,rischio,Risiko,0.245,1,bn:00030747n
156,n,sim,,point,punto,Punkt,0.244,4,bn:00063214n bn:00063218n bn:00036777n bn:00063223n
157,n,sim,,function,funzione,Funktion,0.243,3,bn:00036821n bn:00036822n bn:00036825n
158,n,sim,,institution,istituzione,Einrichtung,0.243,1,bn:27269439n
159,n,sim,,test,test,Test,0.243,7,bn:00054378n bn:00032095n bn:00032089n bn:00076647n bn:00076648n bn:00068548n bn:00076649n
160,n,sim,,application,applicazione,Anwendung,0.242,2,bn:00005094n bn:00005095n
161,n,sim,,charge,carico,Belastung,0.242,0,
162,n,sim,,figure,cifra,Abbildung,0.242,0,
163,n,sim,,price,prezzo,Preis,0.242,2,bn:00025083n bn:00022996n
164,n,sim,,part,parte,Teil,0.241,1,bn:00021395n
165,n,sim,,model,modello,Modell,0.24,7,bn:00032101n bn:00055447n bn:00033735n bn:00055448n bn:00036197n bn:00032100n bn:00022071n
166,n,sim,,sector,settore,Sektor,0.24,1,bn:11333488n
167,n,sim,,document,documento,Dokument,0.239,2,bn:00028015n bn:00028018n
168,n,sim,,expressio,espressione,Ausdruck,0.239,0,
169,n,sim,,market,mercato,Markt,0.238,3,bn:00053459n bn:00053461n bn:00053458n
170,n,sim,,usage,uso,Verwendung,0.238,1,bn:00030627n
171,n,sim,,economy,economia,Wirtschaft,0.237,1,bn:00029678n
172,n,sim,,network,rete,Netzwerk,0.237,4,bn:00057379n bn:00054497n bn:00024712n bn:00021488n
173,n,sim,,recommendation,raccomandazione,Empfehlung,0.237,1,bn:00893309n
174,n,sim,,establishment,istituzione,Einrichtung,0.235,0,
175,n,sim,,group,gruppo,Gruppe,0.235,4,bn:00041943n bn:00073698n bn:00041942n bn:00018111n
176,n,sim,,research,ricerca,Forschung,0.235,1,bn:00067280n
177,n,sim,,region,regione,Region,0.234,2,bn:00066884n bn:00005515n
178,n,sim,,administration,amministrazione,Verwaltung,0.233,5,bn:00027355n bn:00053116n bn:00001424n bn:00001423n bn:00001422n
179,n,sim,,authorisation,autorizzazione,Genehmigung,0.233,0,
180,n,sim,,choice,scelta,Auswahl,0.233,3,bn:00003132n bn:00018660n bn:00018661n
181,n,sim,,information,informazione,Information,0.233,2,bn:00046705n bn:00046698n
182,n,sim,,technology,tecnologia,Technologie,0.233,1,bn:00005105n
183,n,sim,,combination,combinazione,Kombination,0.232,4,bn:00020874n bn:00020878n bn:00020877n bn:00020873n
184,n,sim,,party,gruppo,Gruppe,0.232,0,
185,n,sim,,year,anno,Jahr,0.232,3,bn:00081857n bn:00078738n bn:00006662n
186,n,sim,,study,studio,Studie,0.231,2,bn:00071923n bn:00074790n
187,n,sim,,campaign,campagna,Kampagne,0.229,1,bn:00015052n
188,n,sim,,performance,prestazione,Leistung,0.228,1,bn:00016286n
189,n,sim,,component,componente,Komponente,0.227,1,bn:00021396n
190,n,sim,,provision,fornitura,Bereitstellung,0.225,0,
191,n,sim,,context,contesto,Kontext,0.224,2,bn:00019219n bn:00022168n
192,n,sim,,financing,finanziamento,Finanzierung,0.224,2,bn:00034524n bn:00034545n
193,n,sim,,mass,massa,Masse,0.224,3,bn:00008985n bn:00053662n bn:00053665n
194,n,sim,,range,serie,Reihe,0.224,0,
195,n,sim,,reduction,riduzione,Reduktion,0.223,1,bn:00066735n
196,n,sim,,recognition,riconoscimento,Anerkennung,0.222,1,bn:00066552n
197,n,sim,,source,fonte,Quelle,0.222,2,bn:00046702n bn:00009635n
198,n,sim,,understanding,comprensione,Verständnis,0.222,2,bn:00021432n bn:00005134n
199,n,sim,,event,evento,Ereignis,0.221,2,bn:00032022n bn:00032021n
200,n,sim,,transport,trasporto,Transport,0.219,5,bn:00022379n bn:00029691n bn:00022381n bn:00078046n bn:00071122n
201,n,sim,,list,elenco,Liste,0.217,2,bn:00051508n bn:00023140n
202,n,sim,,production,produzione,Produktion,0.216,4,bn:00064592n bn:00064594n bn:00059790n bn:00064590n
203,n,sim,,bill,conto,Rechnung,0.215,1,bn:00000746n
204,n,sim,,shape,forma,Form,0.215,5,bn:00016529n bn:00003882n bn:00035908n bn:00021751n bn:00035909n
205,n,sim,,calculation,calcolo,Berechnung,0.214,2,bn:00014689n bn:00014688n
206,n,sim,,formation,formazione,Bildung,0.211,0,
207,n,sim,,consideration,considerazione,Berücksichtigung,0.209,0,
208,n,sim,,perception,percezione,Wahrnehmung,0.209,2,bn:00061502n bn:00061500n
209,n,sim,,review,revisione,Überprüfung,0.208,0,
210,n,sim,,transfer,trasferimento,Übertragung,0.208,0,
211,n,sim,,material,materiale,Material,0.206,3,bn:00053803n bn:00053801n bn:00053802n
212,n,sim,,monitoring,monitoraggio,Überwachung,0.205,1,bn:00055682n
213,n,sim,,integration,integrazione,Integration,0.203,4,bn:00047010n bn:00047014n bn:00026516n bn:00022007n
214,n,sim,,operation,funzionamento,Betrieb,0.203,0,
215,n,sim,,pattern,modello,Modell,0.2,0,
216,n,sim,,valuation,valutazione,Bewertung,0.199,1,bn:18019567n
217,n,sim,,capability,capacità,Fähigkeit,0.197,1,bn:00005193n
218,n,sim,,observation,osservazione,Beobachtung,0.196,1,bn:00058495n
219,n,sim,,supply,fornitura,Versorgung,0.196,2,bn:00075322n bn:00064922n
220,n,sim,,knowledge,conoscenza,Wissen,0.194,1,bn:00020452n
221,n,sim,,theory,teoria,Theorie,0.194,1,bn:00076834n
222,n,sim,,definition,definizione,Definition,0.192,2,bn:00025928n bn:00025929n
223,n,sim,,improvement,miglioramento,Verbesserung,0.19,1,bn:00046191n
224,n,sim,,mapping,mappatura,Abbildung,0.19,0,
225,n,sim,,trend,andamento,Entwicklung,0.189,0,
226,n,sim,,characteristic,caratteristica,Merkmal,0.188,2,bn:00065538n bn:00017762n
227,n,sim,,strength,forza,Stärke,0.187,1,bn:00074615n
228,n,sim,,record,registrazione,Aufzeichnung,0.186,0,
229,n,sim,,temperature,temperatura,Temperatur,0.186,1,bn:00076457n
230,n,sim,,determination,determinazione,Bestimmung,0.184,1,bn:00026650n
231,n,sim,,output,produzione,Ausgabe,0.184,0,
232,n,sim,,sample,campione,Probe,0.184,1,bn:00069078n
233,n,sim,,perspective,prospettiva,Perspektive,0.182,1,bn:00051351n
234,n,sim,,sum,somma,Summe,0.182,3,bn:00003601n bn:00001296n bn:00003604n
235,n,sim,,communication,comunicazione,Kommunikation,0.18,1,bn:00021221n
236,n,sim,,implementation,implementazione,Durchführung,0.18,0,
237,n,sim,,account,conto,Rechnung,0.179,1,bn:00000746n
238,n,sim,,indication,indicazione,Anzeige,0.179,0,
239,n,sim,,property,caratteristica,Eigenschaft,0.179,1,bn:00007068n
240,n,sim,,forecast,previsione,Prognose,0.177,1,bn:00035806n
241,n,sim,,treatment,trattamento,Behandlung,0.172,3,bn:00042823n bn:00076843n bn:00047235n
242,n,sim,,indicator,indicatore,Indikator,0.17,1,bn:04172384n
243,n,sim,,sequence,sequenza,Folge,0.17,1,bn:00070574n
244,n,sim,,concentration,concentrazione,Konzentration,0.169,3,bn:00021538n bn:00021541n bn:00000475n
245,n,sim,,criterion,criterio,Kriterium,0.168,2,bn:00023854n bn:00023853n
246,n,sim,,manufacturing,produzione,Herstellung,0.168,1,bn:00064594n
247,n,sim,,notification,notifica,Mitteilung,0.168,0,
248,n,sim,,speed,velocità,Geschwindigkeit,0.168,2,bn:00033758n bn:00073258n
249,n,sim,,velocity,velocità,Geschwindigkeit,0.165,1,bn:00073258n
250,n,sim,,caluclation,calcolo,Berechnung,0.164,0,
251,n,sim,,interpretation,interpretazione,Interpretation,0.164,4,bn:00047198n bn:00047197n bn:00047196n bn:00047199n
252,n,sim,,expansion,espansione,Erweiterung,0.162,0,
253,n,sim,,reporting,segnalazione,Berichterstattung,0.159,0,
254,n,sim,,presentation,presentazione,Präsentation,0.157,1,bn:03468279n
255,n,sim,,simulation,simulazione,Simulation,0.157,3,bn:00071701n bn:00055448n bn:00033971n
256,n,sim,,size,dimensione,Größe,0.157,1,bn:15234561n
257,n,sim,,exchange,scambio,Austausch,0.156,2,bn:00032127n bn:00032125n
258,n,sim,,parameter,parametro,Parameter,0.156,2,bn:00060587n bn:00005603n
259,n,sim,,feature,caratteristica,Eigenschaft,0.153,0,
260,n,sim,,estimate,stima,Schätzung,0.151,1,bn:00005164n
261,n,sim,,optimization,ottimizzazione,Optimierung,0.151,2,bn:05841544n bn:03309733n
262,n,sim,,quantity,quantità,Menge,0.151,2,bn:00003603n bn:00065553n
263,n,sim,,approval,omologazione,Genehmigung,0.149,0,
264,n,sim,,processing,elaborazione,Verarbeitung,0.149,0,
265,n,sim,,distribution,distribuzione,Verteilung,0.145,1,bn:00027797n
266,n,sim,,planning,pianificazione,Planung,0.145,2,bn:00062795n bn:00062794n
267,n,sim,,dimension,dimensione,Dimension,0.143,4,bn:00027151n bn:00027152n bn:00027153n bn:00007067n
268,n,sim,,estimation,stima,Schätzung,0.139,1,bn:00005164n
269,n,sim,,evolution,evoluzione,Entwicklung,0.139,0,
270,n,sim,,identification,identificazione,Identifizierung,0.138,1,bn:00026542n
271,n,sim,,classification,classificazione,Einstufung,0.136,0,
272,n,sim,,functionality,funzionalità,Funktion,0.135,0,
273,n,sim,,map,mappa,Plan,0.135,0,
274,n,sim,,examination,esame,Prüfung,0.132,1,bn:00032095n
275,n,sim,,representation,rappresentazione,Darstellung,0.13,1,bn:15061631n
276,n,sim,,surveillance,sorveglianza,Überwachung,0.129,1,bn:00075427n
277,n,sim,,learning,apprendimento,Lernen,0.125,1,bn:17277242n
278,n,sim,,supervision,sorveglianza,Überwachung,0.125,0,
279,n,sim,,emission,emissione,Emission,0.124,3,bn:00030455n bn:00027473n bn:00030565n
280,n,sim,,description,descrizione,Beschreibung,0.123,1,bn:01244302n
281,n,sim,,diagnosis,diagnosi,Diagnose,0.12,3,bn:00054111n bn:00026805n bn:00026810n
282,n,sim,,transmission,trasmissione,Übertragung,0.118,1,bn:00078027n
283,n,sim,,documentation,documentazione,Dokumentation,0.117,2,bn:00046704n bn:00028020n
284,n,sim,,limitation,limitazione,Beschränkung,0.116,1,bn:00051254n
285,n,sim,,registration,registrazione,Registrierung,0.116,2,bn:00066905n bn:00001411n
286,n,sim,,measure,misura,Maßnahme,0.115,0,
287,n,sim,,inspection,ispezione,Inspektion,0.112,1,bn:00046920n
288,n,sim,,correction,correzione,Korrektur,0.106,3,bn:00022841n bn:00022843n bn:00022842n
289,n,sim,,selection,selezione,Auswahl,0.106,2,bn:00018660n bn:00018661n
1,n,sim,WEAK,adjustment,registrazione,Einstellung,,,
2,n,sim,WEAK,agency,opera,Kraft,,,
3,n,sim,WEAK,amendment,miglioramento,Änderung,,,
4,n,sim,WEAK,arrangement,accordo,Bearbeitung,,,
5,n,sim,WEAK,array,ordine,Feld,,,
6,n,sim,WEAK,article,articolo,Beitrag,,,
7,n,sim,WEAK,audit,controllo,Prüfung,,,
8,n,sim,WEAK,authority,autorità,Kompetenz,,,
9,n,sim,WEAK,balance,bilancio,Stand,,,
10,n,sim,WEAK,bank,banca,Reihe,,,
11,n,sim,WEAK,body,struttura,Stärke,,,
12,n,sim,WEAK,business,azienda,Geschäft,,,
13,n,sim,WEAK,call,motivo,Anruf,,,
14,n,sim,WEAK,capacity,capacità,Leistung,,,
15,n,sim,WEAK,care,protezione,Pflege,,,
16,n,sim,WEAK,cause,causa,Grund,,,
17,n,sim,WEAK,certification,certificazione,Zulassung,,,
18,n,sim,WEAK,check,controllo,Prüfung,,,
19,n,sim,WEAK,company,azienda,Gesellschaft,,,
20,n,sim,WEAK,comparison,riscontro,Vergleich,,,
21,n,sim,WEAK,composition,composizione,Aufbau,,,
22,n,sim,WEAK,concern,interesse,Bedeutung,,,
23,n,sim,WEAK,configuration,configurazione,Form,,,
24,n,sim,WEAK,convention,convenzione,Abkommen,,,
25,n,sim,WEAK,conversion,conversione,Umbau,,,
26,n,sim,WEAK,council,consiglio,Beratung,,,
27,n,sim,WEAK,coverage,copertura,Berichterstattung,,,
28,n,sim,WEAK,cycle,ciclo,Kreis,,,
29,n,sim,WEAK,datum,dato,Datum,,,
30,n,sim,WEAK,delivery,distribuzione,Lieferung,,,
31,n,sim,WEAK,demand,domanda,Anforderung,,,
32,n,sim,WEAK,device,progetto,Gerät,,,
33,n,sim,WEAK,direction,senso,Richtung,,,
34,n,sim,WEAK,duty,obbligo,Dienst,,,
35,n,sim,WEAK,education,istruzione,Bildung,,,
36,n,sim,WEAK,efficiency,efficienza,Wirksamkeit,,,
37,n,sim,WEAK,effort,sforzo,Versuch,,,
38,n,sim,WEAK,enforcement,applicazione,Durchführung,,,
39,n,sim,WEAK,enhancement,aumento,Erweiterung,,,
40,n,sim,WEAK,equipment,materiale,Ausstattung,,,
41,n,sim,WEAK,evidence,prova,Material,,,
42,n,sim,WEAK,experiment,esperienza,Experiment,,,
43,n,sim,WEAK,facility,infrastruttura,Einrichtung,,,
44,n,sim,WEAK,factor,momento,Faktor,,,
45,n,sim,WEAK,fee,quota,Preis,,,
46,n,sim,WEAK,finding,conclusione,Erkenntnis,,,
47,n,sim,WEAK,focus,centro,Fokus,,,
48,n,sim,WEAK,framework,contesto,Rahmen,,,
49,n,sim,WEAK,goal,rete,Ziel,,,
50,n,sim,WEAK,government,governo,Verwaltung,,,
51,n,sim,WEAK,image,immagine,Vorstellung,,,
52,n,sim,WEAK,industry,attività,Industrie,,,
53,n,sim,WEAK,installation,impianto,Installation,,,
54,n,sim,WEAK,intensity,intensità,Stärke,,,
55,n,sim,WEAK,issue,problema,Ausgabe,,,
56,n,sim,WEAK,item,articolo,Punkt,,,
57,n,sim,WEAK,kind,tipo,Art,,,
58,n,sim,WEAK,length,durata,Länge,,,
59,n,sim,WEAK,maintenance,manutenzione,Pflege,,,
60,n,sim,WEAK,matter,materia,Sache,,,
61,n,sim,WEAK,measurement,misura,Größe,,,
62,n,sim,WEAK,mode,modo,Art,,,
63,n,sim,WEAK,need,bisogno,Not,,,
64,n,sim,WEAK,opinion,stima,Meinung,,,
65,n,sim,WEAK,option,scelta,Möglichkeit,,,
66,n,sim,WEAK,proceeding,andamento,Vorgehen,,,
67,n,sim,WEAK,projection,proiezione,Vorhersage,,,
68,n,sim,WEAK,purpose,fine,Zweck,,,
69,n,sim,WEAK,rate,tasso,Preis,,,
70,n,sim,WEAK,ratio,indice,Verhältnis,,,
71,n,sim,WEAK,reading,lettura,Anzeige,,,
72,n,sim,WEAK,reform,riforma,Neuerung,,,
73,n,sim,WEAK,regime,regime,System,,,
74,n,sim,WEAK,request,richiesta,Wunsch,,,
75,n,sim,WEAK,scale,scala,Rahmen,,,
76,n,sim,WEAK,scheme,schema,Programm,,,
77,n,sim,WEAK,score,punto,Ergebnis,,,
78,n,sim,WEAK,search,ricerca,Suche,,,
79,n,sim,WEAK,set,serie,Satz,,,
80,n,sim,WEAK,setting,ambiente,Rahmen,,,
81,n,sim,WEAK,share,quota,Anteil,,,
82,n,sim,WEAK,sign,indicazione,Zeichen,,,
83,n,sim,WEAK,signal,segnalazione,Signal,,,
84,n,sim,WEAK,spending,spesa,Ausgabe,,,
85,n,sim,WEAK,status,stato,Stand,,,
86,n,sim,WEAK,subject,oggetto,Thema,,,
87,n,sim,WEAK,survey,indagine,Umfrage,,,
88,n,sim,WEAK,table,tabella,Aufstellung,,,
89,n,sim,WEAK,task,lavoro,Aufgabe,,,
90,n,sim,WEAK,testing,analisi,Prüfung,,,
91,n,sim,WEAK,trade,settore,Handel,,,
92,n,sim,WEAK,transaction,operazione,Transaktion,,,
93,n,sim,WEAK,transformation,trasformazione,Veränderung,,,
94,n,sim,WEAK,transformations,trasformazione,Veränderung,,,
95,n,sim,WEAK,treaty,accordo,Vertrag,,,
96,n,sim,WEAK,type,tipo,Art,,,
97,n,sim,WEAK,undertaking,impresa,Verpflichtung,,,
98,n,sim,WEAK,variation,variazione,Veränderung,,,
99,n,sim,WEAK,verification,verifica,Überprüfung,,,
100,n,sim,WEAK,volume,volume,Umfang,,,
1,n,cooc,,index,indice,Index,0.555,4,bn:00046419n bn:00032355n bn:00046418n bn:00035811n
2,n,cooc,,test,test,Test,0.551,7,bn:00054378n bn:00032095n bn:00032089n bn:00076647n bn:00076648n bn:00068548n bn:00076649n
3,n,cooc,,evaluation,valutazione,Auswertung,0.524,0,
4,n,cooc,,accuracy,precisione,Genauigkeit,0.51,1,bn:00000782n
5,n,cooc,,result,risultato,Ergebnis,0.499,3,bn:00034520n bn:00021961n bn:00004452n
6,n,cooc,,surface,superficie,Oberfläche,0.487,1,bn:21705848n
7,n,cooc,,management,gestione,Management,0.482,2,bn:00053116n bn:00027355n
8,n,cooc,,force,vigore,Kraft,0.48,0,
9,n,cooc,,strength,vigore,Kraft,0.477,1,bn:00074615n
10,n,cooc,,security,sicurezza,Sicherheit,0.475,2,bn:00070219n bn:00068799n
11,n,cooc,,relief,rilievo,Erleichterung,0.473,0,
12,n,cooc,,date,data,Datum,0.47,2,bn:00025340n bn:00025338n
13,n,cooc,,objective,obiettivo,Ziel,0.467,1,bn:00002179n
14,n,cooc,,temperature,temperatura,Temperatur,0.467,1,bn:00076457n
15,n,cooc,,instrument,strumento,Instrument,0.466,6,bn:00077585n bn:00023662n bn:00046962n bn:00046961n bn:00046964n bn:00046965n
16,n,cooc,,control,controllo,Kontrolle,0.457,1,bn:17607444n
17,n,cooc,,target,obiettivo,Ziel,0.457,1,bn:00002179n
18,n,cooc,,device,dispositivo,Gerät,0.456,1,bn:00026716n
19,n,cooc,,outcome,risultato,Ergebnis,0.453,2,bn:00034520n bn:00021961n
20,n,cooc,,pressure,pressione,Druck,0.453,1,bn:00035778n
21,n,cooc,,government,governo,Regierung,0.448,1,bn:00001426n
22,n,cooc,,estimation,stima,Schätzung,0.446,1,bn:00005164n
23,n,cooc,,value,valore,Wert,0.446,5,bn:00079509n bn:00079511n bn:00058151n bn:00029680n bn:00079508n
24,n,cooc,,aid,aiuto,Hilfe,0.443,2,bn:00002155n bn:00055177n
25,n,cooc,,safety,sicurezza,Sicherheit,0.441,2,bn:00070219n bn:00068799n
26,n,cooc,,protection,protezione,Schutz,0.44,2,bn:00064838n bn:00071020n
27,n,cooc,,weight,peso,Gewicht,0.44,1,bn:00080831n
28,n,cooc,,base,base,Basis,0.439,9,bn:00008916n bn:00008781n bn:00035744n bn:00008791n bn:00008786n bn:00008870n bn:00008790n bn:00008782n bn:00008789n
29,n,cooc,,assessment,valutazione,Bewertung,0.437,0,
30,n,cooc,,precaution,precauzione,Vorsicht,0.437,0,
31,n,cooc,,act,atto,Gesetz,0.435,0,
32,n,cooc,,tool,strumento,Instrument,0.433,3,bn:00046962n bn:00077585n bn:00023662n
33,n,cooc,,monitoring,monitoraggio,Überwachung,0.426,1,bn:00055682n
34,n,cooc,,valuation,valutazione,Bewertung,0.426,1,bn:18019567n
35,n,cooc,,policy,politica,Politik,0.422,1,bn:00063329n
36,n,cooc,,display,display,Anzeige,0.421,1,bn:00027675n
37,n,cooc,,precision,precisione,Präzision,0.421,0,
38,n,cooc,,support,supporto,Unterstützung,0.421,2,bn:00075331n bn:00075332n
39,n,cooc,,optimization,ottimizzazione,Optimierung,0.419,2,bn:05841544n bn:03309733n
40,n,cooc,,basis,base,Basis,0.418,9,bn:00008916n bn:00008781n bn:00035744n bn:00008791n bn:00008786n bn:00008870n bn:00008790n bn:00008782n bn:00008789n
41,n,cooc,,quantification,quantificazione,Quantifizierung,0.418,0,
42,n,cooc,,method,metodo,Verfahren,0.416,1,bn:00054625n
43,n,cooc,,examination,esame,Prüfung,0.415,1,bn:00032095n
44,n,cooc,,count,conteggio,Zählung,0.414,0,
45,n,cooc,,bag,borsa,Beutel,0.412,2,bn:00007922n bn:00016261n
46,n,cooc,,concentration,concentrazione,Konzentration,0.41,3,bn:00021538n bn:00021541n bn:00000475n
47,n,cooc,,computation,calcolo,Berechnung,0.407,2,bn:00014689n bn:00014688n
48,n,cooc,,building,edificio,Gebäude,0.404,1,bn:00013722n
49,n,cooc,,community,comunità,Gemeinschaft,0.404,1,bn:00021248n
50,n,cooc,,currency,valuta,Währung,0.404,1,bn:00024507n
51,n,cooc,,execution,esecuzione,Ausführung,0.403,1,bn:00032172n
52,n,cooc,,situation,situazione,Situation,0.403,3,bn:00063707n bn:00071858n bn:00071869n
53,n,cooc,,apparatus,apparecchio,Gerät,0.401,0,
54,n,cooc,,level,livello,Pegel,0.401,1,bn:15227685n
55,n,cooc,,operation,operazione,Betrieb,0.4,1,bn:00059129n
56,n,cooc,,income,reddito,Einkommen,0.399,1,bn:14505599n
57,n,cooc,,rule,regola,Regel,0.399,2,bn:00066933n bn:00064192n
58,n,cooc,,calculation,calcolo,Berechnung,0.398,2,bn:00014689n bn:00014688n
59,n,cooc,,classification,classificazione,Klassifikation,0.397,1,bn:00016732n
60,n,cooc,,inspection,ispezione,Inspektion,0.397,1,bn:00046920n
61,n,cooc,,analysis,analisi,Analyse,0.396,1,bn:00003794n
62,n,cooc,,recommendation,raccomandazione,Empfehlung,0.396,1,bn:00893309n
63,n,cooc,,sample,campione,Probe,0.396,1,bn:00069078n
64,n,cooc,,observation,osservazione,Beobachtung,0.395,1,bn:00058495n
65,n,cooc,,model,modello,Modell,0.394,7,bn:00032101n bn:00055447n bn:00033735n bn:00055448n bn:00036197n bn:00032100n bn:00022071n
66,n,cooc,,amount,importo,Menge,0.393,0,
67,n,cooc,,estimate,stima,Schätzung,0.391,1,bn:00005164n
68,n,cooc,,indication,indicazione,Anzeige,0.391,0,
69,n,cooc,,limit,limite,Grenze,0.39,1,bn:00051249n
70,n,cooc,,x,x,X,0.39,6,bn:00032070n bn:00053983n bn:00000008n bn:00001244n bn:00081753n bn:00028190n
71,n,cooc,,procedure,procedura,Verfahren,0.389,1,bn:00064536n
72,n,cooc,,error,errore,Fehler,0.388,2,bn:00031487n bn:00031485n
73,n,cooc,,presentation,presentazione,Darstellung,0.388,0,
74,n,cooc,,state,condizione,Zustand,0.388,1,bn:13935995n
75,n,cooc,,distance,distanza,Abstand,0.386,2,bn:00027747n bn:00027749n
76,n,cooc,,condition,condizione,Zustand,0.385,1,bn:13935995n
77,n,cooc,,rate,prezzo,Preis,0.384,0,
78,n,cooc,,activity,attività,Tätigkeit,0.383,1,bn:15840810n
79,n,cooc,,export,esportazione,Ausfuhr,0.383,1,bn:00032363n
80,n,cooc,,law,legge,Recht,0.383,2,bn:00050250n bn:00048655n
81,n,cooc,,report,rapporto,Meldung,0.381,1,bn:00067181n
82,n,cooc,,frequency,frequenza,Frequenz,0.379,2,bn:00000443n bn:00036471n
83,n,cooc,,field,campo,Bereich,0.376,0,
84,n,cooc,,quantity,quantità,Menge,0.376,2,bn:00003603n bn:00065553n
85,n,cooc,,scheme,sistema,Anlage,0.376,0,
86,n,cooc,,size,dimensione,Größe,0.376,1,bn:15234561n
87,n,cooc,,case,caso,Fall,0.375,3,bn:00016403n bn:00016402n bn:00016411n
88,n,cooc,,boundary,limite,Grenze,0.373,2,bn:00012418n bn:00012417n
89,n,cooc,,vehicle,veicolo,Fahrzeug,0.373,1,bn:00079675n
90,n,cooc,,performance,performance,Performance,0.372,7,bn:00061561n bn:00029876n bn:00036838n bn:00061562n bn:00016286n bn:00061560n bn:00021559n
91,n,cooc,,authority,autorità,Behörde,0.371,0,
92,n,cooc,,bill,fattura,Rechnung,0.371,1,bn:00000746n
93,n,cooc,,intensity,intensità,Intensität,0.37,2,bn:00047043n bn:00047042n
94,n,cooc,,assistance,aiuto,Hilfe,0.368,1,bn:00002155n
95,n,cooc,,characterization,caratterizzazione,Charakterisierung,0.367,1,bn:00017766n
96,n,cooc,,supervision,sorveglianza,Überwachung,0.367,0,
97,n,cooc,,order,ordine,Bestellung,0.366,2,bn:00059308n bn:00059311n
98,n,cooc,,surveillance,sorveglianza,Überwachung,0.364,1,bn:00075427n
99,n,cooc,,dimension,dimensione,Dimension,0.363,4,bn:00027151n bn:00027152n bn:00027153n bn:00007067n
100,n,cooc,,process,procedimento,Verfahren,0.363,2,bn:00064536n bn:00054625n
101,n,cooc,,improvement,miglioramento,Verbesserung,0.362,1,bn:00046191n
102,n,cooc,,parameter,parametro,Parameter,0.362,2,bn:00060587n bn:00005603n
103,n,cooc,,recording,registrazione,Aufnahme,0.362,1,bn:15598071n
104,n,cooc,,system,sistema,System,0.362,7,bn:00075763n bn:00075762n bn:00075761n bn:00005863n bn:00075759n bn:00075760n bn:00069580n
105,n,cooc,,equipment,apparecchiatura,Ausstattung,0.361,1,bn:00031322n
106,n,cooc,,decision,decisione,Entscheidung,0.359,3,bn:00003132n bn:00018661n bn:00025693n
107,n,cooc,,simulation,simulazione,Simulation,0.359,3,bn:00071701n bn:00055448n bn:00033971n
108,n,cooc,,calibration,calibratura,Kalibrierung,0.358,1,bn:00014732n
109,n,cooc,,experiment,esperimento,Experiment,0.358,3,bn:00032311n bn:00032309n bn:00032310n
110,n,cooc,,volume,volume,Volumen,0.358,1,bn:00080229n
111,n,cooc,,material,materiale,Material,0.357,3,bn:00053803n bn:00053801n bn:00053802n
112,n,cooc,,area,zona,Bereich,0.356,1,bn:00082076n
113,n,cooc,,indicator,indicatore,Indikator,0.352,1,bn:04172384n
114,n,cooc,,information,informazione,Information,0.352,2,bn:00046705n bn:00046698n
115,n,cooc,,sector,settore,Bereich,0.35,0,
116,n,cooc,,quality,qualità,Qualität,0.349,2,bn:00065538n bn:00014731n
117,n,cooc,,criterion,criterio,Kriterium,0.347,2,bn:00023854n bn:00023853n
118,n,cooc,,forecast,previsione,Prognose,0.347,1,bn:00035806n
119,n,cooc,,height,altezza,Höhe,0.347,1,bn:00043544n
120,n,cooc,,identification,identificazione,Identifizierung,0.347,1,bn:00026542n
121,n,cooc,,meaning,senso,Sinn,0.345,0,
122,n,cooc,,proportion,proporzione,Anteil,0.344,0,
123,n,cooc,,comparison,confronto,Vergleich,0.342,2,bn:00021304n bn:00021303n
124,n,cooc,,engagement,impegno,Engagement,0.34,3,bn:00030844n bn:00012127n bn:00002819n
125,n,cooc,,commission,commissione,Kommission,0.339,1,bn:06245657n
126,n,cooc,,location,posizione,Position,0.339,0,
127,n,cooc,,requirement,requisito,Anforderung,0.339,1,bn:00064181n
128,n,cooc,,length,lunghezza,Länge,0.336,2,bn:00050662n bn:00027749n
129,n,cooc,,position,posizione,Position,0.336,10,bn:00063703n bn:00007048n bn:00010073n bn:00063704n bn:00063707n bn:00063706n bn:00062704n bn:00063708n bn:00061746n bn:00054979n
130,n,cooc,,standard,standard,Norm,0.334,1,bn:00022335n
131,n,cooc,,regulation,regolamento,Verordnung,0.331,1,bn:00059436n
132,n,cooc,,description,descrizione,Bezeichnung,0.33,0,
133,n,cooc,,characteristic,caratteristica,Merkmal,0.329,2,bn:00065538n bn:00017762n
134,n,cooc,,ratio,rapporto,Verhältnis,0.329,1,bn:00066247n
135,n,cooc,,period,periodo,Zeit,0.327,0,
136,n,cooc,,standing,posizione,Position,0.326,0,
137,n,cooc,,interpretation,interpretazione,Interpretation,0.325,4,bn:00047198n bn:00047197n bn:00047196n bn:00047199n
138,n,cooc,,definition,definizione,Definition,0.313,2,bn:00025928n bn:00025929n
139,n,cooc,,reporting,segnalazione,Berichterstattung,0.311,0,
140,n,cooc,,determination,determinazione,Bestimmung,0.306,1,bn:00026650n
141,n,cooc,,set,serie,Reihe,0.301,0,
142,n,cooc,,time,tempo,Zeit,0.301,2,bn:00077270n bn:00076545n
143,n,cooc,,cost,costo,Kosten,0.3,1,bn:00022995n
144,n,cooc,,capability,capacità,Fähigkeit,0.299,1,bn:00005193n
145,n,cooc,,application,applicazione,Anwendung,0.236,2,bn:00005094n bn:00005095n
1,n,cooc,WEAK,account,rapporto,Rechnung,,,
2,n,cooc,WEAK,action,azione,Wirkung,,,
3,n,cooc,WEAK,adaptation,adattamento,Einrichtung,,,
4,n,cooc,WEAK,adjustment,registrazione,Korrektur,,,
5,n,cooc,WEAK,agreement,intesa,Abkommen,,,
6,n,cooc,WEAK,amendment,miglioramento,Änderung,,,
7,n,cooc,WEAK,arrangement,disposizione,Regelung,,,
8,n,cooc,WEAK,bias,pregiudizio,Verzerrung,,,
9,n,cooc,WEAK,body,struttura,Körper,,,
10,n,cooc,WEAK,change,variazione,Änderung,,,
11,n,cooc,WEAK,check,controllo,Prüfung,,,
12,n,cooc,WEAK,circumstance,condizione,Umstand,,,
13,n,cooc,WEAK,closure,chiusura,Beendigung,,,
14,n,cooc,WEAK,collection,raccolta,Einzug,,,
15,n,cooc,WEAK,concern,impresa,Besorgnis,,,
16,n,cooc,WEAK,configuration,composizione,Form,,,
17,n,cooc,WEAK,consumption,consumo,Genuss,,,
18,n,cooc,WEAK,cut,taglio,Anteil,,,
19,n,cooc,WEAK,cycle,periodo,Zyklus,,,
20,n,cooc,WEAK,datum,dato,Datum,,,
21,n,cooc,WEAK,deal,quantità,Abkommen,,,
22,n,cooc,WEAK,depth,fondo,Höhe,,,
23,n,cooc,WEAK,draft,leva,Entwurf,,,
24,n,cooc,WEAK,duty,dazio,Verpflichtung,,,
25,n,cooc,WEAK,effort,costo,Versuch,,,
26,n,cooc,WEAK,enforcement,applicazione,Durchführung,,,
27,n,cooc,WEAK,engine,motore,Maschine,,,
28,n,cooc,WEAK,exercise,pratica,Ausübung,,,
29,n,cooc,WEAK,expenditure,consumo,Aufwand,,,
30,n,cooc,WEAK,factor,coefficiente,Faktor,,,
31,n,cooc,WEAK,framework,struttura,Rahmen,,,
32,n,cooc,WEAK,function,ufficio,Funktion,,,
33,n,cooc,WEAK,goal,porta,Ziel,,,
34,n,cooc,WEAK,guidance,norma,Unterweisung,,,
35,n,cooc,WEAK,hazard,caso,Gefahr,,,
36,n,cooc,WEAK,health,igiene,Gesundheit,,,
37,n,cooc,WEAK,lapse,periodo,Ablauf,,,
38,n,cooc,WEAK,market,prezzo,Markt,,,
39,n,cooc,WEAK,mass,quantità,Masse,,,
40,n,cooc,WEAK,mean,strumento,Mittelwert,,,
41,n,cooc,WEAK,nature,carattere,Art,,,
42,n,cooc,WEAK,outlet,presa,Ablauf,,,
43,n,cooc,WEAK,pass,passo,Zugang,,,
44,n,cooc,WEAK,phase,periodo,Abschnitt,,,
45,n,cooc,WEAK,picture,quadro,Bild,,,
46,n,cooc,WEAK,place,posizione,Platz,,,
47,n,cooc,WEAK,plan,piano,Konzept,,,
48,n,cooc,WEAK,point,senso,Punkt,,,
49,n,cooc,WEAK,power,capacità,Leistung,,,
50,n,cooc,WEAK,practice,pratica,Ausübung,,,
51,n,cooc,WEAK,principle,criterio,Prinzip,,,
52,n,cooc,WEAK,probe,sonda,Untersuchung,,,
53,n,cooc,WEAK,processing,elaborazione,Entwicklung,,,
54,n,cooc,WEAK,programme,programma,Konzept,,,
55,n,cooc,WEAK,project,progetto,Arbeit,,,
56,n,cooc,WEAK,projection,proiezione,Vorhersage,,,
57,n,cooc,WEAK,proposition,proposta,Aussage,,,
58,n,cooc,WEAK,provision,costruzione,Bestimmung,,,
59,n,cooc,WEAK,purchase,valore,Bezug,,,
60,n,cooc,WEAK,purpose,fine,Zweck,,,
61,n,cooc,WEAK,range,gamma,Reihe,,,
62,n,cooc,WEAK,reading,interpretazione,Anzeige,,,
63,n,cooc,WEAK,reduction,riduzione,Beeinträchtigung,,,
64,n,cooc,WEAK,restriction,restrizione,Beeinträchtigung,,,
65,n,cooc,WEAK,run,periodo,Reihe,,,
66,n,cooc,WEAK,safeguard,salvaguardia,Schutz,,,
67,n,cooc,WEAK,scale,scala,Rahmen,,,
68,n,cooc,WEAK,screen,schermo,Schutz,,,
69,n,cooc,WEAK,screening,proiezione,Überprüfung,,,
70,n,cooc,WEAK,segment,parte,Abschnitt,,,
71,n,cooc,WEAK,setting,ambiente,Rahmen,,,
72,n,cooc,WEAK,setup,situazione,Organisation,,,
73,n,cooc,WEAK,site,lotto,Stelle,,,
74,n,cooc,WEAK,station,base,Platz,,,
75,n,cooc,WEAK,step,passo,Maßnahme,,,
76,n,cooc,WEAK,strain,pressione,Belastung,,,
77,n,cooc,WEAK,study,studio,Untersuchung,,,
78,n,cooc,WEAK,subject,materia,Thema,,,
79,n,cooc,WEAK,survey,studio,Erhebung,,,
80,n,cooc,WEAK,suspension,sospensione,Einzug,,,
81,n,cooc,WEAK,tax,imposta,Belastung,,,
82,n,cooc,WEAK,technique,tecnica,Methode,,,
83,n,cooc,WEAK,testing,analisi,Prüfung,,,
84,n,cooc,WEAK,trade,settore,Branche,,,
85,n,cooc,WEAK,train,coda,Zug,,,
86,n,cooc,WEAK,verification,verifica,Überprüfung,,,
1,adj,cooc,,selective,selettivo,selektiv,0.551,0,
2,adj,cooc,,necessary,necessario,notwendig,0.546,1,bn:00107182a
3,adj,cooc,,adequate,adeguato,ausreichend,0.534,0,
4,adj,cooc,,precise,preciso,präzise,0.534,0,
5,adj,cooc,,equal,uguale,gleich,0.528,0,
6,adj,cooc,,accurate,accurato,genau,0.516,1,bn:00096292a
7,adj,cooc,,sufficient,sufficiente,ausreichend,0.508,0,
8,adj,cooc,,approximate,approssimativo,ungefähr,0.48,1,bn:00097401a
9,adj,cooc,,appropriate,appropriato,angemessen,0.468,1,bn:00111427a
10,adj,cooc,,eligible,idoneo,geeignet,0.462,0,
11,adj,cooc,,precautionary,precauzionale,vorsorglich,0.453,0,
12,adj,cooc,,objective,obiettivo,objektiv,0.449,1,bn:00107555a
13,adj,cooc,,certain,certo,bestimmt,0.448,0,
14,adj,cooc,,insufficient,insufficiente,unzureichend,0.445,0,
15,adj,cooc,,satisfactory,sufficiente,ausreichend,0.439,0,
16,adj,cooc,,inadequate,insufficiente,unzureichend,0.438,0,
17,adj,cooc,,useful,utile,sinnvoll,0.437,0,
18,adj,cooc,,identical,identico,gleich,0.435,0,
19,adj,cooc,,acceptable,accettabile,akzeptabel,0.43,1,bn:00096246a
20,adj,cooc,,exact,esatto,genau,0.43,2,bn:00096293a bn:00096292a
21,adj,cooc,,additional,supplementare,zusätzlich,0.429,0,
22,adj,cooc,,similar,simile,ähnlich,0.417,2,bn:00105977a bn:00096782a
23,adj,cooc,,experimental,sperimentale,experimentell,0.413,0,
24,adj,cooc,,general,generale,generell,0.413,0,
25,adj,cooc,,enough,sufficiente,genügend,0.412,0,
26,adj,cooc,,exceptional,eccezionale,außergewöhnlich,0.412,1,bn:00102398a
27,adj,cooc,,such,tale,derartig,0.411,0,
28,adj,cooc,,commensurate,adeguato,angemessen,0.41,0,
29,adj,cooc,,extraordinary,straordinario,außergewöhnlich,0.408,1,bn:00102649a
30,adj,cooc,,metric,metrico,metrisch,0.408,0,
31,adj,cooc,,periodic,periodico,periodisch,0.404,0,
32,adj,cooc,,reliable,affidabile,zuverlässig,0.404,1,bn:00101187a
33,adj,cooc,,spectroscopic,spettroscopico,spektroskopisch,0.402,0,
34,adj,cooc,,inevitable,inevitabile,unumgänglich,0.401,2,bn:00105024a bn:00105014a
35,adj,cooc,,proper,corretto,richtig,0.401,0,
36,adj,cooc,,extra,supplementare,zusätzlich,0.396,0,
37,adj,cooc,,equivalent,equivalente,gleichwertig,0.393,1,bn:00102357a
38,adj,cooc,,essential,essenziale,wesentlich,0.393,0,
39,adj,cooc,,severe,severo,stark,0.391,0,
40,adj,cooc,,extreme,estremo,extrem,0.39,2,bn:00102659a bn:00102658a
41,adj,cooc,,continuous,continuo,kontinuierlich,0.389,0,
42,adj,cooc,,significant,significativo,signifikant,0.387,0,
43,adj,cooc,,complementary,complementare,ergänzend,0.384,0,
44,adj,cooc,,indirect,indiretto,indirekt,0.384,0,
45,adj,cooc,,acoustic,acustico,akustisch,0.382,0,
46,adj,cooc,,reasonable,ragionevole,vernünftig,0.381,2,bn:00109508a bn:00109507a
47,adj,cooc,,parallel,parallelo,parallel,0.377,2,bn:00108246a bn:00108247a
48,adj,cooc,,inaccurate,impreciso,ungenau,0.374,0,
49,adj,cooc,,permanent,permanente,permanent,0.37,2,bn:00105748a bn:00100385a
50,adj,cooc,,primary,principale,hauptsächlich,0.37,1,bn:00099598a
51,adj,cooc,,strict,rigoroso,strikt,0.37,0,
52,adj,cooc,,valid,valido,gültig,0.369,0,
53,adj,cooc,,simultaneous,simultaneo,gleichzeitig,0.366,1,bn:00099916a
54,adj,cooc,,possible,possibile,möglich,0.362,1,bn:00108830a
55,adj,cooc,,optical,ottico,optisch,0.355,1,bn:00107730a
56,adj,cooc,,correct,corretto,korrekt,0.354,1,bn:00100490a
57,adj,cooc,,individual,individuale,individuell,0.353,0,
58,adj,cooc,,temporary,temporaneo,vorläufig,0.353,0,
59,adj,cooc,,physiological,fisiologico,physiologisch,0.346,0,
60,adj,cooc,,right,giusto,richtig,0.339,1,bn:00100490a
61,adj,cooc,,statistical,statistico,statistisch,0.334,1,bn:00111167a
62,adj,cooc,,interim,provvisorio,vorläufig,0.333,0,
63,adj,cooc,,due,dovuto,gebührend,0.332,0,
64,adj,cooc,,direct,diretto,direkt,0.33,0,
65,adj,cooc,,feasible,possibile,möglich,0.328,0,
66,adj,cooc,,relative,relativo,relativ,0.328,0,
67,adj,cooc,,provisional,provvisorio,vorläufig,0.317,0,
68,adj,cooc,,suitable,adatto,geeignet,0.315,1,bn:00111427a
69,adj,cooc,,large,grande,groß,0.312,1,bn:00098342a
70,adj,cooc,,current,attuale,aktuell,0.309,1,bn:00096401a
71,adj,cooc,,detailed,dettagliato,detailliert,0.309,0,
72,adj,cooc,,perfect,perfetto,perfekt,0.307,0,
73,adj,cooc,,corresponding,corrispondente,entsprechend,0.304,0,
74,adj,cooc,,absolute,assoluto,absolut,0.29,0,
75,adj,cooc,,great,grande,groß,0.289,0,
76,adj,cooc,,different,diverso,verschieden,0.232,0,
77,adj,cooc,,simple,semplice,einfach,0.225,1,bn:00101973a
78,adj,cooc,,unique,unico,einmalig,0.209,1,bn:00110682a
79,adj,cooc,,independent,indipendente,unabhängig,0.208,0,
80,adj,cooc,,quick,rapido,rasch,0.199,2,bn:00096664a bn:00102807a
81,adj,cooc,,daily,giornaliero,täglich,0.19,1,bn:00100875a
82,adj,cooc,,easy,facile,leicht,0.154,1,bn:00101973a
1,adj,cooc,WEAK,actual,attuale,tatsächlich,,,
2,adj,cooc,WEAK,broad,ampio,weit,,,
3,adj,cooc,WEAK,clear,sicuro,deutlich,,,
4,adj,cooc,WEAK,close,vicino,genau,,,
5,adj,cooc,WEAK,compatible,compatibile,verträglich,,,
6,adj,cooc,WEAK,complete,integrale,voll,,,
7,adj,cooc,WEAK,consecutive,consecutivo,fortlaufend,,,
8,adj,cooc,WEAK,differential,differenziale,unterschiedlich,,,
9,adj,cooc,WEAK,effective,efficace,tatsächlich,,,
10,adj,cooc,WEAK,fair,equo,angemessen,,,
11,adj,cooc,WEAK,fundamental,fondamentale,wesentlich,,,
12,adj,cooc,WEAK,further,ulteriore,zusätzlich,,,
13,adj,cooc,WEAK,good,buono,geeignet,,,
14,adj,cooc,WEAK,high,grande,hoch,,,
15,adj,cooc,WEAK,immediate,immediato,umgehend,,,
16,adj,cooc,WEAK,important,importante,wesentlich,,,
17,adj,cooc,WEAK,imprecise,approssimativo,ungenau,,,
18,adj,cooc,WEAK,lawful,legittimo,gesetzlich,,,
19,adj,cooc,WEAK,likely,facile,wahrscheinlich,,,
20,adj,cooc,WEAK,manual,manuale,manuell,,,
21,adj,cooc,WEAK,meaningful,significativo,sinnvoll,,,
22,adj,cooc,WEAK,new,nuovo,frisch,,,
23,adj,cooc,WEAK,normal,regolare,normal,,,
24,adj,cooc,WEAK,open,disponibile,weit,,,
25,adj,cooc,WEAK,particular,particolare,bestimmt,,,
26,adj,cooc,WEAK,physical,fisico,physikalisch,,,
27,adj,cooc,WEAK,positive,positivo,bestimmt,,,
28,adj,cooc,WEAK,preceding,precedente,vorangegangen,,,
29,adj,cooc,WEAK,proportionate,proporzionato,angemessen,,,
30,adj,cooc,WEAK,punitive,punitivo,extrem,,,
31,adj,cooc,WEAK,quantitative,quantitativo,quantitativ,,,
32,adj,cooc,WEAK,relevant,pertinente,entsprechend,,,
33,adj,cooc,WEAK,representative,rappresentativo,repräsentativ,,,
34,adj,cooc,WEAK,sensitive,suscettibile,empfindlich,,,
35,adj,cooc,WEAK,serial,seriale,fortlaufend,,,
36,adj,cooc,WEAK,short,insufficiente,gering,,,
37,adj,cooc,WEAK,sound,audio,gesund,,,
38,adj,cooc,WEAK,special,speciale,bestimmt,,,
39,adj,cooc,WEAK,specific,specifico,gezielt,,,
40,adj,cooc,WEAK,standard,standard,normal,,,
41,adj,cooc,WEAK,straightforward,lineare,einfach,,,
42,adj,cooc,WEAK,strong,grande,stark,,,
43,adj,cooc,WEAK,structural,strutturale,notwendig,,,
44,adj,cooc,WEAK,subsequent,successivo,anschließend,,,
45,adj,cooc,WEAK,supplemental,supplementare,ergänzend,,,
46,adj,cooc,WEAK,supplementary,supplementare,ergänzend,,,
47,adj,cooc,WEAK,timely,tempestivo,aktuell,,,
48,adj,cooc,WEAK,tough,difficile,stark,,,
49,adj,cooc,WEAK,urgent,urgente,zwingend,,,
50,adj,cooc,WEAK,variable,variabile,unterschiedlich,,,
51,adj,cooc,WEAK,various,vario,verschieden,,,
52,adj,cooc,WEAK,weak,ridotto,empfindlich,,,
1,v,cooc,,aim,mirare,abzielen,0.495,0,
2,v,cooc,,take,prendere,nehmen,0.456,3,bn:00085689v bn:00094731v bn:00088762v
3,v,cooc,,meet,soddisfare,erfüllen,0.454,0,
4,v,cooc,,observe,osservare,beobachten,0.445,0,
5,v,cooc,,require,richiedere,erfordern,0.439,0,
6,v,cooc,,introduce,introdurre,einführen,0.437,0,
7,v,cooc,,confer,conferire,verleihen,0.428,0,
8,v,cooc,,restrict,limitare,beschränken,0.425,0,
9,v,cooc,,perform,eseguire,ausführen,0.424,1,bn:00087107v
10,v,cooc,,satisfy,soddisfare,erfüllen,0.422,0,
11,v,cooc,,strengthen,rafforzare,verstärken,0.415,1,bn:00083317v
12,v,cooc,,stabilize,stabilizzare,stabilisieren,0.414,1,bn:00094238v
13,v,cooc,,contribute,contribuire,beitragen,0.409,0,
14,v,cooc,,limit,limitare,begrenzen,0.408,0,
15,v,cooc,,cut,ridurre,senken,0.405,0,
16,v,cooc,,examine,esaminare,prüfen,0.403,0,
17,v,cooc,,calculate,calcolare,berechnen,0.397,1,bn:00084373v
18,v,cooc,,reinforce,rafforzare,verstärken,0.397,0,
19,v,cooc,,implement,realizzare,realisieren,0.396,0,
20,v,cooc,,work,funzionare,funktionieren,0.396,1,bn:00088629v
21,v,cooc,,pertain,riguardare,betreffen,0.395,1,bn:00083240v
22,v,cooc,,harmonise,armonizzare,harmonisieren,0.392,0,
23,v,cooc,,determine,determinare,bestimmen,0.391,0,
24,v,cooc,,violate,violare,verletzen,0.387,1,bn:00083897v
25,v,cooc,,agree,concordare,übereinstimmen,0.385,2,bn:00082475v bn:00082480v
26,v,cooc,,produce,produrre,produzieren,0.382,3,bn:00084198v bn:00084082v bn:00086013v
27,v,cooc,,discuss,discutere,besprechen,0.379,0,
28,v,cooc,,promote,promuovere,fördern,0.378,0,
29,v,cooc,,ensure,garantire,gewährleisten,0.376,1,bn:00082812v
30,v,cooc,,mean,dire,bedeuten,0.375,1,bn:00089805v
31,v,cooc,,reduce,ridurre,reduzieren,0.374,0,
32,v,cooc,,increase,aumentare,erhöhen,0.371,1,bn:00089667v
33,v,cooc,,correspond,corrispondere,entsprechen,0.37,1,bn:00082477v
34,v,cooc,,review,rivedere,überprüfen,0.37,0,
35,v,cooc,,define,definire,definieren,0.366,1,bn:00086465v
36,v,cooc,,validate,convalidare,bestätigen,0.366,0,
37,v,cooc,,indicate,indicare,zeigen,0.363,0,
38,v,cooc,,vary,variare,variieren,0.361,0,
39,v,cooc,,develop,sviluppare,entwickeln,0.36,1,bn:00086745v
40,v,cooc,,adapt,adattare,anpassen,0.357,2,bn:00082215v bn:00082316v
41,v,cooc,,allow,consentire,zulassen,0.357,0,
42,v,cooc,,harmonize,armonizzare,harmonisieren,0.354,0,
43,v,cooc,,form,formare,bilden,0.352,1,bn:00088490v
44,v,cooc,,distort,falsare,verzerren,0.351,0,
45,v,cooc,,integrate,integrare,integrieren,0.35,1,bn:00089803v
46,v,cooc,,announce,annunciare,ankündigen,0.348,2,bn:00082640v bn:00082637v
47,v,cooc,,calibrate,calibrare,kalibrieren,0.345,0,
48,v,cooc,,change,modificare,ändern,0.344,1,bn:00082553v
49,v,cooc,,raise,aumentare,erhöhen,0.342,0,
50,v,cooc,,exclude,escludere,ausschließen,0.339,0,
51,v,cooc,,recommend,raccomandare,empfehlen,0.335,0,
52,v,cooc,,seem,sembrare,scheinen,0.335,1,bn:00082690v
53,v,cooc,,use,utilizzare,verwenden,0.335,1,bn:00082705v
54,v,cooc,,enter,entrare,eingeben,0.33,0,
55,v,cooc,,exceed,superare,überschreiten,0.329,0,
56,v,cooc,,adjust,adeguare,einstellen,0.328,0,
57,v,cooc,,cause,causare,verursachen,0.328,0,
58,v,cooc,,standardize,standardizzare,standardisieren,0.327,1,bn:00094292v
59,v,cooc,,permit,permettere,erlauben,0.326,1,bn:00082536v
60,v,cooc,,contain,contenere,enthalten,0.325,1,bn:00083225v
61,v,cooc,,put,mettere,setzen,0.324,0,
62,v,cooc,,confirm,confermare,bestätigen,0.323,0,
63,v,cooc,,place,mettere,legen,0.323,1,bn:00090224v
64,v,cooc,,standardise,standardizzare,standardisieren,0.322,1,bn:00094292v
65,v,cooc,,influence,influenzare,beeinflussen,0.319,1,bn:00082304v
66,v,cooc,,justify,giustificare,rechtfertigen,0.318,1,bn:00090025v
67,v,cooc,,need,necessitare,brauchen,0.316,0,
68,v,cooc,,specify,specificare,angeben,0.312,0,
69,v,cooc,,differ,differire,abweichen,0.311,0,
70,v,cooc,,repeat,ripetere,wiederholen,0.306,2,bn:00089731v bn:00087174v
71,v,cooc,,compute,calcolare,berechnen,0.304,1,bn:00084373v
72,v,cooc,,cover,coprire,decken,0.304,2,bn:00084032v bn:00085917v
73,v,cooc,,reveal,rivelare,offenbaren,0.304,0,
74,v,cooc,,depend,dipendere,abhängen,0.303,1,bn:00086606v
75,v,cooc,,prescribe,prescrivere,vorschreiben,0.302,0,
76,v,cooc,,replace,sostituire,ersetzen,0.302,2,bn:00087802v bn:00092817v
77,v,cooc,,maintain,mantenere,halten,0.3,0,
78,v,cooc,,include,includere,umfassen,0.296,0,
79,v,cooc,,prove,dimostrare,beweisen,0.295,2,bn:00092110v bn:00086567v
80,v,cooc,,correct,correggere,korrigieren,0.292,0,
81,v,cooc,,create,creare,schaffen,0.292,1,bn:00086009v
82,v,cooc,,derive,derivare,ableiten,0.291,1,bn:00086430v
83,v,cooc,,facilitate,facilitare,erleichtern,0.291,1,bn:00082531v
84,v,cooc,,disturb,disturbare,stören,0.29,0,
85,v,cooc,,mention,menzionare,nennen,0.289,0,
86,v,cooc,,contest,contestare,bestreiten,0.287,1,bn:00089643v
87,v,cooc,,corroborate,confermare,bestätigen,0.287,1,bn:00083243v
88,v,cooc,,add,aggiungere,ergänzen,0.285,0,
89,v,cooc,,record,registrare,aufzeichnen,0.283,1,bn:00087679v
90,v,cooc,,fluctuate,variare,schwanken,0.279,0,
91,v,cooc,,expire,scadere,ablaufen,0.278,1,bn:00087868v
92,v,cooc,,represent,rappresentare,darstellen,0.275,1,bn:00083187v
93,v,cooc,,follow,seguire,folgen,0.274,1,bn:00088020v
94,v,cooc,,achieve,raggiungere,erreichen,0.271,1,bn:00082226v
95,v,cooc,,combine,combinare,kombinieren,0.27,1,bn:00085314v
96,v,cooc,,remain,rimanere,bleiben,0.265,3,bn:00085719v bn:00091562v bn:00092756v
97,v,cooc,,compare,confrontare,vergleichen,0.264,1,bn:00085450v
98,v,cooc,,automate,automatizzare,automatisieren,0.263,0,
99,v,cooc,,exist,esistere,bestehen,0.256,1,bn:00083184v
100,v,cooc,,bind,legare,binden,0.255,1,bn:00083498v
101,v,cooc,,describe,descrivere,beschreiben,0.255,1,bn:00082233v
102,v,cooc,,employ,impiegare,verwenden,0.255,1,bn:00082705v
103,v,cooc,,evaluate,valutare,bewerten,0.254,0,
104,v,cooc,,appear,apparire,erscheinen,0.252,2,bn:00082690v bn:00082691v
105,v,cooc,,know,sapere,kennen,0.248,1,bn:00085261v
106,v,cooc,,obtain,ottenere,erhalten,0.245,0,
107,v,cooc,,conduct,condurre,führen,0.244,0,
108,v,cooc,,simplify,semplificare,vereinfachen,0.231,1,bn:00093755v
109,v,cooc,,constitute,costituire,bilden,0.228,1,bn:00083187v
110,v,cooc,,show,mostrare,anzeigen,0.226,0,
111,v,cooc,,start,iniziare,beginnen,0.224,2,bn:00083342v bn:00083340v
112,v,cooc,,help,aiutare,helfen,0.22,1,bn:00082481v
113,v,cooc,,demonstrate,dimostrare,zeigen,0.219,2,bn:00086557v bn:00086567v
114,v,cooc,,display,mostrare,anzeigen,0.21,0,
115,v,cooc,,refine,perfezionare,verfeinern,0.21,0,
116,v,cooc,,improve,migliorare,verbessern,0.199,1,bn:00082573v
117,v,cooc,,recognise,riconoscere,erkennen,0.188,1,bn:00086904v
118,v,cooc,,give,dare,geben,0.163,2,bn:00088825v bn:00088815v
119,v,cooc,,begin,iniziare,beginnen,0.154,2,bn:00083342v bn:00083340v
120,v,cooc,,acquire,acquisire,erwerben,0.143,1,bn:00082280v
121,v,cooc,,do,fare,machen,0.143,1,bn:00082286v
122,v,cooc,,recognize,riconoscere,erkennen,0.136,1,bn:00086904v
123,v,cooc,,come,venire,kommen,0.129,1,bn:00085335v
124,v,cooc,,assist,aiutare,helfen,0.125,1,bn:00082481v
125,v,cooc,,make,fare,machen,0.114,3,bn:00084198v bn:00086013v bn:00086008v
1,v,cooc,WEAK,accept,ammettere,akzeptieren,,,
2,v,cooc,WEAK,accord,concordare,gewähren,,,
3,v,cooc,WEAK,administer,dare,führen,,,
4,v,cooc,WEAK,adopt,adottare,annehmen,,,
5,v,cooc,WEAK,advance,avanzare,vorgehen,,,
6,v,cooc,WEAK,affect,interessare,beeinflussen,,,
7,v,cooc,WEAK,amend,correggere,ändern,,,
8,v,cooc,WEAK,annul,annullare,kündigen,,,
9,v,cooc,WEAK,apply,applicare,anwenden,,,
10,v,cooc,WEAK,approve,approvare,annehmen,,,
11,v,cooc,WEAK,assess,valutare,beurteilen,,,
12,v,cooc,WEAK,assume,assumere,übernehmen,,,
13,v,cooc,WEAK,assure,assicurare,sichern,,,
14,v,cooc,WEAK,authorise,autorizzare,zulassen,,,
15,v,cooc,WEAK,authorize,autorizzare,zulassen,,,
16,v,cooc,WEAK,back,sostenere,zurückfahren,,,
17,v,cooc,WEAK,bar,escludere,verschließen,,,
18,v,cooc,WEAK,base,basare,basieren,,,
19,v,cooc,WEAK,be,diventare,liegen,,,
20,v,cooc,WEAK,become,diventare,zukommen,,,
21,v,cooc,WEAK,bias,influenzare,ausrichten,,,
22,v,cooc,WEAK,block,arrestare,verstellen,,,
23,v,cooc,WEAK,boost,incentivare,fördern,,,
24,v,cooc,WEAK,call,annunciare,nennen,,,
25,v,cooc,WEAK,capture,prendere,erfassen,,,
26,v,cooc,WEAK,carry,portare,tragen,,,
27,v,cooc,WEAK,challenge,contestare,fordern,,,
28,v,cooc,WEAK,check,arrestare,überprüfen,,,
29,v,cooc,WEAK,clear,superare,klären,,,
30,v,cooc,WEAK,communicate,comunicare,übermitteln,,,
31,v,cooc,WEAK,complete,completare,ergänzen,,,
32,v,cooc,WEAK,comprise,comprendere,umfassen,,,
33,v,cooc,WEAK,concern,interessare,betreffen,,,
34,v,cooc,WEAK,conclude,terminare,schließen,,,
35,v,cooc,WEAK,consider,considerare,prüfen,,,
36,v,cooc,WEAK,construct,fare,bauen,,,
37,v,cooc,WEAK,convert,convertire,umsetzen,,,
38,v,cooc,WEAK,coordinate,coordinare,harmonisieren,,,
39,v,cooc,WEAK,deal,servire,geben,,,
40,v,cooc,WEAK,decide,decidere,bestimmen,,,
41,v,cooc,WEAK,deliver,distribuire,liefern,,,
42,v,cooc,WEAK,demand,chiedere,verlangen,,,
43,v,cooc,WEAK,design,progettare,konzipieren,,,
44,v,cooc,WEAK,detect,individuare,ermitteln,,,
45,v,cooc,WEAK,direct,orientare,richten,,,
46,v,cooc,WEAK,draw,emettere,zeichnen,,,
47,v,cooc,WEAK,effect,effettuare,bewirken,,,
48,v,cooc,WEAK,enable,permettere,ermöglichen,,,
49,v,cooc,WEAK,enact,rappresentare,erlassen,,,
50,v,cooc,WEAK,encourage,incoraggiare,fördern,,,
51,v,cooc,WEAK,endorse,approvare,bestätigen,,,
52,v,cooc,WEAK,enforce,applicare,durchführen,,,
53,v,cooc,WEAK,enhance,accrescere,verbessern,,,
54,v,cooc,WEAK,equal,equivalere,gleichen,,,
55,v,cooc,WEAK,establish,stabilire,schaffen,,,
56,v,cooc,WEAK,estimate,valutare,schätzen,,,
57,v,cooc,WEAK,expand,estendere,vergrößern,,,
58,v,cooc,WEAK,expect,prevedere,erwarten,,,
59,v,cooc,WEAK,extend,estendere,reichen,,,
60,v,cooc,WEAK,extract,ricavare,entziehen,,,
61,v,cooc,WEAK,fall,ricadere,fallen,,,
62,v,cooc,WEAK,fit,adattare,passen,,,
63,v,cooc,WEAK,fix,fissare,festlegen,,,
64,v,cooc,WEAK,force,costringere,durchsetzen,,,
65,v,cooc,WEAK,foresee,prevedere,absehen,,,
66,v,cooc,WEAK,gain,ottenere,erlangen,,,
67,v,cooc,WEAK,gather,raccogliere,zunehmen,,,
68,v,cooc,WEAK,gauge,valutare,messen,,,
69,v,cooc,WEAK,go,partire,gehen,,,
70,v,cooc,WEAK,grant,dare,gewähren,,,
71,v,cooc,WEAK,have,disporre,besitzen,,,
72,v,cooc,WEAK,head,puntare,gehen,,,
73,v,cooc,WEAK,identify,individuare,identifizieren,,,
74,v,cooc,WEAK,impede,impedire,erschweren,,,
75,v,cooc,WEAK,imply,implicare,bedeuten,,,
76,v,cooc,WEAK,impose,imporre,erlassen,,,
77,v,cooc,WEAK,incorporate,includere,integrieren,,,
78,v,cooc,WEAK,induce,provocare,veranlassen,,,
79,v,cooc,WEAK,initiate,avviare,beginnen,,,
80,v,cooc,WEAK,install,installare,einsetzen,,,
81,v,cooc,WEAK,institute,istituire,einführen,,,
82,v,cooc,WEAK,intend,intendere,bestimmen,,,
83,v,cooc,WEAK,intensify,intensificare,verstärken,,,
84,v,cooc,WEAK,involve,coinvolgere,umfassen,,,
85,v,cooc,WEAK,lay,disporre,legen,,,
86,v,cooc,WEAK,lead,portare,führen,,,
87,v,cooc,WEAK,lift,sollevare,anheben,,,
88,v,cooc,WEAK,list,elencare,aufnehmen,,,
89,v,cooc,WEAK,match,combaciare,entsprechen,,,
90,v,cooc,WEAK,matter,interessare,machen,,,
91,v,cooc,WEAK,notify,notificare,unterrichten,,,
92,v,cooc,WEAK,occur,avvenire,auftreten,,,
93,v,cooc,WEAK,order,disporre,bestellen,,,
94,v,cooc,WEAK,pass,superare,gehen,,,
95,v,cooc,WEAK,plan,progettare,planen,,,
96,v,cooc,WEAK,position,orientare,einstellen,,,
97,v,cooc,WEAK,practice,seguire,ausüben,,,
98,v,cooc,WEAK,prepare,preparare,anfertigen,,,
99,v,cooc,WEAK,present,presentare,zeigen,,,
100,v,cooc,WEAK,preserve,mantenere,erhalten,,,
101,v,cooc,WEAK,process,elaborare,entwickeln,,,
102,v,cooc,WEAK,propose,proporre,einbringen,,,
103,v,cooc,WEAK,provide,fornire,bieten,,,
104,v,cooc,WEAK,pursue,perseguire,betreiben,,,
105,v,cooc,WEAK,range,variare,reichen,,,
106,v,cooc,WEAK,reflect,ponderare,spiegeln,,,
107,v,cooc,WEAK,regard,considerare,betreffen,,,
108,v,cooc,WEAK,reject,rifiutare,verwerfen,,,
109,v,cooc,WEAK,report,riferire,anzeigen,,,
110,v,cooc,WEAK,respect,rispettare,achten,,,
111,v,cooc,WEAK,result,derivare,resultieren,,,
112,v,cooc,WEAK,revise,rivedere,ändern,,,
113,v,cooc,WEAK,save,memorizzare,speichern,,,
114,v,cooc,WEAK,say,dire,sprechen,,,
115,v,cooc,WEAK,select,scegliere,auslesen,,,
116,v,cooc,WEAK,set,fissare,setzen,,,
117,v,cooc,WEAK,sponsor,garantire,fördern,,,
118,v,cooc,WEAK,store,memorizzare,speichern,,,
119,v,cooc,WEAK,study,studiare,untersuchen,,,
120,v,cooc,WEAK,supplement,integrare,ergänzen,,,
121,v,cooc,WEAK,support,sostenere,unterstützen,,,
122,v,cooc,WEAK,tend,pendere,sorgen,,,
123,v,cooc,WEAK,translate,tradurre,umsetzen,,,
124,v,cooc,WEAK,underpin,sostenere,stützen,,,
125,v,cooc,WEAK,undertake,intraprendere,übernehmen,,,
126,v,cooc,WEAK,utilize,utilizzare,nutzen,,,
127,v,cooc,WEAK,value,valutare,schätzen,,,
128,v,cooc,WEAK,yield,produrre,ergeben,,,
