idx_group,pos,rel,weak,lex_en,lex_it,lex_de,score,bs_count,babel_synsets
0,n,head,,branch subdivision arm,succursale filiale divisione,Gliederung,,1,bn:00005706n
1,n,sim,,sub-division,suddivisione,Unterteilung,0.241,0,
2,n,sim,,construction,costruzione,Konstruktion,0.218,2,bn:00022069n bn:00013723n
3,n,sim,,profile,profilo,Profil,0.21,2,bn:00064627n bn:00064628n
4,n,sim,,position,posizione,Standpunkt,0.204,0,
5,n,sim,,distribution,distribuzione,Verteilung,0.19,1,bn:00027797n
6,n,sim,,structure,struttura,Struktur,0.189,1,bn:00022071n
7,n,sim,,pattern,modello,Muster,0.184,1,bn:00026537n
8,n,sim,,order,ordine,Reihenfolge,0.182,0,
9,n,sim,,representation,rappresentazione,Darstellung,0.181,1,bn:15061631n
10,n,sim,,scheme,schema,Schema,0.181,4,bn:00059783n bn:00026817n bn:00069576n bn:00069579n
11,n,sim,,distinction,distinzione,Unterscheidung,0.175,1,bn:00027036n
12,n,sim,,section,sezione,Abschnitt,0.172,1,bn:00070190n
13,n,sim,,feature,caratteristica,Merkmal,0.17,1,bn:00065538n
14,n,sim,,presence,presenza,Präsenz,0.17,0,
15,n,sim,,aspect,aspetto,Aussehen,0.169,0,
16,n,sim,,definition,definizione,Definition,0.165,2,bn:00025929n bn:00025928n
17,n,sim,,reconstruction,ricostruzione,Rekonstruktion,0.161,1,bn:00066571n
18,n,sim,,list,lista,Auflistung,0.16,0,
19,n,sim,,history,storia,Historie,0.156,1,bn:00044267n
20,n,sim,,story,storia,Historie,0.156,0,
21,n,sim,,interpretation,interpretazione,Interpretation,0.151,4,bn:00047199n bn:00047197n bn:00047198n bn:00047196n
22,n,sim,,dimension,dimensione,Dimension,0.151,4,bn:00007067n bn:00027152n bn:00027153n bn:00027151n
23,n,sim,,classification,classificazione,Klassifikation,0.15,1,bn:00016732n
24,n,sim,,composition,composizione,Zusammensetzung,0.15,0,
25,n,sim,,characteristic,caratteristica,Merkmal,0.149,2,bn:00065538n bn:00017762n
26,n,sim,,evaluation,valutazione,Auswertung,0.145,0,
27,n,sim,,expansion,espansione,Erweiterung,0.14,0,
28,n,sim,,valuation,valutazione,Bewertung,0.14,1,bn:18019567n
29,n,sim,,extension,estensione,Erweiterung,0.14,2,bn:00026251n bn:00032416n
30,n,sim,,building,edificio,Aufbau,0.139,0,
31,n,sim,,topic,argomento,Thematik,0.139,0,
32,n,sim,,selection,selezione,Selektion,0.139,1,bn:00057001n
33,n,sim,,appraisal,valutazione,Bewertung,0.138,0,
34,n,sim,,differentiation,differenziazione,Differenzierung,0.137,2,bn:00027036n bn:00027038n
35,n,sim,,register,registro,Register,0.136,6,bn:00066890n bn:00066893n bn:00074436n bn:00059469n bn:00066891n bn:00066895n
36,n,sim,,statute,statuto,Satzung,0.134,0,
37,n,sim,,approach,approccio,Ansatz,0.134,0,
38,n,sim,,mechanism,meccanismo,Mechanismus,0.129,1,bn:00054065n
39,n,sim,,description,descrizione,Beschreibung,0.126,1,bn:01244302n
40,n,sim,,revision,revisione,Überarbeitung,0.124,0,
41,n,sim,,legislation,legislazione,Gesetzgebung,0.121,1,bn:00050587n
42,n,sim,,machinery,meccanismo,Mechanismus,0.114,0,
43,n,sim,,concept,concetto,Konzept,0.112,1,bn:00021547n
44,n,sim,,presentation,presentazione,Präsentation,0.109,1,bn:03468279n
45,n,sim,,model,modello,Muster,0.107,0,
46,n,sim,,publication,pubblicazione,Publikation,0.107,3,bn:00065108n bn:00065106n bn:00047693n
47,n,sim,,restriction,restrizione,Begrenzung,0.105,0,
48,n,sim,,scope,portata,Umfang,0.101,0,
49,n,sim,,configuration,configurazione,Konfiguration,0.1,1,bn:03088982n
1,n,sim,WEAK,account,rapporto,Darstellung,,,
2,n,sim,WEAK,action,azione,Vorgehen,,,
3,n,sim,WEAK,adaptation,riduzione,Anpassung,,,
4,n,sim,WEAK,allocation,assegnazione,Verteilung,,,
5,n,sim,WEAK,amendment,miglioramento,Abänderung,,,
6,n,sim,WEAK,area,zona,Umfang,,,
7,n,sim,WEAK,arrangement,organizzazione,Anordnung,,,
8,n,sim,WEAK,article,condizione,Posten,,,
9,n,sim,WEAK,base,centro,Grundriss,,,
10,n,sim,WEAK,boundary,confine,Begrenzung,,,
11,n,sim,WEAK,capacity,capacità,Umfang,,,
12,n,sim,WEAK,class,classe,Format,,,
13,n,sim,WEAK,combination,associazione,Zusammenstellung,,,
14,n,sim,WEAK,condition,condizione,Gegebenheit,,,
15,n,sim,WEAK,constitution,costituzione,Satzung,,,
16,n,sim,WEAK,denomination,denominazione,Benennung,,,
17,n,sim,WEAK,design,progetto,Konstruktion,,,
18,n,sim,WEAK,development,sviluppo,Weiterentwicklung,,,
19,n,sim,WEAK,difficulty,difficoltà,Problematik,,,
20,n,sim,WEAK,division,ripartizione,Aufteilung,,,
21,n,sim,WEAK,establishment,stabilimento,Verankerung,,,
22,n,sim,WEAK,estimate,stima,Ansatz,,,
23,n,sim,WEAK,expression,espressione,Bezeichnung,,,
24,n,sim,WEAK,figure,numero,Abbildung,,,
25,n,sim,WEAK,formation,formazione,Gestaltung,,,
26,n,sim,WEAK,ground,fondo,Standpunkt,,,
27,n,sim,WEAK,group,gruppo,Gruppierung,,,
28,n,sim,WEAK,idea,idea,Konzeption,,,
29,n,sim,WEAK,identification,riconoscimento,Kennzeichnung,,,
30,n,sim,WEAK,installation,impianto,Aufstellung,,,
31,n,sim,WEAK,institution,istituzione,Einleitung,,,
32,n,sim,WEAK,item,voce,Posten,,,
33,n,sim,WEAK,job,occupazione,Posten,,,
34,n,sim,WEAK,layout,configurazione,Layout,,,
35,n,sim,WEAK,lot,quantità,Posten,,,
36,n,sim,WEAK,name,nome,Benennung,,,
37,n,sim,WEAK,operation,operazione,Funktionsweise,,,
38,n,sim,WEAK,organisation,organizzazione,Aufbau,,,
39,n,sim,WEAK,organization,organizzazione,Aufbau,,,
40,n,sim,WEAK,outline,profilo,Skizze,,,
41,n,sim,WEAK,partition,suddivisione,Aufteilung,,,
42,n,sim,WEAK,picture,quadro,Zeichnung,,,
43,n,sim,WEAK,plan,piano,Konzept,,,
44,n,sim,WEAK,planning,pianificazione,Einteilung,,,
45,n,sim,WEAK,portion,quota,Abschnitt,,,
46,n,sim,WEAK,program,programma,Konzept,,,
47,n,sim,WEAK,programme,programma,Konzept,,,
48,n,sim,WEAK,quality,qualità,Format,,,
49,n,sim,WEAK,range,gamma,Umfang,,,
50,n,sim,WEAK,record,registrazione,Verzeichnis,,,
51,n,sim,WEAK,registration,registrazione,Erfassung,,,
52,n,sim,WEAK,reorganisation,riorganizzazione,Umgestaltung,,,
53,n,sim,WEAK,reorganization,riorganizzazione,Umgestaltung,,,
54,n,sim,WEAK,rules,ordinamento,Satzung,,,
55,n,sim,WEAK,schedule,programma,Zeitplan,,,
56,n,sim,WEAK,sector,settore,Abschnitt,,,
57,n,sim,WEAK,segment,segmento,Abschnitt,,,
58,n,sim,WEAK,setting,ambiente,Aufstellung,,,
59,n,sim,WEAK,size,dimensione,Format,,,
60,n,sim,WEAK,stage,fase,Abschnitt,,,
61,n,sim,WEAK,station,stazione,Posten,,,
62,n,sim,WEAK,style,modello,Schreibweise,,,
63,n,sim,WEAK,system,sistema,Systematik,,,
64,n,sim,WEAK,table,mensa,Aufstellung,,,
65,n,sim,WEAK,target,obiettivo,Zielsetzung,,,
66,n,sim,WEAK,text,argomento,Wortlaut,,,
67,n,sim,WEAK,title,qualifica,Bezeichnung,,,
68,n,sim,WEAK,top,vertice,Aufbau,,,
69,n,sim,WEAK,type,tipo,Muster,,,
70,n,sim,WEAK,union,unione,Zusammenfassung,,,
71,n,sim,WEAK,version,versione,Darstellung,,,
72,n,sim,WEAK,view,visione,Überblick,,,
73,n,sim,WEAK,wording,espressione,Wortlaut,,,
74,n,sim,WEAK,zone,zona,Abschnitt,,,
1,n,cooc,,partition,suddivisione,Teilung,0.402,0,
2,n,cooc,,head,capo,Führer,0.395,4,bn:00018320n bn:00012295n bn:00050371n bn:00018319n
3,n,cooc,,meeting,riunione,Besprechung,0.39,2,bn:00041948n bn:00070689n
4,n,cooc,,division,divisione,Teilung,0.369,0,
5,n,cooc,,representation,rappresentanza,Darstellung,0.362,0,
6,n,cooc,,side,lato,Seite,0.331,2,bn:00071433n bn:00032604n
7,n,cooc,,split,divisione,Aufteilung,0.313,0,
8,n,cooc,,unit,unità,Einheit,0.303,1,bn:00079106n
9,n,cooc,,section,sezione,Abschnitt,0.296,1,bn:00070190n
10,n,cooc,,agent,agente,Mittel,0.275,0,
11,n,cooc,,union,unione,Vereinigung,0.265,2,bn:00079093n bn:00021881n
12,n,cooc,,structure,struttura,Struktur,0.208,1,bn:00022071n
13,n,cooc,,description,descrizione,Beschreibung,0.199,1,bn:01244302n
14,n,cooc,,representative,rappresentante,Vertreter,0.194,0,
15,n,cooc,,application,applicazione,Antrag,0.184,0,
16,n,cooc,,interest,partecipazione,Beteiligung,0.177,0,
17,n,cooc,,activity,attività,Tätigkeit,0.167,1,bn:15840810n
18,n,cooc,,[number],numero,Zahl,0.161,0,
19,n,cooc,,point,punto,Punkt,0.123,4,bn:00063223n bn:00063218n bn:00036777n bn:00063214n
20,n,cooc,,number,numero,Zahl,0.069,3,bn:00058285n bn:00058290n bn:00058287n
21,n,cooc,,system,sistema,System,0.035,7,bn:00075761n bn:00005863n bn:00075760n bn:00069580n bn:00075762n bn:00075759n bn:00075763n
1,n,cooc,WEAK,ability,perizia,Vermögen,,,
2,n,cooc,WEAK,account,deposito,Rechnung,,,
3,n,cooc,WEAK,agency,agenzia,Vertretung,,,
4,n,cooc,WEAK,area,zona,Raum,,,
5,n,cooc,WEAK,arrangement,accordo,Anordnung,,,
6,n,cooc,WEAK,article,capo,Posten,,,
7,n,cooc,WEAK,association,società,Verband,,,
8,n,cooc,WEAK,authority,autorità,Stelle,,,
9,n,cooc,WEAK,band,fascia,Gruppe,,,
10,n,cooc,WEAK,base,centro,Basis,,,
11,n,cooc,WEAK,board,commissione,Vorstand,,,
12,n,cooc,WEAK,body,corpo,Organ,,,
13,n,cooc,WEAK,branch,filiale,Organ,,,
14,n,cooc,WEAK,business,azienda,Aufgabe,,,
15,n,cooc,WEAK,category,categoria,Gruppe,,,
16,n,cooc,WEAK,center,centro,Innere,,,
17,n,cooc,WEAK,centre,centro,Innere,,,
18,n,cooc,WEAK,class,classe,Gruppe,,,
19,n,cooc,WEAK,combination,unione,Zusammenfassung,,,
20,n,cooc,WEAK,commander,comandante,Führer,,,
21,n,cooc,WEAK,company,azienda,Gemeinschaft,,,
22,n,cooc,WEAK,construction,cantiere,Aufbau,,,
23,n,cooc,WEAK,control,comando,Beherrschung,,,
24,n,cooc,WEAK,core,centro,Innere,,,
25,n,cooc,WEAK,deal,accordo,Teil,,,
26,n,cooc,WEAK,deposit,deposito,Einlage,,,
27,n,cooc,WEAK,digit,numero,Stelle,,,
28,n,cooc,WEAK,district,zona,Teil,,,
29,n,cooc,WEAK,drag,rete,Zug,,,
30,n,cooc,WEAK,effort,costo,Versuch,,,
31,n,cooc,WEAK,establishment,stabilimento,Aufnahme,,,
32,n,cooc,WEAK,executive,dirigente,Vorstand,,,
33,n,cooc,WEAK,expansion,sviluppo,Ausdehnung,,,
34,n,cooc,WEAK,extension,interno,Ausdehnung,,,
35,n,cooc,WEAK,foundation,opera,Grundlage,,,
36,n,cooc,WEAK,frame,struttura,Fassung,,,
37,n,cooc,WEAK,heading,titolo,Überschrift,,,
38,n,cooc,WEAK,heart,centro,Innere,,,
39,n,cooc,WEAK,home,casa,Ziel,,,
40,n,cooc,WEAK,house,casa,Haushalt,,,
41,n,cooc,WEAK,institution,istituto,Einleitung,,,
42,n,cooc,WEAK,instruction,direttiva,Angabe,,,
43,n,cooc,WEAK,item,capo,Punkt,,,
44,n,cooc,WEAK,land,paese,Grund,,,
45,n,cooc,WEAK,length,taglio,Dauer,,,
46,n,cooc,WEAK,lot,partita,Posten,,,
47,n,cooc,WEAK,motion,azione,Antrag,,,
48,n,cooc,WEAK,office,ufficio,Stelle,,,
49,n,cooc,WEAK,officer,funzionario,Vorstandsmitglied,,,
50,n,cooc,WEAK,official,funzionario,Funktionär,,,
51,n,cooc,WEAK,operation,operazione,Veranstaltung,,,
52,n,cooc,WEAK,order,ordinazione,Reihenfolge,,,
53,n,cooc,WEAK,organisation,organizzazione,Veranstaltung,,,
54,n,cooc,WEAK,part,ruolo,Teil,,,
55,n,cooc,WEAK,party,gruppo,Partei,,,
56,n,cooc,WEAK,place,sito,Stelle,,,
57,n,cooc,WEAK,policy,politica,Regel,,,
58,n,cooc,WEAK,portion,quota,Teil,,,
59,n,cooc,WEAK,program,canale,Konzept,,,
60,n,cooc,WEAK,project,ricerca,Projekt,,,
61,n,cooc,WEAK,question,discussione,Frage,,,
62,n,cooc,WEAK,record,documento,Aufnahme,,,
63,n,cooc,WEAK,ring,rete,Gruppe,,,
64,n,cooc,WEAK,scheme,sistema,Projekt,,,
65,n,cooc,WEAK,service,servizio,Aufgabe,,,
66,n,cooc,WEAK,severance,separazione,Teilung,,,
67,n,cooc,WEAK,share,quota,Teil,,,
68,n,cooc,WEAK,size,misura,Umfang,,,
69,n,cooc,WEAK,society,società,Arbeitsgemeinschaft,,,
70,n,cooc,WEAK,station,centro,Posten,,,
71,n,cooc,WEAK,stop,punto,Zug,,,
72,n,cooc,WEAK,survey,perizia,Übersicht,,,
73,n,cooc,WEAK,top,capo,Aufbau,,,
74,n,cooc,WEAK,undertaking,impresa,Projekt,,,
1,adj,cooc,,vertical,verticale,vertikal,0.415,1,bn:00108482a
2,adj,cooc,,horizontal,orizzontale,horizontal,0.406,1,bn:00104328a
3,adj,cooc,,territorial,territoriale,territorial,0.395,1,bn:00111761a
4,adj,cooc,,administrative,amministrativo,administrativ,0.38,1,bn:00096474a
5,adj,cooc,,sound,profondo,tief,0.377,0,
6,adj,cooc,,deep,profondo,tief,0.376,0,
7,adj,cooc,,functional,funzionale,funktional,0.359,0,
8,adj,cooc,,rhythmic,ritmico,rhythmisch,0.337,0,
9,adj,cooc,,subordinate,subalterno,untergeordnet,0.335,0,
10,adj,cooc,,geographic,geografico,geographisch,0.324,1,bn:00103542a
11,adj,cooc,,regional,regionale,regional,0.322,2,bn:00109624a bn:00109623a
12,adj,cooc,,geographical,geografico,geographisch,0.308,1,bn:00103542a
13,adj,cooc,,fresh,nuovo,neu,0.266,0,
14,adj,cooc,,senior,superiore,übergeordnet,0.243,0,
15,adj,cooc,,local,locale,lokal,0.234,1,bn:00106109a
16,adj,cooc,,useful,utile,sinnvoll,0.229,0,
17,adj,cooc,,additional,supplementare,zusätzlich,0.185,0,
18,adj,cooc,,equal,stesso,gleich,0.164,0,
19,adj,cooc,,new,nuovo,neu,0.141,1,bn:00107267a
20,adj,cooc,,same,stesso,gleich,0.119,0,
21,adj,cooc,,possible,possibile,möglich,0.111,1,bn:00108830a
1,adj,cooc,WEAK,big,importante,weit,,,
2,adj,cooc,WEAK,consistent,costante,einheitlich,,,
3,adj,cooc,WEAK,convenient,utile,zweckmäßig,,,
4,adj,cooc,WEAK,corporate,aziendale,ständisch,,,
5,adj,cooc,WEAK,current,attuale,derzeitig,,,
6,adj,cooc,WEAK,distinct,distinto,klar,,,
7,adj,cooc,WEAK,erect,diritto,straff,,,
8,adj,cooc,WEAK,fair,equo,klar,,,
9,adj,cooc,WEAK,further,ulteriore,zusätzlich,,,
10,adj,cooc,WEAK,heavy,forte,tief,,,
11,adj,cooc,WEAK,keen,forte,tief,,,
12,adj,cooc,WEAK,large,numeroso,reich,,,
13,adj,cooc,WEAK,open,aperto,weit,,,
14,adj,cooc,WEAK,particular,proprio,speziell,,,
15,adj,cooc,WEAK,potential,potenziale,möglich,,,
16,adj,cooc,WEAK,present,presente,derzeitig,,,
17,adj,cooc,WEAK,ready,pronto,klar,,,
18,adj,cooc,WEAK,rigid,rigido,streng,,,
19,adj,cooc,WEAK,similar,analogo,gleich,,,
20,adj,cooc,WEAK,stiff,rigido,streng,,,
21,adj,cooc,WEAK,straight,diritto,klar,,,
22,adj,cooc,WEAK,taut,rigido,straff,,,
23,adj,cooc,WEAK,upright,verticale,rechtlich,,,
24,adj,cooc,WEAK,wide,intero,weit,,,
1,v,cooc,,extend,espandere,erweitern,0.384,1,bn:00084121v
2,v,cooc,,supply,fornire,liefern,0.371,0,
3,v,cooc,,correspond,corrispondere,entsprechen,0.308,1,bn:00082477v
4,v,cooc,,design,progettare,entwerfen,0.298,0,
5,v,cooc,,furnish,fornire,liefern,0.29,0,
6,v,cooc,,down,abbattere,niederschlagen,0.289,0,
7,v,cooc,,arrange,disporre,ordnen,0.282,0,
8,v,cooc,,plan,progettare,entwerfen,0.266,0,
9,v,cooc,,provide,fornire,liefern,0.246,0,
10,v,cooc,,allow,consentire,gestatten,0.221,0,
11,v,cooc,,permit,permettere,erlauben,0.219,1,bn:00082536v
12,v,cooc,,create,creare,schaffen,0.219,1,bn:00086009v
13,v,cooc,,participate,partecipare,teilnehmen,0.218,1,bn:00091451v
14,v,cooc,,put,mettere,setzen,0.218,0,
15,v,cooc,,subdivide,suddividere,unterteilen,0.214,0,
16,v,cooc,,cause,causare,bewirken,0.213,0,
17,v,cooc,,agree,concordare,übereinstimmen,0.209,2,bn:00082480v bn:00082475v
18,v,cooc,,form,costituire,bilden,0.206,0,
19,v,cooc,,produce,produrre,erzeugen,0.205,2,bn:00084198v bn:00086013v
20,v,cooc,,point,indicare,zeigen,0.205,0,
21,v,cooc,,occur,avvenire,erfolgen,0.2,0,
22,v,cooc,,order,disporre,ordnen,0.2,0,
23,v,cooc,,execute,eseguire,durchführen,0.193,0,
24,v,cooc,,reflect,riflettere,spiegeln,0.192,0,
25,v,cooc,,wait,servire,bedienen,0.192,1,bn:00095594v
26,v,cooc,,look,guardare,aussehen,0.189,0,
27,v,cooc,,constitute,costituire,bilden,0.187,1,bn:00083187v
28,v,cooc,,determine,determinare,bestimmen,0.181,0,
29,v,cooc,,emerge,emergere,entstehen,0.177,1,bn:00087561v
30,v,cooc,,introduce,introdurre,einführen,0.174,0,
31,v,cooc,,serve,servire,dienen,0.17,1,bn:00082867v
32,v,cooc,,exist,esistere,existieren,0.168,1,bn:00083184v
33,v,cooc,,locate,individuare,finden,0.163,0,
34,v,cooc,,elect,scegliere,wählen,0.162,0,
35,v,cooc,,place,mettere,legen,0.161,1,bn:00090224v
36,v,cooc,,use,utilizzare,verwenden,0.158,1,bn:00082705v
37,v,cooc,,define,determinare,bestimmen,0.156,0,
38,v,cooc,,follow,seguire,folgen,0.151,1,bn:00088020v
39,v,cooc,,represent,rappresentare,darstellen,0.146,1,bn:00083187v
40,v,cooc,,check,controllare,prüfen,0.146,0,
41,v,cooc,,include,includere,umfassen,0.143,0,
42,v,cooc,,require,richiedere,erfordern,0.142,0,
43,v,cooc,,miss,perdere,vermissen,0.141,0,
44,v,cooc,,question,esaminare,prüfen,0.138,0,
45,v,cooc,,choose,scegliere,wählen,0.138,1,bn:00084931v
46,v,cooc,,generate,generare,erzeugen,0.132,0,
47,v,cooc,,seek,cercare,suchen,0.126,1,bn:00090460v
48,v,cooc,,develop,sviluppare,entstehen,0.125,0,
49,v,cooc,,examine,esaminare,prüfen,0.125,0,
50,v,cooc,,indicate,indicare,zeigen,0.125,0,
51,v,cooc,,decide,decidere,entscheiden,0.124,2,bn:00086370v bn:00082354v
52,v,cooc,,belong,appartenere,gehören,0.124,0,
53,v,cooc,,remain,rimanere,bleiben,0.123,3,bn:00092756v bn:00091562v bn:00085719v
54,v,cooc,,secure,garantire,garantieren,0.122,1,bn:00082877v
55,v,cooc,,start,iniziare,anfangen,0.117,2,bn:00083340v bn:00083342v
56,v,cooc,,present,presentare,präsentieren,0.094,1,bn:00086557v
57,v,cooc,,warrant,garantire,gewährleisten,0.093,0,
58,v,cooc,,give,dare,geben,0.078,2,bn:00088825v bn:00088815v
59,v,cooc,,call,chiamare,aufrufen,0.077,0,
60,v,cooc,,grant,dare,geben,0.071,0,
61,v,cooc,,make,fare,machen,0.064,3,bn:00084198v bn:00086013v bn:00086008v
62,v,cooc,,submit,presentare,vorlegen,0.064,0,
63,v,cooc,,depict,rappresentare,darstellen,0.062,1,bn:00086611v
64,v,cooc,,do,fare,machen,0.039,1,bn:00082286v
1,v,cooc,WEAK,accept,accettare,übernehmen,,,
2,v,cooc,WEAK,accord,concordare,erweisen,,,
3,v,cooc,WEAK,achieve,raggiungere,schaffen,,,
4,v,cooc,WEAK,acquire,acquisire,erarbeiten,,,
5,v,cooc,WEAK,act,operare,wirken,,,
6,v,cooc,WEAK,add,aggiungere,beifügen,,,
7,v,cooc,WEAK,adjust,sistemare,anpassen,,,
8,v,cooc,WEAK,administer,dare,führen,,,
9,v,cooc,WEAK,affect,interessare,betreffen,,,
10,v,cooc,WEAK,amend,migliorare,ändern,,,
11,v,cooc,WEAK,appear,sembrare,erscheinen,,,
12,v,cooc,WEAK,apply,riguardare,verwenden,,,
13,v,cooc,WEAK,appoint,designare,berufen,,,
14,v,cooc,WEAK,arise,sorgere,entstehen,,,
15,v,cooc,WEAK,assume,assumere,übernehmen,,,
16,v,cooc,WEAK,base,fondare,basieren,,,
17,v,cooc,WEAK,be,diventare,machen,,,
18,v,cooc,WEAK,bear,sostenere,tragen,,,
19,v,cooc,WEAK,bind,impegnare,binden,,,
20,v,cooc,WEAK,build,costruire,setzen,,,
21,v,cooc,WEAK,buy,acquistare,übernehmen,,,
22,v,cooc,WEAK,carry,portare,tragen,,,
23,v,cooc,WEAK,catch,prendere,fassen,,,
24,v,cooc,WEAK,close,chiudere,auflösen,,,
25,v,cooc,WEAK,comprise,comprendere,umfassen,,,
26,v,cooc,WEAK,concern,interessare,betreffen,,,
27,v,cooc,WEAK,conclude,finire,beschließen,,,
28,v,cooc,WEAK,conduct,dirigere,führen,,,
29,v,cooc,WEAK,connect,collegare,vermitteln,,,
30,v,cooc,WEAK,consider,considerare,prüfen,,,
31,v,cooc,WEAK,construct,costruire,erstellen,,,
32,v,cooc,WEAK,contain,comprendere,enthalten,,,
33,v,cooc,WEAK,control,controllare,regeln,,,
34,v,cooc,WEAK,coordinate,coordinare,abstimmen,,,
35,v,cooc,WEAK,cover,comprendere,decken,,,
36,v,cooc,WEAK,cross,attraversare,setzen,,,
37,v,cooc,WEAK,cut,tagliare,streichen,,,
38,v,cooc,WEAK,deal,servire,geben,,,
39,v,cooc,WEAK,delete,annullare,streichen,,,
40,v,cooc,WEAK,deliver,distribuire,liefern,,,
41,v,cooc,WEAK,denote,indicare,kennzeichnen,,,
42,v,cooc,WEAK,designate,designare,bestimmen,,,
43,v,cooc,WEAK,detain,detenere,festhalten,,,
44,v,cooc,WEAK,direct,dirigere,richten,,,
45,v,cooc,WEAK,display,manifestare,anzeigen,,,
46,v,cooc,WEAK,distinguish,caratterizzare,unterscheiden,,,
47,v,cooc,WEAK,divide,ripartire,aufteilen,,,
48,v,cooc,WEAK,drop,diminuire,fallen,,,
49,v,cooc,WEAK,effect,effettuare,bewirken,,,
50,v,cooc,WEAK,eliminate,eliminare,auflösen,,,
51,v,cooc,WEAK,employ,assumere,verwenden,,,
52,v,cooc,WEAK,enable,permettere,ermöglichen,,,
53,v,cooc,WEAK,enact,rappresentare,aufführen,,,
54,v,cooc,WEAK,encircle,circondare,umfassen,,,
55,v,cooc,WEAK,encompass,circondare,umfassen,,,
56,v,cooc,WEAK,encourage,favorire,fördern,,,
57,v,cooc,WEAK,enforce,imporre,durchführen,,,
58,v,cooc,WEAK,enter,entrare,treten,,,
59,v,cooc,WEAK,equip,fornire,versehen,,,
60,v,cooc,WEAK,erect,fondare,aufstellen,,,
61,v,cooc,WEAK,establish,stabilire,schaffen,,,
62,v,cooc,WEAK,fall,diminuire,fallen,,,
63,v,cooc,WEAK,feel,avvertire,fassen,,,
64,v,cooc,WEAK,get,ottenere,lassen,,,
65,v,cooc,WEAK,go,diventare,machen,,,
66,v,cooc,WEAK,govern,controllare,bestimmen,,,
67,v,cooc,WEAK,grasp,comprendere,erfassen,,,
68,v,cooc,WEAK,grow,aumentare,entstehen,,,
69,v,cooc,WEAK,hang,attaccare,fallen,,,
70,v,cooc,WEAK,have,disporre,machen,,,
71,v,cooc,WEAK,head,dirigere,führen,,,
72,v,cooc,WEAK,hold,mantenere,festhalten,,,
73,v,cooc,WEAK,identify,identificare,erkennen,,,
74,v,cooc,WEAK,implement,realizzare,durchführen,,,
75,v,cooc,WEAK,inaugurate,inaugurare,einsetzen,,,
76,v,cooc,WEAK,incorporate,includere,organisieren,,,
77,v,cooc,WEAK,inform,informare,erfüllen,,,
78,v,cooc,WEAK,insert,introdurre,einfügen,,,
79,v,cooc,WEAK,intend,intendere,bestimmen,,,
80,v,cooc,WEAK,invest,impegnare,anlegen,,,
81,v,cooc,WEAK,involve,coinvolgere,umfassen,,,
82,v,cooc,WEAK,join,aderire,teilnehmen,,,
83,v,cooc,WEAK,keep,mantenere,bleiben,,,
84,v,cooc,WEAK,lay,disporre,legen,,,
85,v,cooc,WEAK,lead,portare,führen,,,
86,v,cooc,WEAK,leave,lasciare,lassen,,,
87,v,cooc,WEAK,levy,imporre,führen,,,
88,v,cooc,WEAK,licence,autorizzare,erlauben,,,
89,v,cooc,WEAK,license,autorizzare,erlauben,,,
90,v,cooc,WEAK,lift,abolire,aufheben,,,
91,v,cooc,WEAK,list,quotare,auflisten,,,
92,v,cooc,WEAK,maintain,mantenere,beibehalten,,,
93,v,cooc,WEAK,manage,gestire,schaffen,,,
94,v,cooc,WEAK,manufacture,produrre,fertigen,,,
95,v,cooc,WEAK,mean,dire,vorstellen,,,
96,v,cooc,WEAK,meet,conoscere,erfüllen,,,
97,v,cooc,WEAK,mount,salire,aufstellen,,,
98,v,cooc,WEAK,move,spostare,setzen,,,
99,v,cooc,WEAK,name,denominare,angeben,,,
100,v,cooc,WEAK,necessitate,obbligare,erfordern,,,
101,v,cooc,WEAK,nominate,designare,vorschlagen,,,
102,v,cooc,WEAK,obtain,ottenere,beziehen,,,
103,v,cooc,WEAK,occupy,occupare,versehen,,,
104,v,cooc,WEAK,offer,offrire,machen,,,
105,v,cooc,WEAK,open,aprire,führen,,,
106,v,cooc,WEAK,operate,operare,bedienen,,,
107,v,cooc,WEAK,originate,nascere,entstehen,,,
108,v,cooc,WEAK,overlook,controllare,versehen,,,
109,v,cooc,WEAK,perform,eseguire,erfüllen,,,
110,v,cooc,WEAK,plot,tracciare,darstellen,,,
111,v,cooc,WEAK,position,collocare,aufstellen,,,
112,v,cooc,WEAK,prepare,allestire,ausarbeiten,,,
113,v,cooc,WEAK,press,pressare,treten,,,
114,v,cooc,WEAK,procure,ottenere,bewirken,,,
115,v,cooc,WEAK,propose,presentare,vorschlagen,,,
116,v,cooc,WEAK,qualify,autorizzare,bestimmen,,,
117,v,cooc,WEAK,raise,aumentare,aufheben,,,
118,v,cooc,WEAK,range,disporre,aufstellen,,,
119,v,cooc,WEAK,reach,raggiungere,greifen,,,
120,v,cooc,WEAK,receive,ricevere,beziehen,,,
121,v,cooc,WEAK,recognise,conoscere,erkennen,,,
122,v,cooc,WEAK,recover,riprendere,decken,,,
123,v,cooc,WEAK,reduce,diminuire,vereinfachen,,,
124,v,cooc,WEAK,refer,sottoporre,verweisen,,,
125,v,cooc,WEAK,regard,considerare,ansehen,,,
126,v,cooc,WEAK,register,registrare,erfassen,,,
127,v,cooc,WEAK,remit,inviare,verweisen,,,
128,v,cooc,WEAK,remove,eliminare,aufheben,,,
129,v,cooc,WEAK,respect,rispettare,achten,,,
130,v,cooc,WEAK,rest,rimanere,anlehnen,,,
131,v,cooc,WEAK,restrict,chiudere,beschränken,,,
132,v,cooc,WEAK,retain,impegnare,beibehalten,,,
133,v,cooc,WEAK,run,correre,führen,,,
134,v,cooc,WEAK,seize,prendere,greifen,,,
135,v,cooc,WEAK,select,selezionare,wählen,,,
136,v,cooc,WEAK,sell,vendere,verraten,,,
137,v,cooc,WEAK,send,inviare,richten,,,
138,v,cooc,WEAK,set,stabilire,setzen,,,
139,v,cooc,WEAK,settle,risolvere,regeln,,,
140,v,cooc,WEAK,show,dimostrare,anzeigen,,,
141,v,cooc,WEAK,sit,partecipare,setzen,,,
142,v,cooc,WEAK,situate,situare,legen,,,
143,v,cooc,WEAK,slip,passare,fallen,,,
144,v,cooc,WEAK,span,attraversare,greifen,,,
145,v,cooc,WEAK,sponsor,garantire,fördern,,,
146,v,cooc,WEAK,spread,spargere,tragen,,,
147,v,cooc,WEAK,spring,sorgere,entstehen,,,
148,v,cooc,WEAK,stage,allestire,aufführen,,,
149,v,cooc,WEAK,stand,resistere,stellen,,,
150,v,cooc,WEAK,state,stabilire,angeben,,,
151,v,cooc,WEAK,strike,colpire,streichen,,,
152,v,cooc,WEAK,summon,chiamare,berufen,,,
153,v,cooc,WEAK,support,sostenere,unterstützen,,,
154,v,cooc,WEAK,surround,circondare,umfassen,,,
155,v,cooc,WEAK,take,prendere,übernehmen,,,
156,v,cooc,WEAK,terminate,finire,auflösen,,,
157,v,cooc,WEAK,tie,attaccare,binden,,,
158,v,cooc,WEAK,touch,riguardare,fassen,,,
159,v,cooc,WEAK,train,addestrare,richten,,,
160,v,cooc,WEAK,treat,considerare,behandeln,,,
161,v,cooc,WEAK,undertake,assumere,übernehmen,,,
