idx_group,pos,rel,weak,lex_en,lex_it,lex_de,score,bs_count,babel_synsets
0,n,head,,ratio rate,velocità tasso ritmo,Rate,,1,bn:00066236n
1,n,sim,,cost,costo,Kosten,0.352,1,bn:00022995n
2,n,sim,,price,prezzo,Preis,0.34,2,bn:00025083n bn:00022996n
3,n,sim,,level,livello,Niveau,0.312,0,
4,n,sim,,value,valore,Wert,0.312,5,bn:00079508n bn:00079509n bn:00029680n bn:00058151n bn:00079511n
5,n,sim,,condition,condizione,Kondition,0.311,1,bn:00021649n
6,n,sim,,increase,aumento,Anstieg,0.307,2,bn:00041979n bn:00001294n
7,n,sim,,growth,crescita,Wachstum,0.301,2,bn:00041979n bn:00026697n
8,n,sim,,result,risultato,Resultat,0.291,3,bn:00034520n bn:00004452n bn:00021961n
9,n,sim,,number,numero,Anzahl,0.289,1,bn:00034394n
10,n,sim,,risk,rischio,Risiko,0.289,1,bn:00030747n
11,n,sim,,percentage,percentuale,Prozentsatz,0.288,1,bn:00061135n
12,n,sim,,capacity,capacità,Kapazität,0.287,1,bn:00005193n
13,n,sim,,share,quota,Aktie,0.285,1,bn:00070912n
14,n,sim,,amount,importo,Betrag,0.284,0,
15,n,sim,,investment,investimento,Investition,0.283,1,bn:00047358n
16,n,sim,,security,sicurezza,Sicherheit,0.281,2,bn:00068799n bn:00070219n
17,n,sim,,velocity,velocità,Geschwindigkeit,0.276,1,bn:00073258n
18,n,sim,,demand,domanda,Nachfrage,0.273,1,bn:00026104n
19,n,sim,,speed,velocità,Geschwindigkeit,0.272,2,bn:00033758n bn:00073258n
20,n,sim,,return,rendimento,Ertrag,0.271,1,bn:00047691n
21,n,sim,,yield,rendimento,Rendite,0.265,1,bn:00047691n
22,n,sim,,option,opzione,Option,0.261,3,bn:00003132n bn:00059228n bn:00018661n
23,n,sim,,height,altezza,Höhe,0.259,1,bn:00043544n
24,n,sim,,period,periodo,Periode,0.258,1,bn:00040167n
25,n,sim,,income,reddito,Einkommen,0.257,1,bn:14505599n
26,n,sim,,efficiency,efficienza,Leistungsfähigkeit,0.256,0,
27,n,sim,,loss,perdita,Verlust,0.254,1,bn:00052054n
28,n,sim,,average,media,Durchschnitt,0.253,2,bn:00005677n bn:00007449n
29,n,sim,,volume,volume,Volumen,0.253,1,bn:00080229n
30,n,sim,,rise,aumento,Anstieg,0.251,0,
31,n,sim,,sale,vendita,Verkauf,0.25,2,bn:00068918n bn:00068929n
32,n,sim,,tax,tassa,Steuer,0.25,1,bn:00067519n
33,n,sim,,payment,pagamento,Zahlung,0.249,1,bn:00061119n
34,n,sim,,factor,fattore,Faktor,0.245,2,bn:00046695n bn:00021394n
35,n,sim,,funding,finanziamento,Finanzierung,0.245,1,bn:00034545n
36,n,sim,,outcome,risultato,Resultat,0.243,2,bn:00034520n bn:00021961n
37,n,sim,,probability,probabilità,Wahrscheinlichkeit,0.243,2,bn:00017624n bn:00064507n
38,n,sim,,fee,tassa,Gebühr,0.236,1,bn:00033939n
39,n,sim,,frequency,frequenza,Frequenz,0.236,2,bn:00036471n bn:00000443n
40,n,sim,,interest,interesse,Verzinsung,0.235,0,
41,n,sim,,term,termine,Laufzeit,0.235,0,
42,n,sim,,debt,debito,Schuld,0.229,1,bn:00025638n
43,n,sim,,service,servizio,Dienstleistung,0.229,1,bn:00070651n
44,n,sim,,weight,peso,Gewicht,0.229,1,bn:00080831n
45,n,sim,,distribution,distribuzione,Verteilung,0.228,1,bn:00027797n
46,n,sim,,consumption,consumo,Verbrauch,0.227,0,
47,n,sim,,cut,taglio,Schnitt,0.227,4,bn:00024613n bn:00024612n bn:00024607n bn:00024608n
48,n,sim,,contract,contratto,Vertrag,0.224,1,bn:00022227n
49,n,sim,,margin,margine,Marge,0.223,0,
50,n,sim,,wage,salario,Lohn,0.221,1,bn:00029416n
51,n,sim,,indicator,indicatore,Anzeige,0.22,0,
52,n,sim,,supply,fornitura,Versorgung,0.22,2,bn:00075322n bn:00064922n
53,n,sim,,expenditure,spesa,Aufwand,0.219,0,
54,n,sim,,valuation,valutazione,Bewertung,0.219,1,bn:18019567n
55,n,sim,,duty,dazio,Zoll,0.216,1,bn:00029241n
56,n,sim,,agreement,contratto,Vertrag,0.215,1,bn:00022227n
57,n,sim,,premium,premio,Prämie,0.215,1,bn:00012428n
58,n,sim,,financing,finanziamento,Finanzierung,0.214,2,bn:00034524n bn:00034545n
59,n,sim,,guarantee,garanzia,Garantie,0.214,2,bn:00042041n bn:00042039n
60,n,sim,,capital,capitale,Kapital,0.213,1,bn:00015496n
61,n,sim,,duration,durata,Dauer,0.213,2,bn:14664596n bn:06505489n
62,n,sim,,order,ordine,Bestellung,0.212,2,bn:00059308n bn:00059311n
63,n,sim,,output,produzione,Ausgabe,0.209,0,
64,n,sim,,course,corso,Verlauf,0.208,0,
65,n,sim,,load,carico,Last,0.206,0,
66,n,sim,,profit,profitto,Gewinn,0.205,1,bn:00029415n
67,n,sim,,total,totale,Summe,0.202,1,bn:00003604n
68,n,sim,,inflation,inflazione,Inflation,0.2,2,bn:00046676n bn:00046675n
69,n,sim,,trend,tendenza,Tendenz,0.19,0,
70,n,sim,,assessment,valutazione,Bewertung,0.187,0,
71,n,sim,,sum,somma,Summe,0.187,3,bn:00001296n bn:00003601n bn:00003604n
72,n,sim,,compensation,compensazione,Entschädigung,0.185,1,bn:00021329n
73,n,sim,,decline,declino,Rückgang,0.185,0,
74,n,sim,,salary,stipendio,Gehalt,0.184,1,bn:00029416n
75,n,sim,,calculation,calcolo,Berechnung,0.182,2,bn:00014688n bn:00014689n
76,n,sim,,deficit,disavanzo,Defizit,0.182,2,bn:00025916n bn:00025919n
77,n,sim,,burden,onere,Belastung,0.181,0,
78,n,sim,,forecast,previsione,Prognose,0.181,1,bn:00035806n
79,n,sim,,surplus,eccesso,Überschuss,0.181,1,bn:00032121n
80,n,sim,,employment,occupazione,Beschäftigung,0.177,3,bn:00030616n bn:00014138n bn:00030625n
81,n,sim,,credit,credito,Kredit,0.175,1,bn:00023671n
82,n,sim,,contribution,contributo,Beitrag,0.174,1,bn:00022272n
83,n,sim,,tariff,tariffa,Tarif,0.173,1,bn:00029241n
84,n,sim,,provision,fornitura,Versorgung,0.172,1,bn:00064922n
85,n,sim,,claim,richiesta,Anspruch,0.17,1,bn:00019405n
86,n,sim,,saving,risparmio,Einsparung,0.169,0,
87,n,sim,,proportion,proporzione,Anteil,0.16,0,
88,n,sim,,purchase,acquisto,Kauf,0.158,2,bn:00014334n bn:00065265n
89,n,sim,,subsidy,sovvenzione,Subvention,0.155,1,bn:00074977n
90,n,sim,,reserve,riserva,Reserve,0.153,4,bn:00067291n bn:00067295n bn:00054985n bn:00007805n
1,n,sim,WEAK,ability,capacità,Vermögen,,,
2,n,sim,WEAK,account,motivo,Konto,,,
3,n,sim,WEAK,activity,attività,Beschäftigung,,,
4,n,sim,WEAK,addition,somma,Zuschlag,,,
5,n,sim,WEAK,adjustment,registrazione,Anpassung,,,
6,n,sim,WEAK,advantage,beneficio,Plus,,,
7,n,sim,WEAK,area,zona,Umfang,,,
8,n,sim,WEAK,asset,attività,Kapital,,,
9,n,sim,WEAK,balance,equilibrio,Ausgleich,,,
10,n,sim,WEAK,bank,banca,Kasse,,,
11,n,sim,WEAK,benefit,beneficio,Gewinn,,,
12,n,sim,WEAK,capability,capacità,Leistungsfähigkeit,,,
13,n,sim,WEAK,care,protezione,Versorgung,,,
14,n,sim,WEAK,challenge,sfida,Forderung,,,
15,n,sim,WEAK,charge,carica,Gebühr,,,
16,n,sim,WEAK,commitment,impegno,Überweisung,,,
17,n,sim,WEAK,concern,interesse,Beteiligung,,,
18,n,sim,WEAK,consideration,valutazione,Entgelt,,,
19,n,sim,WEAK,content,contenuto,Gehalt,,,
20,n,sim,WEAK,count,calcolo,Rechnung,,,
21,n,sim,WEAK,currency,corso,Währung,,,
22,n,sim,WEAK,customer,tipo,Käufer,,,
23,n,sim,WEAK,cycle,ciclo,Periode,,,
24,n,sim,WEAK,decrease,diminuzione,Rückgang,,,
25,n,sim,WEAK,degree,grado,Ausmaß,,,
26,n,sim,WEAK,deposit,versamento,Kaution,,,
27,n,sim,WEAK,depth,profondità,Höhe,,,
28,n,sim,WEAK,development,sviluppo,Wachstum,,,
29,n,sim,WEAK,direction,direzione,Tendenz,,,
30,n,sim,WEAK,drop,calo,Rückgang,,,
31,n,sim,WEAK,economy,economia,Einsparung,,,
32,n,sim,WEAK,effect,effetto,Resultat,,,
33,n,sim,WEAK,emission,emissione,Abgabe,,,
34,n,sim,WEAK,expense,spesa,Ausgabe,,,
35,n,sim,WEAK,figure,cifra,Zahl,,,
36,n,sim,WEAK,form,forma,Kondition,,,
37,n,sim,WEAK,function,funzione,Zweck,,,
38,n,sim,WEAK,fund,riserva,Fonds,,,
39,n,sim,WEAK,gain,guadagno,Gewinn,,,
40,n,sim,WEAK,gap,intervallo,Spalte,,,
41,n,sim,WEAK,grade,grado,Niveau,,,
42,n,sim,WEAK,improvement,miglioramento,Steigerung,,,
43,n,sim,WEAK,input,potenza,Beitrag,,,
44,n,sim,WEAK,issue,problema,Ausgabe,,,
45,n,sim,WEAK,job,lavoro,Beschäftigung,,,
46,n,sim,WEAK,length,lunghezza,Dauer,,,
47,n,sim,WEAK,liability,tendenza,Schuld,,,
48,n,sim,WEAK,limit,limite,Frist,,,
49,n,sim,WEAK,line,linea,Schnitt,,,
50,n,sim,WEAK,loan,mutuo,Darlehen,,,
51,n,sim,WEAK,mean,mezzo,Durchschnitt,,,
52,n,sim,WEAK,money,ricchezza,Geld,,,
53,n,sim,WEAK,movement,movimento,Satz,,,
54,n,sim,WEAK,operation,funzionamento,Lauf,,,
55,n,sim,WEAK,pace,ritmo,Geschwindigkeit,,,
56,n,sim,WEAK,participation,intervento,Beteiligung,,,
57,n,sim,WEAK,pattern,modello,Schnitt,,,
58,n,sim,WEAK,pay,retribuzione,Bezahlung,,,
59,n,sim,WEAK,point,punto,Zweck,,,
60,n,sim,WEAK,portion,quota,Anteil,,,
61,n,sim,WEAK,power,potenza,Vermögen,,,
62,n,sim,WEAK,pressure,pressione,Belastung,,,
63,n,sim,WEAK,process,processo,Verlauf,,,
64,n,sim,WEAK,product,genere,Ware,,,
65,n,sim,WEAK,production,produzione,Förderung,,,
66,n,sim,WEAK,productivity,produttività,Leistungsfähigkeit,,,
67,n,sim,WEAK,property,proprietà,Vermögen,,,
68,n,sim,WEAK,purpose,fine,Zweck,,,
69,n,sim,WEAK,quantity,quantità,Anteil,,,
70,n,sim,WEAK,quarter,direzione,Quartal,,,
71,n,sim,WEAK,quota,quota,Quote,,,
72,n,sim,WEAK,range,gamma,Umfang,,,
73,n,sim,WEAK,rate,tasso,Preis,,,
74,n,sim,WEAK,reduction,riduzione,Rückgang,,,
75,n,sim,WEAK,report,servizio,Anzeige,,,
76,n,sim,WEAK,requirement,requisito,Forderung,,,
77,n,sim,WEAK,resource,risorsa,Vermögen,,,
78,n,sim,WEAK,scale,scala,Umfang,,,
79,n,sim,WEAK,score,punteggio,Rechnung,,,
80,n,sim,WEAK,set,serie,Satz,,,
81,n,sim,WEAK,setting,ambiente,Satz,,,
82,n,sim,WEAK,shape,forma,Schnitt,,,
83,n,sim,WEAK,size,dimensione,Umfang,,,
84,n,sim,WEAK,space,spazio,Zeitraum,,,
85,n,sim,WEAK,spending,spesa,Ausgabe,,,
86,n,sim,WEAK,standard,standard,Niveau,,,
87,n,sim,WEAK,state,stato,Aufwand,,,
88,n,sim,WEAK,stock,azione,Bestand,,,
89,n,sim,WEAK,strength,forza,Zahl,,,
90,n,sim,WEAK,time,tempo,Mal,,,
91,n,sim,WEAK,transaction,operazione,Transaktion,,,
92,n,sim,WEAK,transfer,passaggio,Überweisung,,,
93,n,sim,WEAK,type,tipo,Satz,,,
94,n,sim,WEAK,work,lavoro,Beschäftigung,,,
1,n,cooc,,interest,interesse,Verzinsung,0.641,0,
2,n,cooc,,mortality,mortalità,Mortalität,0.576,1,bn:00025602n
3,n,cooc,,unemployment,disoccupazione,Arbeitslosigkeit,0.563,1,bn:00079045n
4,n,cooc,,increase,aumento,Anstieg,0.526,2,bn:00041979n bn:00001294n
5,n,cooc,,rise,aumento,Anstieg,0.508,0,
6,n,cooc,,payout,pagamento,Auszahlung,0.5,0,
7,n,cooc,,refund,rimborso,Rückzahlung,0.494,1,bn:00066858n
8,n,cooc,,run,corsa,Run,0.476,1,bn:00068552n
9,n,cooc,,maturity,scadenza,Fälligkeit,0.466,1,bn:00029049n
10,n,cooc,,power,potenza,Kraft,0.444,0,
11,n,cooc,,gain,aumento,Steigerung,0.438,1,bn:00001294n
12,n,cooc,,income,provento,Einkommen,0.428,0,
13,n,cooc,,payment,pagamento,Zahlung,0.426,1,bn:00061119n
14,n,cooc,,height,altezza,Höhe,0.423,1,bn:00043544n
15,n,cooc,,condition,condizione,Kondition,0.421,1,bn:00021649n
16,n,cooc,,funding,finanziamento,Finanzierung,0.418,1,bn:00034545n
17,n,cooc,,transfer,trasferimento,Überweisung,0.418,0,
18,n,cooc,,financing,finanziamento,Finanzierung,0.417,2,bn:00034524n bn:00034545n
19,n,cooc,,strike,colpo,Schlag,0.409,1,bn:00074669n
20,n,cooc,,deposit,deposito,Kaution,0.403,0,
21,n,cooc,,energy,energia,Kraft,0.403,0,
22,n,cooc,,loan,prestito,Darlehen,0.403,1,bn:00051693n
23,n,cooc,,share,quota,Aktie,0.403,1,bn:00070912n
24,n,cooc,,sum,somma,Summe,0.391,3,bn:00001296n bn:00003601n bn:00003604n
25,n,cooc,,credit,credito,Kredit,0.385,1,bn:00023671n
26,n,cooc,,amount,importo,Menge,0.383,0,
27,n,cooc,,debt,debito,Schuld,0.382,1,bn:00025638n
28,n,cooc,,reduction,riduzione,Reduktion,0.378,1,bn:00066735n
29,n,cooc,,quota,quota,Kontingent,0.376,0,
30,n,cooc,,adjustment,adattamento,Anpassung,0.375,2,bn:00001411n bn:00001267n
31,n,cooc,,quantity,quantità,Menge,0.362,2,bn:00065553n bn:00003603n
32,n,cooc,,shock,colpo,Schlag,0.362,0,
33,n,cooc,,number,numero,Anzahl,0.35,1,bn:00034394n
34,n,cooc,,period,periodo,Zeit,0.348,0,
35,n,cooc,,load,carico,Belastung,0.329,0,
36,n,cooc,,time,tempo,Zeit,0.321,2,bn:00076545n bn:00077270n
37,n,cooc,,bank,banca,Bank,0.308,4,bn:00008364n bn:00008370n bn:00008371n bn:00008367n
38,n,cooc,,case,caso,Fall,0.306,3,bn:00016402n bn:00016403n bn:00016411n
39,n,cooc,,composition,composizione,Zusammensetzung,0.301,0,
40,n,cooc,,valuation,valutazione,Bewertung,0.295,1,bn:18019567n
41,n,cooc,,change,cambiamento,Änderung,0.275,1,bn:00003125n
42,n,cooc,,hour,orario,Zeit,0.271,0,
43,n,cooc,,use,uso,Anwendung,0.265,1,bn:00030627n
44,n,cooc,,segment,parte,Teil,0.253,0,
1,n,cooc,WEAK,account,narrazione,Rechnung,,,
2,n,cooc,WEAK,allowance,riduzione,Beihilfe,,,
3,n,cooc,WEAK,area,settore,Teil,,,
4,n,cooc,WEAK,bit,punta,Teil,,,
5,n,cooc,WEAK,breakdown,abbattimento,Ausfall,,,
6,n,cooc,WEAK,capacity,capacità,Umfang,,,
7,n,cooc,WEAK,charge,carico,Gebühr,,,
8,n,cooc,WEAK,comparison,rapporto,Vergleich,,,
9,n,cooc,WEAK,consequence,effetto,Ergebnis,,,
10,n,cooc,WEAK,contribution,merito,Beitrag,,,
11,n,cooc,WEAK,control,controllo,Verwaltung,,,
12,n,cooc,WEAK,count,titolo,Rechnung,,,
13,n,cooc,WEAK,cut,taglio,Verminderung,,,
14,n,cooc,WEAK,date,data,Termin,,,
15,n,cooc,WEAK,depth,profondità,Höhe,,,
16,n,cooc,WEAK,discount,sconto,Abzug,,,
17,n,cooc,WEAK,drop,discesa,Rückgang,,,
18,n,cooc,WEAK,duty,dazio,Gebühr,,,
19,n,cooc,WEAK,employment,occupazione,Anwendung,,,
20,n,cooc,WEAK,estimate,valutazione,Schätzung,,,
21,n,cooc,WEAK,extent,grado,Umfang,,,
22,n,cooc,WEAK,fall,discesa,Fall,,,
23,n,cooc,WEAK,fee,quota,Gebühr,,,
24,n,cooc,WEAK,figure,numero,Summe,,,
25,n,cooc,WEAK,fluctuation,oscillazione,Schwankung,,,
26,n,cooc,WEAK,frame,forma,Rahmen,,,
27,n,cooc,WEAK,issue,questione,Ergebnis,,,
28,n,cooc,WEAK,jump,salto,Anstieg,,,
29,n,cooc,WEAK,length,lunghezza,Umfang,,,
30,n,cooc,WEAK,level,livello,Höhe,,,
31,n,cooc,WEAK,levy,dazio,Einziehung,,,
32,n,cooc,WEAK,mass,massa,Menge,,,
33,n,cooc,WEAK,measure,modo,Menge,,,
34,n,cooc,WEAK,mode,modo,Mode,,,
35,n,cooc,WEAK,move,movimento,Schritt,,,
36,n,cooc,WEAK,movement,movimento,Satz,,,
37,n,cooc,WEAK,note,tono,Note,,,
38,n,cooc,WEAK,outcome,successo,Ergebnis,,,
39,n,cooc,WEAK,pass,passo,Ausfall,,,
40,n,cooc,WEAK,pattern,schema,Beispiel,,,
41,n,cooc,WEAK,position,posizione,Rang,,,
42,n,cooc,WEAK,pressure,pressione,Belastung,,,
43,n,cooc,WEAK,quality,qualità,Rang,,,
44,n,cooc,WEAK,range,gamma,Umfang,,,
45,n,cooc,WEAK,rate,velocità,Rate,,,
46,n,cooc,WEAK,rating,valutazione,Rang,,,
47,n,cooc,WEAK,rebate,sconto,Rückzahlung,,,
48,n,cooc,WEAK,recovery,ripresa,Deckung,,,
49,n,cooc,WEAK,result,effetto,Ergebnis,,,
50,n,cooc,WEAK,scale,gamma,Rahmen,,,
51,n,cooc,WEAK,score,linea,Ergebnis,,,
52,n,cooc,WEAK,service,battuta,Bedienung,,,
53,n,cooc,WEAK,setting,regolazione,Rahmen,,,
54,n,cooc,WEAK,shape,forma,Kondition,,,
55,n,cooc,WEAK,size,formato,Umfang,,,
56,n,cooc,WEAK,spread,ampiezza,Umfang,,,
57,n,cooc,WEAK,standing,posizione,Rang,,,
58,n,cooc,WEAK,tax,onere,Gebühr,,,
59,n,cooc,WEAK,term,periodo,Laufzeit,,,
60,n,cooc,WEAK,threshold,soglia,Eingang,,,
61,n,cooc,WEAK,type,natura,Satz,,,
62,n,cooc,WEAK,value,prezzo,Wert,,,
63,n,cooc,WEAK,variation,variazione,Schwankung,,,
64,n,cooc,WEAK,volume,volume,Umfang,,,
65,n,cooc,WEAK,weight,peso,Belastung,,,
66,n,cooc,WEAK,yield,rendimento,Ergebnis,,,
1,adj,cooc,,low,basso,niedrig,0.588,0,
2,adj,cooc,,high,alto,hoch,0.576,1,bn:00104162a
3,adj,cooc,,constant,costante,konstant,0.508,1,bn:00100331a
4,adj,cooc,,fixed,fisso,fest,0.496,0,
5,adj,cooc,,average,medio,durchschnittlich,0.473,1,bn:00097859a
6,adj,cooc,,variable,variabile,variabel,0.471,1,bn:00113503a
7,adj,cooc,,metabolic,metabolico,metabolisch,0.461,0,
8,adj,cooc,,maximum,massimo,maximal,0.454,1,bn:00106517a
9,adj,cooc,,annual,annuale,jährlich,0.452,1,bn:00097149a
10,adj,cooc,,identical,identico,gleich,0.431,0,
11,adj,cooc,,mean,medio,durchschnittlich,0.4,0,
12,adj,cooc,,equal,uguale,gleich,0.388,0,
13,adj,cooc,,alarming,allarmante,alarmierend,0.381,0,
14,adj,cooc,,affordable,conveniente,erschwinglich,0.375,0,
15,adj,cooc,,favorable,favorevole,günstig,0.375,2,bn:00102849a bn:00102845a
16,adj,cooc,,negative,negativo,negativ,0.374,0,
17,adj,cooc,,applicable,applicabile,anwendbar,0.373,0,
18,adj,cooc,,effective,effettivo,tatsächlich,0.372,0,
19,adj,cooc,,favourable,favorevole,günstig,0.363,2,bn:00102849a bn:00102845a
20,adj,cooc,,relative,relativo,relativ,0.357,0,
21,adj,cooc,,double,doppio,doppelt,0.353,1,bn:00101725a
22,adj,cooc,,same,stesso,gleich,0.339,0,
23,adj,cooc,,stable,stabile,stabil,0.334,0,
24,adj,cooc,,available,disponibile,verfügbar,0.33,0,
25,adj,cooc,,reasonable,ragionevole,angemessen,0.329,0,
26,adj,cooc,,essential,essenziale,erforderlich,0.326,0,
27,adj,cooc,,comparable,paragonabile,vergleichbar,0.323,1,bn:00100117a
28,adj,cooc,,normal,normale,normal,0.318,1,bn:00107587a
29,adj,cooc,,appropriate,appropriato,angemessen,0.315,1,bn:00111427a
30,adj,cooc,,acceptable,accettabile,annehmbar,0.312,1,bn:00096246a
31,adj,cooc,,similar,simile,ähnlich,0.306,2,bn:00096782a bn:00105977a
32,adj,cooc,,close,vicino,nah,0.297,0,
33,adj,cooc,,commensurate,adeguato,angemessen,0.294,0,
34,adj,cooc,,unfavorable,negativo,negativ,0.291,0,
35,adj,cooc,,suitable,appropriato,angemessen,0.286,1,bn:00111427a
36,adj,cooc,,indicated,indicato,angegeben,0.279,0,
37,adj,cooc,,unfavourable,negativo,negativ,0.279,0,
38,adj,cooc,,adequate,adeguato,angemessen,0.277,0,
39,adj,cooc,,current,corrente,aktuell,0.277,1,bn:00096401a
40,adj,cooc,,different,diverso,verschieden,0.273,0,
41,adj,cooc,,extreme,estremo,extrem,0.265,2,bn:00102659a bn:00102658a
42,adj,cooc,,necessary,necessario,erforderlich,0.223,1,bn:00107182a
43,adj,cooc,,corresponding,corrispondente,entsprechend,0.222,0,
44,adj,cooc,,near,vicino,nah,0.222,0,
45,adj,cooc,,weak,debole,schwach,0.222,1,bn:00113737a
1,adj,cooc,WEAK,advantageous,vantaggioso,günstig,,,
2,adj,cooc,WEAK,clear,netto,deutlich,,,
3,adj,cooc,WEAK,comfortable,adeguato,bequem,,,
4,adj,cooc,WEAK,consistent,coerente,einheitlich,,,
5,adj,cooc,WEAK,deep,intenso,tief,,,
6,adj,cooc,WEAK,due,adeguato,fällig,,,
7,adj,cooc,WEAK,elevated,elevato,erhöht,,,
8,adj,cooc,WEAK,equivalent,equivalente,gleich,,,
9,adj,cooc,WEAK,exact,esatto,pünktlich,,,
10,adj,cooc,WEAK,excessive,eccessivo,extrem,,,
11,adj,cooc,WEAK,fair,giusto,angemessen,,,
12,adj,cooc,WEAK,flat,uniforme,deutlich,,,
13,adj,cooc,WEAK,good,buono,brav,,,
14,adj,cooc,WEAK,great,grande,hoch,,,
15,adj,cooc,WEAK,important,importante,hoch,,,
16,adj,cooc,WEAK,individual,particolare,einzeln,,,
17,adj,cooc,WEAK,large,grande,hoch,,,
18,adj,cooc,WEAK,minor,minore,gering,,,
19,adj,cooc,WEAK,moderate,moderato,angemessen,,,
20,adj,cooc,WEAK,modest,modesto,gering,,,
21,adj,cooc,WEAK,overall,globale,allgemein,,,
22,adj,cooc,WEAK,poor,scarso,gering,,,
23,adj,cooc,WEAK,positive,positivo,tatsächlich,,,
24,adj,cooc,WEAK,possible,possibile,annehmbar,,,
25,adj,cooc,WEAK,primary,primario,erste,,,
26,adj,cooc,WEAK,quick,veloce,fix,,,
27,adj,cooc,WEAK,real,reale,tatsächlich,,,
28,adj,cooc,WEAK,relevant,relativo,entsprechend,,,
29,adj,cooc,WEAK,robust,forte,stabil,,,
30,adj,cooc,WEAK,satisfactory,soddisfacente,angemessen,,,
31,adj,cooc,WEAK,significant,importante,signifikant,,,
32,adj,cooc,WEAK,single,unico,einzeln,,,
33,adj,cooc,WEAK,small,basso,klein,,,
34,adj,cooc,WEAK,solid,pieno,fest,,,
35,adj,cooc,WEAK,sound,giusto,fest,,,
36,adj,cooc,WEAK,standard,standard,normal,,,
37,adj,cooc,WEAK,steady,costante,fest,,,
38,adj,cooc,WEAK,strong,forte,fest,,,
39,adj,cooc,WEAK,superior,superiore,hoch,,,
40,adj,cooc,WEAK,uniform,uniforme,einheitlich,,,
1,v,cooc,,lower,abbassare,senken,0.543,0,
2,v,cooc,,raise,aumentare,erhöhen,0.542,0,
3,v,cooc,,increase,aumentare,erhöhen,0.532,1,bn:00089667v
4,v,cooc,,reduce,ridurre,reduzieren,0.51,0,
5,v,cooc,,calculate,calcolare,berechnen,0.504,1,bn:00084373v
6,v,cooc,,slow,rallentare,verlangsamen,0.475,1,bn:00086364v
7,v,cooc,,range,variare,schwanken,0.46,0,
8,v,cooc,,compute,calcolare,berechnen,0.447,1,bn:00084373v
9,v,cooc,,adjust,regolare,einstellen,0.427,0,
10,v,cooc,,double,raddoppiare,verdoppeln,0.427,0,
11,v,cooc,,record,registrare,verzeichnen,0.427,0,
12,v,cooc,,accelerate,accelerare,beschleunigen,0.418,1,bn:00082194v
13,v,cooc,,diminish,diminuire,verringern,0.417,0,
14,v,cooc,,vary,variare,variieren,0.409,0,
15,v,cooc,,achieve,raggiungere,erreichen,0.408,1,bn:00082226v
16,v,cooc,,regulate,regolare,regulieren,0.4,0,
17,v,cooc,,differentiate,differenziare,unterscheiden,0.398,0,
18,v,cooc,,improve,migliorare,verbessern,0.396,1,bn:00082573v
19,v,cooc,,exceed,superare,übersteigen,0.392,0,
20,v,cooc,,associate,associare,assoziieren,0.389,0,
21,v,cooc,,lift,alzare,anheben,0.381,1,bn:00084110v
22,v,cooc,,remain,rimanere,bleiben,0.375,3,bn:00092756v bn:00091562v bn:00085719v
23,v,cooc,,agree,concordare,vereinbaren,0.37,0,
24,v,cooc,,climb,salire,klettern,0.37,0,
25,v,cooc,,attain,raggiungere,erreichen,0.367,2,bn:00082901v bn:00082226v
26,v,cooc,,compare,confrontare,vergleichen,0.365,1,bn:00085450v
27,v,cooc,,top,superare,übersteigen,0.364,0,
28,v,cooc,,constitute,costituire,bilden,0.363,1,bn:00083187v
29,v,cooc,,reach,raggiungere,erreichen,0.359,2,bn:00082901v bn:00082226v
30,v,cooc,,determine,determinare,bestimmen,0.357,0,
31,v,cooc,,use,utilizzare,verwenden,0.349,1,bn:00082705v
32,v,cooc,,stay,rimanere,bleiben,0.346,3,bn:00092756v bn:00091562v bn:00085719v
33,v,cooc,,stipulate,stipulare,festlegen,0.346,0,
34,v,cooc,,elevate,elevare,erheben,0.345,0,
35,v,cooc,,influence,influenzare,beeinflussen,0.343,1,bn:00082304v
36,v,cooc,,optimise,ottimizzare,optimieren,0.343,1,bn:00091184v
37,v,cooc,,adapt,adattare,anpassen,0.341,2,bn:00082215v bn:00082316v
38,v,cooc,,optimize,ottimizzare,optimieren,0.34,1,bn:00091184v
39,v,cooc,,change,cambiare,ändern,0.335,1,bn:00082553v
40,v,cooc,,fluctuate,fluttuare,schwanken,0.334,0,
41,v,cooc,,guarantee,garantire,garantieren,0.332,1,bn:00082877v
42,v,cooc,,show,mostrare,anzeigen,0.332,0,
43,v,cooc,,specify,specificare,angeben,0.33,0,
44,v,cooc,,move,spostare,bewegen,0.329,1,bn:00088912v
45,v,cooc,,mean,dire,bedeuten,0.325,1,bn:00089805v
46,v,cooc,,benefit,avvantaggiare,profitieren,0.313,0,
47,v,cooc,,alter,modificare,ändern,0.306,1,bn:00082553v
48,v,cooc,,desire,desiderare,verlangen,0.298,0,
49,v,cooc,,push,spingere,drücken,0.298,0,
50,v,cooc,,offer,offrire,anbieten,0.297,2,bn:00091136v bn:00091143v
51,v,cooc,,choose,scegliere,wählen,0.294,1,bn:00084931v
52,v,cooc,,display,mostrare,anzeigen,0.294,0,
53,v,cooc,,shift,spostare,verschieben,0.292,1,bn:00086987v
54,v,cooc,,take,prendere,nehmen,0.29,3,bn:00094731v bn:00085689v bn:00088762v
55,v,cooc,,grow,crescere,wachsen,0.288,0,
56,v,cooc,,allow,consentire,erlauben,0.285,0,
57,v,cooc,,require,richiedere,verlangen,0.284,0,
58,v,cooc,,follow,seguire,folgen,0.28,1,bn:00088020v
59,v,cooc,,exclude,escludere,ausschließen,0.278,0,
60,v,cooc,,consider,considerare,berücksichtigen,0.272,0,
61,v,cooc,,correspond,corrispondere,entsprechen,0.268,1,bn:00082477v
62,v,cooc,,define,definire,definieren,0.267,1,bn:00086465v
63,v,cooc,,ensure,garantire,gewährleisten,0.264,1,bn:00082812v
64,v,cooc,,obtain,ottenere,erhalten,0.261,0,
65,v,cooc,,receive,ricevere,erhalten,0.257,1,bn:00089246v
66,v,cooc,,observe,osservare,beobachten,0.256,0,
67,v,cooc,,get,ottenere,erhalten,0.249,0,
68,v,cooc,,gain,ottenere,bekommen,0.242,0,
69,v,cooc,,combine,combinare,verbinden,0.239,1,bn:00085314v
70,v,cooc,,put,mettere,setzen,0.236,0,
71,v,cooc,,cost,costare,kosten,0.235,0,
72,v,cooc,,give,dare,geben,0.231,2,bn:00088815v bn:00088825v
73,v,cooc,,exist,esistere,bestehen,0.229,1,bn:00083184v
74,v,cooc,,represent,rappresentare,darstellen,0.229,1,bn:00083187v
75,v,cooc,,cause,causare,verursachen,0.219,0,
76,v,cooc,,come,venire,kommen,0.218,1,bn:00085335v
77,v,cooc,,help,aiutare,helfen,0.218,1,bn:00082481v
78,v,cooc,,make,fare,vornehmen,0.217,0,
79,v,cooc,,start,iniziare,beginnen,0.214,2,bn:00083342v bn:00083340v
80,v,cooc,,appear,apparire,auftreten,0.208,0,
81,v,cooc,,walk,andare,gehen,0.191,0,
82,v,cooc,,begin,iniziare,beginnen,0.186,2,bn:00083342v bn:00083340v
83,v,cooc,,describe,descrivere,beschreiben,0.173,1,bn:00082233v
84,v,cooc,,play,giocare,spielen,0.161,2,bn:00091711v bn:00091708v
1,v,cooc,WEAK,accord,concordare,gewähren,,,
2,v,cooc,WEAK,affect,interessare,beeinflussen,,,
3,v,cooc,WEAK,amend,correggere,ändern,,,
4,v,cooc,WEAK,announce,annunciare,anzeigen,,,
5,v,cooc,WEAK,apply,applicare,verwenden,,,
6,v,cooc,WEAK,approach,avvicinare,angehen,,,
7,v,cooc,WEAK,approve,omologare,bewilligen,,,
8,v,cooc,WEAK,arise,derivare,auftreten,,,
9,v,cooc,WEAK,assess,valutare,feststellen,,,
10,v,cooc,WEAK,assume,assumere,übernehmen,,,
11,v,cooc,WEAK,authorize,autorizzare,bewilligen,,,
12,v,cooc,WEAK,balance,oscillare,ausgleichen,,,
13,v,cooc,WEAK,base,basare,basieren,,,
14,v,cooc,WEAK,be,diventare,liegen,,,
15,v,cooc,WEAK,bear,sopportare,führen,,,
16,v,cooc,WEAK,become,diventare,stehen,,,
17,v,cooc,WEAK,blend,fondere,passen,,,
18,v,cooc,WEAK,book,registrare,buchen,,,
19,v,cooc,WEAK,carry,portare,führen,,,
20,v,cooc,WEAK,characterise,caratterizzare,beschreiben,,,
21,v,cooc,WEAK,characterize,caratterizzare,beschreiben,,,
22,v,cooc,WEAK,charge,mettere,berechnen,,,
23,v,cooc,WEAK,claim,pretendere,beantragen,,,
24,v,cooc,WEAK,close,serrare,abschließen,,,
25,v,cooc,WEAK,compound,comporre,verbinden,,,
26,v,cooc,WEAK,comprise,comprendere,beinhalten,,,
27,v,cooc,WEAK,control,controllare,führen,,,
28,v,cooc,WEAK,correct,correggere,verbessern,,,
29,v,cooc,WEAK,create,creare,verursachen,,,
30,v,cooc,WEAK,cut,tagliare,senken,,,
31,v,cooc,WEAK,decline,diminuire,sinken,,,
32,v,cooc,WEAK,decrease,diminuire,verkleinern,,,
33,v,cooc,WEAK,denote,indicare,bezeichnen,,,
34,v,cooc,WEAK,depreciate,svalutare,mindern,,,
35,v,cooc,WEAK,derive,derivare,übernehmen,,,
36,v,cooc,WEAK,dip,scendere,senken,,,
37,v,cooc,WEAK,divide,dividere,teilen,,,
38,v,cooc,WEAK,do,fare,leisten,,,
39,v,cooc,WEAK,drive,portare,führen,,,
40,v,cooc,WEAK,drop,scendere,fallen,,,
41,v,cooc,WEAK,earn,guadagnare,erwerben,,,
42,v,cooc,WEAK,ease,attenuare,verringern,,,
43,v,cooc,WEAK,enable,permettere,ermöglichen,,,
44,v,cooc,WEAK,enhance,accrescere,verbessern,,,
45,v,cooc,WEAK,equal,equivalere,gleichen,,,
46,v,cooc,WEAK,establish,stabilire,festlegen,,,
47,v,cooc,WEAK,estimate,stimare,ermitteln,,,
48,v,cooc,WEAK,evaluate,valutare,festsetzen,,,
49,v,cooc,WEAK,expand,sviluppare,expandieren,,,
50,v,cooc,WEAK,expect,prevedere,erwarten,,,
51,v,cooc,WEAK,explain,spiegare,rechtfertigen,,,
52,v,cooc,WEAK,expose,rivelare,aussetzen,,,
53,v,cooc,WEAK,fall,scendere,fallen,,,
54,v,cooc,WEAK,feed,alimentare,führen,,,
55,v,cooc,WEAK,find,trovare,feststellen,,,
56,v,cooc,WEAK,fix,fissare,festlegen,,,
57,v,cooc,WEAK,go,partire,gehen,,,
58,v,cooc,WEAK,hang,dipendere,hängen,,,
59,v,cooc,WEAK,have,fare,bekommen,,,
60,v,cooc,WEAK,hit,raggiungere,umlegen,,,
61,v,cooc,WEAK,hold,tenere,einstellen,,,
62,v,cooc,WEAK,imply,comportare,bedeuten,,,
63,v,cooc,WEAK,impose,imporre,erheben,,,
64,v,cooc,WEAK,include,includere,enthalten,,,
65,v,cooc,WEAK,indicate,indicare,anzeigen,,,
66,v,cooc,WEAK,induce,provocare,veranlassen,,,
67,v,cooc,WEAK,keep,tenere,bleiben,,,
68,v,cooc,WEAK,lay,collocare,legen,,,
69,v,cooc,WEAK,lead,portare,führen,,,
70,v,cooc,WEAK,leave,lasciare,lassen,,,
71,v,cooc,WEAK,lie,rimanere,liegen,,,
72,v,cooc,WEAK,maintain,mantenere,erhalten,,,
73,v,cooc,WEAK,match,combinare,entsprechen,,,
74,v,cooc,WEAK,mention,ricordare,nennen,,,
75,v,cooc,WEAK,negotiate,superare,verhandeln,,,
76,v,cooc,WEAK,occur,presentare,auftreten,,,
77,v,cooc,WEAK,operate,funzionare,bedienen,,,
78,v,cooc,WEAK,pass,passare,gehen,,,
79,v,cooc,WEAK,pay,pagare,zahlen,,,
80,v,cooc,WEAK,plan,progettare,vorsehen,,,
81,v,cooc,WEAK,post,inviare,buchen,,,
82,v,cooc,WEAK,preserve,mantenere,erhalten,,,
83,v,cooc,WEAK,print,imprimere,abziehen,,,
84,v,cooc,WEAK,project,progettare,auftreten,,,
85,v,cooc,WEAK,propose,presentare,beantragen,,,
86,v,cooc,WEAK,provide,offrire,geben,,,
87,v,cooc,WEAK,quote,quotare,notieren,,,
88,v,cooc,WEAK,rate,valutare,rechnen,,,
89,v,cooc,WEAK,realise,realizzare,feststellen,,,
90,v,cooc,WEAK,refer,riferire,überweisen,,,
91,v,cooc,WEAK,regard,considerare,betreffen,,,
92,v,cooc,WEAK,register,registrare,anzeigen,,,
93,v,cooc,WEAK,report,segnalare,anzeigen,,,
94,v,cooc,WEAK,respect,rispettare,achten,,,
95,v,cooc,WEAK,rest,rimanere,liegen,,,
96,v,cooc,WEAK,result,derivare,resultieren,,,
97,v,cooc,WEAK,reveal,rivelare,ergeben,,,
98,v,cooc,WEAK,revise,rivedere,ändern,,,
99,v,cooc,WEAK,rise,salire,steigen,,,
100,v,cooc,WEAK,run,funzionare,führen,,,
101,v,cooc,WEAK,score,segnare,erzielen,,,
102,v,cooc,WEAK,seem,sembrare,wirken,,,
103,v,cooc,WEAK,select,selezionare,wählen,,,
104,v,cooc,WEAK,set,fissare,setzen,,,
105,v,cooc,WEAK,ship,spedire,setzen,,,
106,v,cooc,WEAK,shoot,riprendere,schnellen,,,
107,v,cooc,WEAK,shrink,ridurre,schrumpfen,,,
108,v,cooc,WEAK,signal,segnalare,anzeigen,,,
109,v,cooc,WEAK,sit,rappresentare,setzen,,,
110,v,cooc,WEAK,slip,passare,fallen,,,
111,v,cooc,WEAK,spread,spiegare,verteilen,,,
112,v,cooc,WEAK,stand,sopportare,stehen,,,
113,v,cooc,WEAK,strengthen,rafforzare,verbessern,,,
114,v,cooc,WEAK,strip,togliere,abziehen,,,
115,v,cooc,WEAK,surpass,superare,übertreffen,,,
116,v,cooc,WEAK,sustain,sostenere,erhalten,,,
117,v,cooc,WEAK,switch,passare,ändern,,,
118,v,cooc,WEAK,touch,toccare,erreichen,,,
119,v,cooc,WEAK,trail,inseguire,folgen,,,
120,v,cooc,WEAK,trend,tendere,streben,,,
121,v,cooc,WEAK,turn,trasformare,richten,,,
122,v,cooc,WEAK,value,valutare,achten,,,
123,v,cooc,WEAK,widen,dilatare,ausweiten,,,
124,v,cooc,WEAK,yield,produrre,ergeben,,,
