idx_group,pos,rel,weak,lex_en,lex_it,lex_de,score,bs_count,babel_synsets
0,n,head,,demand need,esigenza necessario bisogno,Bedarf Bedürfnis,,1,bn:00026107n
1,n,sim,,principle,principio,Prinzip,0.393,1,bn:00064428n
2,n,sim,,desire,desiderio,Wunsch,0.387,1,bn:03683735n
3,n,sim,,ability,capacità,Fähigkeit,0.382,2,bn:00005193n bn:00000317n
4,n,sim,,need,bisogno,Notwendigkeit,0.38,0,
5,n,sim,,method,metodo,Verfahren,0.369,1,bn:00054625n
6,n,sim,,requirement,requisito,Anforderung,0.369,1,bn:00064181n
7,n,sim,,process,processo,Verfahren,0.368,1,bn:00064536n
8,n,sim,,consideration,considerazione,Prüfung,0.367,0,
9,n,sim,,analysis,analisi,Analyse,0.365,1,bn:00003794n
10,n,sim,,choice,scelta,Wahl,0.361,3,bn:00018661n bn:00003132n bn:00018660n
11,n,sim,,capability,capacità,Fähigkeit,0.357,1,bn:00005193n
12,n,sim,,challenge,sfida,Herausforderung,0.354,1,bn:00017558n
13,n,sim,,interest,interesse,Interesse,0.352,6,bn:00047081n bn:00047079n bn:00021556n bn:00047080n bn:00047077n bn:00047083n
14,n,sim,,level,livello,Ebene,0.352,0,
15,n,sim,,capacity,capacità,Kapazität,0.349,1,bn:00005193n
16,n,sim,,form,forma,Form,0.343,11,bn:00035912n bn:00035913n bn:00026512n bn:00003882n bn:00035907n bn:00035909n bn:00021751n bn:00035911n bn:00035915n bn:00035908n bn:00016529n
17,n,sim,,change,cambiamento,Änderung,0.339,1,bn:00003125n
18,n,sim,,use,uso,Verwendung,0.336,1,bn:00030627n
19,n,sim,,status,stato,Status,0.334,2,bn:00063703n bn:00021644n
20,n,sim,,characteristic,caratteristica,Merkmal,0.332,2,bn:00017762n bn:00065538n
21,n,sim,,term,termine,Begriff,0.332,1,bn:00076590n
22,n,sim,,tool,strumento,Instrument,0.332,3,bn:00046962n bn:00023662n bn:00077585n
23,n,sim,,task,compito,Aufgabe,0.331,1,bn:00018756n
24,n,sim,,case,caso,Fall,0.33,3,bn:00016403n bn:00016402n bn:00016411n
25,n,sim,,aspect,aspetto,Aspekt,0.327,1,bn:00006385n
26,n,sim,,possibility,possibilità,Möglichkeit,0.327,1,bn:00017621n
27,n,sim,,advantage,vantaggio,Vorteil,0.326,2,bn:00001559n bn:00001560n
28,n,sim,,basis,base,Basis,0.325,9,bn:00008791n bn:00008870n bn:00008786n bn:00008790n bn:00008781n bn:00008789n bn:00008782n bn:00035744n bn:00008916n
29,n,sim,,health,salute,Gesundheit,0.324,1,bn:00043358n
30,n,sim,,reason,motivo,Grund,0.323,3,bn:00066443n bn:00016851n bn:00041881n
31,n,sim,,condition,condizione,Zustand,0.322,1,bn:13935995n
32,n,sim,,element,elemento,Element,0.322,6,bn:00030301n bn:00018105n bn:00030300n bn:00021394n bn:00021396n bn:00030299n
33,n,sim,,cost,costo,Kosten,0.321,1,bn:00022995n
34,n,sim,,responsibility,responsabilità,Verantwortung,0.321,2,bn:00029239n bn:00067370n
35,n,sim,,quality,qualità,Qualität,0.32,2,bn:00065538n bn:00014731n
36,n,sim,,benefit,beneficio,Nutzen,0.319,1,bn:00037022n
37,n,sim,,idea,idea,Idee,0.318,1,bn:00045800n
38,n,sim,,language,linguaggio,Sprache,0.317,2,bn:00049910n bn:00077565n
39,n,sim,,strategy,strategia,Strategie,0.317,2,bn:00074558n bn:00069579n
40,n,sim,,claim,richiesta,Anspruch,0.316,1,bn:00019405n
41,n,sim,,example,esempio,Beispiel,0.316,3,bn:00016401n bn:00032100n bn:00032099n
42,n,sim,,development,sviluppo,Entwicklung,0.315,1,bn:07804057n
43,n,sim,,importance,importanza,Bedeutung,0.315,0,
44,n,sim,,purpose,scopo,Zweck,0.315,0,
45,n,sim,,option,opzione,Möglichkeit,0.314,0,
46,n,sim,,property,proprietà,Eigenschaft,0.314,1,bn:00064752n
47,n,sim,,technique,tecnica,Technik,0.314,1,bn:16282150n
48,n,sim,,control,controllo,Kontrolle,0.313,1,bn:17607444n
49,n,sim,,demand,domanda,Nachfrage,0.313,1,bn:00026104n
50,n,sim,,effort,sforzo,Anstrengung,0.313,1,bn:00029899n
51,n,sim,,scope,portata,Umfang,0.313,0,
52,n,sim,,situation,situazione,Situation,0.313,3,bn:00071869n bn:00063707n bn:00071858n
53,n,sim,,perspective,prospettiva,Perspektive,0.312,1,bn:00051351n
54,n,sim,,production,produzione,Produktion,0.311,4,bn:00059790n bn:00064590n bn:00064592n bn:00064594n
55,n,sim,,representation,rappresentanza,Darstellung,0.311,0,
56,n,sim,,consumption,consumo,Verbrauch,0.31,0,
57,n,sim,,force,forza,Kraft,0.31,2,bn:00035767n bn:00035768n
58,n,sim,,behavior,comportamento,Verhalten,0.309,2,bn:00009656n bn:00009657n
59,n,sim,,community,comunità,Gemeinschaft,0.309,1,bn:00021248n
60,n,sim,,factor,fattore,Faktor,0.309,2,bn:00046695n bn:00021394n
61,n,sim,,expectation,aspettativa,Erwartung,0.308,1,bn:00004639n
62,n,sim,,management,gestione,Verwaltung,0.308,2,bn:00027355n bn:00053116n
63,n,sim,,order,ordine,Auftrag,0.308,1,bn:00059311n
64,n,sim,,number,numero,Anzahl,0.307,1,bn:00034394n
65,n,sim,,procedure,procedura,Verfahren,0.307,1,bn:00064536n
66,n,sim,,activity,attività,Aktivität,0.306,2,bn:00001174n bn:00001128n
67,n,sim,,value,valore,Wert,0.306,5,bn:00079508n bn:00079511n bn:00058151n bn:00029680n bn:00079509n
68,n,sim,,concern,preoccupazione,Sorge,0.305,1,bn:00021556n
69,n,sim,,problem,problema,Problem,0.305,3,bn:00064526n bn:00064527n bn:00048242n
70,n,sim,,objective,obiettivo,Ziel,0.304,1,bn:00002179n
71,n,sim,,experience,esperienza,Erfahrung,0.303,2,bn:00032306n bn:00032307n
72,n,sim,,usage,uso,Verwendung,0.303,1,bn:00030627n
73,n,sim,,growth,crescita,Wachstum,0.302,2,bn:00026697n bn:00041979n
74,n,sim,,policy,politica,Politik,0.302,1,bn:00063329n
75,n,sim,,part,parte,Teil,0.301,1,bn:00021395n
76,n,sim,,output,produzione,Ausgabe,0.299,0,
77,n,sim,,knowledge,conoscenza,Wissen,0.298,1,bn:00020452n
78,n,sim,,priority,priorità,Priorität,0.298,1,bn:00064072n
79,n,sim,,concept,concetto,Konzept,0.297,1,bn:00021547n
80,n,sim,,feature,caratteristica,Eigenschaft,0.297,0,
81,n,sim,,network,rete,Netzwerk,0.297,4,bn:00054497n bn:00057379n bn:00024712n bn:00021488n
82,n,sim,,plan,piano,Plan,0.297,3,bn:00026536n bn:00062759n bn:00069579n
83,n,sim,,support,supporto,Unterstützung,0.297,2,bn:00075331n bn:00075332n
84,n,sim,,group,gruppo,Gruppe,0.296,4,bn:00041943n bn:00041942n bn:00073698n bn:00018111n
85,n,sim,,resource,risorsa,Ressource,0.295,1,bn:00067352n
86,n,sim,,difficulty,difficoltà,Schwierigkeit,0.294,1,bn:00027040n
87,n,sim,,structure,struttura,Struktur,0.294,1,bn:00022071n
88,n,sim,,definition,definizione,Definition,0.293,2,bn:00025928n bn:00025929n
89,n,sim,,risk,rischio,Risiko,0.293,1,bn:00030747n
90,n,sim,,role,ruolo,Rolle,0.293,1,bn:00068130n
91,n,sim,,security,sicurezza,Sicherheit,0.293,2,bn:00070219n bn:00068799n
92,n,sim,,reality,realtà,Realität,0.292,2,bn:00066418n bn:00066414n
93,n,sim,,strength,forza,Stärke,0.292,1,bn:00074615n
94,n,sim,,efficiency,efficienza,Leistungsfähigkeit,0.291,0,
95,n,sim,,practice,pratica,Praxis,0.291,2,bn:00063990n bn:00063989n
96,n,sim,,application,applicazione,Anwendung,0.29,2,bn:00005095n bn:00005094n
97,n,sim,,sense,senso,Sinn,0.29,4,bn:00000657n bn:00070494n bn:00070499n bn:00070498n
98,n,sim,,commitment,impegno,Engagement,0.288,1,bn:00002819n
99,n,sim,,function,funzione,Funktion,0.287,3,bn:00036825n bn:00036821n bn:00036822n
100,n,sim,,offer,offerta,Angebot,0.287,1,bn:00010264n
101,n,sim,,operation,funzionamento,Betrieb,0.286,0,
102,n,sim,,request,richiesta,Antrag,0.286,1,bn:00061826n
103,n,sim,,topic,tema,Thema,0.286,2,bn:00045803n bn:00074900n
104,n,sim,,care,cura,Pflege,0.285,1,bn:00002157n
105,n,sim,,initiative,iniziativa,Initiative,0.284,2,bn:00034797n bn:00031009n
106,n,sim,,approach,approccio,Ansatz,0.283,0,
107,n,sim,,matter,materia,Angelegenheit,0.283,0,
108,n,sim,,safety,sicurezza,Sicherheit,0.283,2,bn:00070219n bn:00068799n
109,n,sim,,standard,standard,Standard,0.283,8,bn:00073915n bn:00008426n bn:00022335n bn:00073914n bn:00023854n bn:00023853n bn:00025851n bn:00055641n
110,n,sim,,size,dimensione,Größe,0.282,1,bn:15234561n
111,n,sim,,research,ricerca,Forschung,0.281,1,bn:00067280n
112,n,sim,,target,obiettivo,Ziel,0.281,1,bn:00002179n
113,n,sim,,instrument,strumento,Instrument,0.28,6,bn:00046965n bn:00046962n bn:00046964n bn:00046961n bn:00077585n bn:00023662n
114,n,sim,,measure,misura,Maßnahme,0.28,0,
115,n,sim,,organization,organizzazione,Organisation,0.28,5,bn:00059480n bn:00001423n bn:00059483n bn:00059482n bn:00005863n
116,n,sim,,expansion,sviluppo,Entwicklung,0.278,0,
117,n,sim,,lack,mancanza,Mangel,0.278,2,bn:00025916n bn:00025913n
118,n,sim,,way,modo,Weise,0.278,0,
119,n,sim,,right,diritto,Recht,0.277,1,bn:00067807n
120,n,sim,,account,conto,Rechnung,0.276,1,bn:00000746n
121,n,sim,,charge,carico,Belastung,0.276,0,
122,n,sim,,identity,identità,Identität,0.276,2,bn:00045825n bn:00045824n
123,n,sim,,model,modello,Modell,0.276,7,bn:00055448n bn:00032101n bn:00033735n bn:00032100n bn:00022071n bn:00055447n bn:00036197n
124,n,sim,,potential,potenziale,Potenzial,0.276,1,bn:01814613n
125,n,sim,,power,potere,Leistung,0.276,0,
126,n,sim,,action,azione,Aktion,0.275,0,
127,n,sim,,environment,ambiente,Umwelt,0.275,1,bn:00031075n
128,n,sim,,project,progetto,Projekt,0.275,1,bn:00064665n
129,n,sim,,protection,protezione,Schutz,0.275,2,bn:00064838n bn:00071020n
130,n,sim,,result,risultato,Ergebnis,0.275,3,bn:00004452n bn:00034520n bn:00021961n
131,n,sim,,rule,regola,Regel,0.274,2,bn:00064192n bn:00066933n
132,n,sim,,effect,effetto,Wirkung,0.273,1,bn:00021961n
133,n,sim,,funding,finanziamento,Finanzierung,0.272,1,bn:00034545n
134,n,sim,,vision,visione,Vision,0.272,3,bn:00080108n bn:00071509n bn:00080106n
135,n,sim,,solution,soluzione,Lösung,0.271,1,bn:00072760n
136,n,sim,,assessment,valutazione,Bewertung,0.27,0,
137,n,sim,,performance,prestazione,Leistung,0.27,1,bn:00016286n
138,n,sim,,decision,decisione,Entscheidung,0.268,3,bn:00025693n bn:00018661n bn:00003132n
139,n,sim,,nature,natura,Natur,0.268,3,bn:00057017n bn:00057016n bn:00075760n
140,n,sim,,obligation,obbligo,Verpflichtung,0.268,1,bn:00029239n
141,n,sim,,outcome,risultato,Ergebnis,0.268,2,bn:00034520n bn:00021961n
142,n,sim,,selection,scelta,Auswahl,0.268,2,bn:00018661n bn:00018660n
143,n,sim,,fact,fatto,Tatsache,0.267,2,bn:00032654n bn:00032655n
144,n,sim,,base,base,Basis,0.266,9,bn:00008791n bn:00008870n bn:00008786n bn:00008790n bn:00008781n bn:00008789n bn:00008782n bn:00035744n bn:00008916n
145,n,sim,,contribution,contributo,Beitrag,0.266,1,bn:00022272n
146,n,sim,,culture,cultura,Kultur,0.266,1,bn:00024369n
147,n,sim,,life,vita,Leben,0.266,4,bn:00051047n bn:00051045n bn:00051054n bn:00002761n
148,n,sim,,loss,perdita,Verlust,0.266,1,bn:00052054n
149,n,sim,,profile,profilo,Profil,0.266,2,bn:00064627n bn:00064628n
150,n,sim,,proposal,proposta,Vorschlag,0.266,1,bn:03851567n
151,n,sim,,training,formazione,Ausbildung,0.266,1,bn:00041853n
152,n,sim,,future,futuro,Zukunft,0.265,2,bn:00036942n bn:00036941n
153,n,sim,,pattern,modello,Modell,0.265,0,
154,n,sim,,difference,differenza,Unterschied,0.264,1,bn:00027022n
155,n,sim,,improvement,miglioramento,Verbesserung,0.264,1,bn:00046191n
156,n,sim,,question,domanda,Frage,0.264,1,bn:00047208n
157,n,sim,,system,sistema,System,0.262,7,bn:00069580n bn:00075759n bn:00075760n bn:00075762n bn:00005863n bn:00075763n bn:00075761n
158,n,sim,,sector,settore,Sektor,0.261,1,bn:11333488n
159,n,sim,,service,servizio,Service,0.261,6,bn:00070647n bn:00070653n bn:00070654n bn:00070651n bn:00044916n bn:00070659n
160,n,sim,,treatment,cura,Behandlung,0.26,2,bn:00076843n bn:00047235n
161,n,sim,,help,aiuto,Hilfe,0.259,3,bn:00002155n bn:00055177n bn:00006523n
162,n,sim,,existence,esistenza,Existenz,0.258,1,bn:00009676n
163,n,sim,,market,mercato,Markt,0.258,3,bn:00053461n bn:00053458n bn:00053459n
164,n,sim,,energy,energia,Energie,0.257,1,bn:00030820n
165,n,sim,,program,programma,Programm,0.257,4,bn:00013235n bn:00021497n bn:00062899n bn:00021492n
166,n,sim,,success,successo,Erfolg,0.257,1,bn:00075023n
167,n,sim,,view,vista,Ansicht,0.257,0,
168,n,sim,,infrastructure,infrastruttura,Infrastruktur,0.254,2,bn:00046727n bn:00008794n
169,n,sim,,reform,riforma,Reform,0.254,1,bn:00066830n
170,n,sim,,bill,conto,Rechnung,0.253,1,bn:00000746n
171,n,sim,,creation,creazione,Schaffung,0.253,0,
172,n,sim,,innovation,innovazione,Innovation,0.253,1,bn:00021551n
173,n,sim,,movement,movimento,Bewegung,0.253,3,bn:00056029n bn:00036632n bn:00056030n
174,n,sim,,position,posizione,Position,0.253,10,bn:00054979n bn:00063707n bn:00063706n bn:00010073n bn:00063704n bn:00063703n bn:00063708n bn:00061746n bn:00062704n bn:00007048n
175,n,sim,,circumstance,circostanza,Umstand,0.252,2,bn:00019218n bn:00019219n
176,n,sim,,test,prova,Test,0.25,4,bn:00076648n bn:00032095n bn:00032089n bn:00076647n
177,n,sim,,income,reddito,Einkommen,0.248,1,bn:14505599n
178,n,sim,,burden,onere,Belastung,0.247,0,
179,n,sim,,participation,partecipazione,Teilnahme,0.247,1,bn:00030844n
180,n,sim,,criterion,criterio,Kriterium,0.246,2,bn:00023854n bn:00023853n
181,n,sim,,financing,finanziamento,Finanzierung,0.246,2,bn:00034524n bn:00034545n
182,n,sim,,integration,integrazione,Integration,0.246,4,bn:00047010n bn:00026516n bn:00047014n bn:00022007n
183,n,sim,,fear,paura,Angst,0.241,1,bn:00033854n
184,n,sim,,liability,responsabilità,Verantwortlichkeit,0.239,1,bn:00000751n
185,n,sim,,competence,competenza,Kompetenz,0.237,1,bn:00021335n
186,n,sim,,expenditure,spesa,Aufwand,0.235,0,
187,n,sim,,restriction,limitazione,Beschränkung,0.234,1,bn:00051254n
188,n,sim,,figure,numero,Zahl,0.233,0,
189,n,sim,,review,revisione,Überprüfung,0.232,0,
190,n,sim,,location,posizione,Lage,0.231,1,bn:00051760n
191,n,sim,,mechanism,meccanismo,Mechanismus,0.23,1,bn:00054065n
192,n,sim,,move,movimento,Bewegung,0.23,1,bn:00056029n
193,n,sim,,organisation,organizzazione,Organisation,0.23,5,bn:00059480n bn:00001423n bn:00059483n bn:00059482n bn:00005863n
194,n,sim,,context,contesto,Kontext,0.229,2,bn:00022168n bn:00019219n
195,n,sim,,establishment,istituzione,Einrichtung,0.229,0,
196,n,sim,,field,campo,Bereich,0.229,0,
197,n,sim,,implementation,realizzazione,Durchführung,0.229,0,
198,n,sim,,duty,dovere,Pflicht,0.226,1,bn:00029239n
199,n,sim,,law,diritto,Recht,0.225,1,bn:00048655n
200,n,sim,,consequence,conseguenza,Folge,0.223,1,bn:00021961n
201,n,sim,,company,azienda,Firma,0.222,4,bn:00021286n bn:00073910n bn:00022811n bn:00014160n
202,n,sim,,evaluation,valutazione,Beurteilung,0.222,1,bn:00031973n
203,n,sim,,aid,aiuto,Hilfe,0.22,2,bn:00002155n bn:00055177n
204,n,sim,,area,settore,Bereich,0.215,1,bn:00003268n
205,n,sim,,assistance,aiuto,Hilfe,0.215,1,bn:00002155n
206,n,sim,,guarantee,garanzia,Garantie,0.215,2,bn:00042041n bn:00042039n
207,n,sim,,programme,programma,Programm,0.214,2,bn:00013235n bn:00021492n
208,n,sim,,crisis,crisi,Krise,0.196,2,bn:00023845n bn:00023844n
1,n,sim,WEAK,aim,scopo,Ziel,,,
2,n,sim,WEAK,amount,quota,Menge,,,
3,n,sim,WEAK,arrangement,disposizione,Vereinbarung,,,
4,n,sim,WEAK,authority,potere,Stelle,,,
5,n,sim,WEAK,balance,bilancio,Stand,,,
6,n,sim,WEAK,business,azienda,Unternehmen,,,
7,n,sim,WEAK,call,motivo,Ruf,,,
8,n,sim,WEAK,cause,causa,Grund,,,
9,n,sim,WEAK,class,categoria,Gruppe,,,
10,n,sim,WEAK,component,componente,Teil,,,
11,n,sim,WEAK,connection,caso,Zusammenhang,,,
12,n,sim,WEAK,content,concetto,Inhalt,,,
13,n,sim,WEAK,customer,tipo,Kunde,,,
14,n,sim,WEAK,cut,riduzione,Anteil,,,
15,n,sim,WEAK,design,progetto,Ausführung,,,
16,n,sim,WEAK,economy,sistema,Wirtschaft,,,
17,n,sim,WEAK,education,istruzione,Bildung,,,
18,n,sim,WEAK,employment,impiego,Beschäftigung,,,
19,n,sim,WEAK,equipment,mezzo,Ausstattung,,,
20,n,sim,WEAK,event,caso,Ereignis,,,
21,n,sim,WEAK,evidence,prova,Material,,,
22,n,sim,WEAK,expense,spesa,Ausgabe,,,
23,n,sim,WEAK,facility,infrastruttura,Einrichtung,,,
24,n,sim,WEAK,failure,mancanza,Fall,,,
25,n,sim,WEAK,family,gruppo,Geschlecht,,,
26,n,sim,WEAK,fee,quota,Preis,,,
27,n,sim,WEAK,framework,contesto,Rahmen,,,
28,n,sim,WEAK,gain,aumento,Gewinn,,,
29,n,sim,WEAK,goal,scopo,Ziel,,,
30,n,sim,WEAK,history,storia,Vergangenheit,,,
31,n,sim,WEAK,implication,coinvolgimento,Bedeutung,,,
32,n,sim,WEAK,import,importanza,Einfuhr,,,
33,n,sim,WEAK,influence,potere,Einfluss,,,
34,n,sim,WEAK,investment,impiego,Investition,,,
35,n,sim,WEAK,issue,problema,Ausgabe,,,
36,n,sim,WEAK,job,compito,Arbeit,,,
37,n,sim,WEAK,kind,tipo,Art,,,
38,n,sim,WEAK,limit,limite,Beschränkung,,,
39,n,sim,WEAK,list,lista,Programm,,,
40,n,sim,WEAK,material,materia,Material,,,
41,n,sim,WEAK,money,ricchezza,Geld,,,
42,n,sim,WEAK,opportunity,opportunità,Gelegenheit,,,
43,n,sim,WEAK,planning,programmazione,Planung,,,
44,n,sim,WEAK,point,senso,Stelle,,,
45,n,sim,WEAK,presence,presenza,Haltung,,,
46,n,sim,WEAK,price,quota,Preis,,,
47,n,sim,WEAK,product,frutto,Produkt,,,
48,n,sim,WEAK,profit,beneficio,Gewinn,,,
49,n,sim,WEAK,progress,sviluppo,Fortschritt,,,
50,n,sim,WEAK,provision,riserva,Versorgung,,,
51,n,sim,WEAK,rate,percentuale,Preis,,,
52,n,sim,WEAK,record,atto,Aufnahme,,,
53,n,sim,WEAK,regime,regime,System,,,
54,n,sim,WEAK,regulation,regola,Regelung,,,
55,n,sim,WEAK,report,servizio,Ruf,,,
56,n,sim,WEAK,return,risultato,Gewinn,,,
57,n,sim,WEAK,revenue,reddito,Nutzung,,,
58,n,sim,WEAK,scale,gamma,Rahmen,,,
59,n,sim,WEAK,schedule,programma,Plan,,,
60,n,sim,WEAK,scheme,schema,Programm,,,
61,n,sim,WEAK,share,quota,Anteil,,,
62,n,sim,WEAK,skill,abilità,Fähigkeit,,,
63,n,sim,WEAK,spending,spesa,Ausgabe,,,
64,n,sim,WEAK,step,misura,Schritt,,,
65,n,sim,WEAK,stock,azione,Bestand,,,
66,n,sim,WEAK,study,ricerca,Untersuchung,,,
67,n,sim,WEAK,subject,oggetto,Thema,,,
68,n,sim,WEAK,supply,offerta,Versorgung,,,
69,n,sim,WEAK,tax,contributo,Belastung,,,
70,n,sim,WEAK,technology,tecnica,Technologie,,,
71,n,sim,WEAK,thing,oggetto,Sache,,,
72,n,sim,WEAK,trade,settore,Handel,,,
73,n,sim,WEAK,transaction,operazione,Geschäft,,,
74,n,sim,WEAK,trend,direzione,Trend,,,
75,n,sim,WEAK,type,tipo,Art,,,
76,n,sim,WEAK,unit,unità,Anlage,,,
77,n,sim,WEAK,volume,capacità,Umfang,,,
78,n,sim,WEAK,work,meccanismo,Arbeit,,,
1,n,cooc,,need,bisogno,Notwendigkeit,0.566,0,
2,n,cooc,,necessity,necessità,Notwendigkeit,0.552,1,bn:01444232n
3,n,cooc,,interest,interesse,Interesse,0.548,6,bn:00047081n bn:00047079n bn:00021556n bn:00047080n bn:00047077n bn:00047083n
4,n,cooc,,help,assistenza,Hilfe,0.541,2,bn:00002155n bn:00055177n
5,n,cooc,,notice,preavviso,Bescheid,0.533,0,
6,n,cooc,,customer,cliente,Kunde,0.53,1,bn:00019763n
7,n,cooc,,expectation,aspettativa,Erwartung,0.522,1,bn:00004639n
8,n,cooc,,consumer,consumatore,Verbraucher,0.51,1,bn:00022095n
9,n,cooc,,assistance,assistenza,Hilfe,0.506,1,bn:00002155n
10,n,cooc,,situation,situazione,Situation,0.504,3,bn:00071869n bn:00063707n bn:00071858n
11,n,cooc,,taste,gusto,Geschmack,0.498,4,bn:00035137n bn:00061333n bn:00042272n bn:00042275n
12,n,cooc,,client,cliente,Kunde,0.49,1,bn:00019763n
13,n,cooc,,possibility,possibilità,Möglichkeit,0.488,1,bn:00017621n
14,n,cooc,,market,mercato,Markt,0.486,3,bn:00053461n bn:00053458n bn:00053459n
15,n,cooc,,requirement,requisito,Anforderung,0.485,1,bn:00064181n
16,n,cooc,,satisfaction,soddisfazione,Befriedigung,0.485,0,
17,n,cooc,,demand,domanda,Nachfrage,0.483,1,bn:00026104n
18,n,cooc,,preference,preferenza,Vorliebe,0.483,1,bn:00061333n
19,n,cooc,,aid,aiuto,Hilfe,0.479,2,bn:00002155n bn:00055177n
20,n,cooc,,care,cura,Pflege,0.478,1,bn:00002157n
21,n,cooc,,wish,desiderio,Wunsch,0.467,1,bn:00081411n
22,n,cooc,,concern,preoccupazione,Sorge,0.466,1,bn:00021556n
23,n,cooc,,liquidity,liquidità,Liquidität,0.465,1,bn:00051490n
24,n,cooc,,problem,problema,Problem,0.463,3,bn:00064526n bn:00064527n bn:00048242n
25,n,cooc,,desire,desiderio,Wunsch,0.455,1,bn:03683735n
26,n,cooc,,question,domanda,Frage,0.454,1,bn:00047208n
27,n,cooc,,resource,risorsa,Ressource,0.451,1,bn:00067352n
28,n,cooc,,objective,obiettivo,Ziel,0.45,1,bn:00002179n
29,n,cooc,,support,supporto,Unterstützung,0.446,2,bn:00075331n bn:00075332n
30,n,cooc,,challenge,sfida,Herausforderung,0.443,1,bn:00017558n
31,n,cooc,,request,richiesta,Antrag,0.443,1,bn:00061826n
32,n,cooc,,dynamics,dinamica,Dynamik,0.438,1,bn:00029296n
33,n,cooc,,habit,abitudine,Gewohnheit,0.438,1,bn:00024591n
34,n,cooc,,claim,rivendicazione,Anspruch,0.437,3,bn:00016853n bn:00019405n bn:00014794n
35,n,cooc,,population,popolazione,Bevölkerung,0.437,1,bn:00063596n
36,n,cooc,,right,diritto,Recht,0.435,1,bn:00067807n
37,n,cooc,,characteristic,caratteristica,Merkmal,0.434,2,bn:00017762n bn:00065538n
38,n,cooc,,want,mancanza,Mangel,0.431,1,bn:00025913n
39,n,cooc,,feature,caratteristica,Eigenschaft,0.429,0,
40,n,cooc,,value,valore,Wert,0.429,5,bn:00079508n bn:00079511n bn:00058151n bn:00029680n bn:00079509n
41,n,cooc,,potential,potenziale,Potenzial,0.428,1,bn:01814613n
42,n,cooc,,response,risposta,Antwort,0.428,3,bn:00004454n bn:00004451n bn:00067180n
43,n,cooc,,answer,risposta,Antwort,0.427,2,bn:00004454n bn:00004451n
44,n,cooc,,mobility,mobilità,Mobilität,0.427,1,bn:00766961n
45,n,cooc,,risk,rischio,Risiko,0.427,1,bn:00030747n
46,n,cooc,,effort,sforzo,Anstrengung,0.425,1,bn:00029899n
47,n,cooc,,application,domanda,Antrag,0.424,0,
48,n,cooc,,capacity,capacità,Kapazität,0.422,1,bn:00005193n
49,n,cooc,,advice,consulenza,Beratung,0.421,0,
50,n,cooc,,user,utente,Benutzer,0.421,1,bn:00079373n
51,n,cooc,,urgency,urgenza,Dringlichkeit,0.418,1,bn:00079330n
52,n,cooc,,fear,paura,Angst,0.413,1,bn:00033854n
53,n,cooc,,solution,soluzione,Lösung,0.409,1,bn:00072760n
54,n,cooc,,consumption,consumo,Verbrauch,0.408,0,
55,n,cooc,,trend,tendenza,Trend,0.408,3,bn:00028723n bn:00074832n bn:00076496n
56,n,cooc,,circumstance,circostanza,Umstand,0.406,2,bn:00019218n bn:00019219n
57,n,cooc,,time,tempo,Zeit,0.403,2,bn:00076545n bn:00077270n
58,n,cooc,,offer,offerta,Angebot,0.402,1,bn:00010264n
59,n,cooc,,approach,approccio,Ansatz,0.401,0,
60,n,cooc,,assessment,valutazione,Bewertung,0.398,0,
61,n,cooc,,behavior,comportamento,Verhalten,0.397,2,bn:00009656n bn:00009657n
62,n,cooc,,condition,condizione,Zustand,0.397,1,bn:13935995n
63,n,cooc,,feeling,sentimento,Gefühl,0.397,1,bn:00033963n
64,n,cooc,,community,comunità,Gemeinschaft,0.396,1,bn:00021248n
65,n,cooc,,importance,importanza,Bedeutung,0.395,0,
66,n,cooc,,policy,politica,Politik,0.395,1,bn:00063329n
67,n,cooc,,shortage,carenza,Mangel,0.394,1,bn:00025916n
68,n,cooc,,emotion,emozione,Emotion,0.392,1,bn:00030581n
69,n,cooc,,space,spazio,Raum,0.391,2,bn:00053830n bn:00046665n
70,n,cooc,,worry,preoccupazione,Sorge,0.391,1,bn:00078425n
71,n,cooc,,child,bambino,Kind,0.389,1,bn:00018345n
72,n,cooc,,emergency,emergenza,Notfall,0.389,1,bn:00030525n
73,n,cooc,,behaviour,comportamento,Verhalten,0.388,2,bn:00009656n bn:00009657n
74,n,cooc,,growth,sviluppo,Entwicklung,0.386,0,
75,n,cooc,,housing,alloggio,Unterkunft,0.386,1,bn:00045052n
76,n,cooc,,improvement,progresso,Fortschritt,0.386,0,
77,n,cooc,,information,informazione,Information,0.385,2,bn:00046698n bn:00046705n
78,n,cooc,,reality,realtà,Wirklichkeit,0.385,1,bn:00066418n
79,n,cooc,,progress,progresso,Fortschritt,0.383,3,bn:00001548n bn:00001551n bn:00001557n
80,n,cooc,,change,cambiamento,Änderung,0.382,1,bn:00003125n
81,n,cooc,,energy,energia,Energie,0.382,1,bn:00030820n
82,n,cooc,,result,risultato,Ergebnis,0.382,3,bn:00004452n bn:00034520n bn:00021961n
83,n,cooc,,financing,finanziamento,Finanzierung,0.381,2,bn:00034524n bn:00034545n
84,n,cooc,,patient,paziente,Patient,0.38,2,bn:00001742n bn:00061017n
85,n,cooc,,standard,livello,Niveau,0.38,0,
86,n,cooc,,attention,attenzione,Aufmerksamkeit,0.378,1,bn:00007020n
87,n,cooc,,motivation,motivazione,Motivation,0.378,1,bn:00056037n
88,n,cooc,,capability,capacità,Fähigkeit,0.377,1,bn:00005193n
89,n,cooc,,power,energia,Leistung,0.377,1,bn:00063941n
90,n,cooc,,context,contesto,Zusammenhang,0.376,1,bn:00019219n
91,n,cooc,,experience,esperienza,Erfahrung,0.376,2,bn:00032306n bn:00032307n
92,n,cooc,,benefit,vantaggio,Nutzen,0.374,0,
93,n,cooc,,size,dimensione,Größe,0.374,1,bn:15234561n
94,n,cooc,,competence,competenza,Kompetenz,0.371,1,bn:00021335n
95,n,cooc,,factor,momento,Moment,0.371,0,
96,n,cooc,,respect,rispetto,Achtung,0.37,1,bn:00066866n
97,n,cooc,,funding,finanziamento,Finanzierung,0.369,1,bn:00034545n
98,n,cooc,,idea,idea,Idee,0.369,1,bn:00045800n
99,n,cooc,,level,livello,Ebene,0.369,0,
100,n,cooc,,advance,progresso,Fortschritt,0.368,2,bn:00001548n bn:00001551n
101,n,cooc,,sentiment,sentimento,Gefühl,0.368,1,bn:00033963n
102,n,cooc,,kid,bambino,Kind,0.367,1,bn:00018345n
103,n,cooc,,difficulty,difficoltà,Schwierigkeit,0.363,1,bn:00027040n
104,n,cooc,,society,società,Gesellschaft,0.362,2,bn:00020039n bn:00072566n
105,n,cooc,,age,età,Alter,0.36,2,bn:00001940n bn:00001939n
106,n,cooc,,development,sviluppo,Entwicklung,0.36,1,bn:07804057n
107,n,cooc,,weakness,debolezza,Schwäche,0.36,0,
108,n,cooc,,equipment,dotazione,Ausstattung,0.359,1,bn:00031322n
109,n,cooc,,profit,vantaggio,Nutzen,0.359,0,
110,n,cooc,,lack,mancanza,Mangel,0.353,2,bn:00025916n bn:00025913n
111,n,cooc,,stock,azione,Vorrat,0.352,0,
112,n,cooc,,profile,profilo,Profil,0.35,2,bn:00064627n bn:00064628n
113,n,cooc,,scope,portata,Umfang,0.35,0,
114,n,cooc,,project,progetto,Projekt,0.347,1,bn:00064665n
115,n,cooc,,purpose,scopo,Zweck,0.346,0,
116,n,cooc,,dependency,dipendenza,Abhängigkeit,0.339,2,bn:00001287n bn:00026351n
117,n,cooc,,money,soldo,Geld,0.337,1,bn:00055644n
118,n,cooc,,measure,misura,Maßnahme,0.336,0,
119,n,cooc,,perspective,prospettiva,Perspektive,0.336,1,bn:00051351n
120,n,cooc,,sector,settore,Sektor,0.334,1,bn:11333488n
121,n,cooc,,style,stile,Art,0.333,0,
122,n,cooc,,ability,capacità,Fähigkeit,0.332,2,bn:00005193n bn:00000317n
123,n,cooc,,evolution,evoluzione,Entwicklung,0.331,0,
124,n,cooc,,priority,priorità,Priorität,0.33,1,bn:00064072n
125,n,cooc,,investment,investimento,Anlage,0.329,0,
126,n,cooc,,hope,speranza,Hoffnung,0.328,2,bn:00044737n bn:00044740n
127,n,cooc,,basis,base,Basis,0.323,9,bn:00008791n bn:00008870n bn:00008786n bn:00008790n bn:00008781n bn:00008789n bn:00008782n bn:00035744n bn:00008916n
128,n,cooc,,management,gestione,Verwaltung,0.323,2,bn:00027355n bn:00053116n
129,n,cooc,,subject,soggetto,Thema,0.318,2,bn:00045803n bn:00074900n
130,n,cooc,,failure,mancanza,Fehlen,0.305,0,
131,n,cooc,,utilisation,utilizzo,Verwendung,0.304,1,bn:00030627n
132,n,cooc,,structure,struttura,Struktur,0.302,1,bn:00022071n
133,n,cooc,,activity,attività,Tätigkeit,0.285,1,bn:15840810n
134,n,cooc,,labor,lavoro,Arbeit,0.278,1,bn:00049570n
135,n,cooc,,case,caso,Fall,0.272,3,bn:00016403n bn:00016402n bn:00016411n
136,n,cooc,,protection,protezione,Schutz,0.263,2,bn:00064838n bn:00071020n
137,n,cooc,,employment,lavoro,Arbeit,0.26,3,bn:00030616n bn:00014138n bn:00030625n
138,n,cooc,,strategy,strategia,Strategie,0.26,2,bn:00074558n bn:00069579n
139,n,cooc,,job,lavoro,Arbeit,0.258,4,bn:00030616n bn:00014138n bn:00018756n bn:00030625n
140,n,cooc,,process,metodo,Verfahren,0.252,2,bn:00064536n bn:00054625n
1,n,cooc,WEAK,acceptance,approvazione,Akzeptanz,,,
2,n,cooc,WEAK,account,motivo,Rechnung,,,
3,n,cooc,WEAK,action,azione,Maßnahme,,,
4,n,cooc,WEAK,appreciation,valutazione,Anerkennung,,,
5,n,cooc,WEAK,approval,approvazione,Anerkennung,,,
6,n,cooc,WEAK,availability,disponibilità,Flüssigkeit,,,
7,n,cooc,WEAK,balance,bilancia,Ausgleich,,,
8,n,cooc,WEAK,body,struttura,Körper,,,
9,n,cooc,WEAK,business,azienda,Unternehmen,,,
10,n,cooc,WEAK,charge,cura,Berechnung,,,
11,n,cooc,WEAK,commitment,impegno,Einsatz,,,
12,n,cooc,WEAK,compensation,soddisfazione,Ausgleich,,,
13,n,cooc,WEAK,confidence,fiducia,Vertraulichkeit,,,
14,n,cooc,WEAK,consideration,valutazione,Berücksichtigung,,,
15,n,cooc,WEAK,cost,prezzo,Kosten,,,
16,n,cooc,WEAK,depth,fondo,Höhe,,,
17,n,cooc,WEAK,effect,conseguenza,Auswirkung,,,
18,n,cooc,WEAK,environment,territorio,Umgebung,,,
19,n,cooc,WEAK,estimate,valutazione,Schätzung,,,
20,n,cooc,WEAK,generation,età,Generation,,,
21,n,cooc,WEAK,goal,scopo,Ziel,,,
22,n,cooc,WEAK,guarantee,garanzia,Sicherstellung,,,
23,n,cooc,WEAK,guidance,regola,Führung,,,
24,n,cooc,WEAK,hand,mano,Seite,,,
25,n,cooc,WEAK,import,importanza,Einfuhr,,,
26,n,cooc,WEAK,industry,attività,Industrie,,,
27,n,cooc,WEAK,intention,idea,Absicht,,,
28,n,cooc,WEAK,issue,problema,Ausgabe,,,
29,n,cooc,WEAK,maintenance,manutenzione,Pflege,,,
30,n,cooc,WEAK,merit,valore,Leistung,,,
31,n,cooc,WEAK,obligation,obbligo,Zwang,,,
32,n,cooc,WEAK,opportunity,opportunità,Gelegenheit,,,
33,n,cooc,WEAK,outlook,prospettiva,Einstellung,,,
34,n,cooc,WEAK,pattern,motivo,Modell,,,
35,n,cooc,WEAK,people,gente,Bevölkerung,,,
36,n,cooc,WEAK,picture,quadro,Bild,,,
37,n,cooc,WEAK,plan,piano,Vorhaben,,,
38,n,cooc,WEAK,planning,progettazione,Planung,,,
39,n,cooc,WEAK,point,punto,Stelle,,,
40,n,cooc,WEAK,practice,pratica,Ausübung,,,
41,n,cooc,WEAK,price,prezzo,Opfer,,,
42,n,cooc,WEAK,production,realizzazione,Produktion,,,
43,n,cooc,WEAK,provision,rifornimento,Bereitstellung,,,
44,n,cooc,WEAK,rate,prezzo,Höhe,,,
45,n,cooc,WEAK,region,territorio,Region,,,
46,n,cooc,WEAK,regulation,regola,Verordnung,,,
47,n,cooc,WEAK,restraint,contenimento,Zwang,,,
48,n,cooc,WEAK,return,risposta,Zurückstellen,,,
49,n,cooc,WEAK,rise,progresso,Anstieg,,,
50,n,cooc,WEAK,schedule,piano,Programm,,,
51,n,cooc,WEAK,security,sicurezza,Deckung,,,
52,n,cooc,WEAK,service,manutenzione,Service,,,
53,n,cooc,WEAK,share,azione,Anteil,,,
54,n,cooc,WEAK,shelter,ricovero,Schutz,,,
55,n,cooc,WEAK,shift,spostamento,Wandel,,,
56,n,cooc,WEAK,side,mano,Seite,,,
57,n,cooc,WEAK,strength,potenziale,Stärke,,,
58,n,cooc,WEAK,student,studente,Teilnehmer,,,
59,n,cooc,WEAK,supply,offerta,Versorgung,,,
60,n,cooc,WEAK,task,lavoro,Aufgabe,,,
61,n,cooc,WEAK,training,pratica,Training,,,
62,n,cooc,WEAK,treatment,terapia,Behandlung,,,
63,n,cooc,WEAK,trust,fiducia,Hoffnung,,,
64,n,cooc,WEAK,use,utilità,Verwendung,,,
65,n,cooc,WEAK,view,visione,Ansicht,,,
66,n,cooc,WEAK,volume,capacità,Umfang,,,
1,adj,cooc,,urgent,urgente,dringend,0.639,1,bn:00108988a
2,adj,cooc,,specific,specifico,spezifisch,0.624,0,
3,adj,cooc,,individual,individuale,individuell,0.597,0,
4,adj,cooc,,pressing,urgente,dringend,0.565,1,bn:00108988a
5,adj,cooc,,special,speciale,speziell,0.559,1,bn:00108295a
6,adj,cooc,,unforeseen,imprevisto,unvorhergesehen,0.53,0,
7,adj,cooc,,daily,quotidiano,täglich,0.517,1,bn:00100875a
8,adj,cooc,,personal,personale,persönlich,0.502,1,bn:00108488a
9,adj,cooc,,unmet,insoddisfatto,unerfüllt,0.496,0,
10,adj,cooc,,everyday,quotidiano,täglich,0.49,1,bn:00102469a
11,adj,cooc,,human,umano,menschlich,0.482,1,bn:00104386a
12,adj,cooc,,real,reale,real,0.479,3,bn:00109494a bn:00109497a bn:00102543a
13,adj,cooc,,emotional,emotivo,emotional,0.464,4,bn:00097517a bn:00102162a bn:00102163a bn:00102161a
14,adj,cooc,,effective,effettivo,tatsächlich,0.463,0,
15,adj,cooc,,educational,educativo,pädagogisch,0.462,0,
16,adj,cooc,,fundamental,fondamentale,grundlegend,0.449,1,bn:00103424a
17,adj,cooc,,own,proprio,eigen,0.448,1,bn:00096707a
18,adj,cooc,,exact,preciso,genau,0.447,2,bn:00096293a bn:00096292a
19,adj,cooc,,primary,primario,primär,0.445,0,
20,adj,cooc,,immediate,immediato,unmittelbar,0.444,0,
21,adj,cooc,,strong,forte,stark,0.44,3,bn:00103942a bn:00103195a bn:00111312a
22,adj,cooc,,technological,tecnologico,technologisch,0.439,0,
23,adj,cooc,,future,futuro,künftig,0.437,0,
24,adj,cooc,,physiological,fisiologico,physiologisch,0.43,0,
25,adj,cooc,,unfulfilled,insoddisfatto,unerfüllt,0.423,0,
26,adj,cooc,,financial,finanziario,finanziell,0.417,0,
27,adj,cooc,,different,diverso,verschieden,0.415,0,
28,adj,cooc,,medical,medico,medizinisch,0.414,1,bn:00106554a
29,adj,cooc,,spiritual,spirituale,geistig,0.414,1,bn:00111042a
30,adj,cooc,,great,grande,groß,0.413,0,
31,adj,cooc,,enormous,enorme,enorm,0.41,0,
32,adj,cooc,,major,grande,groß,0.41,0,
33,adj,cooc,,deep,profondo,tief,0.409,0,
34,adj,cooc,,organizational,organizzativo,organisatorisch,0.408,0,
35,adj,cooc,,current,attuale,aktuell,0.407,1,bn:00096401a
36,adj,cooc,,social,sociale,sozial,0.405,0,
37,adj,cooc,,acute,acuto,akut,0.404,1,bn:00096407a
38,adj,cooc,,local,locale,lokal,0.403,1,bn:00106109a
39,adj,cooc,,heavy,forte,stark,0.401,0,
40,adj,cooc,,essential,essenziale,notwendig,0.398,0,
41,adj,cooc,,unsatisfied,insoddisfatto,unbefriedigt,0.395,0,
42,adj,cooc,,vital,vitale,vital,0.395,2,bn:00100675a bn:00113642a
43,adj,cooc,,legitimate,legittimo,legitim,0.393,0,
44,adj,cooc,,economic,economico,wirtschaftlich,0.392,0,
45,adj,cooc,,practical,pratico,praktisch,0.391,0,
46,adj,cooc,,robust,forte,stark,0.391,0,
47,adj,cooc,,psychological,psicologico,psychisch,0.389,0,
48,adj,cooc,,tremendous,enorme,enorm,0.387,0,
49,adj,cooc,,big,grande,groß,0.384,1,bn:00098342a
50,adj,cooc,,objective,obiettivo,objektiv,0.382,1,bn:00107555a
51,adj,cooc,,new,nuovo,neu,0.38,1,bn:00107267a
52,adj,cooc,,profound,profondo,tief,0.378,0,
53,adj,cooc,,apparent,evidente,offensichtlich,0.376,1,bn:00097350a
54,adj,cooc,,huge,enorme,riesig,0.373,0,
55,adj,cooc,,severe,forte,stark,0.373,0,
56,adj,cooc,,immense,immenso,immens,0.371,0,
57,adj,cooc,,possible,possibile,eventuell,0.368,0,
58,adj,cooc,,varied,vario,vielfältig,0.365,0,
59,adj,cooc,,evident,evidente,offensichtlich,0.364,2,bn:00107706a bn:00097350a
60,adj,cooc,,satisfied,soddisfatto,befriedigt,0.364,0,
61,adj,cooc,,large,grande,groß,0.361,1,bn:00098342a
62,adj,cooc,,temporary,temporaneo,vorübergehend,0.361,0,
63,adj,cooc,,obvious,evidente,offensichtlich,0.36,2,bn:00107706a bn:00097350a
64,adj,cooc,,humanitarian,umanitario,humanitär,0.357,0,
65,adj,cooc,,clear,chiaro,deutlich,0.341,1,bn:00099803a
66,adj,cooc,,global,globale,weltweit,0.341,2,bn:00103624a bn:00100536a
67,adj,cooc,,prevalent,comune,häufig,0.337,0,
68,adj,cooc,,continuous,continuo,kontinuierlich,0.334,0,
69,adj,cooc,,extra,supplementare,zusätzlich,0.334,0,
70,adj,cooc,,additional,supplementare,zusätzlich,0.329,0,
71,adj,cooc,,considerable,notevole,erheblich,0.321,0,
72,adj,cooc,,regional,regionale,regional,0.276,2,bn:00109623a bn:00109624a
73,adj,cooc,,necessary,necessario,notwendig,0.241,1,bn:00107182a
1,adj,cooc,WEAK,absolute,assoluto,genau,,,
2,adj,cooc,WEAK,actual,reale,tatsächlich,,,
3,adj,cooc,WEAK,aggregate,globale,gesamt,,,
4,adj,cooc,WEAK,basic,fondamentale,grundsätzlich,,,
5,adj,cooc,WEAK,broad,chiaro,weit,,,
6,adj,cooc,WEAK,careful,preciso,wirtschaftlich,,,
7,adj,cooc,WEAK,compelling,irresistibile,zwingend,,,
8,adj,cooc,WEAK,consistent,costante,konsequent,,,
9,adj,cooc,WEAK,constant,costante,ständig,,,
10,adj,cooc,WEAK,diverse,diverso,vielfältig,,,
11,adj,cooc,WEAK,fair,chiaro,berechtigt,,,
12,adj,cooc,WEAK,further,ulteriore,zusätzlich,,,
13,adj,cooc,WEAK,genuine,autentico,echt,,,
14,adj,cooc,WEAK,high,grande,hoch,,,
15,adj,cooc,WEAK,imperative,imperativo,notwendig,,,
16,adj,cooc,WEAK,important,importante,erheblich,,,
17,adj,cooc,WEAK,increasing,crescente,zunehmend,,,
18,adj,cooc,WEAK,inherent,inerente,eigen,,,
19,adj,cooc,WEAK,intense,acuto,stark,,,
20,adj,cooc,WEAK,overall,globale,gesamt,,,
21,adj,cooc,WEAK,particular,particolare,speziell,,,
22,adj,cooc,WEAK,permanent,permanente,ständig,,,
23,adj,cooc,WEAK,physical,fisico,physisch,,,
24,adj,cooc,WEAK,present,presente,vorhanden,,,
25,adj,cooc,WEAK,reasonable,ragionevole,vertretbar,,,
26,adj,cooc,WEAK,societal,sociale,gesellschaftlich,,,
27,adj,cooc,WEAK,steady,costante,stetig,,,
28,adj,cooc,WEAK,substantial,notevole,stark,,,
29,adj,cooc,WEAK,total,globale,gesamt,,,
30,adj,cooc,WEAK,useful,funzionale,praktisch,,,
31,adj,cooc,WEAK,variable,mutevole,unterschiedlich,,,
32,adj,cooc,WEAK,vast,immenso,weit,,,
33,adj,cooc,WEAK,widespread,diffuso,häufig,,,
1,v,cooc,,satisfy,soddisfare,erfüllen,0.616,0,
2,v,cooc,,fulfill,soddisfare,erfüllen,0.612,0,
3,v,cooc,,feel,sentire,fühlen,0.605,0,
4,v,cooc,,please,soddisfare,befriedigen,0.59,2,bn:00086519v bn:00089027v
5,v,cooc,,fulfil,soddisfare,erfüllen,0.569,0,
6,v,cooc,,grow,crescere,wachsen,0.547,0,
7,v,cooc,,increase,aumentare,erhöhen,0.484,1,bn:00089667v
8,v,cooc,,stress,sottolineare,betonen,0.479,1,bn:00082195v
9,v,cooc,,underscore,sottolineare,unterstreichen,0.47,1,bn:00095362v
10,v,cooc,,understand,capire,verstehen,0.459,1,bn:00082727v
11,v,cooc,,underline,sottolineare,unterstreichen,0.456,1,bn:00095362v
12,v,cooc,,cover,coprire,decken,0.455,2,bn:00084032v bn:00085917v
13,v,cooc,,identify,identificare,identifizieren,0.441,1,bn:00089574v
14,v,cooc,,change,cambiare,ändern,0.433,1,bn:00082553v
15,v,cooc,,recognize,riconoscere,erkennen,0.427,1,bn:00086904v
16,v,cooc,,emerge,emergere,entstehen,0.426,1,bn:00087561v
17,v,cooc,,evaluate,valutare,bewerten,0.408,0,
18,v,cooc,,recognise,riconoscere,erkennen,0.408,1,bn:00086904v
19,v,cooc,,express,esprimere,ausdrücken,0.401,0,
20,v,cooc,,analyse,analizzare,analysieren,0.4,1,bn:00082596v
21,v,cooc,,respect,rispettare,respektieren,0.397,1,bn:00082140v
22,v,cooc,,include,includere,einschließen,0.396,1,bn:00089662v
23,v,cooc,,enclose,includere,einschließen,0.393,0,
24,v,cooc,,explain,spiegare,erläutern,0.388,1,bn:00087819v
25,v,cooc,,raise,aumentare,erhöhen,0.388,0,
26,v,cooc,,require,richiedere,erfordern,0.387,0,
27,v,cooc,,analyze,analizzare,analysieren,0.385,1,bn:00082596v
28,v,cooc,,perceive,percepire,wahrnehmen,0.381,1,bn:00085496v
29,v,cooc,,reduce,ridurre,reduzieren,0.38,0,
30,v,cooc,,generate,generare,erzeugen,0.379,0,
31,v,cooc,,reflect,riflettere,spiegeln,0.373,0,
32,v,cooc,,decrease,diminuire,verringern,0.371,1,bn:00086418v
33,v,cooc,,drive,guidare,treiben,0.371,0,
34,v,cooc,,determine,determinare,bestimmen,0.37,0,
35,v,cooc,,vary,variare,variieren,0.368,0,
36,v,cooc,,examine,esaminare,prüfen,0.367,0,
37,v,cooc,,push,spingere,drücken,0.366,0,
38,v,cooc,,press,stringere,drücken,0.363,0,
39,v,cooc,,motivate,motivare,motivieren,0.361,1,bn:00082313v
40,v,cooc,,evolve,evolvere,entwickeln,0.36,0,
41,v,cooc,,fluctuate,variare,schwanken,0.36,0,
42,v,cooc,,range,variare,schwanken,0.357,0,
43,v,cooc,,signal,segnalare,signalisieren,0.357,0,
44,v,cooc,,exist,esistere,existieren,0.356,1,bn:00083184v
45,v,cooc,,discuss,discutere,besprechen,0.354,0,
46,v,cooc,,serve,servire,dienen,0.354,1,bn:00082867v
47,v,cooc,,sense,percepire,spüren,0.353,0,
48,v,cooc,,ignore,ignorare,ignorieren,0.352,0,
49,v,cooc,,demonstrate,dimostrare,zeigen,0.349,2,bn:00086557v bn:00086567v
50,v,cooc,,stimulate,stimolare,anregen,0.347,0,
51,v,cooc,,communicate,comunicare,kommunizieren,0.343,1,bn:00085439v
52,v,cooc,,confirm,confermare,bestätigen,0.343,0,
53,v,cooc,,depress,ridurre,reduzieren,0.343,0,
54,v,cooc,,constrain,costringere,zwingen,0.338,0,
55,v,cooc,,prove,dimostrare,nachweisen,0.335,0,
56,v,cooc,,review,riesaminare,überprüfen,0.333,0,
57,v,cooc,,force,costringere,zwingen,0.332,0,
58,v,cooc,,create,creare,schaffen,0.329,1,bn:00086009v
59,v,cooc,,lessen,diminuire,verringern,0.328,1,bn:00086418v
60,v,cooc,,induce,indurre,veranlassen,0.324,0,
61,v,cooc,,pick,scegliere,wählen,0.324,0,
62,v,cooc,,give,dare,geben,0.323,2,bn:00088815v bn:00088825v
63,v,cooc,,formulate,formulare,formulieren,0.321,1,bn:00082799v
64,v,cooc,,combine,combinare,kombinieren,0.318,1,bn:00085314v
65,v,cooc,,come,venire,kommen,0.318,1,bn:00085335v
66,v,cooc,,derive,derivare,ableiten,0.314,1,bn:00086430v
67,v,cooc,,show,dimostrare,zeigen,0.313,2,bn:00086557v bn:00086567v
68,v,cooc,,remain,rimanere,bleiben,0.312,3,bn:00092756v bn:00085719v bn:00091562v
69,v,cooc,,follow,seguire,folgen,0.311,1,bn:00088020v
70,v,cooc,,compel,costringere,zwingen,0.307,0,
71,v,cooc,,remove,eliminare,entfernen,0.307,0,
72,v,cooc,,pull,tirare,ziehen,0.305,1,bn:00092138v
73,v,cooc,,hamper,impedire,behindern,0.303,0,
74,v,cooc,,forecast,prevedere,vorhersagen,0.302,0,
75,v,cooc,,justify,giustificare,rechtfertigen,0.298,1,bn:00090025v
76,v,cooc,,wane,diminuire,schwinden,0.297,0,
77,v,cooc,,lift,sollevare,erheben,0.294,0,
78,v,cooc,,do,fare,tun,0.293,1,bn:00082286v
79,v,cooc,,define,definire,definieren,0.292,1,bn:00086465v
80,v,cooc,,endorse,confermare,bestätigen,0.292,0,
81,v,cooc,,exceed,superare,überschreiten,0.29,0,
82,v,cooc,,realize,realizzare,realisieren,0.289,2,bn:00092443v bn:00082311v
83,v,cooc,,diminish,diminuire,verringern,0.285,0,
84,v,cooc,,depend,dipendere,abhängen,0.284,1,bn:00086606v
85,v,cooc,,mean,dire,bedeuten,0.28,1,bn:00089805v
86,v,cooc,,need,necessitare,brauchen,0.276,0,
87,v,cooc,,realise,realizzare,realisieren,0.275,2,bn:00092443v bn:00082311v
88,v,cooc,,warrant,giustificare,rechtfertigen,0.27,0,
89,v,cooc,,know,sapere,wissen,0.268,1,bn:00085261v
90,v,cooc,,handle,trattare,behandeln,0.256,0,
91,v,cooc,,confront,affrontare,konfrontieren,0.255,0,
92,v,cooc,,stay,rimanere,bleiben,0.254,3,bn:00092756v bn:00085719v bn:00091562v
93,v,cooc,,ensure,assicurare,gewährleisten,0.253,1,bn:00082812v
94,v,cooc,,have,fare,machen,0.253,0,
95,v,cooc,,concern,riguardare,betreffen,0.244,1,bn:00083240v
96,v,cooc,,think,pensare,denken,0.244,3,bn:00083370v bn:00089105v bn:00084733v
97,v,cooc,,make,fare,machen,0.242,3,bn:00084198v bn:00086013v bn:00086008v
98,v,cooc,,answer,rispondere,antworten,0.238,2,bn:00092421v bn:00082646v
99,v,cooc,,seem,sembrare,scheinen,0.238,1,bn:00082690v
100,v,cooc,,put,mettere,stellen,0.236,1,bn:00090224v
101,v,cooc,,pertain,riguardare,betreffen,0.234,1,bn:00083240v
102,v,cooc,,indicate,indicare,zeigen,0.23,0,
103,v,cooc,,represent,rappresentare,darstellen,0.229,1,bn:00083187v
104,v,cooc,,help,aiutare,helfen,0.227,1,bn:00082481v
105,v,cooc,,place,mettere,legen,0.227,1,bn:00090224v
106,v,cooc,,receive,ricevere,erhalten,0.216,1,bn:00089246v
107,v,cooc,,guide,guidare,führen,0.213,0,
108,v,cooc,,work,andare,gehen,0.21,1,bn:00088629v
109,v,cooc,,go,andare,gehen,0.201,2,bn:00086600v bn:00088629v
110,v,cooc,,enter,entrare,eintreten,0.199,1,bn:00085363v
111,v,cooc,,take,prendere,nehmen,0.199,3,bn:00094731v bn:00085689v bn:00088762v
112,v,cooc,,aid,aiutare,helfen,0.191,1,bn:00082481v
113,v,cooc,,constitute,costituire,darstellen,0.176,1,bn:00083187v
114,v,cooc,,keep,tenere,halten,0.162,0,
115,v,cooc,,play,giocare,spielen,0.143,2,bn:00091708v bn:00091711v
116,v,cooc,,get,arrivare,erhalten,0.138,0,
117,v,cooc,,provide,offrire,bieten,0.138,0,
118,v,cooc,,hold,tenere,halten,0.098,1,bn:00089385v
1,v,cooc,WEAK,accept,accogliere,annehmen,,,
2,v,cooc,WEAK,accord,concordare,gewähren,,,
3,v,cooc,WEAK,acknowledge,riconoscere,bestätigen,,,
4,v,cooc,WEAK,affect,riguardare,beeinflussen,,,
5,v,cooc,WEAK,affirm,affermare,bestätigen,,,
6,v,cooc,WEAK,alleviate,alleviare,erleichtern,,,
7,v,cooc,WEAK,anticipate,anticipare,erwarten,,,
8,v,cooc,WEAK,appear,apparire,scheinen,,,
9,v,cooc,WEAK,apply,ricorrere,verwenden,,,
10,v,cooc,WEAK,arise,sorgere,entstehen,,,
11,v,cooc,WEAK,assess,valutare,beurteilen,,,
12,v,cooc,WEAK,attend,ascoltare,begleiten,,,
13,v,cooc,WEAK,augment,aumentare,vergrößern,,,
14,v,cooc,WEAK,balance,bilanciare,ausgleichen,,,
15,v,cooc,WEAK,be,diventare,liegen,,,
16,v,cooc,WEAK,become,diventare,stehen,,,
17,v,cooc,WEAK,believe,credere,denken,,,
18,v,cooc,WEAK,bolster,sostenere,stützen,,,
19,v,cooc,WEAK,cause,determinare,veranlassen,,,
20,v,cooc,WEAK,characterise,caratterizzare,bestimmen,,,
21,v,cooc,WEAK,characterize,caratterizzare,bestimmen,,,
22,v,cooc,WEAK,climb,salire,steigen,,,
23,v,cooc,WEAK,compound,aumentare,verbinden,,,
24,v,cooc,WEAK,consider,considerare,prüfen,,,
25,v,cooc,WEAK,contact,contattare,erreichen,,,
26,v,cooc,WEAK,continue,continuare,aufgreifen,,,
27,v,cooc,WEAK,contribute,scrivere,beitragen,,,
28,v,cooc,WEAK,control,verificare,steuern,,,
29,v,cooc,WEAK,decline,diminuire,sinken,,,
30,v,cooc,WEAK,demand,chiedere,verlangen,,,
31,v,cooc,WEAK,develop,generare,entwickeln,,,
32,v,cooc,WEAK,differ,diversificare,abweichen,,,
33,v,cooc,WEAK,divert,derivare,leiten,,,
34,v,cooc,WEAK,drop,diminuire,fallen,,,
35,v,cooc,WEAK,ease,alleviare,erleichtern,,,
36,v,cooc,WEAK,emanate,provenire,ausgehen,,,
37,v,cooc,WEAK,enforce,imporre,vollziehen,,,
38,v,cooc,WEAK,escalate,aumentare,ausweiten,,,
39,v,cooc,WEAK,estimate,valutare,schätzen,,,
40,v,cooc,WEAK,exacerbate,esacerbare,vergrößern,,,
41,v,cooc,WEAK,expect,prevedere,erwarten,,,
42,v,cooc,WEAK,experience,sperimentare,erfahren,,,
43,v,cooc,WEAK,extend,offrire,erweitern,,,
44,v,cooc,WEAK,face,affrontare,begegnen,,,
45,v,cooc,WEAK,fall,diminuire,fallen,,,
46,v,cooc,WEAK,feed,alimentare,ernähren,,,
47,v,cooc,WEAK,fill,colmare,erfüllen,,,
48,v,cooc,WEAK,fit,adeguare,passen,,,
49,v,cooc,WEAK,fix,stabilire,regeln,,,
50,v,cooc,WEAK,head,affrontare,leiten,,,
51,v,cooc,WEAK,hit,cogliere,treffen,,,
52,v,cooc,WEAK,imply,implicare,bedeuten,,,
53,v,cooc,WEAK,impose,imporre,erheben,,,
54,v,cooc,WEAK,inform,avvertire,informieren,,,
55,v,cooc,WEAK,involve,comportare,umfassen,,,
56,v,cooc,WEAK,issue,emergere,erteilen,,,
57,v,cooc,WEAK,lead,portare,führen,,,
58,v,cooc,WEAK,learn,sapere,lernen,,,
59,v,cooc,WEAK,lie,rimanere,liegen,,,
60,v,cooc,WEAK,link,collegare,verknüpfen,,,
61,v,cooc,WEAK,manage,gestire,steuern,,,
62,v,cooc,WEAK,match,combinare,entsprechen,,,
63,v,cooc,WEAK,matter,significare,ausmachen,,,
64,v,cooc,WEAK,meet,soddisfare,treffen,,,
65,v,cooc,WEAK,mention,menzionare,ansprechen,,,
66,v,cooc,WEAK,occur,presentare,auftreten,,,
67,v,cooc,WEAK,operate,gestire,bedienen,,,
68,v,cooc,WEAK,originate,provenire,entstehen,,,
69,v,cooc,WEAK,outstrip,superare,übertreffen,,,
70,v,cooc,WEAK,owe,dovere,schulden,,,
71,v,cooc,WEAK,plunge,rischiare,stecken,,,
72,v,cooc,WEAK,pose,porre,stellen,,,
73,v,cooc,WEAK,prevail,prevalere,herrschen,,,
74,v,cooc,WEAK,project,spiegare,planen,,,
75,v,cooc,WEAK,prompt,spingere,veranlassen,,,
76,v,cooc,WEAK,propel,spingere,treiben,,,
77,v,cooc,WEAK,question,esaminare,fragen,,,
78,v,cooc,WEAK,reach,arrivare,erreichen,,,
79,v,cooc,WEAK,reaffirm,riaffermare,bestätigen,,,
80,v,cooc,WEAK,reconcile,conciliare,ausgleichen,,,
81,v,cooc,WEAK,recover,ritrovare,decken,,,
82,v,cooc,WEAK,refer,riguardare,hinweisen,,,
83,v,cooc,WEAK,refuse,negare,verweigern,,,
84,v,cooc,WEAK,regard,considerare,ansehen,,,
85,v,cooc,WEAK,remind,ricordare,hinweisen,,,
86,v,cooc,WEAK,restrain,trattenere,unterdrücken,,,
87,v,cooc,WEAK,result,derivare,resultieren,,,
88,v,cooc,WEAK,return,rendere,zurückgehen,,,
89,v,cooc,WEAK,reveal,manifestare,zeigen,,,
90,v,cooc,WEAK,rise,salire,steigen,,,
91,v,cooc,WEAK,see,esaminare,sehen,,,
92,v,cooc,WEAK,shape,determinare,gestalten,,,
93,v,cooc,WEAK,shift,cambiare,verschieben,,,
94,v,cooc,WEAK,shrink,ridurre,schrumpfen,,,
95,v,cooc,WEAK,slump,diminuire,fallen,,,
96,v,cooc,WEAK,stand,restare,stehen,,,
97,v,cooc,WEAK,start,iniziare,ausgehen,,,
98,v,cooc,WEAK,steer,guidare,steuern,,,
99,v,cooc,WEAK,substantiate,confermare,begründen,,,
100,v,cooc,WEAK,suggest,suggerire,anregen,,,
101,v,cooc,WEAK,suit,soddisfare,passen,,,
102,v,cooc,WEAK,supply,soddisfare,liefern,,,
103,v,cooc,WEAK,support,sostenere,unterstützen,,,
104,v,cooc,WEAK,surpass,superare,übertreffen,,,
105,v,cooc,WEAK,sustain,sostenere,erhalten,,,
106,v,cooc,WEAK,switch,passare,ändern,,,
107,v,cooc,WEAK,teach,insegnare,geben,,,
108,v,cooc,WEAK,tend,tirare,pflegen,,,
109,v,cooc,WEAK,test,provare,prüfen,,,
110,v,cooc,WEAK,translate,tradurre,umsetzen,,,
111,v,cooc,WEAK,underpin,sostenere,stützen,,,
112,v,cooc,WEAK,voice,esprimere,äußern,,,
113,v,cooc,WEAK,weaken,diminuire,nachlassen,,,
114,v,cooc,WEAK,weigh,valutare,drücken,,,
115,v,cooc,WEAK,withstand,sostenere,bestehen,,,
116,v,cooc,WEAK,witness,testimoniare,sehen,,,
