idx_group,pos,rel,weak,lex_en,lex_it,lex_de,score,bs_count,babel_synsets
0,n,head,,textual_matter text,testo,Text,,1,bn:00076732n
1,n,sim,,essay,prova,Versuch,0.345,0,
2,n,sim,,meaning,significato,Bedeutung,0.345,2,bn:00054009n bn:00046139n
3,n,sim,,test,prova,Versuch,0.342,1,bn:00032095n
4,n,sim,,example,esempio,Beispiel,0.341,3,bn:00032099n bn:00016401n bn:00032100n
5,n,sim,,blog,blog,Blog,0.332,1,bn:00011339n
6,n,sim,,description,descrizione,Beschreibung,0.332,1,bn:01244302n
7,n,sim,,sample,esempio,Beispiel,0.328,0,
8,n,sim,,style,stile,Stil,0.319,1,bn:15993750n
9,n,sim,,source,fonte,Quelle,0.318,2,bn:00009635n bn:00046702n
10,n,sim,,knowledge,conoscenza,Wissen,0.317,1,bn:00020452n
11,n,sim,,book,libro,Buch,0.313,2,bn:00012066n bn:00012059n
12,n,sim,,translation,traduzione,Übersetzung,0.306,2,bn:00047114n bn:00078013n
13,n,sim,,image,immagine,Bild,0.303,2,bn:00045972n bn:00045970n
14,n,sim,,writing,scrittura,Schreiben,0.301,1,bn:00081714n
15,n,sim,,material,materiale,Material,0.3,3,bn:00053803n bn:00053802n bn:00053801n
16,n,sim,,line,linea,Linie,0.298,4,bn:00014457n bn:00014165n bn:00051289n bn:00051294n
17,n,sim,,selection,scelta,Auswahl,0.296,2,bn:00018660n bn:00018661n
18,n,sim,,movement,movimento,Bewegung,0.294,3,bn:00056030n bn:00056029n bn:00036632n
19,n,sim,,choice,scelta,Auswahl,0.292,3,bn:00018660n bn:00018661n bn:00003132n
20,n,sim,,picture,immagine,Bild,0.289,2,bn:00032381n bn:00045970n
21,n,sim,,article,articolo,Artikel,0.284,2,bn:00006124n bn:00006121n
22,n,sim,,point,punto,Punkt,0.284,4,bn:00063218n bn:00036777n bn:00063214n bn:00063223n
23,n,sim,,version,versione,Version,0.282,4,bn:00079827n bn:00029773n bn:00001266n bn:00047114n
24,n,sim,,information,informazione,Information,0.279,2,bn:00046698n bn:00046705n
25,n,sim,,character,carattere,Charakter,0.275,1,bn:00017748n
26,n,sim,,law,legge,Recht,0.275,2,bn:00048655n bn:00050250n
27,n,sim,,stuff,materiale,Material,0.274,1,bn:00053801n
28,n,sim,,art,arte,Kunst,0.272,3,bn:00005926n bn:00005928n bn:00005927n
29,n,sim,,scene,scena,Szene,0.27,1,bn:00069552n
30,n,sim,,photo,foto,Foto,0.268,1,bn:00032381n
31,n,sim,,piece,pezzo,Stück,0.268,2,bn:00062299n bn:00062297n
32,n,sim,,song,canzone,Song,0.268,1,bn:00072794n
33,n,sim,,document,documento,Dokument,0.267,2,bn:00028015n bn:00028018n
34,n,sim,,page,pagina,Seite,0.267,1,bn:00060158n
35,n,sim,,story,storia,Geschichte,0.265,2,bn:00056857n bn:00000738n
36,n,sim,,answer,risposta,Antwort,0.263,2,bn:00004451n bn:00004454n
37,n,sim,,draft,bozza,Entwurf,0.263,0,
38,n,sim,,color,colore,Farbe,0.262,1,bn:00020726n
39,n,sim,,function,funzione,Funktion,0.259,3,bn:00036825n bn:00036822n bn:00036821n
40,n,sim,,reply,risposta,Antwort,0.259,3,bn:00004451n bn:00004454n bn:00067180n
41,n,sim,,proposal,proposta,Vorschlag,0.258,1,bn:03851567n
42,n,sim,,recommendation,raccomandazione,Empfehlung,0.258,1,bn:00893309n
43,n,sim,,communication,comunicazione,Kommunikation,0.257,1,bn:00021221n
44,n,sim,,experience,esperienza,Erfahrung,0.257,2,bn:00032307n bn:00032306n
45,n,sim,,work,lavoro,Arbeit,0.257,5,bn:00030616n bn:00081569n bn:00030625n bn:00081570n bn:00014138n
46,n,sim,,history,storia,Geschichte,0.253,4,bn:00000738n bn:00044268n bn:00044270n bn:00044267n
47,n,sim,,event,evento,Ereignis,0.252,2,bn:00032022n bn:00032021n
48,n,sim,,music,musica,Musik,0.252,2,bn:00031853n bn:00056443n
49,n,sim,,section,sezione,Abschnitt,0.252,1,bn:00070190n
50,n,sim,,concept,concetto,Konzept,0.251,1,bn:00021547n
51,n,sim,,representation,immagine,Darstellung,0.25,0,
52,n,sim,,system,sistema,System,0.246,7,bn:00075759n bn:00075762n bn:00075760n bn:00069580n bn:00075763n bn:00005863n bn:00075761n
53,n,sim,,response,risposta,Antwort,0.245,3,bn:00004451n bn:00004454n bn:00067180n
54,n,sim,,language,lingua,Sprache,0.244,2,bn:00049910n bn:00077565n
55,n,sim,,method,metodo,Verfahren,0.244,1,bn:00054625n
56,n,sim,,film,film,Film,0.242,6,bn:00034473n bn:00020185n bn:00034472n bn:00034474n bn:00017056n bn:00034471n
57,n,sim,,movie,film,Film,0.242,1,bn:00034471n
58,n,sim,,chapter,capitolo,Kapitel,0.241,1,bn:00182115n
59,n,sim,,idea,idea,Idee,0.241,1,bn:00045800n
60,n,sim,,project,progetto,Projekt,0.241,1,bn:00064665n
61,n,sim,,nature,natura,Natur,0.24,3,bn:00057017n bn:00057016n bn:00075760n
62,n,sim,,quality,qualità,Qualität,0.24,2,bn:00014731n bn:00065538n
63,n,sim,,sense,senso,Sinn,0.24,4,bn:00070499n bn:00000657n bn:00070494n bn:00070498n
64,n,sim,,table,tabella,Tabelle,0.24,1,bn:00075812n
65,n,sim,,list,lista,Liste,0.239,2,bn:00051508n bn:00023140n
66,n,sim,,program,programma,Programm,0.239,4,bn:00021497n bn:00013235n bn:00021492n bn:00062899n
67,n,sim,,group,gruppo,Gruppe,0.238,4,bn:00073698n bn:00018111n bn:00041943n bn:00041942n
68,n,sim,,play,gioco,Spiel,0.237,2,bn:00037180n bn:00007800n
69,n,sim,,amendment,emendamento,Änderung,0.236,0,
70,n,sim,,letter,lettera,Brief,0.236,1,bn:00050802n
71,n,sim,,content,contenuto,Inhalt,0.235,2,bn:00022153n bn:00022154n
72,n,sim,,statement,dichiarazione,Erklärung,0.235,0,
73,n,sim,,notification,notifica,Mitteilung,0.234,0,
74,n,sim,,app,applicazione,App,0.232,1,bn:00005095n
75,n,sim,,solution,soluzione,Lösung,0.232,1,bn:00072760n
76,n,sim,,criterion,criterio,Kriterium,0.23,2,bn:00023853n bn:00023854n
77,n,sim,,figure,figura,Figur,0.23,1,bn:00003882n
78,n,sim,,clause,clausola,Klausel,0.228,2,bn:00006123n bn:00048504n
79,n,sim,,recording,registrazione,Aufnahme,0.227,1,bn:15598071n
80,n,sim,,record,registrazione,Aufnahme,0.225,0,
81,n,sim,,protocol,protocollo,Protokoll,0.224,1,bn:00000728n
82,n,sim,,interpretation,interpretazione,Auslegung,0.223,1,bn:04810972n
83,n,sim,,object,oggetto,Objekt,0.223,4,bn:00002179n bn:00058443n bn:00058445n bn:00058442n
84,n,sim,,sentence,frase,Satz,0.223,1,bn:00070528n
85,n,sim,,definition,definizione,Definition,0.222,2,bn:00025928n bn:00025929n
86,n,sim,,subparagraph,comma,Unterabsatz,0.222,1,bn:13766192n
87,n,sim,,order,ordine,Auftrag,0.221,1,bn:00059311n
88,n,sim,,declaration,dichiarazione,Erklärung,0.219,0,
89,n,sim,,publication,pubblicazione,Veröffentlichung,0.219,3,bn:00065106n bn:00065108n bn:00047693n
90,n,sim,,release,pubblicazione,Veröffentlichung,0.218,0,
91,n,sim,,speech,discorso,Rede,0.218,1,bn:00001304n
92,n,sim,,comment,commento,Kommentar,0.216,2,bn:00020977n bn:00020978n
93,n,sim,,detail,dettaglio,Detail,0.216,3,bn:00026623n bn:00026624n bn:00026622n
94,n,sim,,message,messaggio,Nachricht,0.216,1,bn:00054523n
95,n,sim,,principle,principio,Grundsatz,0.216,2,bn:00064077n bn:00064428n
96,n,sim,,treaty,trattato,Vertrag,0.216,1,bn:00000728n
97,n,sim,,act,atto,Gesetz,0.215,0,
98,n,sim,,news,notizia,Nachricht,0.215,0,
99,n,sim,,plan,piano,Plan,0.215,3,bn:00069579n bn:00062759n bn:00026536n
100,n,sim,,subject,soggetto,Thema,0.214,2,bn:00074900n bn:00045803n
101,n,sim,,voice,voce,Stimme,0.214,2,bn:00060770n bn:00062019n
102,n,sim,,form,forma,Form,0.213,11,bn:00035908n bn:00035909n bn:00021751n bn:00026512n bn:00035915n bn:00035911n bn:00035913n bn:00003882n bn:00016529n bn:00035912n bn:00035907n
103,n,sim,,series,serie,Serie,0.213,5,bn:00070597n bn:00070613n bn:00070611n bn:00070609n bn:00031227n
104,n,sim,,situation,situazione,Situation,0.213,3,bn:00071858n bn:00071869n bn:00063707n
105,n,sim,,conclusion,conclusione,Schlussfolgerung,0.212,0,
106,n,sim,,process,procedimento,Verfahren,0.21,2,bn:00064536n bn:00054625n
107,n,sim,,requirement,requisito,Voraussetzung,0.21,2,bn:00064181n bn:00031631n
108,n,sim,,scope,portata,Anwendungsbereich,0.21,0,
109,n,sim,,result,risultato,Ergebnis,0.207,3,bn:00004452n bn:00034520n bn:00021961n
110,n,sim,,approach,approccio,Ansatz,0.205,0,
111,n,sim,,commitment,impegno,Engagement,0.205,1,bn:00002819n
112,n,sim,,word,parola,Wort,0.204,1,bn:00081546n
113,n,sim,,thought,pensiero,Gedanke,0.203,0,
114,n,sim,,code,codice,Code,0.202,3,bn:00020353n bn:00020352n bn:00020354n
115,n,sim,,mechanism,meccanismo,Mechanismus,0.202,1,bn:00054065n
116,n,sim,,term,termine,Begriff,0.202,1,bn:00076590n
117,n,sim,,paper,carta,Papier,0.201,1,bn:00060464n
118,n,sim,,thing,cosa,Sache,0.201,2,bn:00076925n bn:00001734n
119,n,sim,,regulation,regolamento,Verordnung,0.2,1,bn:00059436n
120,n,sim,,discussion,discussione,Diskussion,0.199,1,bn:00027523n
121,n,sim,,rule,regola,Regel,0.199,2,bn:00066933n bn:00064192n
122,n,sim,,design,disegno,Design,0.198,6,bn:00002178n bn:00026537n bn:00045772n bn:00028639n bn:00011593n bn:00045963n
123,n,sim,,device,dispositivo,Gerät,0.198,1,bn:00026716n
124,n,sim,,application,applicazione,Anwendung,0.197,2,bn:00005094n bn:00005095n
125,n,sim,,consideration,considerazione,Erwägung,0.197,1,bn:00021989n
126,n,sim,,title,titolo,Titel,0.196,3,bn:00035925n bn:00077409n bn:00077412n
127,n,sim,,tool,strumento,Instrument,0.196,3,bn:00046962n bn:00077585n bn:00023662n
128,n,sim,,pattern,modello,Modell,0.195,0,
129,n,sim,,presentation,presentazione,Präsentation,0.195,1,bn:03468279n
130,n,sim,,reform,riforma,Reform,0.195,1,bn:00066830n
131,n,sim,,analysis,analisi,Analyse,0.194,1,bn:00003794n
132,n,sim,,certificate,certificato,Bescheinigung,0.194,1,bn:04514649n
133,n,sim,,decree,decreto,Verordnung,0.194,1,bn:17702831n
134,n,sim,,initiative,iniziativa,Initiative,0.194,2,bn:00034797n bn:00031009n
135,n,sim,,resolution,risoluzione,Lösung,0.193,0,
136,n,sim,,aspect,aspetto,Aspekt,0.192,1,bn:00006385n
137,n,sim,,element,elemento,Element,0.192,6,bn:00021394n bn:00030300n bn:00030299n bn:00030301n bn:00021396n bn:00018105n
138,n,sim,,measure,misura,Maßnahme,0.192,0,
139,n,sim,,procedure,procedura,Verfahren,0.192,1,bn:00064536n
140,n,sim,,theme,tema,Thema,0.192,3,bn:00074900n bn:00045803n bn:00056025n
141,n,sim,,strategy,strategia,Strategie,0.191,2,bn:00074558n bn:00069579n
142,n,sim,,indicator,indicatore,Indikator,0.189,1,bn:04172384n
143,n,sim,,value,valore,Wert,0.189,5,bn:00058151n bn:00029680n bn:00079511n bn:00079508n bn:00079509n
144,n,sim,,memory,memoria,Erinnerung,0.188,0,
145,n,sim,,position,posizione,Position,0.187,10,bn:00010073n bn:00063706n bn:00007048n bn:00062704n bn:00061746n bn:00063707n bn:00063704n bn:00063703n bn:00063708n bn:00054979n
146,n,sim,,argument,argomento,Argument,0.186,2,bn:00005604n bn:00005600n
147,n,sim,,arrangement,accordo,Vereinbarung,0.186,1,bn:04094003n
148,n,sim,,modification,modifica,Änderung,0.186,2,bn:00003125n bn:00001410n
149,n,sim,,study,studio,Studie,0.186,2,bn:00071923n bn:00074790n
150,n,sim,,instrument,strumento,Instrument,0.185,6,bn:00077585n bn:00023662n bn:00046965n bn:00046962n bn:00046961n bn:00046964n
151,n,sim,,model,modello,Modell,0.185,7,bn:00055447n bn:00036197n bn:00022071n bn:00032100n bn:00055448n bn:00032101n bn:00033735n
152,n,sim,,decision,decisione,Entscheidung,0.184,3,bn:00025693n bn:00018661n bn:00003132n
153,n,sim,,objective,obiettivo,Ziel,0.184,1,bn:00002179n
154,n,sim,,offer,proposta,Angebot,0.184,0,
155,n,sim,,revision,revisione,Überarbeitung,0.183,0,
156,n,sim,,assessment,valutazione,Bewertung,0.182,0,
157,n,sim,,practice,pratica,Praxis,0.182,2,bn:00063989n bn:00063990n
158,n,sim,,advice,consiglio,Rat,0.181,0,
159,n,sim,,number,numero,Nummer,0.181,1,bn:02929223n
160,n,sim,,fact,fatto,Tatsache,0.18,2,bn:00032654n bn:00032655n
161,n,sim,,structure,struttura,Struktur,0.18,1,bn:00022071n
162,n,sim,,case,caso,Fall,0.179,3,bn:00016402n bn:00016403n bn:00016411n
163,n,sim,,evaluation,valutazione,Beurteilung,0.179,1,bn:00031973n
164,n,sim,,judgment,sentenza,Urteil,0.179,2,bn:00048496n bn:00021628n
165,n,sim,,agreement,accordo,Vereinbarung,0.178,1,bn:00002086n
166,n,sim,,parliament,parlamento,Parlament,0.177,1,bn:00060708n
167,n,sim,,topic,argomento,Thema,0.177,1,bn:00074900n
168,n,sim,,policy,politica,Politik,0.176,1,bn:00063329n
169,n,sim,,question,domanda,Frage,0.176,1,bn:00047208n
170,n,sim,,council,consiglio,Rat,0.174,1,bn:00023119n
171,n,sim,,context,contesto,Kontext,0.173,2,bn:00019219n bn:00022168n
172,n,sim,,action,azione,Aktion,0.17,0,
173,n,sim,,target,obiettivo,Ziel,0.17,1,bn:00002179n
174,n,sim,,adoption,adozione,Annahme,0.169,1,bn:00000649n
175,n,sim,,request,richiesta,Antrag,0.169,1,bn:00061826n
1,n,sim,WEAK,account,motivo,Bericht,,,
2,n,sim,WEAK,address,indirizzo,Rede,,,
3,n,sim,WEAK,aim,scopo,Ziel,,,
4,n,sim,WEAK,approval,approvazione,Annahme,,,
5,n,sim,WEAK,background,fondo,Hintergrund,,,
6,n,sim,WEAK,call,verso,Gespräch,,,
7,n,sim,WEAK,card,scheda,Karte,,,
8,n,sim,WEAK,case-law,giurisprudenza,Rechtsprechung,,,
9,n,sim,WEAK,category,categoria,Gruppe,,,
10,n,sim,WEAK,claim,richiesta,Forderung,,,
11,n,sim,WEAK,class,classe,Gruppe,,,
12,n,sim,WEAK,classification,classificazione,Spezifikation,,,
13,n,sim,WEAK,component,elemento,Teil,,,
14,n,sim,WEAK,connection,caso,Verbindung,,,
15,n,sim,WEAK,contact,conoscenza,Verbindung,,,
16,n,sim,WEAK,contract,accordo,Auftrag,,,
17,n,sim,WEAK,control,autorità,Regelung,,,
18,n,sim,WEAK,convention,convenzione,Abkommen,,,
19,n,sim,WEAK,conversation,discorso,Gespräch,,,
20,n,sim,WEAK,court,tribunale,Feld,,,
21,n,sim,WEAK,culture,istruzione,Kultur,,,
22,n,sim,WEAK,datum,dato,Datum,,,
23,n,sim,WEAK,entry,voce,Eintrag,,,
24,n,sim,WEAK,estimate,valutazione,Angebot,,,
25,n,sim,WEAK,evidence,prova,Aussage,,,
26,n,sim,WEAK,expression,espressione,Bezeichnung,,,
27,n,sim,WEAK,file,fascicolo,Datei,,,
28,n,sim,WEAK,finding,conclusione,Erkenntnis,,,
29,n,sim,WEAK,format,formato,Struktur,,,
30,n,sim,WEAK,framework,contesto,System,,,
31,n,sim,WEAK,guide,guida,Leitfaden,,,
32,n,sim,WEAK,indication,indicazione,Hinweis,,,
33,n,sim,WEAK,instruction,istruzione,Auftrag,,,
34,n,sim,WEAK,issue,questione,Ausgabe,,,
35,n,sim,WEAK,item,voce,Artikel,,,
36,n,sim,WEAK,key,chiave,Lösung,,,
37,n,sim,WEAK,kind,tipo,Art,,,
38,n,sim,WEAK,map,carta,Karte,,,
39,n,sim,WEAK,mark,marchio,Punkt,,,
40,n,sim,WEAK,matter,materia,Sache,,,
41,n,sim,WEAK,medium,mezzo,Medium,,,
42,n,sim,WEAK,memorandum,comunicazione,Vermerk,,,
43,n,sim,WEAK,mode,modo,Art,,,
44,n,sim,WEAK,name,nome,Name,,,
45,n,sim,WEAK,note,nota,Anmerkung,,,
46,n,sim,WEAK,notice,nota,Bekanntmachung,,,
47,n,sim,WEAK,obligation,obbligo,Leistung,,,
48,n,sim,WEAK,observation,osservazione,Bemerkung,,,
49,n,sim,WEAK,opinion,avviso,Meinung,,,
50,n,sim,WEAK,option,scelta,Möglichkeit,,,
51,n,sim,WEAK,panel,quadro,Feld,,,
52,n,sim,WEAK,paragraph,paragrafo,Abschnitt,,,
53,n,sim,WEAK,part,pezzo,Teil,,,
54,n,sim,WEAK,performance,esecuzione,Leistung,,,
55,n,sim,WEAK,photograph,fotografia,Foto,,,
56,n,sim,WEAK,possibility,caso,Möglichkeit,,,
57,n,sim,WEAK,print,stampa,Schrift,,,
58,n,sim,WEAK,product,genere,Produkt,,,
59,n,sim,WEAK,purpose,scopo,Ziel,,,
60,n,sim,WEAK,reading,lettura,Vortrag,,,
61,n,sim,WEAK,reference,raccomandazione,Hinweis,,,
62,n,sim,WEAK,regime,regime,System,,,
63,n,sim,WEAK,register,lista,Register,,,
64,n,sim,WEAK,report,comunicazione,Bericht,,,
65,n,sim,WEAK,review,revisione,Kritik,,,
66,n,sim,WEAK,schedule,programma,Plan,,,
67,n,sim,WEAK,scheme,schema,Programm,,,
68,n,sim,WEAK,sequence,ordine,Folge,,,
69,n,sim,WEAK,set,serie,Satz,,,
70,n,sim,WEAK,setting,ambiente,Einstellung,,,
71,n,sim,WEAK,standard,norma,Standard,,,
72,n,sim,WEAK,submission,presentazione,Vorlage,,,
73,n,sim,WEAK,task,lavoro,Aufgabe,,,
74,n,sim,WEAK,type,tipo,Art,,,
75,n,sim,WEAK,unit,gruppo,Anlage,,,
76,n,sim,WEAK,use,scopo,Anwendung,,,
77,n,sim,WEAK,view,visione,Auffassung,,,
78,n,sim,WEAK,volume,volume,Band,,,
79,n,sim,WEAK,wording,formulazione,Wortlaut,,,
1,n,cooc,,translation,traduzione,Übersetzung,0.565,2,bn:00047114n bn:00078013n
2,n,cooc,,image,immagine,Bild,0.527,2,bn:00045972n bn:00045970n
3,n,cooc,,drawing,disegno,Zeichnung,0.51,3,bn:00028639n bn:00045963n bn:00045772n
4,n,cooc,,graphics,grafica,Grafik,0.51,1,bn:00005929n
5,n,cooc,,language,lingua,Sprache,0.503,2,bn:00049910n bn:00077565n
6,n,cooc,,author,autore,Autor,0.496,1,bn:00007287n
7,n,cooc,,reading,lettura,Lesen,0.487,1,bn:00066372n
8,n,cooc,,illustration,illustrazione,Illustration,0.482,4,bn:00028639n bn:00045963n bn:00045962n bn:00045772n
9,n,cooc,,picture,immagine,Bild,0.478,2,bn:00032381n bn:00045970n
10,n,cooc,,interpretation,interpretazione,Interpretation,0.472,4,bn:00047196n bn:00047198n bn:00047199n bn:00047197n
11,n,cooc,,letter,lettera,Brief,0.466,1,bn:00050802n
12,n,cooc,,code,codice,Code,0.463,3,bn:00020353n bn:00020352n bn:00020354n
13,n,cooc,,field,campo,Feld,0.458,4,bn:00034273n bn:00034267n bn:00034265n bn:00006752n
14,n,cooc,,table,tabella,Tabelle,0.457,1,bn:00075812n
15,n,cooc,,tune,melodia,Melodie,0.457,1,bn:00002191n
16,n,cooc,,photo,foto,Foto,0.454,1,bn:00032381n
17,n,cooc,,writing,scrittura,Schreiben,0.451,1,bn:00081714n
18,n,cooc,,poem,poesia,Gedicht,0.446,1,bn:15205441n
19,n,cooc,,music,musica,Musik,0.439,2,bn:00031853n bn:00056443n
20,n,cooc,,book,libro,Buch,0.432,2,bn:00012066n bn:00012059n
21,n,cooc,,document,documento,Dokument,0.431,2,bn:00028015n bn:00028018n
22,n,cooc,,box,box,Feld,0.43,0,
23,n,cooc,,content,contenuto,Inhalt,0.43,2,bn:00022153n bn:00022154n
24,n,cooc,,background,sfondo,Hintergrund,0.429,2,bn:00007771n bn:00007782n
25,n,cooc,,representation,immagine,Darstellung,0.429,0,
26,n,cooc,,reader,lettore,Leser,0.423,2,bn:00050484n bn:00066368n
27,n,cooc,,object,oggetto,Objekt,0.42,4,bn:00002179n bn:00058443n bn:00058445n bn:00058442n
28,n,cooc,,e-mail,e-mail,E-mail,0.414,0,
29,n,cooc,,logo,logo,Logo,0.412,1,bn:00051872n
30,n,cooc,,material,materiale,Material,0.412,3,bn:00053803n bn:00053802n bn:00053801n
31,n,cooc,,version,versione,Version,0.411,4,bn:00079827n bn:00029773n bn:00001266n bn:00047114n
32,n,cooc,,conversation,discorso,Rede,0.41,0,
33,n,cooc,,reference,riferimento,Bezug,0.41,0,
34,n,cooc,,voice,voce,Stimme,0.41,2,bn:00060770n bn:00062019n
35,n,cooc,,email,e-mail,E-mail,0.407,0,
36,n,cooc,,icon,icona,Symbol,0.407,0,
37,n,cooc,,sound,suono,Ton,0.407,0,
38,n,cooc,,context,contesto,Kontext,0.406,2,bn:00019219n bn:00022168n
39,n,cooc,,title,titolo,Titel,0.406,3,bn:00035925n bn:00077409n bn:00077412n
40,n,cooc,,article,articolo,Artikel,0.403,2,bn:00006124n bn:00006121n
41,n,cooc,,talk,discorso,Rede,0.403,1,bn:00001304n
42,n,cooc,,draft,bozza,Entwurf,0.399,0,
43,n,cooc,,html,html,Html,0.399,1,bn:00045087n
44,n,cooc,,commentary,commento,Kommentar,0.395,1,bn:00020978n
45,n,cooc,,message,messaggio,Nachricht,0.392,1,bn:00054523n
46,n,cooc,,speech,discorso,Rede,0.387,1,bn:00001304n
47,n,cooc,,caption,didascalia,Überschrift,0.385,0,
48,n,cooc,,page,pagina,Seite,0.384,1,bn:00060158n
49,n,cooc,,layout,disposizione,Layout,0.379,0,
50,n,cooc,,shape,forma,Form,0.379,5,bn:00035908n bn:00035909n bn:00021751n bn:00003882n bn:00016529n
51,n,cooc,,sentence,frase,Satz,0.372,1,bn:00070528n
52,n,cooc,,color,colore,Farbe,0.37,1,bn:00020726n
53,n,cooc,,comment,commento,Kommentar,0.37,2,bn:00020977n bn:00020978n
54,n,cooc,,amendment,emendamento,Änderung,0.369,0,
55,n,cooc,,figure,figura,Abbildung,0.367,4,bn:00028639n bn:00045963n bn:00034369n bn:00045772n
56,n,cooc,,link,collegamento,Link,0.367,4,bn:00021901n bn:00021912n bn:00045513n bn:00022117n
57,n,cooc,,report,rapporto,Bericht,0.363,1,bn:00067181n
58,n,cooc,,structure,struttura,Struktur,0.36,1,bn:00022071n
59,n,cooc,,map,mappa,Karte,0.352,1,bn:00053303n
60,n,cooc,,date,data,Datum,0.348,2,bn:00025340n bn:00025338n
61,n,cooc,,font,font,Schrift,0.347,1,bn:00016414n
62,n,cooc,,decree,decreto,Verordnung,0.342,1,bn:17702831n
63,n,cooc,,act,atto,Handlung,0.34,1,bn:16082183n
64,n,cooc,,form,forma,Form,0.34,11,bn:00035908n bn:00035909n bn:00021751n bn:00026512n bn:00035915n bn:00035911n bn:00035913n bn:00003882n bn:00016529n bn:00035912n bn:00035907n
65,n,cooc,,element,elemento,Element,0.336,6,bn:00021394n bn:00030300n bn:00030299n bn:00030301n bn:00021396n bn:00018105n
66,n,cooc,,meaning,significato,Bedeutung,0.336,2,bn:00054009n bn:00046139n
67,n,cooc,,convention,accordo,Abkommen,0.331,1,bn:00000728n
68,n,cooc,,term,termine,Begriff,0.331,1,bn:00076590n
69,n,cooc,,list,elenco,Liste,0.324,2,bn:00051508n bn:00023140n
70,n,cooc,,agreement,accordo,Abkommen,0.318,0,
71,n,cooc,,animation,animazione,Animation,0.318,4,bn:00004261n bn:00004263n bn:00004264n bn:00004262n
72,n,cooc,,word,parola,Wort,0.314,1,bn:00081546n
73,n,cooc,,number,numero,Nummer,0.298,1,bn:02929223n
74,n,cooc,,section,sezione,Abschnitt,0.292,1,bn:00070190n
75,n,cooc,,examination,esame,Prüfung,0.275,1,bn:00032095n
76,n,cooc,,paragraph,paragrafo,Absatz,0.272,1,bn:00060556n
77,n,cooc,,target,obiettivo,Ziel,0.26,1,bn:00002179n
78,n,cooc,,council,consiglio,Rat,0.25,1,bn:00023119n
79,n,cooc,,information,informazione,Information,0.246,2,bn:00046698n bn:00046705n
80,n,cooc,,proposal,proposta,Vorschlag,0.245,1,bn:03851567n
1,n,cooc,WEAK,arrangement,accordo,Arrangement,,,
2,n,cooc,WEAK,bill,documento,Rechnung,,,
3,n,cooc,WEAK,body,corpo,Mensch,,,
4,n,cooc,WEAK,call,chiamata,Stimme,,,
5,n,cooc,WEAK,concern,riferimento,Bedeutung,,,
6,n,cooc,WEAK,corpus,corpo,Großteil,,,
7,n,cooc,WEAK,datum,dato,Datum,,,
8,n,cooc,WEAK,declaration,dichiarazione,Aussage,,,
9,n,cooc,WEAK,entry,voce,Artikel,,,
10,n,cooc,WEAK,format,formato,Struktur,,,
11,n,cooc,WEAK,frame,struttura,Rahmen,,,
12,n,cooc,WEAK,heading,titolo,Überschrift,,,
13,n,cooc,WEAK,headline,titolo,Überschrift,,,
14,n,cooc,WEAK,input,introduzione,Eingabe,,,
15,n,cooc,WEAK,matter,contenuto,Frage,,,
16,n,cooc,WEAK,mean,strumento,Mittel,,,
17,n,cooc,WEAK,medium,strumento,Medium,,,
18,n,cooc,WEAK,minute,momento,Minute,,,
19,n,cooc,WEAK,mode,modo,Art,,,
20,n,cooc,WEAK,name,firma,Name,,,
21,n,cooc,WEAK,note,nota,Note,,,
22,n,cooc,WEAK,photograph,fotografia,Foto,,,
23,n,cooc,WEAK,point,scopo,Punkt,,,
24,n,cooc,WEAK,position,funzione,Stellung,,,
25,n,cooc,WEAK,proof,bozza,Korrektur,,,
26,n,cooc,WEAK,purpose,scopo,Ziel,,,
27,n,cooc,WEAK,sample,saggio,Beispiel,,,
28,n,cooc,WEAK,service,funzione,Angabe,,,
29,n,cooc,WEAK,size,dimensione,Umfang,,,
30,n,cooc,WEAK,statement,dichiarazione,Aussage,,,
31,n,cooc,WEAK,tip,consiglio,Hinweis,,,
32,n,cooc,WEAK,wording,espressione,Wortlaut,,,
1,adj,cooc,,biblical,biblico,biblisch,0.587,2,bn:00098303a bn:00098304a
2,adj,cooc,,literary,letterario,literarisch,0.543,0,
3,adj,cooc,,english,inglese,englisch,0.537,1,bn:00102248a
4,adj,cooc,,italian,italiano,italienisch,0.518,1,bn:00105493a
5,adj,cooc,,sacred,sacro,heilig,0.511,1,bn:00100305a
6,adj,cooc,,dutch,olandese,niederländisch,0.507,1,bn:00101908a
7,adj,cooc,,latin,latino,lateinisch,0.493,0,
8,adj,cooc,,greek,greco,griechisch,0.492,1,bn:00103785a
9,adj,cooc,,initial,iniziale,ursprünglich,0.491,0,
10,adj,cooc,,swedish,svedese,schwedisch,0.477,1,bn:00111537a
11,adj,cooc,,spanish,spagnolo,spanisch,0.476,1,bn:00110978a
12,adj,cooc,,plain,semplice,einfach,0.472,0,
13,adj,cooc,,german,tedesco,deutsch,0.462,1,bn:00103560a
14,adj,cooc,,holy,sacro,heilig,0.462,0,
15,adj,cooc,,portuguese,portoghese,portugiesisch,0.459,1,bn:00106270a
16,adj,cooc,,french,francese,französisch,0.452,1,bn:00103321a
17,adj,cooc,,selected,selezionato,ausgewählt,0.452,0,
18,adj,cooc,,definitive,definitivo,endgültig,0.442,0,
19,adj,cooc,,hebrew,ebraico,hebräisch,0.442,0,
20,adj,cooc,,legible,leggibile,lesbar,0.44,0,
21,adj,cooc,,ancient,antico,alt,0.434,0,
22,adj,cooc,,authentic,autentico,authentisch,0.428,2,bn:00097793a bn:00101997a
23,adj,cooc,,consolidated,consolidato,konsolidiert,0.421,0,
24,adj,cooc,,finnish,finlandese,finnisch,0.412,1,bn:00102993a
25,adj,cooc,,coherent,coerente,zusammenhängend,0.41,0,
26,adj,cooc,,descriptive,descrittivo,beschreibend,0.402,0,
27,adj,cooc,,introductory,introduttivo,einleitend,0.4,0,
28,adj,cooc,,only,solo,einzig,0.398,0,
29,adj,cooc,,clean,puro,rein,0.396,0,
30,adj,cooc,,final,finale,endgültig,0.395,0,
31,adj,cooc,,funny,divertente,lustig,0.392,1,bn:00097006a
32,adj,cooc,,long,lungo,lang,0.391,1,bn:00106124a
33,adj,cooc,,entire,intero,ganz,0.387,1,bn:00102279a
34,adj,cooc,,danish,danese,dänisch,0.385,1,bn:00100897a
35,adj,cooc,,new,nuovo,neu,0.384,1,bn:00107267a
36,adj,cooc,,valid,valido,gültig,0.383,0,
37,adj,cooc,,liturgical,liturgico,liturgisch,0.382,0,
38,adj,cooc,,identical,identico,gleich,0.381,0,
39,adj,cooc,,philosophical,filosofico,philosophisch,0.381,0,
40,adj,cooc,,whole,intero,ganz,0.38,0,
41,adj,cooc,,classical,classico,klassisch,0.379,1,bn:00099754a
42,adj,cooc,,interesting,interessante,interessant,0.378,1,bn:00105276a
43,adj,cooc,,classic,classico,klassisch,0.376,1,bn:00099754a
44,adj,cooc,,intact,intero,ganz,0.376,0,
45,adj,cooc,,simple,semplice,einfach,0.376,1,bn:00101973a
46,adj,cooc,,readable,leggibile,lesbar,0.372,0,
47,adj,cooc,,available,disponibile,vorhanden,0.371,0,
48,adj,cooc,,intelligible,comprensibile,verständlich,0.371,2,bn:00100161a bn:00097389a
49,adj,cooc,,alternative,alternativo,alternativ,0.361,1,bn:00096898a
50,adj,cooc,,old,vecchio,alt,0.354,2,bn:00104306a bn:00107786a
51,adj,cooc,,foundational,fondamentale,grundlegend,0.353,0,
52,adj,cooc,,printed,stampato,gedruckt,0.347,0,
53,adj,cooc,,understandable,comprensibile,verständlich,0.344,1,bn:00097389a
54,adj,cooc,,explanatory,esplicativo,erläuternd,0.343,0,
55,adj,cooc,,free,gratuito,frei,0.341,0,
56,adj,cooc,,brief,breve,kurz,0.338,0,
57,adj,cooc,,comprehensible,comprensibile,verständlich,0.336,2,bn:00100161a bn:00097389a
58,adj,cooc,,obligatory,obbligatorio,verbindlich,0.334,0,
59,adj,cooc,,basic,fondamentale,grundlegend,0.327,0,
60,adj,cooc,,short,breve,kurz,0.326,1,bn:00110562a
61,adj,cooc,,binding,obbligatorio,verbindlich,0.317,0,
62,adj,cooc,,clear,chiaro,klar,0.298,1,bn:00099803a
63,adj,cooc,,same,stesso,gleich,0.294,0,
64,adj,cooc,,official,ufficiale,offiziell,0.293,1,bn:00107770a
65,adj,cooc,,previous,precedente,vorausgehend,0.28,0,
66,adj,cooc,,corresponding,corrispondente,entsprechend,0.275,0,
67,adj,cooc,,balanced,equilibrato,ausgewogen,0.269,0,
68,adj,cooc,,different,diverso,verschieden,0.255,0,
1,adj,cooc,WEAK,acceptable,accettabile,passend,,,
2,adj,cooc,WEAK,actual,attuale,eigentlich,,,
3,adj,cooc,WEAK,alt,alternativo,alt,,,
4,adj,cooc,WEAK,appropriate,appropriato,entsprechend,,,
5,adj,cooc,WEAK,big,importante,weit,,,
6,adj,cooc,WEAK,complete,completo,komplett,,,
7,adj,cooc,WEAK,comprehensive,integrale,ausführlich,,,
8,adj,cooc,WEAK,concise,breve,prägnant,,,
9,adj,cooc,WEAK,current,attuale,derzeitig,,,
10,adj,cooc,WEAK,equivalent,equivalente,gleich,,,
11,adj,cooc,WEAK,existing,esistente,vorhanden,,,
12,adj,cooc,WEAK,fine,bello,heiter,,,
13,adj,cooc,WEAK,following,seguente,nachfolgend,,,
14,adj,cooc,WEAK,full,pieno,vollständig,,,
15,adj,cooc,WEAK,general,generico,ganz,,,
16,adj,cooc,WEAK,handwritten,manoscritto,handgeschrieben,,,
17,adj,cooc,WEAK,obscure,oscuro,unbekannt,,,
18,adj,cooc,WEAK,original,originale,ursprünglich,,,
19,adj,cooc,WEAK,prepared,pronto,vorbereitet,,,
20,adj,cooc,WEAK,present,presente,vorhanden,,,
21,adj,cooc,WEAK,primary,principale,ursprünglich,,,
22,adj,cooc,WEAK,proper,corretto,eigen,,,
23,adj,cooc,WEAK,ready,pronto,fertig,,,
24,adj,cooc,WEAK,relevant,pertinente,entsprechend,,,
25,adj,cooc,WEAK,similar,analogo,gleich,,,
26,adj,cooc,WEAK,sole,unico,einzig,,,
27,adj,cooc,WEAK,spare,libero,übrig,,,
28,adj,cooc,WEAK,standard,standard,normal,,,
29,adj,cooc,WEAK,straightforward,chiaro,einfach,,,
30,adj,cooc,WEAK,suitable,adatto,passend,,,
1,v,cooc,,annul,annullare,annullieren,0.56,1,bn:00082642v
2,v,cooc,,read,leggere,lesen,0.547,1,bn:00092426v
3,v,cooc,,cancel,cancellare,annullieren,0.516,0,
4,v,cooc,,translate,tradurre,übersetzen,0.492,1,bn:00089840v
5,v,cooc,,consolidate,consolidare,konsolidieren,0.491,1,bn:00085661v
6,v,cooc,,write,scrivere,schreiben,0.482,2,bn:00094109v bn:00093281v
7,v,cooc,,propose,proporre,vorschlagen,0.468,1,bn:00082417v
8,v,cooc,,send,inviare,senden,0.466,0,
9,v,cooc,,delete,cancellare,löschen,0.458,2,bn:00086518v bn:00087490v
10,v,cooc,,do,fare,tun,0.457,1,bn:00082286v
11,v,cooc,,endorse,approvare,billigen,0.457,0,
12,v,cooc,,make,fare,machen,0.453,3,bn:00086013v bn:00086008v bn:00084198v
13,v,cooc,,copy,copiare,kopieren,0.445,0,
14,v,cooc,,simplify,semplificare,vereinfachen,0.44,1,bn:00093755v
15,v,cooc,,contain,contenere,enthalten,0.431,1,bn:00083225v
16,v,cooc,,interpret,interpretare,interpretieren,0.431,1,bn:00089838v
17,v,cooc,,recite,recitare,rezitieren,0.429,0,
18,v,cooc,,display,mostrare,anzeigen,0.424,0,
19,v,cooc,,reproduce,riprodurre,wiedergeben,0.424,0,
20,v,cooc,,revise,rivedere,überarbeiten,0.415,0,
21,v,cooc,,modify,modificare,ändern,0.41,1,bn:00082553v
22,v,cooc,,process,elaborare,verarbeiten,0.41,0,
23,v,cooc,,convert,convertire,umwandeln,0.408,1,bn:00085768v
24,v,cooc,,insert,inserire,einfügen,0.408,1,bn:00087681v
25,v,cooc,,vote,votare,wählen,0.406,1,bn:00095572v
26,v,cooc,,correct,correggere,korrigieren,0.403,0,
27,v,cooc,,alter,modificare,ändern,0.398,1,bn:00082553v
28,v,cooc,,publish,pubblicare,veröffentlichen,0.397,1,bn:00092123v
29,v,cooc,,supply,fornire,liefern,0.392,0,
30,v,cooc,,enter,entrare,eingeben,0.391,0,
31,v,cooc,,approve,approvare,genehmigen,0.389,0,
32,v,cooc,,add,aggiungere,hinzufügen,0.388,1,bn:00082318v
33,v,cooc,,clarify,chiarire,verdeutlichen,0.388,0,
34,v,cooc,,notify,notificare,verständigen,0.387,0,
35,v,cooc,,amend,emendare,ändern,0.386,0,
36,v,cooc,,compose,comporre,komponieren,0.386,1,bn:00085489v
37,v,cooc,,transmit,trasmettere,übertragen,0.382,1,bn:00082493v
38,v,cooc,,replace,sostituire,ersetzen,0.381,2,bn:00092817v bn:00087802v
39,v,cooc,,align,allineare,angleichen,0.378,0,
40,v,cooc,,appear,apparire,erscheinen,0.377,2,bn:00082690v bn:00082691v
41,v,cooc,,quote,citare,zitieren,0.377,1,bn:00085007v
42,v,cooc,,analyze,analizzare,analysieren,0.375,1,bn:00082596v
43,v,cooc,,file,limare,einreichen,0.375,0,
44,v,cooc,,mention,menzionare,erwähnen,0.375,1,bn:00082412v
45,v,cooc,,submit,presentare,einreichen,0.375,0,
46,v,cooc,,explain,spiegare,erklären,0.372,1,bn:00087819v
47,v,cooc,,rewrite,riscrivere,umschreiben,0.37,0,
48,v,cooc,,exchange,cambiare,wechseln,0.364,1,bn:00084772v
49,v,cooc,,constitute,costituire,bilden,0.363,1,bn:00083187v
50,v,cooc,,describe,descrivere,beschreiben,0.363,1,bn:00082233v
51,v,cooc,,examine,esaminare,prüfen,0.362,0,
52,v,cooc,,speak,parlare,sprechen,0.362,1,bn:00094090v
53,v,cooc,,choose,scegliere,wählen,0.359,1,bn:00084931v
54,v,cooc,,accompany,accompagnare,begleiten,0.358,1,bn:00082222v
55,v,cooc,,relate,raccontare,erzählen,0.358,0,
56,v,cooc,,agree,concordare,zustimmen,0.357,2,bn:00082480v bn:00082475v
57,v,cooc,,present,presentare,präsentieren,0.357,1,bn:00086557v
58,v,cooc,,produce,produrre,produzieren,0.357,3,bn:00086013v bn:00084198v bn:00084082v
59,v,cooc,,prefer,preferire,vorziehen,0.356,1,bn:00091949v
60,v,cooc,,review,rivedere,überprüfen,0.355,0,
61,v,cooc,,improve,migliorare,verbessern,0.354,1,bn:00082573v
62,v,cooc,,accept,accettare,akzeptieren,0.353,3,bn:00082198v bn:00082201v bn:00082197v
63,v,cooc,,illustrate,illustrare,illustrieren,0.353,1,bn:00089587v
64,v,cooc,,adapt,adattare,anpassen,0.35,2,bn:00082316v bn:00082215v
65,v,cooc,,express,esprimere,ausdrücken,0.35,0,
66,v,cooc,,analyse,analizzare,analysieren,0.349,1,bn:00082596v
67,v,cooc,,aim,mirare,abzielen,0.348,0,
68,v,cooc,,search,cercare,suchen,0.348,1,bn:00090460v
69,v,cooc,,remove,eliminare,entfernen,0.346,0,
70,v,cooc,,introduce,introdurre,einführen,0.344,0,
71,v,cooc,,specify,specificare,angeben,0.343,0,
72,v,cooc,,discover,trovare,finden,0.341,0,
73,v,cooc,,inspire,ispirare,inspirieren,0.34,0,
74,v,cooc,,draw,trarre,zeichnen,0.339,0,
75,v,cooc,,show,mostrare,anzeigen,0.338,0,
76,v,cooc,,understand,comprendere,verstehen,0.335,1,bn:00082727v
77,v,cooc,,debate,discutere,diskutieren,0.332,0,
78,v,cooc,,integrate,integrare,integrieren,0.331,1,bn:00089803v
79,v,cooc,,underline,sottolineare,unterstreichen,0.33,1,bn:00095362v
80,v,cooc,,form,costituire,bilden,0.329,0,
81,v,cooc,,reflect,riflettere,reflektieren,0.328,1,bn:00084733v
82,v,cooc,,convey,trasmettere,vermitteln,0.326,0,
83,v,cooc,,correspond,corrispondere,entsprechen,0.326,1,bn:00082477v
84,v,cooc,,imply,significare,bedeuten,0.323,1,bn:00087672v
85,v,cooc,,reveal,rivelare,offenbaren,0.321,0,
86,v,cooc,,say,dire,sagen,0.319,1,bn:00093287v
87,v,cooc,,ask,chiedere,fragen,0.318,1,bn:00082819v
88,v,cooc,,cite,citare,zitieren,0.317,1,bn:00085007v
89,v,cooc,,offer,offrire,bieten,0.317,0,
90,v,cooc,,give,dare,geben,0.316,2,bn:00088825v bn:00088815v
91,v,cooc,,recall,ricordare,erinnern,0.316,0,
92,v,cooc,,cost,venire,kommen,0.315,0,
93,v,cooc,,follow,seguire,folgen,0.311,1,bn:00088020v
94,v,cooc,,allow,consentire,erlauben,0.306,0,
95,v,cooc,,discuss,discutere,diskutieren,0.306,0,
96,v,cooc,,concern,riguardare,betreffen,0.305,1,bn:00083240v
97,v,cooc,,seem,sembrare,scheinen,0.305,1,bn:00082690v
98,v,cooc,,update,aggiornare,aktualisieren,0.303,0,
99,v,cooc,,use,utilizzare,verwenden,0.302,1,bn:00082705v
100,v,cooc,,remind,ricordare,erinnern,0.301,0,
101,v,cooc,,change,cambiare,wechseln,0.299,1,bn:00084772v
102,v,cooc,,demonstrate,mostrare,zeigen,0.29,2,bn:00086567v bn:00086557v
103,v,cooc,,recognise,riconoscere,erkennen,0.282,1,bn:00086904v
104,v,cooc,,suggest,suggerire,vorschlagen,0.281,1,bn:00082417v
105,v,cooc,,tell,dire,sagen,0.276,1,bn:00093287v
106,v,cooc,,indicate,indicare,zeigen,0.275,0,
107,v,cooc,,mean,dire,bedeuten,0.273,1,bn:00089805v
108,v,cooc,,go,andare,gehen,0.271,2,bn:00088629v bn:00086600v
109,v,cooc,,receive,ricevere,erhalten,0.269,1,bn:00089246v
110,v,cooc,,see,vedere,sehen,0.269,2,bn:00092443v bn:00093430v
111,v,cooc,,ensure,garantire,gewährleisten,0.267,1,bn:00082812v
112,v,cooc,,get,ottenere,erhalten,0.263,0,
113,v,cooc,,depict,rappresentare,darstellen,0.261,1,bn:00086611v
114,v,cooc,,represent,rappresentare,darstellen,0.258,1,bn:00083187v
115,v,cooc,,include,includere,umfassen,0.255,0,
116,v,cooc,,maintain,mantenere,halten,0.25,0,
117,v,cooc,,regard,considerare,betrachten,0.249,0,
118,v,cooc,,view,vedere,sehen,0.247,0,
119,v,cooc,,exist,esistere,bestehen,0.246,1,bn:00083184v
120,v,cooc,,take,prendere,nehmen,0.246,3,bn:00085689v bn:00088762v bn:00094731v
121,v,cooc,,keep,tenere,halten,0.244,0,
1,v,cooc,WEAK,adopt,adottare,annehmen,,,
2,v,cooc,WEAK,apply,applicare,verwenden,,,
3,v,cooc,WEAK,assume,prendere,übernehmen,,,
4,v,cooc,WEAK,attach,allegare,einarbeiten,,,
5,v,cooc,WEAK,attribute,attribuire,unterlegen,,,
6,v,cooc,WEAK,base,basare,basieren,,,
7,v,cooc,WEAK,be,diventare,liegen,,,
8,v,cooc,WEAK,bear,produrre,tragen,,,
9,v,cooc,WEAK,become,diventare,stehen,,,
10,v,cooc,WEAK,begin,aprire,beginnen,,,
11,v,cooc,WEAK,belong,concernere,gehören,,,
12,v,cooc,WEAK,bind,impegnare,verbinden,,,
13,v,cooc,WEAK,bring,produrre,bringen,,,
14,v,cooc,WEAK,call,richiamare,nennen,,,
15,v,cooc,WEAK,center,concentrare,konzentrieren,,,
16,v,cooc,WEAK,check,depositare,überprüfen,,,
17,v,cooc,WEAK,communicate,comunicare,übermitteln,,,
18,v,cooc,WEAK,comprehend,comprendere,erfassen,,,
19,v,cooc,WEAK,comprise,comprendere,umfassen,,,
20,v,cooc,WEAK,connect,inserire,verbinden,,,
21,v,cooc,WEAK,contribute,fornire,beitragen,,,
22,v,cooc,WEAK,cover,comprendere,umfassen,,,
23,v,cooc,WEAK,deal,trattare,geben,,,
24,v,cooc,WEAK,define,definire,bestimmen,,,
25,v,cooc,WEAK,denote,indicare,bezeichnen,,,
26,v,cooc,WEAK,divide,dividere,teilen,,,
27,v,cooc,WEAK,edit,correggere,bearbeiten,,,
28,v,cooc,WEAK,enable,permettere,ermöglichen,,,
29,v,cooc,WEAK,enclose,allegare,hinzufügen,,,
30,v,cooc,WEAK,explore,esplorare,untersuchen,,,
31,v,cooc,WEAK,fix,fissare,festlegen,,,
32,v,cooc,WEAK,flow,scorrere,fließen,,,
33,v,cooc,WEAK,focus,concentrare,konzentrieren,,,
34,v,cooc,WEAK,generate,sviluppare,zeugen,,,
35,v,cooc,WEAK,have,disporre,besitzen,,,
36,v,cooc,WEAK,identify,individuare,identifizieren,,,
37,v,cooc,WEAK,incorporate,includere,integrieren,,,
38,v,cooc,WEAK,intend,intendere,bestimmen,,,
39,v,cooc,WEAK,lay,porre,legen,,,
40,v,cooc,WEAK,let,lasciare,lassen,,,
41,v,cooc,WEAK,list,elencare,aufnehmen,,,
42,v,cooc,WEAK,manipulate,manipolare,bedienen,,,
43,v,cooc,WEAK,match,accompagnare,entsprechen,,,
44,v,cooc,WEAK,miss,sbagliare,fehlen,,,
45,v,cooc,WEAK,negotiate,negoziare,vermitteln,,,
46,v,cooc,WEAK,omit,omettere,versehen,,,
47,v,cooc,WEAK,outline,delineare,entwerfen,,,
48,v,cooc,WEAK,place,porre,platzieren,,,
49,v,cooc,WEAK,pop,proporre,stecken,,,
50,v,cooc,WEAK,prepare,preparare,ausarbeiten,,,
51,v,cooc,WEAK,preserve,mantenere,erhalten,,,
52,v,cooc,WEAK,print,stampare,drucken,,,
53,v,cooc,WEAK,prompt,suggerire,anregen,,,
54,v,cooc,WEAK,provide,fornire,bieten,,,
55,v,cooc,WEAK,purport,significare,vorgeben,,,
56,v,cooc,WEAK,put,porre,setzen,,,
57,v,cooc,WEAK,redact,redigere,redigieren,,,
58,v,cooc,WEAK,refer,sottoporre,verweisen,,,
59,v,cooc,WEAK,release,lasciare,veröffentlichen,,,
60,v,cooc,WEAK,render,rendere,machen,,,
61,v,cooc,WEAK,request,richiedere,einreichen,,,
62,v,cooc,WEAK,require,richiedere,benötigen,,,
63,v,cooc,WEAK,result,risultare,entstehen,,,
64,v,cooc,WEAK,retain,tenere,beibehalten,,,
65,v,cooc,WEAK,scan,analizzare,überfliegen,,,
66,v,cooc,WEAK,select,selezionare,wählen,,,
67,v,cooc,WEAK,serve,offrire,dienen,,,
68,v,cooc,WEAK,set,fissare,setzen,,,
69,v,cooc,WEAK,sign,firmare,zeichnen,,,
70,v,cooc,WEAK,state,affermare,angeben,,,
71,v,cooc,WEAK,stipulate,convenire,festlegen,,,
72,v,cooc,WEAK,store,depositare,speichern,,,
73,v,cooc,WEAK,strike,trovare,treffen,,,
74,v,cooc,WEAK,study,studiare,untersuchen,,,
75,v,cooc,WEAK,supplement,integrare,ergänzen,,,
76,v,cooc,WEAK,support,aiutare,unterstützen,,,
77,v,cooc,WEAK,surround,limitare,umfassen,,,
78,v,cooc,WEAK,transcribe,trascrivere,übertragen,,,
79,v,cooc,WEAK,urge,esortare,aufführen,,,
80,v,cooc,WEAK,word,esprimere,formulieren,,,
