idx_group,pos,rel,weak,lex_en,lex_it,lex_de,score,bs_count,babel_synsets
0,n,head,,state province,stato provincia stato_membro,Provinz Staat,,1,bn:00064914n
1,n,sim,,country,paese,Land,0.502,2,bn:00023235n bn:00023236n
2,n,sim,,government,governo,Regierung,0.463,1,bn:00001426n
3,n,sim,,authority,autorità,Behörde,0.442,0,
4,n,sim,,nation,nazione,Nation,0.441,3,bn:00023235n bn:00023236n bn:00076734n
5,n,sim,,power,potere,Macht,0.44,1,bn:00063940n
6,n,sim,,organisation,organizzazione,Organisation,0.438,5,bn:00005863n bn:00059480n bn:00059483n bn:00001423n bn:00059482n
7,n,sim,,policy,politica,Politik,0.438,1,bn:00063329n
8,n,sim,,community,comunità,Gemeinschaft,0.434,1,bn:00021248n
9,n,sim,,culture,cultura,Kultur,0.43,1,bn:00024369n
10,n,sim,,institution,istituzione,Institution,0.428,2,bn:00031641n bn:00046954n
11,n,sim,,undertaking,impresa,Unternehmen,0.423,0,
12,n,sim,,family,famiglia,Familie,0.422,2,bn:00032896n bn:00032893n
13,n,sim,,corporation,società,Gesellschaft,0.417,0,
14,n,sim,,region,regione,Region,0.416,2,bn:00005515n bn:00066884n
15,n,sim,,case,caso,Fall,0.413,3,bn:00016411n bn:00016402n bn:00016403n
16,n,sim,,individual,individuo,Person,0.411,1,bn:00046516n
17,n,sim,,movement,movimento,Bewegung,0.411,3,bn:00056029n bn:00056030n bn:00036632n
18,n,sim,,system,sistema,System,0.411,7,bn:00005863n bn:00075761n bn:00075759n bn:00075762n bn:00075763n bn:00075760n bn:00069580n
19,n,sim,,situation,situazione,Situation,0.408,3,bn:00071858n bn:00071869n bn:00063707n
20,n,sim,,nature,natura,Natur,0.406,3,bn:00057016n bn:00075760n bn:00057017n
21,n,sim,,market,mercato,Markt,0.405,3,bn:00053459n bn:00053461n bn:00053458n
22,n,sim,,class,classe,Klasse,0.402,6,bn:00019478n bn:00019483n bn:00019482n bn:00019479n bn:00019477n bn:00016733n
23,n,sim,,union,unione,Union,0.401,6,bn:00079093n bn:00079077n bn:00079094n bn:00058032n bn:00021881n bn:00021127n
24,n,sim,,company,azienda,Firma,0.4,4,bn:00021286n bn:00022811n bn:00014160n bn:00073910n
25,n,sim,,group,gruppo,Gruppe,0.397,4,bn:00073698n bn:00041942n bn:00041943n bn:00018111n
26,n,sim,,church,chiesa,Kirche,0.395,2,bn:00018819n bn:00018995n
27,n,sim,,history,storia,Geschichte,0.392,4,bn:00044267n bn:00044270n bn:00000738n bn:00044268n
28,n,sim,,model,modello,Modell,0.392,7,bn:00033735n bn:00022071n bn:00032101n bn:00032100n bn:00036197n bn:00055448n bn:00055447n
29,n,sim,,bank,banca,Bank,0.387,4,bn:00008367n bn:00008364n bn:00008371n bn:00008370n
30,n,sim,,development,sviluppo,Entwicklung,0.387,1,bn:07804057n
31,n,sim,,law,legge,Recht,0.384,2,bn:00048655n bn:00050250n
32,n,sim,,experience,esperienza,Erfahrung,0.383,2,bn:00032307n bn:00032306n
33,n,sim,,problem,problema,Problem,0.381,3,bn:00064527n bn:00048242n bn:00064526n
34,n,sim,,commission,commissione,Kommission,0.379,1,bn:06245657n
35,n,sim,,line,linea,Linie,0.379,4,bn:00051289n bn:00014165n bn:00014457n bn:00051294n
36,n,sim,,capital,capitale,Hauptstadt,0.378,1,bn:00015498n
37,n,sim,,employee,dipendente,Mitarbeiter,0.378,1,bn:14292888n
38,n,sim,,program,programma,Programm,0.378,4,bn:00062899n bn:00013235n bn:00021497n bn:00021492n
39,n,sim,,thing,cosa,Sache,0.378,2,bn:00001734n bn:00076925n
40,n,sim,,europe,europa,Europa,0.376,2,bn:00031896n bn:00021127n
41,n,sim,,measure,misura,Maßnahme,0.376,0,
42,n,sim,,service,servizio,Dienst,0.376,1,bn:00070651n
43,n,sim,,idea,idea,Idee,0.374,1,bn:00045800n
44,n,sim,,side,lato,Seite,0.373,2,bn:00032604n bn:00071433n
45,n,sim,,area,zona,Bereich,0.372,1,bn:00082076n
46,n,sim,,life,vita,Leben,0.37,4,bn:00051045n bn:00051054n bn:00002761n bn:00051047n
47,n,sim,,management,gestione,Verwaltung,0.37,2,bn:00027355n bn:00053116n
48,n,sim,,relationship,relazione,Beziehung,0.37,2,bn:00045161n bn:00033359n
49,n,sim,,subject,soggetto,Thema,0.37,2,bn:00074900n bn:00045803n
50,n,sim,,enterprise,impresa,Unternehmen,0.368,7,bn:00021286n bn:00014137n bn:00030751n bn:00022811n bn:00031008n bn:00073910n bn:00014160n
51,n,sim,,student,studente,Schüler,0.368,1,bn:00029806n
52,n,sim,,administration,amministrazione,Verwaltung,0.367,5,bn:00001422n bn:00001423n bn:00001424n bn:00053116n bn:00027355n
53,n,sim,,job,lavoro,Arbeit,0.367,4,bn:00030625n bn:00018756n bn:00030616n bn:00014138n
54,n,sim,,role,ruolo,Rolle,0.367,1,bn:00068130n
55,n,sim,,woman,donna,Frau,0.367,2,bn:00001530n bn:00034016n
56,n,sim,,right,diritto,Recht,0.362,1,bn:00067807n
57,n,sim,,person,persona,Person,0.361,4,bn:00061714n bn:00044576n bn:00061715n bn:00046516n
58,n,sim,,rule,regola,Regel,0.361,2,bn:00064192n bn:00066933n
59,n,sim,,condition,condizione,Bedingung,0.36,1,bn:00021649n
60,n,sim,,form,forma,Form,0.36,11,bn:00035908n bn:00035915n bn:00021751n bn:00035907n bn:00026512n bn:00035912n bn:00003882n bn:00035911n bn:00035909n bn:00035913n bn:00016529n
61,n,sim,,project,progetto,Projekt,0.36,1,bn:00064665n
62,n,sim,,team,squadra,Team,0.36,2,bn:00030339n bn:00073699n
63,n,sim,,action,azione,Aktion,0.359,0,
64,n,sim,,man,uomo,Mann,0.359,1,bn:00001533n
65,n,sim,,energy,energia,Energie,0.357,1,bn:00030820n
66,n,sim,,territory,territorio,Gebiet,0.357,0,
67,n,sim,,interest,interesse,Interesse,0.355,6,bn:00047077n bn:00047081n bn:00047079n bn:00021556n bn:00047080n bn:00047083n
68,n,sim,,number,numero,Zahl,0.355,3,bn:00058290n bn:00058285n bn:00058287n
69,n,sim,,center,centro,Zentrum,0.354,2,bn:00017130n bn:00017123n
70,n,sim,,client,cliente,Kunde,0.354,1,bn:00019763n
71,n,sim,,period,periodo,Zeit,0.354,0,
72,n,sim,,practice,pratica,Praxis,0.354,2,bn:00063989n bn:00063990n
73,n,sim,,activity,attività,Aktivität,0.352,2,bn:00001128n bn:00001174n
74,n,sim,,child,bambino,Kind,0.351,1,bn:00018345n
75,n,sim,,citizen,cittadino,Bürger,0.351,1,bn:15489147n
76,n,sim,,part,parte,Teil,0.35,1,bn:00021395n
77,n,sim,,value,valore,Wert,0.35,5,bn:00079511n bn:00079509n bn:00079508n bn:00029680n bn:00058151n
78,n,sim,,society,società,Gesellschaft,0.349,2,bn:00020039n bn:00072566n
79,n,sim,,germany,germania,Deutschland,0.348,1,bn:00026684n
80,n,sim,,sector,settore,Sektor,0.347,1,bn:11333488n
81,n,sim,,president,presidente,Präsident,0.346,2,bn:00064234n bn:00017517n
82,n,sim,,structure,struttura,Struktur,0.346,1,bn:00022071n
83,n,sim,,decision,decisione,Entscheidung,0.345,3,bn:00003132n bn:00018661n bn:00025693n
84,n,sim,,process,processo,Verfahren,0.341,1,bn:00064536n
85,n,sim,,place,luogo,Ort,0.34,2,bn:00062699n bn:00051760n
86,n,sim,,position,posizione,Position,0.34,10,bn:00063704n bn:00054979n bn:00007048n bn:00063708n bn:00062704n bn:00061746n bn:00063706n bn:00063703n bn:00063707n bn:00010073n
87,n,sim,,security,sicurezza,Sicherheit,0.34,2,bn:00068799n bn:00070219n
88,n,sim,,act,atto,Gesetz,0.339,0,
89,n,sim,,home,casa,Haus,0.338,2,bn:00044994n bn:00000356n
90,n,sim,,organization,organizzazione,Organisation,0.337,5,bn:00005863n bn:00059480n bn:00059483n bn:00001423n bn:00059482n
91,n,sim,,republic,repubblica,Republik,0.337,1,bn:00067223n
92,n,sim,,event,evento,Fall,0.336,0,
93,n,sim,,unit,unità,Einheit,0.336,1,bn:00079106n
94,n,sim,,court,tribunale,Gericht,0.335,3,bn:00023308n bn:00023302n bn:00023301n
95,n,sim,,council,consiglio,Rat,0.334,1,bn:00023119n
96,n,sim,,member,membro,Mitglied,0.334,2,bn:00034004n bn:00054277n
97,n,sim,,partner,partner,Partner,0.334,6,bn:00006531n bn:00010161n bn:00060819n bn:00028157n bn:00020592n bn:00060821n
98,n,sim,,week,settimana,Woche,0.334,1,bn:00043484n
99,n,sim,,performance,prestazione,Leistung,0.333,1,bn:00016286n
100,n,sim,,day,giorno,Tag,0.332,5,bn:00000086n bn:00025424n bn:00025422n bn:00025417n bn:00025419n
101,n,sim,,field,campo,Bereich,0.331,0,
102,n,sim,,industry,industria,Industrie,0.331,1,bn:00046576n
103,n,sim,,objective,obiettivo,Ziel,0.331,1,bn:00002179n
104,n,sim,,reason,motivo,Grund,0.331,3,bn:00041881n bn:00016851n bn:00066443n
105,n,sim,,way,modo,Weg,0.331,1,bn:00033729n
106,n,sim,,work,lavoro,Arbeit,0.331,5,bn:00030625n bn:00081570n bn:00081569n bn:00030616n bn:00014138n
107,n,sim,,level,livello,Ebene,0.33,0,
108,n,sim,,procedure,procedura,Verfahren,0.329,1,bn:00064536n
109,n,sim,,production,produzione,Produktion,0.329,4,bn:00064594n bn:00064592n bn:00064590n bn:00059790n
110,n,sim,,city,città,Stadt,0.328,1,bn:00019319n
111,n,sim,,programme,programma,Programm,0.328,2,bn:00021492n bn:00013235n
112,n,sim,,house,casa,Haus,0.327,4,bn:00044994n bn:00000356n bn:00045000n bn:00029305n
113,n,sim,,network,rete,Netzwerk,0.325,4,bn:00057379n bn:00024712n bn:00021488n bn:00054497n
114,n,sim,,time,tempo,Zeit,0.325,2,bn:00076545n bn:00077270n
115,n,sim,,club,club,Verein,0.324,1,bn:00020039n
116,n,sim,,player,giocatore,Spieler,0.324,1,bn:00060799n
117,n,sim,,question,domanda,Frage,0.324,1,bn:00047208n
118,n,sim,,store,negozio,Geschäft,0.324,3,bn:00012452n bn:00071215n bn:00067417n
119,n,sim,,operator,operatore,Betreiber,0.321,2,bn:00059142n bn:00053226n
120,n,sim,,france,francia,Frankreich,0.32,1,bn:00036202n
121,n,sim,,economy,economia,Wirtschaft,0.319,1,bn:00029678n
122,n,sim,,mean,mezzo,Mittel,0.319,0,
123,n,sim,,product,prodotto,Produkt,0.319,4,bn:00064584n bn:00054416n bn:00064585n bn:00053827n
124,n,sim,,agency,agenzia,Agentur,0.318,2,bn:00001962n bn:00001961n
125,n,sim,,operation,funzionamento,Betrieb,0.318,0,
126,n,sim,,household,famiglia,Haushalt,0.316,1,bn:00032892n
127,n,sim,,month,mese,Monat,0.315,2,bn:00055794n bn:00014710n
128,n,sim,,fact,fatto,Umstand,0.313,0,
129,n,sim,,information,informazione,Information,0.313,2,bn:00046698n bn:00046705n
130,n,sim,,town,città,Stadt,0.31,1,bn:00077775n
131,n,sim,,application,applicazione,Anwendung,0.309,2,bn:00005095n bn:00005094n
132,n,sim,,producer,produttore,Hersteller,0.309,1,bn:03927465n
133,n,sim,,deal,accordo,Abkommen,0.308,1,bn:00008568n
134,n,sim,,object,oggetto,Gegenstand,0.308,1,bn:09067735n
135,n,sim,,regulation,regolamento,Verordnung,0.308,1,bn:00059436n
136,n,sim,,year,anno,Jahr,0.308,3,bn:00006662n bn:00081857n bn:00078738n
137,n,sim,,parliament,parlamento,Parlament,0.307,1,bn:00060708n
138,n,sim,,cost,costo,Kosten,0.306,1,bn:00022995n
139,n,sim,,applicant,richiedente,Antragsteller,0.305,1,bn:00005091n
140,n,sim,,control,controllo,Kontrolle,0.305,1,bn:17607444n
141,n,sim,,fund,fondo,Fonds,0.305,0,
142,n,sim,,customer,cliente,Kunde,0.301,1,bn:00019763n
143,n,sim,,italy,italia,Italien,0.301,1,bn:00047705n
144,n,sim,,worker,lavoratore,Arbeitnehmer,0.3,0,
145,n,sim,,population,popolazione,Bevölkerung,0.299,1,bn:00063596n
146,n,sim,,people,gente,Leute,0.298,1,bn:00061450n
147,n,sim,,trade,commercio,Handel,0.298,2,bn:00077860n bn:00008735n
148,n,sim,,agreement,accordo,Vereinbarung,0.297,1,bn:00002086n
149,n,sim,,camp,campo,Lager,0.297,2,bn:00010805n bn:00015041n
150,n,sim,,centre,centro,Zentrum,0.297,2,bn:00017130n bn:00017123n
151,n,sim,,environment,ambiente,Umgebung,0.295,1,bn:00031075n
152,n,sim,,future,futuro,Zukunft,0.291,2,bn:00036941n bn:00036942n
153,n,sim,,sense,senso,Sinn,0.291,4,bn:00070494n bn:00070498n bn:00070499n bn:00000657n
154,n,sim,,world,mondo,Welt,0.291,3,bn:00045153n bn:00022991n bn:00029424n
155,n,sim,,assessment,valutazione,Bewertung,0.29,0,
156,n,sim,,change,cambiamento,Änderung,0.29,1,bn:00003125n
157,n,sim,,commune,comune,Kommune,0.29,3,bn:00056337n bn:00021218n bn:00021217n
158,n,sim,,order,ordine,Ordnung,0.29,2,bn:00059310n bn:00059307n
159,n,sim,,committee,comitato,Ausschuss,0.289,1,bn:00021015n
160,n,sim,,contribution,contributo,Beitrag,0.289,1,bn:00022272n
161,n,sim,,instrument,strumento,Instrument,0.288,6,bn:00046965n bn:00023662n bn:00046964n bn:00077585n bn:00046961n bn:00046962n
162,n,sim,,stage,fase,Phase,0.286,1,bn:00061898n
163,n,sim,,obligation,obbligo,Verpflichtung,0.285,1,bn:00029239n
164,n,sim,,public,pubblico,Öffentlichkeit,0.285,1,bn:00063584n
165,n,sim,,neighborhood,quartiere,Nachbarschaft,0.284,0,
166,n,sim,,university,università,Universität,0.284,3,bn:00000568n bn:00069619n bn:00079152n
167,n,sim,,category,categoria,Kategorie,0.283,1,bn:00016733n
168,n,sim,,effect,effetto,Wirkung,0.283,1,bn:00021961n
169,n,sim,,implementation,realizzazione,Durchführung,0.283,0,
170,n,sim,,force,vigore,Kraft,0.282,0,
171,n,sim,,hospital,ospedale,Krankenhaus,0.281,3,bn:00019822n bn:00044896n bn:00044897n
172,n,sim,,result,risultato,Ergebnis,0.28,3,bn:00021961n bn:00004452n bn:00034520n
173,n,sim,,consumer,consumatore,Verbraucher,0.279,1,bn:00022095n
174,n,sim,,school,scuola,Schule,0.279,3,bn:00069620n bn:00069625n bn:00069619n
175,n,sim,,report,relazione,Bericht,0.277,1,bn:00067181n
176,n,sim,,expenditure,spesa,Kosten,0.275,0,
177,n,sim,,method,metodo,Verfahren,0.275,1,bn:00054625n
178,n,sim,,district,quartiere,Bezirk,0.273,0,
179,n,sim,,office,ufficio,Büro,0.272,1,bn:00001961n
180,n,sim,,principle,principio,Grundsatz,0.272,2,bn:00064077n bn:00064428n
181,n,sim,,contract,contratto,Auftrag,0.271,0,
182,n,sim,,arrangement,accordo,Vereinbarung,0.27,1,bn:04094003n
183,n,sim,,association,associazione,Verein,0.268,2,bn:00020039n bn:00006539n
184,n,sim,,document,documento,Dokument,0.268,2,bn:00028018n bn:00028015n
185,n,sim,,article,articolo,Artikel,0.266,2,bn:00006121n bn:00006124n
186,n,sim,,communication,comunicazione,Mitteilung,0.265,0,
187,n,sim,,supply,offerta,Angebot,0.265,1,bn:03251267n
188,n,sim,,risk,rischio,Risiko,0.264,1,bn:00030747n
189,n,sim,,rome,roma,Rom,0.264,2,bn:00015556n bn:00068210n
190,n,sim,,segment,parte,Teil,0.264,0,
191,n,sim,,payment,pagamento,Zahlung,0.263,1,bn:00061119n
192,n,sim,,language,lingua,Sprache,0.26,2,bn:00077565n bn:00049910n
193,n,sim,,league,lega,Liga,0.26,1,bn:00021722n
194,n,sim,,landscape,paesaggio,Landschaft,0.259,1,bn:01321349n
195,n,sim,,location,posizione,Lage,0.259,1,bn:00051760n
196,n,sim,,proposal,proposta,Vorschlag,0.259,1,bn:03851567n
197,n,sim,,support,sostegno,Unterstützung,0.259,1,bn:00075331n
198,n,sim,,aid,aiuto,Hilfe,0.258,2,bn:00055177n bn:00002155n
199,n,sim,,establishment,stabilimento,Einrichtung,0.258,0,
200,n,sim,,requirement,requisito,Anforderung,0.257,1,bn:00064181n
201,n,sim,,circumstance,circostanza,Umstand,0.255,2,bn:00019219n bn:00019218n
202,n,sim,,cooperation,cooperazione,Zusammenarbeit,0.253,1,bn:00022452n
203,n,sim,,park,parco,Park,0.253,3,bn:00021051n bn:00060690n bn:00015795n
204,n,sim,,site,luogo,Stelle,0.253,0,
205,n,sim,,army,esercito,Armee,0.252,2,bn:00005803n bn:00005732n
206,n,sim,,relation,relazione,Beziehung,0.251,1,bn:00066995n
207,n,sim,,request,richiesta,Antrag,0.249,1,bn:00061826n
208,n,sim,,investment,investimento,Investition,0.248,1,bn:00047358n
209,n,sim,,north,nord,Norden,0.247,2,bn:00057102n bn:00029051n
210,n,sim,,criterion,criterio,Kriterium,0.246,2,bn:00023854n bn:00023853n
211,n,sim,,plan,piano,Plan,0.246,3,bn:00069579n bn:00026536n bn:00062759n
212,n,sim,,price,prezzo,Preis,0.246,2,bn:00025083n bn:00022996n
213,n,sim,,sport,sport,Sport,0.246,9,bn:00073570n bn:00006759n bn:00073569n bn:00073568n bn:00036814n bn:00073571n bn:00006747n bn:00056530n bn:00032203n
214,n,sim,,purpose,scopo,Zweck,0.245,0,
215,n,sim,,protection,protezione,Schutz,0.244,2,bn:00064838n bn:00071020n
216,n,sim,,context,contesto,Kontext,0.242,2,bn:00022168n bn:00019219n
217,n,sim,,russia,russia,Russland,0.238,1,bn:00068622n
218,n,sim,,south,sud,Süden,0.237,2,bn:00029053n bn:00073013n
219,n,sim,,assistance,assistenza,Hilfe,0.236,1,bn:00002155n
220,n,sim,,basis,base,Grundlage,0.233,1,bn:00008786n
221,n,sim,,competition,concorrenza,Wettbewerb,0.233,2,bn:00021339n bn:00021337n
222,n,sim,,police,polizia,Polizei,0.233,1,bn:00022026n
223,n,sim,,list,elenco,Liste,0.231,2,bn:00023140n bn:00051508n
224,n,sim,,statement,dichiarazione,Erklärung,0.23,0,
225,n,sim,,vessel,nave,Schiff,0.225,2,bn:00079862n bn:00071103n
226,n,sim,,zone,zona,Zone,0.225,4,bn:00082073n bn:00082076n bn:00009824n bn:00040162n
227,n,sim,,state,stato,Staat,0.221,3,bn:00023235n bn:00023236n bn:00064914n
228,n,sim,,village,villaggio,Dorf,0.219,1,bn:00042729n
229,n,sim,,resident,abitante,Einwohner,0.198,2,bn:03269301n bn:14483122n
230,n,sim,,island,isola,Insel,0.197,1,bn:00047612n
231,n,sim,,port,porto,Hafen,0.197,1,bn:00063640n
232,n,sim,,agriculture,agricoltura,Landwirtschaft,0.193,1,bn:00002096n
233,n,sim,,coast,costa,Küste,0.189,1,bn:00020164n
234,n,sim,,greece,grecia,Griechenland,0.189,1,bn:00030401n
235,n,sim,,transport,trasporto,Verkehr,0.184,1,bn:01731490n
236,n,sim,,egypt,egitto,Ägypten,0.178,1,bn:00005255n
237,n,sim,,iran,iran,Iran,0.174,1,bn:00047447n
238,n,sim,,ministry,ministero,Ministerium,0.172,1,bn:00055180n
239,n,sim,,africa,africa,Afrika,0.158,1,bn:00001816n
240,n,sim,,county,contea,Bezirk,0.154,0,
241,n,sim,,federation,federazione,Föderation,0.131,1,bn:00021711n
242,n,sim,,department,dipartimento,Abteilung,0.128,1,bn:00026308n
243,n,sim,,building,edificio,Gebäude,0.126,1,bn:00013722n
244,n,sim,,airport,aeroporto,Flughafen,0.125,1,bn:00001676n
245,n,sim,,farmer,agricoltore,Landwirt,0.119,1,bn:00033687n
246,n,sim,,delegation,delegazione,Delegation,0.113,2,bn:00021019n bn:00026026n
247,n,sim,,jurisdiction,giurisdizione,Zuständigkeit,0.111,1,bn:00048652n
248,n,sim,,brussels,bruxelles,Brüssel,0.101,1,bn:00009706n
249,n,sim,,border,confine,Grenze,0.054,1,bn:00012212n
1,n,sim,WEAK,account,conto,Bericht,,,
2,n,sim,WEAK,amount,quota,Betrag,,,
3,n,sim,WEAK,bill,conto,Gesetz,,,
4,n,sim,WEAK,board,consiglio,Ausschuss,,,
5,n,sim,WEAK,body,organismo,Organ,,,
6,n,sim,WEAK,branch,filiale,Gebiet,,,
7,n,sim,WEAK,business,azienda,Unternehmen,,,
8,n,sim,WEAK,campaign,campagna,Aktion,,,
9,n,sim,WEAK,capacity,capacità,Leistung,,,
10,n,sim,WEAK,college,università,Institut,,,
11,n,sim,WEAK,component,componente,Teil,,,
12,n,sim,WEAK,course,corso,Lauf,,,
13,n,sim,WEAK,date,termine,Datum,,,
14,n,sim,WEAK,datum,dato,Datum,,,
15,n,sim,WEAK,design,progetto,Plan,,,
16,n,sim,WEAK,division,sezione,Abteilung,,,
17,n,sim,WEAK,duty,obbligo,Dienst,,,
18,n,sim,WEAK,education,istruzione,Bildung,,,
19,n,sim,WEAK,effort,sforzo,Leistung,,,
20,n,sim,WEAK,element,elemento,Moment,,,
21,n,sim,WEAK,employment,occupazione,Arbeit,,,
22,n,sim,WEAK,end,fine,Zweck,,,
23,n,sim,WEAK,entity,entità,Ding,,,
24,n,sim,WEAK,estate,proprietà,Siedlung,,,
25,n,sim,WEAK,facility,infrastruttura,Einrichtung,,,
26,n,sim,WEAK,firm,impresa,Firma,,,
27,n,sim,WEAK,framework,contesto,Rahmen,,,
28,n,sim,WEAK,function,funzione,Aufgabe,,,
29,n,sim,WEAK,generation,età,Generation,,,
30,n,sim,WEAK,good,bene,Wert,,,
31,n,sim,WEAK,half,mezzo,Seite,,,
32,n,sim,WEAK,hour,ora,Zeit,,,
33,n,sim,WEAK,issue,problema,Ausgabe,,,
34,n,sim,WEAK,kind,tipo,Art,,,
35,n,sim,WEAK,land,terra,Land,,,
36,n,sim,WEAK,matter,materia,Sache,,,
37,n,sim,WEAK,medium,mezzo,Medium,,,
38,n,sim,WEAK,municipality,comune,Gemeinde,,,
39,n,sim,WEAK,officer,funzionario,Beamte,,,
40,n,sim,WEAK,official,funzionario,Beamte,,,
41,n,sim,WEAK,parish,comune,Gemeinde,,,
42,n,sim,WEAK,party,partito,Partei,,,
43,n,sim,WEAK,point,punto,Stelle,,,
44,n,sim,WEAK,property,proprietà,Haus,,,
45,n,sim,WEAK,province,provincia,Land,,,
46,n,sim,WEAK,provision,costruzione,Bestimmung,,,
47,n,sim,WEAK,race,gente,Lauf,,,
48,n,sim,WEAK,range,campo,Reihe,,,
49,n,sim,WEAK,rate,tasso,Preis,,,
50,n,sim,WEAK,record,documento,Protokoll,,,
51,n,sim,WEAK,reference,riferimento,Stelle,,,
52,n,sim,WEAK,regime,regime,System,,,
53,n,sim,WEAK,resource,risorsa,Mittel,,,
54,n,sim,WEAK,respect,riguardo,Hinsicht,,,
55,n,sim,WEAK,sale,vendita,Geschäft,,,
56,n,sim,WEAK,scheme,sistema,Programm,,,
57,n,sim,WEAK,section,sezione,Teil,,,
58,n,sim,WEAK,set,gruppo,Reihe,,,
59,n,sim,WEAK,settlement,accordo,Siedlung,,,
60,n,sim,WEAK,share,quota,Teil,,,
61,n,sim,WEAK,space,luogo,Raum,,,
62,n,sim,WEAK,sphere,ambiente,Bereich,,,
63,n,sim,WEAK,standard,norma,Anspruch,,,
64,n,sim,WEAK,study,studio,Untersuchung,,,
65,n,sim,WEAK,term,termine,Wort,,,
66,n,sim,WEAK,test,prova,Prüfung,,,
67,n,sim,WEAK,transaction,operazione,Geschäft,,,
68,n,sim,WEAK,type,tipo,Art,,,
69,n,sim,WEAK,use,uso,Einsatz,,,
70,n,sim,WEAK,user,utente,Verbraucher,,,
71,n,sim,WEAK,vehicle,mezzo,Fahrzeug,,,
1,n,cooc,,country,paese,Land,0.678,2,bn:00023235n bn:00023236n
2,n,cooc,,governor,governatore,Gouverneur,0.661,1,bn:00041204n
3,n,cooc,,government,governo,Regierung,0.583,1,bn:00001426n
4,n,cooc,,church,chiesa,Kirche,0.577,2,bn:00018819n bn:00018995n
5,n,cooc,,state,stato,Staat,0.572,3,bn:00023235n bn:00023236n bn:00064914n
6,n,cooc,,israel,israele,Israel,0.544,1,bn:00047679n
7,n,cooc,,department,dipartimento,Abteilung,0.541,1,bn:00026308n
8,n,cooc,,region,regione,Region,0.54,2,bn:00005515n bn:00066884n
9,n,cooc,,capital,capitale,Hauptstadt,0.538,1,bn:00015498n
10,n,cooc,,right,diritto,Recht,0.538,1,bn:00067807n
11,n,cooc,,member,membro,Mitglied,0.533,2,bn:00034004n bn:00054277n
12,n,cooc,,trento,trento,Trient,0.533,1,bn:00078176n
13,n,cooc,,hubei,hubei,Hebei,0.53,0,
14,n,cooc,,idlib,idlib,Idlib,0.53,4,bn:03614807n bn:19854159n bn:01876430n bn:00304895n
15,n,cooc,,commission,commissione,Kommission,0.526,1,bn:06245657n
16,n,cooc,,community,comunità,Gemeinschaft,0.518,1,bn:00021248n
17,n,cooc,,law,legge,Recht,0.513,2,bn:00048655n bn:00050250n
18,n,cooc,,society,società,Gesellschaft,0.512,2,bn:00020039n bn:00072566n
19,n,cooc,,city,città,Stadt,0.507,1,bn:00019319n
20,n,cooc,,fair,mercato,Markt,0.507,0,
21,n,cooc,,corporation,società,Gesellschaft,0.505,0,
22,n,cooc,,police,polizia,Polizei,0.504,1,bn:00022026n
23,n,cooc,,commune,comune,Kommune,0.501,3,bn:00056337n bn:00021218n bn:00021217n
24,n,cooc,,establishment,istituzione,Gründung,0.495,0,
25,n,cooc,,organization,organizzazione,Organisation,0.495,5,bn:00005863n bn:00059480n bn:00059483n bn:00001423n bn:00059482n
26,n,cooc,,religion,religione,Religion,0.495,2,bn:00032770n bn:00032768n
27,n,cooc,,organisation,organizzazione,Organisation,0.494,5,bn:00005863n bn:00059480n bn:00059483n bn:00001423n bn:00059482n
28,n,cooc,,union,unione,Union,0.489,6,bn:00079093n bn:00079077n bn:00079094n bn:00058032n bn:00021881n bn:00021127n
29,n,cooc,,district,distretto,Bezirk,0.487,1,bn:00027810n
30,n,cooc,,market,mercato,Markt,0.485,3,bn:00053459n bn:00053461n bn:00053458n
31,n,cooc,,territory,territorio,Gebiet,0.481,0,
32,n,cooc,,measure,misura,Maßnahme,0.48,0,
33,n,cooc,,nation,nazione,Nation,0.479,3,bn:00023235n bn:00023236n bn:00076734n
34,n,cooc,,authority,autorità,Behörde,0.478,0,
35,n,cooc,,chairman,presidente,Präsident,0.477,1,bn:00017517n
36,n,cooc,,court,corte,Gericht,0.476,3,bn:00023308n bn:00023302n bn:00023301n
37,n,cooc,,intervention,intervento,Intervention,0.475,3,bn:00047234n bn:00047061n bn:00047092n
38,n,cooc,,york,york,York,0.475,1,bn:00045018n
39,n,cooc,,citizen,cittadino,Bürger,0.472,1,bn:15489147n
40,n,cooc,,enterprise,impresa,Unternehmen,0.47,7,bn:00021286n bn:00014137n bn:00030751n bn:00022811n bn:00031008n bn:00073910n bn:00014160n
41,n,cooc,,anbar,anbar,Anbar,0.469,4,bn:16858657n bn:24960773n bn:00561212n bn:04547544n
42,n,cooc,,aid,aiuto,Hilfe,0.467,2,bn:00055177n bn:00002155n
43,n,cooc,,command,comando,Führung,0.467,0,
44,n,cooc,,president,presidente,Präsident,0.465,2,bn:00064234n bn:00017517n
45,n,cooc,,group,gruppo,Gruppe,0.464,4,bn:00073698n bn:00041942n bn:00041943n bn:00018111n
46,n,cooc,,iraq,iraq,Irak,0.464,1,bn:00002362n
47,n,cooc,,nationality,cittadinanza,Staatsangehörigkeit,0.462,0,
48,n,cooc,,person,persona,Person,0.462,4,bn:00061714n bn:00044576n bn:00061715n bn:00046516n
49,n,cooc,,institution,istituzione,Institution,0.459,2,bn:00031641n bn:00046954n
50,n,cooc,,town,città,Stadt,0.458,1,bn:00077775n
51,n,cooc,,switzerland,svizzera,Schweiz,0.457,1,bn:00069666n
52,n,cooc,,diocese,diocesi,Diözese,0.454,1,bn:00010714n
53,n,cooc,,army,esercito,Armee,0.453,2,bn:00005803n bn:00005732n
54,n,cooc,,control,controllo,Kontrolle,0.452,1,bn:17607444n
55,n,cooc,,office,ufficio,Amt,0.451,2,bn:00036823n bn:00001961n
56,n,cooc,,undertaking,impresa,Unternehmen,0.451,0,
57,n,cooc,,constitution,costituzione,Verfassung,0.445,1,bn:00022052n
58,n,cooc,,assistance,aiuto,Hilfe,0.444,1,bn:00002155n
59,n,cooc,,county,contea,Grafschaft,0.443,0,
60,n,cooc,,mongolia,mongolia,Mongolei,0.443,1,bn:00055661n
61,n,cooc,,representative,rappresentante,Vertreter,0.438,0,
62,n,cooc,,policy,politica,Politik,0.436,1,bn:00063329n
63,n,cooc,,level,livello,Ebene,0.429,0,
64,n,cooc,,sector,settore,Sektor,0.427,1,bn:11333488n
65,n,cooc,,condition,condizione,Bedingung,0.426,1,bn:00021649n
66,n,cooc,,economy,economia,Wirtschaft,0.424,1,bn:00029678n
67,n,cooc,,politics,politica,Politik,0.42,1,bn:00063351n
68,n,cooc,,administration,amministrazione,Verwaltung,0.418,5,bn:00001422n bn:00001423n bn:00001424n bn:00053116n bn:00027355n
69,n,cooc,,hand,mano,Hand,0.417,3,bn:00025555n bn:00042761n bn:00042759n
70,n,cooc,,congress,congresso,Kongress,0.413,2,bn:00021845n bn:00021844n
71,n,cooc,,agreement,accordo,Abkommen,0.412,0,
72,n,cooc,,power,potere,Macht,0.411,1,bn:00063940n
73,n,cooc,,zone,zona,Zone,0.409,4,bn:00082073n bn:00082076n bn:00009824n bn:00040162n
74,n,cooc,,prefecture,prefettura,Präfektur,0.408,1,bn:00064129n
75,n,cooc,,regulation,regolamento,Vorschrift,0.408,0,
76,n,cooc,,service,servizio,Dienst,0.403,1,bn:00070651n
77,n,cooc,,individual,individuo,Person,0.402,1,bn:00046516n
78,n,cooc,,lombardia,lombardia,Lombardei,0.402,1,bn:00051897n
79,n,cooc,,kingdom,regno,Königreich,0.401,2,bn:00049170n bn:00049169n
80,n,cooc,,jurisdiction,giurisdizione,Zuständigkeit,0.4,1,bn:00048652n
81,n,cooc,,development,evoluzione,Entwicklung,0.399,0,
82,n,cooc,,province,provincia,Provinz,0.399,1,bn:00064914n
83,n,cooc,,centre,centro,Zentrum,0.395,2,bn:00017130n bn:00017123n
84,n,cooc,,security,sicurezza,Sicherheit,0.392,2,bn:00068799n bn:00070219n
85,n,cooc,,company,azienda,Firma,0.389,4,bn:00021286n bn:00022811n bn:00014160n bn:00073910n
86,n,cooc,,statute,legge,Gesetz,0.389,1,bn:00050588n
87,n,cooc,,case,caso,Fall,0.387,3,bn:00016411n bn:00016402n bn:00016403n
88,n,cooc,,ownership,proprietà,Eigentum,0.387,0,
89,n,cooc,,inspection,controllo,Kontrolle,0.386,0,
90,n,cooc,,area,zona,Gebiet,0.384,1,bn:00082076n
91,n,cooc,,event,caso,Fall,0.382,1,bn:00016402n
92,n,cooc,,federation,federazione,Föderation,0.378,1,bn:00021711n
93,n,cooc,,amount,quantità,Menge,0.376,2,bn:00003603n bn:00065553n
94,n,cooc,,system,sistema,System,0.374,7,bn:00005863n bn:00075761n bn:00075759n bn:00075762n bn:00075763n bn:00075760n bn:00069580n
95,n,cooc,,act,atto,Gesetz,0.371,0,
96,n,cooc,,part,parte,Teil,0.371,1,bn:00021395n
97,n,cooc,,property,proprietà,Eigentum,0.37,1,bn:00009815n
98,n,cooc,,seat,sede,Sitz,0.37,1,bn:00252195n
99,n,cooc,,europe,europa,Europa,0.367,2,bn:00031896n bn:00021127n
100,n,cooc,,industry,industria,Industrie,0.365,1,bn:00046576n
101,n,cooc,,worker,lavoratore,Arbeitnehmer,0.361,0,
102,n,cooc,,treaty,trattato,Vertrag,0.36,1,bn:00000728n
103,n,cooc,,island,isola,Insel,0.353,1,bn:00047612n
104,n,cooc,,republic,repubblica,Republik,0.351,1,bn:00067223n
105,n,cooc,,currency,valuta,Währung,0.348,1,bn:00024507n
106,n,cooc,,bank,banca,Bank,0.344,4,bn:00008367n bn:00008364n bn:00008371n bn:00008370n
107,n,cooc,,canton,cantone,Kanton,0.335,1,bn:00015370n
108,n,cooc,,place,luogo,Ort,0.325,2,bn:00062699n bn:00051760n
109,n,cooc,,decision,decisione,Beschluss,0.264,0,
1,n,cooc,WEAK,action,azione,Maßnahme,,,
2,n,cooc,WEAK,activity,movimento,Tätigkeit,,,
3,n,cooc,WEAK,agency,agenzia,Vertretung,,,
4,n,cooc,WEAK,article,capo,Artikel,,,
5,n,cooc,WEAK,assembly,assemblea,Zusammensetzung,,,
6,n,cooc,WEAK,association,associazione,Organisation,,,
7,n,cooc,WEAK,benefit,profitto,Vorteil,,,
8,n,cooc,WEAK,body,organismo,Organ,,,
9,n,cooc,WEAK,border,confine,Rand,,,
10,n,cooc,WEAK,capture,arresto,Einnahme,,,
11,n,cooc,WEAK,committee,comitato,Kommission,,,
12,n,cooc,WEAK,contribution,collaborazione,Beitrag,,,
13,n,cooc,WEAK,convention,convenzione,Kongress,,,
14,n,cooc,WEAK,datum,dato,Grundlage,,,
15,n,cooc,WEAK,employee,dipendente,Arbeitnehmer,,,
16,n,cooc,WEAK,end,fine,Ziel,,,
17,n,cooc,WEAK,ground,base,Land,,,
18,n,cooc,WEAK,head,capo,Spitze,,,
19,n,cooc,WEAK,home,famiglia,Haus,,,
20,n,cooc,WEAK,house,camera,Haus,,,
21,n,cooc,WEAK,influence,potere,Einfluss,,,
22,n,cooc,WEAK,liability,tendenza,Haftung,,,
23,n,cooc,WEAK,line,confine,Leitung,,,
24,n,cooc,WEAK,locality,località,Gegend,,,
25,n,cooc,WEAK,march,confine,Grenzmark,,,
26,n,cooc,WEAK,medium,veicolo,Medium,,,
27,n,cooc,WEAK,militant,attivista,Kämpfer,,,
28,n,cooc,WEAK,minister,ministro,Geistliche,,,
29,n,cooc,WEAK,money,valuta,Geld,,,
30,n,cooc,WEAK,municipality,comune,Gemeinde,,,
31,n,cooc,WEAK,national,cittadino,Staatsangehörige,,,
32,n,cooc,WEAK,number,numero,Reihe,,,
33,n,cooc,WEAK,operator,operatore,Unternehmer,,,
34,n,cooc,WEAK,participation,intervento,Teilnahme,,,
35,n,cooc,WEAK,party,partito,Partei,,,
36,n,cooc,WEAK,people,popolo,Volk,,,
37,n,cooc,WEAK,period,periodo,Regel,,,
38,n,cooc,WEAK,plan,progetto,Plan,,,
39,n,cooc,WEAK,procedure,procedura,Vorgehen,,,
40,n,cooc,WEAK,processing,trattamento,Entwicklung,,,
41,n,cooc,WEAK,purpose,scopo,Ziel,,,
42,n,cooc,WEAK,record,disco,Protokoll,,,
43,n,cooc,WEAK,reference,relazione,Stelle,,,
44,n,cooc,WEAK,regime,regime,System,,,
45,n,cooc,WEAK,report,relazione,Protokoll,,,
46,n,cooc,WEAK,requirement,condizione,Voraussetzung,,,
47,n,cooc,WEAK,revenue,reddito,Nutzung,,,
48,n,cooc,WEAK,rule,norma,Regel,,,
49,n,cooc,WEAK,scheme,sistema,Programm,,,
50,n,cooc,WEAK,situation,situazione,Stellung,,,
51,n,cooc,WEAK,square,quadro,Winkel,,,
52,n,cooc,WEAK,standard,norma,Anspruch,,,
53,n,cooc,WEAK,subject,soggetto,Sache,,,
54,n,cooc,WEAK,tax,peso,Steuer,,,
55,n,cooc,WEAK,team,squadra,Gruppe,,,
56,n,cooc,WEAK,title,titolo,Name,,,
57,n,cooc,WEAK,village,paese,Dorf,,,
1,adj,cooc,,autonomous,autonomo,autonom,0.581,0,
2,adj,cooc,,islamic,islamico,islamisch,0.565,0,
3,adj,cooc,,canadian,canadese,kanadisch,0.561,0,
4,adj,cooc,,jewish,ebraico,jüdisch,0.548,1,bn:00105531a
5,adj,cooc,,sovereign,sovrano,souverän,0.537,0,
6,adj,cooc,,eastern,orientale,östlich,0.53,1,bn:00101967a
7,adj,cooc,,european,europeo,europäisch,0.53,0,
8,adj,cooc,,democratic,democratico,demokratisch,0.528,1,bn:00101148a
9,adj,cooc,,arab,arabo,arabisch,0.524,1,bn:13714556a
10,adj,cooc,,palestinian,palestinese,palästinensisch,0.514,0,
11,adj,cooc,,independent,indipendente,unabhängig,0.509,0,
12,adj,cooc,,roman,romano,römisch,0.501,0,
13,adj,cooc,,east,orientale,östlich,0.486,0,
14,adj,cooc,,african,africano,afrikanisch,0.484,0,
15,adj,cooc,,affected,affetto,betroffen,0.479,0,
16,adj,cooc,,chinese,cinese,chinesisch,0.476,1,bn:00099614a
17,adj,cooc,,federal,federale,föderal,0.471,1,bn:00102870a
18,adj,cooc,,modern,moderno,modern,0.463,3,bn:00096529a bn:00106822a bn:00106831a
19,adj,cooc,,secular,laico,säkular,0.463,0,
20,adj,cooc,,poor,povero,arm,0.461,1,bn:00108798a
21,adj,cooc,,responsible,responsabile,zuständig,0.452,0,
22,adj,cooc,,totalitarian,totalitario,totalitär,0.441,1,bn:00112018a
23,adj,cooc,,italian,italiano,italienisch,0.438,1,bn:00105493a
24,adj,cooc,,southwestern,sudoccidentale,südwestlich,0.438,0,
25,adj,cooc,,syrian,siriano,syrisch,0.435,0,
26,adj,cooc,,american,americano,amerikanisch,0.433,1,bn:00096963a
27,adj,cooc,,german,tedesco,deutsch,0.43,1,bn:00103560a
28,adj,cooc,,dutch,olandese,niederländisch,0.427,1,bn:00101908a
29,adj,cooc,,entire,intero,ganz,0.418,1,bn:00102279a
30,adj,cooc,,greek,greco,griechisch,0.418,1,bn:00103785a
31,adj,cooc,,deep,profondo,tief,0.41,0,
32,adj,cooc,,portuguese,portoghese,portugiesisch,0.41,1,bn:00106270a
33,adj,cooc,,interested,interessato,interessiert,0.402,1,bn:00105275a
34,adj,cooc,,indian,indiano,indisch,0.401,0,
35,adj,cooc,,small,piccolo,klein,0.396,0,
36,adj,cooc,,rich,ricco,reich,0.394,1,bn:00096612a
37,adj,cooc,,only,solo,einzig,0.391,0,
38,adj,cooc,,weak,debole,schwach,0.39,1,bn:00113737a
39,adj,cooc,,basque,basco,baskisch,0.386,0,
40,adj,cooc,,different,diverso,verschieden,0.385,0,
41,adj,cooc,,new,nuovo,neu,0.384,1,bn:00107267a
42,adj,cooc,,strong,forte,stark,0.382,3,bn:00111312a bn:00103195a bn:00103942a
43,adj,cooc,,french,francese,französisch,0.376,1,bn:00103321a
44,adj,cooc,,respective,rispettivo,jeweilig,0.375,0,
45,adj,cooc,,central,centrale,zentral,0.373,0,
46,adj,cooc,,neutral,neutro,neutral,0.37,3,bn:00107260a bn:00107263a bn:00107262a
47,adj,cooc,,spanish,spagnolo,spanisch,0.362,1,bn:00110978a
48,adj,cooc,,remote,remoto,abgelegen,0.356,0,
49,adj,cooc,,future,futuro,künftig,0.354,0,
50,adj,cooc,,distinct,diverso,verschieden,0.347,0,
51,adj,cooc,,initial,iniziale,ursprünglich,0.34,0,
52,adj,cooc,,abundant,ricco,reich,0.339,0,
53,adj,cooc,,own,proprio,eigen,0.317,1,bn:00096707a
54,adj,cooc,,certain,certo,sicher,0.315,1,bn:00099475a
55,adj,cooc,,keen,forte,stark,0.315,0,
56,adj,cooc,,numerous,numeroso,zahlreich,0.311,1,bn:00105858a
57,adj,cooc,,short,piccolo,klein,0.3,0,
58,adj,cooc,,proper,proprio,eigen,0.257,0,
59,adj,cooc,,secure,certo,sicher,0.253,0,
1,adj,cooc,WEAK,able,capace,stark,,,
2,adj,cooc,WEAK,adjacent,vicino,benachbart,,,
3,adj,cooc,WEAK,appropriate,opportuno,zuständig,,,
4,adj,cooc,WEAK,bad,cattivo,stark,,,
5,adj,cooc,WEAK,big,grande,weit,,,
6,adj,cooc,WEAK,bound,diretto,gebunden,,,
7,adj,cooc,WEAK,busy,attivo,unruhig,,,
8,adj,cooc,WEAK,close,vicino,dicht,,,
9,adj,cooc,WEAK,competent,competente,zuständig,,,
10,adj,cooc,WEAK,concerned,interessato,betroffen,,,
11,adj,cooc,WEAK,exclusive,intero,einzig,,,
12,adj,cooc,WEAK,first,primo,ursprünglich,,,
13,adj,cooc,WEAK,foreign,estero,fremd,,,
14,adj,cooc,WEAK,free,libero,selbständig,,,
15,adj,cooc,WEAK,full,pieno,ganz,,,
16,adj,cooc,WEAK,good,buono,reich,,,
17,adj,cooc,WEAK,great,grande,stark,,,
18,adj,cooc,WEAK,high,elevato,stark,,,
19,adj,cooc,WEAK,individual,individuale,einzeln,,,
20,adj,cooc,WEAK,large,grande,stark,,,
21,adj,cooc,WEAK,low,piccolo,tief,,,
22,adj,cooc,WEAK,natural,naturale,ursprünglich,,,
23,adj,cooc,WEAK,neighboring,vicino,benachbart,,,
24,adj,cooc,WEAK,northern,settentrionale,nördlich,,,
25,adj,cooc,WEAK,northwestern,nordoccidentale,nordwestlich,,,
26,adj,cooc,WEAK,open,libero,weit,,,
27,adj,cooc,WEAK,original,originale,ursprünglich,,,
28,adj,cooc,WEAK,outside,esterno,fremd,,,
29,adj,cooc,WEAK,overall,generale,gesamt,,,
30,adj,cooc,WEAK,particular,proprio,bestimmt,,,
31,adj,cooc,WEAK,primary,principale,ursprünglich,,,
32,adj,cooc,WEAK,prosperous,favorevole,wohlhabend,,,
33,adj,cooc,WEAK,relevant,pertinente,betreffend,,,
34,adj,cooc,WEAK,restive,restio,unruhig,,,
35,adj,cooc,WEAK,separate,indipendente,einzeln,,,
36,adj,cooc,WEAK,several,diverso,jeweilig,,,
37,adj,cooc,WEAK,single,singolo,einzeln,,,
38,adj,cooc,WEAK,solid,solido,dicht,,,
39,adj,cooc,WEAK,sorry,pietoso,faul,,,
40,adj,cooc,WEAK,southeastern,sudorientale,südöstlich,,,
41,adj,cooc,WEAK,southern,meridionale,südlich,,,
42,adj,cooc,WEAK,specific,specifico,bestimmt,,,
43,adj,cooc,WEAK,stable,stabile,sicher,,,
44,adj,cooc,WEAK,steady,fisso,sicher,,,
45,adj,cooc,WEAK,unique,unico,einzig,,,
46,adj,cooc,WEAK,various,vario,verschieden,,,
47,adj,cooc,WEAK,western,occidentale,westlich,,,
48,adj,cooc,WEAK,wide,grande,weit,,,
49,adj,cooc,WEAK,young,giovane,neu,,,
1,v,cooc,,wish,desiderare,wünschen,0.52,0,
2,v,cooc,,execute,eseguire,ausführen,0.515,2,bn:00087107v bn:00087823v
3,v,cooc,,declare,dichiarare,erklären,0.506,1,bn:00086380v
4,v,cooc,,associate,associare,assoziieren,0.5,0,
5,v,cooc,,spend,spendere,ausgeben,0.477,1,bn:00087372v
6,v,cooc,,desire,desiderare,wünschen,0.474,0,
7,v,cooc,,guarantee,garantire,garantieren,0.473,1,bn:00082877v
8,v,cooc,,ratify,ratificare,ratifizieren,0.466,1,bn:00092379v
9,v,cooc,,nominate,nominare,ernennen,0.465,0,
10,v,cooc,,inspect,controllare,kontrollieren,0.464,0,
11,v,cooc,,monitor,controllare,kontrollieren,0.462,0,
12,v,cooc,,describe,descrivere,bezeichnen,0.461,0,
13,v,cooc,,reach,raggiungere,erreichen,0.458,2,bn:00082901v bn:00082226v
14,v,cooc,,appoint,nominare,ernennen,0.456,1,bn:00082716v
15,v,cooc,,elect,eleggere,wählen,0.455,0,
16,v,cooc,,represent,rappresentare,darstellen,0.452,1,bn:00083187v
17,v,cooc,,import,importare,importieren,0.451,1,bn:00089626v
18,v,cooc,,want,desiderare,wünschen,0.449,0,
19,v,cooc,,rule,governare,regieren,0.447,0,
20,v,cooc,,grant,concedere,gewähren,0.444,0,
21,v,cooc,,govern,governare,regieren,0.442,0,
22,v,cooc,,attain,raggiungere,erreichen,0.44,2,bn:00082901v bn:00082226v
23,v,cooc,,impose,imporre,auferlegen,0.44,0,
24,v,cooc,,achieve,raggiungere,erreichen,0.439,1,bn:00082226v
25,v,cooc,,maintain,mantenere,halten,0.439,0,
26,v,cooc,,allow,consentire,zulassen,0.438,0,
27,v,cooc,,participate,partecipare,teilnehmen,0.437,1,bn:00091451v
28,v,cooc,,oblige,obbligare,verpflichten,0.434,0,
29,v,cooc,,unite,unire,vereinigen,0.432,1,bn:00082317v
30,v,cooc,,exercise,esercitare,ausüben,0.43,0,
31,v,cooc,,protect,proteggere,schützen,0.43,1,bn:00090041v
32,v,cooc,,abolish,abolire,abschaffen,0.429,1,bn:00082643v
33,v,cooc,,ask,chiedere,fragen,0.427,1,bn:00082819v
34,v,cooc,,induce,indurre,veranlassen,0.425,0,
35,v,cooc,,recognize,riconoscere,erkennen,0.424,1,bn:00086904v
36,v,cooc,,determine,determinare,bestimmen,0.422,0,
37,v,cooc,,return,tornare,zurückkehren,0.422,1,bn:00092969v
38,v,cooc,,do,fare,tun,0.421,1,bn:00082286v
39,v,cooc,,commit,impegnare,verpflichten,0.42,0,
40,v,cooc,,recognise,riconoscere,erkennen,0.419,1,bn:00086904v
41,v,cooc,,prohibit,vietare,verbieten,0.418,1,bn:00086877v
42,v,cooc,,understand,capire,verstehen,0.418,1,bn:00082727v
43,v,cooc,,ensure,garantire,gewährleisten,0.417,1,bn:00082812v
44,v,cooc,,take,prendere,nehmen,0.417,3,bn:00088762v bn:00094731v bn:00085689v
45,v,cooc,,conduct,condurre,führen,0.416,0,
46,v,cooc,,help,aiutare,helfen,0.413,1,bn:00082481v
47,v,cooc,,accord,accordare,gewähren,0.412,0,
48,v,cooc,,authorise,autorizzare,genehmigen,0.411,0,
49,v,cooc,,consider,considerare,betrachten,0.41,0,
50,v,cooc,,transmit,trasmettere,übertragen,0.41,1,bn:00082493v
51,v,cooc,,create,creare,schaffen,0.409,1,bn:00086009v
52,v,cooc,,aid,aiutare,helfen,0.408,1,bn:00082481v
53,v,cooc,,indicate,indicare,zeigen,0.408,0,
54,v,cooc,,try,tentare,versuchen,0.408,2,bn:00082844v bn:00087731v
55,v,cooc,,seize,prendere,ergreifen,0.407,1,bn:00085207v
56,v,cooc,,agree,concordare,zustimmen,0.406,2,bn:00082475v bn:00082480v
57,v,cooc,,assist,assistere,helfen,0.405,1,bn:00082481v
58,v,cooc,,ban,vietare,verbieten,0.405,0,
59,v,cooc,,own,possedere,besitzen,0.405,1,bn:00089241v
60,v,cooc,,become,diventare,werden,0.402,0,
61,v,cooc,,fight,combattere,kämpfen,0.402,1,bn:00085711v
62,v,cooc,,regard,considerare,betrachten,0.402,0,
63,v,cooc,,communicate,comunicare,mitteilen,0.4,0,
64,v,cooc,,exist,esistere,existieren,0.399,1,bn:00083184v
65,v,cooc,,define,definire,definieren,0.398,1,bn:00086465v
66,v,cooc,,make,fare,machen,0.398,3,bn:00086013v bn:00084198v bn:00086008v
67,v,cooc,,mean,dire,bedeuten,0.398,1,bn:00089805v
68,v,cooc,,prevent,impedire,verhindern,0.398,2,bn:00090033v bn:00088454v
69,v,cooc,,annex,annettere,annektieren,0.397,0,
70,v,cooc,,attempt,tentare,versuchen,0.397,1,bn:00082844v
71,v,cooc,,authorize,autorizzare,genehmigen,0.397,0,
72,v,cooc,,decide,decidere,entscheiden,0.397,2,bn:00082354v bn:00086370v
73,v,cooc,,ravage,devastare,verwüsten,0.397,1,bn:00086685v
74,v,cooc,,claim,rivendicare,beanspruchen,0.396,0,
75,v,cooc,,choose,scegliere,wählen,0.394,1,bn:00084931v
76,v,cooc,,follow,seguire,folgen,0.394,1,bn:00088020v
77,v,cooc,,give,dare,geben,0.394,2,bn:00088815v bn:00088825v
78,v,cooc,,act,agire,handeln,0.393,0,
79,v,cooc,,devastate,devastare,verwüsten,0.393,1,bn:00086685v
80,v,cooc,,meet,incontrare,treffen,0.393,2,bn:00085339v bn:00088791v
81,v,cooc,,remain,rimanere,bleiben,0.393,3,bn:00091562v bn:00092756v bn:00085719v
82,v,cooc,,invest,investire,investieren,0.392,1,bn:00085429v
83,v,cooc,,carry,trasportare,tragen,0.391,1,bn:00084554v
84,v,cooc,,leave,lasciare,verlassen,0.39,1,bn:00087845v
85,v,cooc,,show,mostrare,zeigen,0.39,2,bn:00086567v bn:00086557v
86,v,cooc,,receive,ricevere,erhalten,0.389,1,bn:00089246v
87,v,cooc,,benefit,beneficiare,profitieren,0.386,1,bn:00083413v
88,v,cooc,,refuse,rifiutare,verweigern,0.385,0,
89,v,cooc,,request,richiedere,bitten,0.385,0,
90,v,cooc,,destroy,distruggere,zerstören,0.384,2,bn:00086699v bn:00086698v
91,v,cooc,,force,costringere,zwingen,0.384,0,
92,v,cooc,,found,fondare,gründen,0.384,1,bn:00087732v
93,v,cooc,,kep,mantenere,behalten,0.384,0,
94,v,cooc,,violate,violare,verletzen,0.384,1,bn:00083897v
95,v,cooc,,enter,entrare,eintreten,0.383,1,bn:00085363v
96,v,cooc,,lose,perdere,verlieren,0.382,2,bn:00090489v bn:00090486v
97,v,cooc,,retain,conservare,behalten,0.382,1,bn:00089386v
98,v,cooc,,send,inviare,senden,0.382,0,
99,v,cooc,,strike,colpire,treffen,0.381,0,
100,v,cooc,,form,formare,bilden,0.38,1,bn:00088490v
101,v,cooc,,license,autorizzare,genehmigen,0.38,0,
102,v,cooc,,possess,possedere,besitzen,0.378,1,bn:00089241v
103,v,cooc,,accept,accettare,akzeptieren,0.377,3,bn:00082197v bn:00082201v bn:00082198v
104,v,cooc,,undertake,intraprendere,unternehmen,0.377,0,
105,v,cooc,,designate,designare,benennen,0.376,0,
106,v,cooc,,expect,aspettare,erwarten,0.376,1,bn:00082963v
107,v,cooc,,see,vedere,sehen,0.376,2,bn:00092443v bn:00093430v
108,v,cooc,,advance,avanzare,vorrücken,0.375,0,
109,v,cooc,,certify,certificare,bestätigen,0.375,0,
110,v,cooc,,join,aderire,beitreten,0.375,1,bn:00088013v
111,v,cooc,,hit,colpire,treffen,0.373,0,
112,v,cooc,,lack,mancare,fehlen,0.373,1,bn:00090161v
113,v,cooc,,order,disporre,ordnen,0.373,0,
114,v,cooc,,put,mettere,setzen,0.37,0,
115,v,cooc,,get,ricevere,erhalten,0.369,0,
116,v,cooc,,serve,servire,dienen,0.369,1,bn:00082867v
117,v,cooc,,intend,intendere,beabsichtigen,0.368,2,bn:00089804v bn:00089805v
118,v,cooc,,subdivide,suddividere,unterteilen,0.367,0,
119,v,cooc,,work,lavorare,arbeiten,0.367,1,bn:00095812v
120,v,cooc,,empower,autorizzare,ermächtigen,0.366,0,
121,v,cooc,,operate,operare,arbeiten,0.365,0,
122,v,cooc,,bring,portare,bringen,0.363,1,bn:00084058v
123,v,cooc,,conquer,conquistare,erobern,0.363,1,bn:00082739v
124,v,cooc,,cover,coprire,bedecken,0.362,0,
125,v,cooc,,complete,completare,abschließen,0.359,0,
126,v,cooc,,draw,trarre,ziehen,0.358,0,
127,v,cooc,,approve,approvare,genehmigen,0.357,0,
128,v,cooc,,ease,alleviare,entlasten,0.356,0,
129,v,cooc,,vote,votare,wählen,0.356,1,bn:00095572v
130,v,cooc,,administer,amministrare,verwalten,0.355,1,bn:00082362v
131,v,cooc,,populate,popolare,bevölkern,0.352,1,bn:00087441v
132,v,cooc,,identify,identificare,identifizieren,0.351,1,bn:00089574v
133,v,cooc,,kill,uccidere,töten,0.351,1,bn:00090098v
134,v,cooc,,attack,attaccare,angreifen,0.35,1,bn:00082838v
135,v,cooc,,characterize,caratterizzare,kennzeichnen,0.35,0,
136,v,cooc,,record,registrare,aufnehmen,0.35,0,
137,v,cooc,,transform,trasformare,verwandeln,0.349,1,bn:00095090v
138,v,cooc,,traverse,attraversare,durchqueren,0.349,0,
139,v,cooc,,link,collegare,verbinden,0.348,1,bn:00085623v
140,v,cooc,,partition,dividere,aufteilen,0.348,0,
141,v,cooc,,register,registrare,registrieren,0.348,2,bn:00092679v bn:00083775v
142,v,cooc,,say,dire,sagen,0.348,1,bn:00093287v
143,v,cooc,,connect,collegare,verbinden,0.347,1,bn:00085623v
144,v,cooc,,confirm,confermare,bestätigen,0.345,0,
145,v,cooc,,evacuate,evacuare,evakuieren,0.345,0,
146,v,cooc,,introduce,introdurre,einführen,0.345,0,
147,v,cooc,,prepare,preparare,vorbereiten,0.344,1,bn:00088250v
148,v,cooc,,hold,tenere,halten,0.343,1,bn:00089385v
149,v,cooc,,bind,legare,binden,0.342,1,bn:00083498v
150,v,cooc,,arrest,arrestare,verhaften,0.341,1,bn:00082728v
151,v,cooc,,call,chiamare,rufen,0.34,0,
152,v,cooc,,manage,gestire,verwalten,0.34,1,bn:00084527v
153,v,cooc,,justify,giustificare,rechtfertigen,0.337,1,bn:00090025v
154,v,cooc,,place,mettere,legen,0.337,1,bn:00090224v
155,v,cooc,,visit,visitare,besuchen,0.337,2,bn:00093433v bn:00084390v
156,v,cooc,,go,andare,gehen,0.334,2,bn:00086600v bn:00088629v
157,v,cooc,,defend,difendere,verteidigen,0.332,2,bn:00086453v bn:00090041v
158,v,cooc,,consult,consultare,konsultieren,0.33,0,
159,v,cooc,,reject,rifiutare,ablehnen,0.33,1,bn:00086390v
160,v,cooc,,subdue,sottomettere,unterwerfen,0.33,0,
161,v,cooc,,recapture,riconquistare,zurückerobern,0.329,0,
162,v,cooc,,extend,estendere,verlängern,0.328,0,
163,v,cooc,,pacify,pacificare,befrieden,0.327,1,bn:00091373v
164,v,cooc,,inhabit,abitare,bewohnen,0.326,0,
165,v,cooc,,infest,infestare,heimsuchen,0.32,0,
166,v,cooc,,struggle,combattere,kämpfen,0.319,1,bn:00085711v
167,v,cooc,,occupy,occupare,besetzen,0.318,0,
168,v,cooc,,belong,appartenere,gehören,0.317,0,
169,v,cooc,,instruct,istruire,anweisen,0.315,0,
170,v,cooc,,include,includere,umfassen,0.314,0,
171,v,cooc,,separate,separare,trennen,0.314,0,
172,v,cooc,,use,utilizzare,verwenden,0.314,1,bn:00082705v
173,v,cooc,,delegate,delegare,delegieren,0.312,0,
174,v,cooc,,report,segnalare,melden,0.312,0,
175,v,cooc,,contribute,contribuire,beitragen,0.31,0,
176,v,cooc,,liberate,liberare,befreien,0.31,0,
177,v,cooc,,colonize,colonizzare,besiedeln,0.309,0,
178,v,cooc,,find,trovare,finden,0.306,2,bn:00088204v bn:00084231v
179,v,cooc,,exclude,escludere,ausschließen,0.305,0,
180,v,cooc,,constitute,costituire,bilden,0.3,1,bn:00083187v
181,v,cooc,,gather,riunire,versammeln,0.3,0,
182,v,cooc,,shake,scuotere,erschüttern,0.298,1,bn:00082470v
183,v,cooc,,allocate,assegnare,zuweisen,0.296,0,
184,v,cooc,,submit,presentare,vorlegen,0.295,0,
185,v,cooc,,entrust,affidare,anvertrauen,0.294,1,bn:00087695v
186,v,cooc,,deliver,consegnare,liefern,0.289,1,bn:00086531v
187,v,cooc,,plan,pianificare,planen,0.285,1,bn:00085742v
188,v,cooc,,specify,specificare,angeben,0.28,0,
189,v,cooc,,offer,offrire,bieten,0.273,0,
190,v,cooc,,suffer,soffrire,leiden,0.269,1,bn:00082138v
191,v,cooc,,organize,organizzare,organisieren,0.268,0,
192,v,cooc,,supply,fornire,liefern,0.265,0,
193,v,cooc,,produce,produrre,produzieren,0.264,3,bn:00086013v bn:00084198v bn:00084082v
194,v,cooc,,enjoy,godere,genießen,0.259,2,bn:00083145v bn:00087646v
195,v,cooc,,locate,individuare,finden,0.243,0,
196,v,cooc,,convince,convincere,überzeugen,0.216,1,bn:00085767v
1,v,cooc,WEAK,abut,confinare,angrenzen,,,
2,v,cooc,WEAK,accede,aderire,zustimmen,,,
3,v,cooc,WEAK,add,aggiungere,anbauen,,,
4,v,cooc,WEAK,adopt,adottare,übernehmen,,,
5,v,cooc,WEAK,affect,interessare,betreffen,,,
6,v,cooc,WEAK,aim,puntare,richten,,,
7,v,cooc,WEAK,allot,assegnare,zuteilen,,,
8,v,cooc,WEAK,alter,modificare,umbauen,,,
9,v,cooc,WEAK,announce,annunciare,melden,,,
10,v,cooc,WEAK,apply,applicare,anwenden,,,
11,v,cooc,WEAK,argue,discutere,argumentieren,,,
12,v,cooc,WEAK,assess,valutare,feststellen,,,
13,v,cooc,WEAK,assume,assumere,übernehmen,,,
14,v,cooc,WEAK,assure,assicurare,sichern,,,
15,v,cooc,WEAK,attend,assistere,besuchen,,,
16,v,cooc,WEAK,award,attribuire,vergeben,,,
17,v,cooc,WEAK,base,basare,gründen,,,
18,v,cooc,WEAK,be,diventare,liegen,,,
19,v,cooc,WEAK,bear,sostenere,tragen,,,
20,v,cooc,WEAK,beat,colpire,treiben,,,
21,v,cooc,WEAK,begin,avviare,beginnen,,,
22,v,cooc,WEAK,border,delimitare,grenzen,,,
23,v,cooc,WEAK,bound,limitare,springen,,,
24,v,cooc,WEAK,cancel,cancellare,aufheben,,,
25,v,cooc,WEAK,cede,cedere,abtreten,,,
26,v,cooc,WEAK,change,cambiare,tauschen,,,
27,v,cooc,WEAK,close,concludere,schließen,,,
28,v,cooc,WEAK,collapse,fallire,einfallen,,,
29,v,cooc,WEAK,collect,ritirare,kassieren,,,
30,v,cooc,WEAK,comprise,comprendere,umfassen,,,
31,v,cooc,WEAK,concern,interessare,betreffen,,,
32,v,cooc,WEAK,conclude,concludere,abschließen,,,
33,v,cooc,WEAK,contact,contattare,berühren,,,
34,v,cooc,WEAK,continue,continuare,aufgreifen,,,
35,v,cooc,WEAK,control,controllare,steuern,,,
36,v,cooc,WEAK,convict,condannare,überführen,,,
37,v,cooc,WEAK,coordinate,coordinare,vereinigen,,,
38,v,cooc,WEAK,deem,ritenere,befinden,,,
39,v,cooc,WEAK,delineate,delineare,darstellen,,,
40,v,cooc,WEAK,deprive,privare,entziehen,,,
41,v,cooc,WEAK,develop,svolgere,entwickeln,,,
42,v,cooc,WEAK,direct,dirigere,richten,,,
43,v,cooc,WEAK,divide,dividere,teilen,,,
44,v,cooc,WEAK,employ,assumere,beschäftigen,,,
45,v,cooc,WEAK,enact,decretare,erlassen,,,
46,v,cooc,WEAK,encompass,compiere,umfassen,,,
47,v,cooc,WEAK,encourage,incoraggiare,fördern,,,
48,v,cooc,WEAK,enforce,applicare,vollziehen,,,
49,v,cooc,WEAK,entitle,autorizzare,berechtigen,,,
50,v,cooc,WEAK,establish,stabilire,schaffen,,,
51,v,cooc,WEAK,estimate,valutare,ermitteln,,,
52,v,cooc,WEAK,examine,esaminare,kontrollieren,,,
53,v,cooc,WEAK,expand,estendere,ausdehnen,,,
54,v,cooc,WEAK,experience,sperimentare,erleben,,,
55,v,cooc,WEAK,fail,mancare,versagen,,,
56,v,cooc,WEAK,fall,decadere,fallen,,,
57,v,cooc,WEAK,fix,fissare,regeln,,,
58,v,cooc,WEAK,group,raggruppare,klassifizieren,,,
59,v,cooc,WEAK,have,disporre,haben,,,
60,v,cooc,WEAK,hire,assumere,leihen,,,
61,v,cooc,WEAK,implement,realizzare,durchführen,,,
62,v,cooc,WEAK,inform,informare,unterrichten,,,
63,v,cooc,WEAK,invade,invadere,überfallen,,,
64,v,cooc,WEAK,invite,invitare,laden,,,
65,v,cooc,WEAK,involve,coinvolgere,umfassen,,,
66,v,cooc,WEAK,issue,emettere,erteilen,,,
67,v,cooc,WEAK,know,sapere,erkennen,,,
68,v,cooc,WEAK,lay,appoggiare,legen,,,
69,v,cooc,WEAK,lead,portare,führen,,,
70,v,cooc,WEAK,legislate,legiferare,berücksichtigen,,,
71,v,cooc,WEAK,let,lasciare,lassen,,,
72,v,cooc,WEAK,levy,imporre,erheben,,,
73,v,cooc,WEAK,lie,rimanere,liegen,,,
74,v,cooc,WEAK,lift,abolire,erheben,,,
75,v,cooc,WEAK,list,elencare,aufnehmen,,,
76,v,cooc,WEAK,look,apparire,sehen,,,
77,v,cooc,WEAK,merge,unire,verbinden,,,
78,v,cooc,WEAK,move,portare,bewegen,,,
79,v,cooc,WEAK,need,mancare,brauchen,,,
80,v,cooc,WEAK,negotiate,superare,verhandeln,,,
81,v,cooc,WEAK,note,constatare,verzeichnen,,,
82,v,cooc,WEAK,notify,notificare,mitteilen,,,
83,v,cooc,WEAK,opt,optare,wählen,,,
84,v,cooc,WEAK,originate,provenire,entstehen,,,
85,v,cooc,WEAK,overrun,invadere,überziehen,,,
86,v,cooc,WEAK,pass,superare,gehen,,,
87,v,cooc,WEAK,pay,pagare,zahlen,,,
88,v,cooc,WEAK,permit,ammettere,erlauben,,,
89,v,cooc,WEAK,plague,affliggere,heimsuchen,,,
90,v,cooc,WEAK,play,agire,spielen,,,
91,v,cooc,WEAK,plunge,rischiare,stürzen,,,
92,v,cooc,WEAK,position,posizionare,stationieren,,,
93,v,cooc,WEAK,promise,promettere,ankündigen,,,
94,v,cooc,WEAK,prompt,spingere,veranlassen,,,
95,v,cooc,WEAK,propose,proporre,beantragen,,,
96,v,cooc,WEAK,protest,dichiarare,protestieren,,,
97,v,cooc,WEAK,provide,fornire,bieten,,,
98,v,cooc,WEAK,push,spingere,drängen,,,
99,v,cooc,WEAK,qualify,definire,berechtigen,,,
100,v,cooc,WEAK,raid,invadere,plündern,,,
101,v,cooc,WEAK,raise,proporre,erhöhen,,,
102,v,cooc,WEAK,recover,riprendere,gewinnen,,,
103,v,cooc,WEAK,reduce,abbassare,reduzieren,,,
104,v,cooc,WEAK,refer,sottoporre,überweisen,,,
105,v,cooc,WEAK,release,rilasciare,lösen,,,
106,v,cooc,WEAK,reorganize,riorganizzare,umbauen,,,
107,v,cooc,WEAK,require,richiedere,benötigen,,,
108,v,cooc,WEAK,restore,ripristinare,herstellen,,,
109,v,cooc,WEAK,review,riesaminare,besichtigen,,,
110,v,cooc,WEAK,run,gestire,starten,,,
111,v,cooc,WEAK,save,risparmiare,sparen,,,
112,v,cooc,WEAK,score,comporre,erzielen,,,
113,v,cooc,WEAK,second,distaccare,unterstützen,,,
114,v,cooc,WEAK,seise,sequestrare,erobern,,,
115,v,cooc,WEAK,select,selezionare,wählen,,,
116,v,cooc,WEAK,set,fissare,setzen,,,
117,v,cooc,WEAK,settle,comporre,regeln,,,
118,v,cooc,WEAK,sign,firmare,unterzeichnen,,,
119,v,cooc,WEAK,situate,situare,legen,,,
120,v,cooc,WEAK,span,abbracciare,greifen,,,
121,v,cooc,WEAK,split,dividere,teilen,,,
122,v,cooc,WEAK,sponsor,patrocinare,fördern,,,
123,v,cooc,WEAK,stand,restare,stehen,,,
124,v,cooc,WEAK,start,avviare,beginnen,,,
125,v,cooc,WEAK,step,andare,treten,,,
126,v,cooc,WEAK,stretch,estendere,ausdehnen,,,
127,v,cooc,WEAK,suggest,proporre,unterstellen,,,
128,v,cooc,WEAK,support,sostenere,unterstützen,,,
129,v,cooc,WEAK,surrender,cedere,ausliefern,,,
130,v,cooc,WEAK,surround,limitare,umschließen,,,
131,v,cooc,WEAK,suspend,sospendere,ausschließen,,,
132,v,cooc,WEAK,sweep,spazzare,streichen,,,
133,v,cooc,WEAK,think,riflettere,finden,,,
134,v,cooc,WEAK,travel,andare,reisen,,,
135,v,cooc,WEAK,treat,considerare,nehmen,,,
136,v,cooc,WEAK,unfold,spiegare,entwickeln,,,
137,v,cooc,WEAK,urge,sollecitare,drängen,,,
138,v,cooc,WEAK,welcome,accogliere,empfangen,,,
139,v,cooc,WEAK,win,conquistare,gewinnen,,,
140,v,cooc,WEAK,witness,testimoniare,erleben,,,
