idx_group,pos,rel,weak,lex_en,lex_it,lex_de,score,bs_count,babel_synsets
0,n,head,,exclusion exception elision,eccezione,Auslassung,,1,bn:00030375n
1,n,sim,,modification,modifica,Modifizierung,0.223,1,bn:00001410n
1,n,sim,WEAK,adaptation,riduzione,Abwandlung,,,
2,n,sim,WEAK,addition,aumento,Hinzufügung,,,
3,n,sim,WEAK,amendment,miglioramento,Abänderung,,,
4,n,sim,WEAK,assumption,ipotesi,Unterstellung,,,
5,n,sim,WEAK,compensation,compensazione,Ersetzung,,,
6,n,sim,WEAK,difference,differenza,Unstimmigkeit,,,
7,n,sim,WEAK,displacement,spostamento,Ersetzung,,,
8,n,sim,WEAK,increase,aumento,Verdichtung,,,
9,n,sim,WEAK,reduction,riduzione,Verkürzung,,,
10,n,sim,WEAK,reversal,cambiamento,Umkehrung,,,
11,n,sim,WEAK,revision,revisione,Abänderung,,,
12,n,sim,WEAK,variation,variazione,Abwandlung,,,
1,n,cooc,,displacement,spostamento,Verschiebung,0.399,1,bn:00027668n
2,n,cooc,,aberration,deviazione,Abweichung,0.342,0,
3,n,cooc,,error,errore,Fehler,0.336,2,bn:00031485n bn:00031487n
4,n,cooc,,fault,errore,Fehler,0.322,1,bn:00031485n
5,n,cooc,,deviation,deviazione,Abweichung,0.319,0,
6,n,cooc,,judgment,giudizio,Beurteilung,0.308,1,bn:00048496n
7,n,cooc,,modification,modifica,Änderung,0.308,2,bn:00001410n bn:00003125n
8,n,cooc,,circumstance,circostanza,Umstand,0.295,2,bn:00019219n bn:00019218n
9,n,cooc,,contradiction,contraddizione,Widerspruch,0.292,1,bn:00022246n
10,n,cooc,,order,ordine,Reihenfolge,0.288,0,
11,n,cooc,,bug,errore,Fehler,0.279,0,
1,n,cooc,WEAK,account,conto,Darstellung,,,
2,n,cooc,WEAK,aid,assistenza,Mittel,,,
3,n,cooc,WEAK,application,domanda,Mittel,,,
4,n,cooc,WEAK,bound,limite,Sprung,,,
5,n,cooc,WEAK,case,caso,Umstand,,,
6,n,cooc,WEAK,category,categoria,Art,,,
7,n,cooc,WEAK,change,variazione,Änderung,,,
8,n,cooc,WEAK,evidence,prova,Aussage,,,
9,n,cooc,WEAK,instruction,ordine,Angabe,,,
10,n,cooc,WEAK,issue,questione,Ergebnis,,,
11,n,cooc,WEAK,need,necessità,Mangel,,,
12,n,cooc,WEAK,objection,obiezione,Widerspruch,,,
13,n,cooc,WEAK,opinion,giudizio,Aussage,,,
14,n,cooc,WEAK,poverty,necessità,Mangel,,,
15,n,cooc,WEAK,term,periodo,Wort,,,
16,n,cooc,WEAK,type,tipo,Art,,,
17,n,cooc,WEAK,variation,variazione,Veränderung,,,
18,n,cooc,WEAK,way,parte,Art,,,
1,adj,cooc,,apparent,apparente,ersichtlich,0.442,0,
2,adj,cooc,,notable,notevole,bemerkenswert,0.38,1,bn:00107627a
3,adj,cooc,,occasional,occasionale,gelegentlich,0.249,0,
4,adj,cooc,,significant,significativo,signifikant,0.236,0,
5,adj,cooc,,obvious,evidente,offensichtlich,0.234,2,bn:00097350a bn:00107706a
6,adj,cooc,,remarkable,notevole,bemerkenswert,0.234,0,
7,adj,cooc,,such,tale,derartig,0.211,0,
8,adj,cooc,,evident,evidente,offensichtlich,0.144,2,bn:00097350a bn:00107706a
1,adj,cooc,WEAK,broad,ampio,grob,,,
2,adj,cooc,WEAK,clear,chiaro,ersichtlich,,,
3,adj,cooc,WEAK,conspicuous,evidente,auffällig,,,
4,adj,cooc,WEAK,curious,curioso,merkwürdig,,,
5,adj,cooc,WEAK,glaring,evidente,grob,,,
6,adj,cooc,WEAK,insignificant,insignificante,geringfügig,,,
7,adj,cooc,WEAK,judicial,legale,kritisch,,,
8,adj,cooc,WEAK,minor,minore,geringfügig,,,
9,adj,cooc,WEAK,odd,occasionale,merkwürdig,,,
10,adj,cooc,WEAK,possible,possibile,etwaig,,,
11,adj,cooc,WEAK,purposeful,determinato,gezielt,,,
12,adj,cooc,WEAK,slight,piccolo,geringfügig,,,
13,adj,cooc,WEAK,specific,specifico,gezielt,,,
1,v,cooc,,make,fare,vornehmen,0.292,0,
2,v,cooc,,pertain,riguardare,betreffen,0.241,1,bn:00083240v
3,v,cooc,,do,fare,vornehmen,0.236,0,
4,v,cooc,,note,notare,bemerken,0.203,1,bn:00090740v
5,v,cooc,,contain,contenere,enthalten,0.176,1,bn:00083225v
1,v,cooc,WEAK,affect,interessare,betreffen,,,
2,v,cooc,WEAK,apply,applicare,betreffen,,,
3,v,cooc,WEAK,concern,interessare,betreffen,,,
4,v,cooc,WEAK,foresee,prevedere,absehen,,,
5,v,cooc,WEAK,identify,individuare,kennzeichnen,,,
6,v,cooc,WEAK,include,includere,enthalten,,,
7,v,cooc,WEAK,indicate,indicare,hinweisen,,,
8,v,cooc,WEAK,involve,comportare,betreffen,,,
9,v,cooc,WEAK,mark,notare,markieren,,,
10,v,cooc,WEAK,refer,riferire,hinweisen,,,
11,v,cooc,WEAK,regard,considerare,betreffen,,,
