idx_group,pos,rel,weak,lex_en,lex_it,lex_de,score,bs_count,babel_synsets
0,n,head,,mill factory manufactory,stabilimento manifattura fabbrica,Fabrik Manufaktur Werk,,1,bn:00032675n
1,n,sim,,sysyem,sistema,System,0.365,0,
2,n,sim,,museum,museo,Museum,0.327,1,bn:00056426n
3,n,sim,,project,progetto,Projekt,0.316,1,bn:00064665n
4,n,sim,,pharmax,farmacia,Apotheke,0.314,0,
5,n,sim,,corporation,società,Gesellschaft,0.308,0,
6,n,sim,,church,chiesa,Kirche,0.308,2,bn:00018995n bn:00018819n
7,n,sim,,operation,operazione,Betrieb,0.295,1,bn:00059129n
8,n,sim,,company,azienda,Firma,0.295,4,bn:00014160n bn:00073910n bn:00021286n bn:00022811n
9,n,sim,,society,società,Gesellschaft,0.294,2,bn:00072566n bn:00020039n
10,n,sim,,theater,teatro,Theater,0.294,2,bn:00045002n bn:00028609n
11,n,sim,,theatre,teatro,Theater,0.293,2,bn:00045002n bn:00028609n
12,n,sim,,establishment,stabilimento,Einrichtung,0.288,0,
13,n,sim,,market,mercato,Markt,0.287,3,bn:00053461n bn:00053458n bn:00053459n
14,n,sim,,organisation,organizzazione,Organisation,0.286,5,bn:00059482n bn:00059480n bn:00059483n bn:00001423n bn:00005863n
15,n,sim,,union,associazione,Verein,0.284,0,
16,n,sim,,development,sviluppo,Entwicklung,0.284,1,bn:07804057n
17,n,sim,,shop,negozio,Geschäft,0.276,1,bn:00071215n
18,n,sim,,collection,collezione,Sammlung,0.275,2,bn:00002012n bn:00005931n
19,n,sim,,production,produzione,Produktion,0.266,4,bn:00064594n bn:00059790n bn:00064592n bn:00064590n
20,n,sim,,library,biblioteca,Bibliothek,0.266,1,bn:00050968n
21,n,sim,,manufacture,produzione,Produktion,0.265,0,
22,n,sim,,source,fonte,Quelle,0.261,2,bn:00046702n bn:00009635n
23,n,sim,,plant,impianto,Anlage,0.258,1,bn:00046568n
24,n,sim,,settlement,insediamento,Siedlung,0.258,1,bn:00020712n
25,n,sim,,job,lavoro,Arbeit,0.257,4,bn:00014138n bn:00018756n bn:00030616n bn:00030625n
26,n,sim,,spring,fonte,Quelle,0.256,1,bn:00036077n
27,n,sim,,building,edificio,Gebäude,0.253,1,bn:00013722n
28,n,sim,,school,scuola,Schule,0.25,3,bn:00069625n bn:00069620n bn:00069619n
29,n,sim,,village,villaggio,Dorf,0.249,1,bn:00042729n
30,n,sim,,trade,commercio,Handel,0.248,2,bn:00077860n bn:00008735n
31,n,sim,,prison,carcere,Gefängnis,0.248,3,bn:00064468n bn:00019832n bn:00064469n
32,n,sim,,well,fonte,Quelle,0.244,1,bn:00036082n
33,n,sim,,bank,banca,Bank,0.242,4,bn:00008371n bn:00008364n bn:00008367n bn:00008370n
34,n,sim,,garden,giardino,Garten,0.241,1,bn:00037300n
35,n,sim,,tower,torre,Turm,0.24,2,bn:00016571n bn:00077766n
36,n,sim,,supermarket,supermercato,Supermarkt,0.239,1,bn:00075277n
37,n,sim,,cluster,gruppo,Gruppe,0.237,0,
38,n,sim,,gallery,galleria,Galerie,0.236,2,bn:00037102n bn:00005940n
39,n,sim,,industry,industria,Industrie,0.236,1,bn:00046576n
40,n,sim,,institution,istituzione,Institution,0.235,2,bn:00046954n bn:00031641n
41,n,sim,,vehicle,veicolo,Fahrzeug,0.235,1,bn:00079675n
42,n,sim,,economy,economia,Wirtschaft,0.234,1,bn:00029678n
43,n,sim,,enterprise,impresa,Unternehmen,0.234,7,bn:00014160n bn:00030751n bn:00031008n bn:00073910n bn:00021286n bn:00022811n bn:00014137n
44,n,sim,,organization,organizzazione,Organisation,0.234,5,bn:00059482n bn:00059480n bn:00059483n bn:00001423n bn:00005863n
45,n,sim,,store,negozio,Laden,0.234,3,bn:00067417n bn:00071215n bn:00012452n
46,n,sim,,center,centro,Center,0.233,7,bn:00017124n bn:00017130n bn:00017121n bn:00017120n bn:00017215n bn:00017123n bn:00017122n
47,n,sim,,jail,carcere,Gefängnis,0.233,2,bn:00064468n bn:00019832n
48,n,sim,,district,quartiere,Bezirk,0.232,0,
49,n,sim,,brand,marchio,Marke,0.231,1,bn:00012758n
50,n,sim,,association,associazione,Verein,0.231,2,bn:00006539n bn:00020039n
51,n,sim,,palace,palazzo,Palast,0.23,1,bn:00060224n
52,n,sim,,square,piazza,Platz,0.23,1,bn:00065099n
53,n,sim,,securicor,sicurezza,Sicherheit,0.23,0,
54,n,sim,,architecture,architettura,Architektur,0.229,1,bn:00005442n
55,n,sim,,undertaking,impresa,Unternehmen,0.229,0,
56,n,sim,,club,club,Verein,0.229,1,bn:00020039n
57,n,sim,,kitchen,cucina,Küche,0.229,1,bn:00049248n
58,n,sim,,institute,istituto,Institut,0.228,1,bn:00046952n
59,n,sim,,stadium,stadio,Stadion,0.228,1,bn:00005532n
60,n,sim,,structure,struttura,Struktur,0.228,1,bn:00022071n
61,n,sim,,neighborhood,quartiere,Nachbarschaft,0.228,0,
62,n,sim,,sector,settore,Sektor,0.228,1,bn:11333488n
63,n,sim,,factory,fabbrica,Fabrik,0.227,1,bn:00032675n
64,n,sim,,city,città,Stadt,0.227,1,bn:00019319n
65,n,sim,,warehouse,magazzino,Lager,0.226,2,bn:00074450n bn:00074453n
66,n,sim,,cinema,cinema,Kino,0.225,1,bn:00019129n
67,n,sim,,management,gestione,Verwaltung,0.225,2,bn:00053116n bn:00027355n
68,n,sim,,town,città,Stadt,0.225,1,bn:00077775n
69,n,sim,,generation,generazione,Generation,0.224,4,bn:00037676n bn:00037677n bn:00037681n bn:00020407n
70,n,sim,,hospital,ospedale,Krankenhaus,0.224,3,bn:00044896n bn:00044897n bn:00019822n
71,n,sim,,capital,capitale,Hauptstadt,0.223,1,bn:00015498n
72,n,sim,,unit,unità,Einheit,0.223,1,bn:00079106n
73,n,sim,,record,registrazione,Aufnahme,0.223,0,
74,n,sim,,apartment,appartamento,Wohnung,0.222,1,bn:00004836n
75,n,sim,,workshop,laboratorio,Werkstatt,0.22,1,bn:00071216n
76,n,sim,,pool,piscina,Schwimmbad,0.217,1,bn:00056911n
77,n,sim,,gym,palestra,Turnhalle,0.216,1,bn:00042316n
78,n,sim,,laboratory,laboratorio,Labor,0.213,1,bn:00049551n
79,n,sim,,sport,sport,Sport,0.212,9,bn:00073571n bn:00006747n bn:00056530n bn:00073569n bn:00073570n bn:00032203n bn:00073568n bn:00006759n bn:00036814n
80,n,sim,,destination,destinazione,Ziel,0.211,1,bn:00026601n
81,n,sim,,branch,filiale,Niederlassung,0.209,0,
82,n,sim,,house,casa,Haus,0.208,4,bn:00000356n bn:00029305n bn:00045000n bn:00044994n
83,n,sim,,community,comunità,Gemeinschaft,0.207,1,bn:00021248n
84,n,sim,,castle,castello,Schloss,0.205,1,bn:00016570n
85,n,sim,,station,stazione,Station,0.203,1,bn:00074049n
86,n,sim,,team,team,Team,0.203,4,bn:00076303n bn:00030339n bn:00073699n bn:00068051n
87,n,sim,,home,casa,Haus,0.202,2,bn:00000356n bn:00044994n
88,n,sim,,cemetery,cimitero,Friedhof,0.202,1,bn:00013984n
89,n,sim,,railroad,ferrovia,Eisenbahn,0.199,1,bn:00066020n
90,n,sim,,inn,albergo,Gasthaus,0.198,0,
91,n,sim,,harbor,porto,Hafen,0.195,1,bn:00042918n
92,n,sim,,downtown,centro,Innenstadt,0.191,2,bn:00014155n bn:00017178n
93,n,sim,,material,materiale,Material,0.19,3,bn:00053802n bn:00053803n bn:00053801n
94,n,sim,,mosque,moschea,Moschee,0.187,1,bn:00055976n
95,n,sim,,college,collegio,Hochschule,0.184,0,
96,n,sim,,sale,vendita,Verkauf,0.184,2,bn:00068929n bn:00068918n
97,n,sim,,memorial,monumento,Denkmal,0.184,1,bn:00054297n
98,n,sim,,estate,proprietà,Anwesen,0.183,0,
99,n,sim,,customer,cliente,Kunde,0.183,1,bn:00019763n
100,n,sim,,environment,ambiente,Umwelt,0.183,1,bn:00031075n
101,n,sim,,colony,colonia,Kolonie,0.181,3,bn:00020722n bn:00020720n bn:00020723n
102,n,sim,,worker,lavoratore,Arbeitnehmer,0.181,0,
103,n,sim,,park,parco,Park,0.181,3,bn:00060690n bn:00015795n bn:00021051n
104,n,sim,,restaurant,ristorante,Restaurant,0.181,1,bn:00029545n
105,n,sim,,farming,agricoltura,Landwirtschaft,0.18,1,bn:00002096n
106,n,sim,,agriculture,agricoltura,Landwirtschaft,0.18,1,bn:00002096n
107,n,sim,,academy,accademia,Akademie,0.18,4,bn:00000568n bn:00079152n bn:00000569n bn:00069619n
108,n,sim,,network,rete,Netzwerk,0.179,4,bn:00021488n bn:00054497n bn:00024712n bn:00057379n
109,n,sim,,client,cliente,Kunde,0.179,1,bn:00019763n
110,n,sim,,hotel,albergo,Hotel,0.179,1,bn:00044967n
111,n,sim,,office,ufficio,Büro,0.178,1,bn:00001961n
112,n,sim,,pharmacy,farmacia,Apotheke,0.177,1,bn:00004993n
113,n,sim,,port,porto,Hafen,0.177,1,bn:00063640n
114,n,sim,,infrastructure,infrastruttura,Infrastruktur,0.177,2,bn:00008794n bn:00046727n
115,n,sim,,airport,aeroporto,Flughafen,0.176,1,bn:00001676n
116,n,sim,,machine,macchina,Maschine,0.174,1,bn:00026716n
117,n,sim,,location,posizione,Lage,0.171,1,bn:00051760n
118,n,sim,,china,porcellana,Porzellan,0.169,0,
119,n,sim,,university,università,Universität,0.169,3,bn:00000568n bn:00079152n bn:00069619n
120,n,sim,,site,luogo,Standort,0.165,1,bn:00051760n
121,n,sim,,apparatus,apparato,Gerät,0.165,0,
122,n,sim,,train,treno,Bahn,0.165,0,
123,n,sim,,centre,centro,Center,0.165,6,bn:00017124n bn:00017130n bn:00017120n bn:00017215n bn:00017123n bn:00017122n
124,n,sim,,mission,missione,Mission,0.164,5,bn:00055325n bn:00017793n bn:00021019n bn:00054971n bn:00035832n
125,n,sim,,design,design,Design,0.163,11,bn:00011593n bn:00028639n bn:00026535n bn:00045963n bn:00026536n bn:00002178n bn:00021551n bn:00056023n bn:00026537n bn:00045772n bn:00026538n
126,n,sim,,division,reparto,Abteilung,0.162,0,
127,n,sim,,aircraft,aeromobile,Flugzeug,0.161,1,bn:00002275n
128,n,sim,,department,reparto,Abteilung,0.161,1,bn:00026308n
129,n,sim,,tunnel,galleria,Tunnel,0.16,1,bn:00078606n
130,n,sim,,block,blocco,Block,0.158,4,bn:00011313n bn:00011315n bn:00011308n bn:00007533n
131,n,sim,,zone,zona,Zone,0.158,4,bn:00009824n bn:00082073n bn:00040162n bn:00082076n
132,n,sim,,property,proprietà,Eigentum,0.154,1,bn:00009815n
133,n,sim,,agency,agenzia,Agentur,0.152,2,bn:00001962n bn:00001961n
134,n,sim,,railway,ferrovia,Eisenbahn,0.152,1,bn:00066020n
135,n,sim,,producer,produttore,Produzent,0.152,1,bn:03927465n
136,n,sim,,housing,alloggio,Unterkunft,0.151,1,bn:00045052n
137,n,sim,,capacity,capacità,Kapazität,0.15,1,bn:00005193n
138,n,sim,,car,auto,Auto,0.15,1,bn:00007309n
139,n,sim,,bar,bar,Bar,0.149,20,bn:00008476n bn:00008466n bn:00071161n bn:00008462n bn:00008470n bn:00008469n bn:00008468n bn:00008465n bn:00040492n bn:00008471n bn:00008473n bn:00014557n bn:00008464n bn:00008474n bn:00008475n bn:00025288n bn:00008472n bn:00008467n bn:00076095n bn:00008463n
140,n,sim,,subsidiary,filiale,Tochtergesellschaft,0.147,1,bn:00074973n
141,n,sim,,waste,rifiuto,Abfall,0.144,3,bn:00068465n bn:00080543n bn:00035670n
142,n,sim,,grid,rete,Netz,0.143,0,
143,n,sim,,cooperative,cooperativa,Genossenschaft,0.142,1,bn:00020111n
144,n,sim,,mine,miniera,Mine,0.139,1,bn:00055114n
145,n,sim,,room,stanza,Zimmer,0.138,1,bn:00068233n
146,n,sim,,farm,fattoria,Bauernhof,0.136,1,bn:00033676n
147,n,sim,,supplier,fornitore,Lieferant,0.136,2,bn:00064912n bn:00053479n
148,n,sim,,ship,nave,Schiff,0.136,1,bn:00071103n
149,n,sim,,transport,trasporto,Verkehr,0.136,1,bn:01731490n
150,n,sim,,handicraft,artigianato,Kunsthandwerk,0.133,1,bn:00042804n
151,n,sim,,vessel,nave,Schiff,0.133,2,bn:00079862n bn:00071103n
152,n,sim,,automobile,automobile,Automobil,0.132,1,bn:00007309n
153,n,sim,,boat,nave,Schiff,0.132,1,bn:00011674n
154,n,sim,,traffic,traffico,Verkehr,0.13,1,bn:00077888n
155,n,sim,,residence,residenza,Residenz,0.129,1,bn:07367490n
156,n,sim,,variety,varietà,Vielfalt,0.128,1,bn:00027862n
157,n,sim,,channel,canale,Kanal,0.127,2,bn:00015144n bn:00017686n
158,n,sim,,equipment,attrezzatura,Ausrüstung,0.127,1,bn:00031322n
159,n,sim,,technology,tecnologia,Technologie,0.126,1,bn:00005105n
160,n,sim,,operator,operatore,Betreiber,0.123,2,bn:00059142n bn:00053226n
161,n,sim,,dealer,commerciante,Händler,0.123,1,bn:00013282n
162,n,sim,,trader,commerciante,Händler,0.122,1,bn:00013282n
163,n,sim,,slaughterhouse,macello,Schlachthof,0.115,1,bn:00000227n
164,n,sim,,household,famiglia,Haushalt,0.111,1,bn:00032892n
165,n,sim,,refinery,raffineria,Raffinerie,0.109,1,bn:00066806n
166,n,sim,,patent,brevetto,Patent,0.097,2,bn:00060984n bn:00050828n
167,n,sim,,manufacturer,fabbricante,Hersteller,0.092,1,bn:00052911n
168,n,sim,,energy,energia,Energie,0.092,1,bn:00030820n
169,n,sim,,retailer,rivenditore,Einzelhändler,0.089,0,
170,n,sim,,dairy,caseificio,Molkerei,0.085,2,bn:00025028n bn:00023643n
171,n,sim,,consignment,spedizione,Sendung,0.085,0,
172,n,sim,,fabricator,fabbricante,Hersteller,0.083,0,
173,n,sim,,profession,professione,Beruf,0.083,2,bn:00064608n bn:00064607n
174,n,sim,,recipient,destinatario,Empfänger,0.082,1,bn:00066495n
175,n,sim,,wholesaler,grossista,Großhändler,0.077,2,bn:00048256n bn:00081143n
176,n,sim,,foundry,fonderia,Gießerei,0.07,1,bn:00036073n
1,n,sim,WEAK,appliance,applicazione,Gerät,,,
2,n,sim,WEAK,base,centro,Unterlage,,,
3,n,sim,WEAK,business,azienda,Unternehmen,,,
4,n,sim,WEAK,cafe,bar,Konditorei,,,
5,n,sim,WEAK,camp,campeggio,Lager,,,
6,n,sim,WEAK,chain,catena,Reihe,,,
7,n,sim,WEAK,circuit,circuito,Kreis,,,
8,n,sim,WEAK,construction,costruzione,Anlage,,,
9,n,sim,WEAK,craft,arte,Handwerk,,,
10,n,sim,WEAK,cultivation,coltivazione,Kultur,,,
11,n,sim,WEAK,depot,deposito,Bahnhof,,,
12,n,sim,WEAK,device,progetto,Gerät,,,
13,n,sim,WEAK,dock,zona,Bank,,,
14,n,sim,WEAK,dwelling,abitazione,Wohnung,,,
15,n,sim,WEAK,engine,motore,Maschine,,,
16,n,sim,WEAK,entity,entità,Objekt,,,
17,n,sim,WEAK,exchange,scambio,Zentrale,,,
18,n,sim,WEAK,facility,infrastruttura,Einrichtung,,,
19,n,sim,WEAK,fair,fiera,Markt,,,
20,n,sim,WEAK,field,terreno,Bereich,,,
21,n,sim,WEAK,file,archivio,Vorgang,,,
22,n,sim,WEAK,firm,impresa,Firma,,,
23,n,sim,WEAK,foundation,fondazione,Grund,,,
24,n,sim,WEAK,garage,officina,Garage,,,
25,n,sim,WEAK,hall,palazzo,Halle,,,
26,n,sim,WEAK,holding,patrimonio,Verwaltung,,,
27,n,sim,WEAK,installation,installazione,Anlage,,,
28,n,sim,WEAK,land,terra,Land,,,
29,n,sim,WEAK,machinery,macchina,Mechanismus,,,
30,n,sim,WEAK,maker,costruttore,Hersteller,,,
31,n,sim,WEAK,mall,centro,Einkaufszentrum,,,
32,n,sim,WEAK,mansion,palazzo,Villa,,,
33,n,sim,WEAK,manufacturing,produzione,Erzeugung,,,
34,n,sim,WEAK,marketing,marketing,Vertrieb,,,
35,n,sim,WEAK,mill,fabbrica,Mühle,,,
36,n,sim,WEAK,motor,motore,Auto,,,
37,n,sim,WEAK,municipality,comune,Gemeinde,,,
38,n,sim,WEAK,panel,gruppo,Einsatz,,,
39,n,sim,WEAK,paper,documento,Arbeit,,,
40,n,sim,WEAK,parcel,partita,Sendung,,,
41,n,sim,WEAK,permit,autorizzazione,Lizenz,,,
42,n,sim,WEAK,plot,piano,Grundstück,,,
43,n,sim,WEAK,press,tipografia,Verlag,,,
44,n,sim,WEAK,processing,trattamento,Entwicklung,,,
45,n,sim,WEAK,range,gamma,Reihe,,,
46,n,sim,WEAK,register,registro,Stimme,,,
47,n,sim,WEAK,reservoir,fonte,Mine,,,
48,n,sim,WEAK,scheme,sistema,Programm,,,
49,n,sim,WEAK,seat,sede,Platz,,,
50,n,sim,WEAK,sheet,muro,Fläche,,,
51,n,sim,WEAK,shelter,asilo,Bunker,,,
52,n,sim,WEAK,space,luogo,Raum,,,
53,n,sim,WEAK,stand,posizione,Platz,,,
54,n,sim,WEAK,stock,scorta,Lager,,,
55,n,sim,WEAK,supply,fornitura,Lieferung,,,
56,n,sim,WEAK,trail,pista,Weg,,,
57,n,sim,WEAK,user,utilizzatore,Verbraucher,,,
58,n,sim,WEAK,venture,rischio,Unternehmen,,,
59,n,sim,WEAK,ward,reparto,Station,,,
60,n,sim,WEAK,yard,cantiere,Hof,,,
1,n,cooc,,chocolate,cioccolato,Schokolade,0.588,2,bn:00018639n bn:00018638n
2,n,cooc,,sugar,zucchero,Zucker,0.588,2,bn:00015853n bn:00066804n
3,n,cooc,,output,produzione,Ausgabe,0.531,0,
4,n,cooc,,office,ufficio,Büro,0.513,1,bn:00001961n
5,n,cooc,,factory,fabbrica,Fabrik,0.482,1,bn:00032675n
6,n,cooc,,refinery,raffineria,Raffinerie,0.478,1,bn:00066806n
7,n,cooc,,manufacturing,produzione,Herstellung,0.458,1,bn:00064594n
8,n,cooc,,farm,fattoria,Bauernhof,0.456,1,bn:00033676n
9,n,cooc,,automation,automazione,Automatisierung,0.455,1,bn:00007366n
10,n,cooc,,mine,miniera,Mine,0.453,1,bn:00055114n
11,n,cooc,,warehouse,magazzino,Lager,0.453,2,bn:00074450n bn:00074453n
12,n,cooc,,cement,cemento,Zement,0.449,2,bn:00017084n bn:00017081n
13,n,cooc,,plantation,piantagione,Plantage,0.447,1,bn:00062822n
14,n,cooc,,barracks,caserma,Kaserne,0.441,1,bn:00152002n
15,n,cooc,,dockyard,cantiere,Werft,0.437,1,bn:00071135n
16,n,cooc,,border,frontiera,Grenze,0.434,1,bn:00012212n
17,n,cooc,,assembly,assemblea,Montage,0.434,0,
18,n,cooc,,chimney,ciminiera,Schornstein,0.434,1,bn:00018414n
19,n,cooc,,production,produzione,Produktion,0.418,4,bn:00064594n bn:00059790n bn:00064592n bn:00064590n
20,n,cooc,,construction,costruzione,Bau,0.413,1,bn:00013723n
21,n,cooc,,car,macchina,Auto,0.41,1,bn:00007309n
22,n,cooc,,hospital,ospedale,Krankenhaus,0.41,3,bn:00044896n bn:00044897n bn:00019822n
23,n,cooc,,owner,proprietario,Inhaber,0.409,0,
24,n,cooc,,image,immagine,Bild,0.406,2,bn:00045972n bn:00045970n
25,n,cooc,,laboratory,laboratorio,Labor,0.405,1,bn:00049551n
26,n,cooc,,road,strada,Straße,0.404,1,bn:00067975n
27,n,cooc,,railroad,ferrovia,Eisenbahn,0.402,1,bn:00066020n
28,n,cooc,,plant,impianto,Anlage,0.398,1,bn:00046568n
29,n,cooc,,railway,ferrovia,Eisenbahn,0.394,1,bn:00066020n
30,n,cooc,,depot,deposito,Depot,0.393,3,bn:00026379n bn:00026388n bn:00074453n
31,n,cooc,,establishment,stabilimento,Gründung,0.391,0,
32,n,cooc,,quarry,cava,Steinbruch,0.385,1,bn:00062637n
33,n,cooc,,shop,negozio,Geschäft,0.379,1,bn:00071215n
34,n,cooc,,connection,collegamento,Verbindung,0.378,2,bn:00021901n bn:00021912n
35,n,cooc,,default,mancanza,Mangel,0.377,0,
36,n,cooc,,fire,fuoco,Brand,0.377,1,bn:00034623n
37,n,cooc,,street,strada,Straße,0.376,2,bn:00067975n bn:00074595n
38,n,cooc,,prison,prigione,Gefängnis,0.375,3,bn:00064468n bn:00019832n bn:00064469n
39,n,cooc,,toy,giocattolo,Spielzeug,0.371,1,bn:00062965n
40,n,cooc,,home,casa,Haus,0.37,2,bn:00000356n bn:00044994n
41,n,cooc,,store,negozio,Laden,0.37,3,bn:00067417n bn:00071215n bn:00012452n
42,n,cooc,,field,campo,Feld,0.368,4,bn:00034267n bn:00034265n bn:00006752n bn:00034273n
43,n,cooc,,machine,macchina,Maschine,0.367,1,bn:00026716n
44,n,cooc,,house,casa,Haus,0.365,4,bn:00000356n bn:00029305n bn:00045000n bn:00044994n
45,n,cooc,,hotel,albergo,Hotel,0.365,1,bn:00044967n
46,n,cooc,,employee,dipendente,Mitarbeiter,0.362,1,bn:14292888n
47,n,cooc,,station,stazione,Bahnhof,0.362,0,
48,n,cooc,,distillery,distilleria,Brennerei,0.36,1,bn:15890106n
49,n,cooc,,dream,sogno,Traum,0.358,2,bn:00028659n bn:00028658n
50,n,cooc,,port,porto,Hafen,0.357,1,bn:00063640n
51,n,cooc,,museum,museo,Museum,0.354,1,bn:00056426n
52,n,cooc,,fields,campo,Feld,0.353,1,bn:00034267n
53,n,cooc,,building,edificio,Gebäude,0.353,1,bn:00013722n
54,n,cooc,,worker,lavoratore,Arbeitnehmer,0.352,0,
55,n,cooc,,unit,unità,Einheit,0.351,1,bn:00079106n
56,n,cooc,,manufacture,produzione,Herstellung,0.348,0,
57,n,cooc,,bridge,ponte,Brücke,0.347,2,bn:00013077n bn:00013083n
58,n,cooc,,camp,campo,Lager,0.347,2,bn:00015041n bn:00010805n
59,n,cooc,,industry,industria,Industrie,0.346,1,bn:00046576n
60,n,cooc,,farming,agricoltura,Landwirtschaft,0.344,1,bn:00002096n
61,n,cooc,,centre,centro,Zentrum,0.342,2,bn:00017123n bn:00017130n
62,n,cooc,,neighborhood,quartiere,Nachbarschaft,0.341,0,
63,n,cooc,,estate,proprietà,Nachlass,0.339,0,
64,n,cooc,,garage,officina,Werkstatt,0.336,0,
65,n,cooc,,school,scuola,Schule,0.334,3,bn:00069625n bn:00069620n bn:00069619n
66,n,cooc,,center,centro,Zentrum,0.334,2,bn:00017123n bn:00017130n
67,n,cooc,,company,azienda,Firma,0.333,4,bn:00014160n bn:00073910n bn:00021286n bn:00022811n
68,n,cooc,,workshop,laboratorio,Werkstatt,0.332,1,bn:00071216n
69,n,cooc,,site,luogo,Standort,0.332,1,bn:00051760n
70,n,cooc,,auto,automobile,Auto,0.33,1,bn:00007309n
71,n,cooc,,automobile,automobile,Automobil,0.326,1,bn:00007309n
72,n,cooc,,brand,marchio,Marke,0.323,1,bn:00012758n
73,n,cooc,,supermarket,supermercato,Supermarkt,0.319,1,bn:00075277n
74,n,cooc,,energy,energia,Kraft,0.315,0,
75,n,cooc,,boss,capo,Chef,0.308,0,
76,n,cooc,,association,associazione,Verband,0.303,2,bn:00006539n bn:00020039n
77,n,cooc,,operation,funzionamento,Betrieb,0.299,0,
78,n,cooc,,commerce,commercio,Handel,0.287,1,bn:00020982n
79,n,cooc,,setting,ambiente,Umgebung,0.281,0,
80,n,cooc,,activity,attività,Tätigkeit,0.28,1,bn:15840810n
81,n,cooc,,restaurant,ristorante,Restaurant,0.28,1,bn:00029545n
82,n,cooc,,farmer,contadino,Bauer,0.274,1,bn:00033687n
83,n,cooc,,studio,studio,Atelier,0.272,2,bn:00006185n bn:00074786n
84,n,cooc,,infrastructure,infrastruttura,Infrastruktur,0.271,2,bn:00008794n bn:00046727n
85,n,cooc,,dock,banco,Bank,0.267,0,
86,n,cooc,,job,lavoro,Job,0.265,4,bn:00014138n bn:00018756n bn:00030616n bn:00030625n
87,n,cooc,,sale,vendita,Verkauf,0.262,2,bn:00068929n bn:00068918n
88,n,cooc,,trade,commercio,Handel,0.256,2,bn:00077860n bn:00008735n
89,n,cooc,,rate,prezzo,Preis,0.244,0,
90,n,cooc,,bank,banca,Bank,0.236,4,bn:00008371n bn:00008364n bn:00008367n bn:00008370n
91,n,cooc,,studios,studio,Atelier,0.234,0,
92,n,cooc,,number,numero,Zahl,0.217,3,bn:00058285n bn:00058287n bn:00058290n
93,n,cooc,,town,città,Stadt,0.213,1,bn:00077775n
94,n,cooc,,settings,ambiente,Umgebung,0.206,0,
95,n,cooc,,enterprise,impresa,Unternehmen,0.202,7,bn:00014160n bn:00030751n bn:00031008n bn:00073910n bn:00021286n bn:00022811n bn:00014137n
96,n,cooc,,zone,zona,Bereich,0.201,1,bn:00082076n
97,n,cooc,,city,città,Stadt,0.199,1,bn:00019319n
98,n,cooc,,price,prezzo,Preis,0.182,2,bn:00022996n bn:00025083n
99,n,cooc,,mark,marchio,Marke,0.168,0,
100,n,cooc,,agriculture,agricoltura,Landwirtschaft,0.166,1,bn:00002096n
101,n,cooc,,level,livello,Stufe,0.165,0,
102,n,cooc,,undertaking,impresa,Unternehmen,0.164,0,
103,n,cooc,,product,prodotto,Produkt,0.156,4,bn:00064584n bn:00054416n bn:00053827n bn:00064585n
104,n,cooc,,system,sistema,System,0.091,7,bn:00075759n bn:00075761n bn:00075762n bn:00075763n bn:00069580n bn:00005863n bn:00075760n
105,n,cooc,,commission,commissione,Auftrag,0.034,0,
1,n,cooc,WEAK,agency,ufficio,Kraft,,,
2,n,cooc,WEAK,airplane,unità,Flugzeug,,,
3,n,cooc,WEAK,bar,bar,Stück,,,
4,n,cooc,WEAK,battery,batteria,Reihe,,,
5,n,cooc,WEAK,board,commissione,Vorstand,,,
6,n,cooc,WEAK,business,azienda,Unternehmen,,,
7,n,cooc,WEAK,capacity,funzione,Kapazität,,,
8,n,cooc,WEAK,casing,copertura,Gehäuse,,,
9,n,cooc,WEAK,casings,copertura,Gehäuse,,,
10,n,cooc,WEAK,chain,catena,Reihe,,,
11,n,cooc,WEAK,check,visto,Zeche,,,
12,n,cooc,WEAK,closure,fine,Schließung,,,
13,n,cooc,WEAK,condition,stato,Voraussetzung,,,
14,n,cooc,WEAK,cost,costo,Preis,,,
15,n,cooc,WEAK,country,campagna,Land,,,
16,n,cooc,WEAK,datum,dato,Datum,,,
17,n,cooc,WEAK,department,dipartimento,Bereich,,,
18,n,cooc,WEAK,district,quartiere,Gebiet,,,
19,n,cooc,WEAK,employment,occupazione,Arbeit,,,
20,n,cooc,WEAK,engine,macchina,Motor,,,
21,n,cooc,WEAK,equipment,attrezzatura,Anlage,,,
22,n,cooc,WEAK,expansion,crescita,Erweiterung,,,
23,n,cooc,WEAK,fabric,tessuto,Struktur,,,
24,n,cooc,WEAK,facility,infrastruttura,Einrichtung,,,
25,n,cooc,WEAK,finish,finitura,Ausführung,,,
26,n,cooc,WEAK,form,corpo,Form,,,
27,n,cooc,WEAK,gauge,indicatore,Kaliber,,,
28,n,cooc,WEAK,grade,qualità,Stufe,,,
29,n,cooc,WEAK,headoffice,sede,Zentrale,,,
30,n,cooc,WEAK,household,casa,Haushalt,,,
31,n,cooc,WEAK,increase,crescita,Vergrößerung,,,
32,n,cooc,WEAK,inspection,visita,Besichtigung,,,
33,n,cooc,WEAK,land,terreno,Land,,,
34,n,cooc,WEAK,line,tratto,Leitung,,,
35,n,cooc,WEAK,mall,centro,Einkaufszentrum,,,
36,n,cooc,WEAK,manufactory,fabbrica,Manufaktur,,,
37,n,cooc,WEAK,manufacturer,industriale,Hersteller,,,
38,n,cooc,WEAK,mill,fabbrica,Mühle,,,
39,n,cooc,WEAK,name,nome,Name,,,
40,n,cooc,WEAK,order,disposizione,Auftrag,,,
41,n,cooc,WEAK,origin,principio,Herkunft,,,
42,n,cooc,WEAK,overlay,copertura,Auflage,,,
43,n,cooc,WEAK,panel,pannello,Feld,,,
44,n,cooc,WEAK,park,parco,Anlage,,,
45,n,cooc,WEAK,press,stampa,Verlag,,,
46,n,cooc,WEAK,processing,trattamento,Bearbeitung,,,
47,n,cooc,WEAK,project,ricerca,Projekt,,,
48,n,cooc,WEAK,property,proprietà,Objekt,,,
49,n,cooc,WEAK,protection,presidio,Schutz,,,
50,n,cooc,WEAK,return,rapporto,Rückgabe,,,
51,n,cooc,WEAK,roll,registro,Rolle,,,
52,n,cooc,WEAK,roof,volta,Dach,,,
53,n,cooc,WEAK,run,funzionamento,Auflage,,,
54,n,cooc,WEAK,scheme,sistema,Programm,,,
55,n,cooc,WEAK,section,parte,Kapitel,,,
56,n,cooc,WEAK,ship,nave,Maschine,,,
57,n,cooc,WEAK,slip,banca,Bezug,,,
58,n,cooc,WEAK,space,posto,Raum,,,
59,n,cooc,WEAK,stamp,marchio,Stempel,,,
60,n,cooc,WEAK,standard,livello,Anspruch,,,
61,n,cooc,WEAK,state,stato,Land,,,
62,n,cooc,WEAK,stock,materia,Stock,,,
63,n,cooc,WEAK,type,tipo,Art,,,
64,n,cooc,WEAK,vessel,nave,Fahrzeug,,,
65,n,cooc,WEAK,waste,perdita,Abfall,,,
66,n,cooc,WEAK,yard,cantiere,Hof,,,
1,adj,cooc,,photographic,fotografico,fotografisch,0.554,1,bn:00108553a
2,adj,cooc,,abandoned,abbandonato,verlassen,0.478,1,bn:00096117a
3,adj,cooc,,industrial,industriale,industriell,0.442,1,bn:00104995a
4,adj,cooc,,busy,occupato,besetzt,0.413,1,bn:00099061a
5,adj,cooc,,noted,noto,bekannt,0.396,0,
6,adj,cooc,,chinese,cinese,chinesisch,0.385,1,bn:00099614a
7,adj,cooc,,pharmaceutical,farmaceutico,pharmazeutisch,0.384,0,
8,adj,cooc,,closed,chiuso,geschlossen,0.377,0,
9,adj,cooc,,shuttered,chiuso,geschlossen,0.375,0,
10,adj,cooc,,smart,intelligente,intelligent,0.354,1,bn:00105243a
11,adj,cooc,,modern,moderno,modern,0.353,3,bn:00096529a bn:00106822a bn:00106831a
12,adj,cooc,,underground,sotterraneo,unterirdisch,0.345,1,bn:00098226a
13,adj,cooc,,famous,famoso,berühmt,0.339,1,bn:00099411a
14,adj,cooc,,new,nuovo,neu,0.337,1,bn:00107267a
15,adj,cooc,,old,vecchio,alt,0.335,2,bn:00104306a bn:00107786a
16,adj,cooc,,historic,storico,historisch,0.329,1,bn:00104223a
17,adj,cooc,,own,proprio,eigen,0.322,1,bn:00096707a
18,adj,cooc,,vacant,libero,frei,0.317,0,
19,adj,cooc,,proper,proprio,eigen,0.314,0,
20,adj,cooc,,celebrated,celebre,berühmt,0.306,1,bn:00099411a
21,adj,cooc,,adjacent,adiacente,benachbart,0.304,1,bn:00096456a
22,adj,cooc,,open,aperto,eröffnet,0.277,0,
23,adj,cooc,,saxon,sassone,sächsisch,0.272,0,
24,adj,cooc,,large,grande,groß,0.271,1,bn:00098342a
25,adj,cooc,,empty,vuoto,leer,0.265,1,bn:00102177a
26,adj,cooc,,big,grande,groß,0.262,1,bn:00098342a
27,adj,cooc,,royal,regio,königlich,0.255,0,
28,adj,cooc,,intact,intero,ganz,0.254,0,
29,adj,cooc,,huge,immenso,riesig,0.254,0,
30,adj,cooc,,efficient,efficiente,effizient,0.253,1,bn:00102049a
31,adj,cooc,,unique,unico,einzigartig,0.24,1,bn:00110682a
32,adj,cooc,,excellent,eccellente,ausgezeichnet,0.24,1,bn:00102496a
33,adj,cooc,,small,piccolo,klein,0.236,0,
34,adj,cooc,,illegal,illegale,illegal,0.203,2,bn:00104562a bn:00104707a
35,adj,cooc,,short,piccolo,klein,0.174,0,
36,adj,cooc,,deep,alto,groß,0.155,0,
37,adj,cooc,,local,locale,lokal,0.132,1,bn:00106109a
38,adj,cooc,,applicable,applicabile,anwendbar,0.108,0,
1,adj,cooc,WEAK,available,libero,vorhanden,,,
2,adj,cooc,WEAK,chemical,chimico,chemisch,,,
3,adj,cooc,WEAK,clean,accurato,neu,,,
4,adj,cooc,WEAK,common,medio,gemeinsam,,,
5,adj,cooc,WEAK,complete,intero,komplett,,,
6,adj,cooc,WEAK,complex,complicato,komplex,,,
7,adj,cooc,WEAK,derelict,abbandonato,aufgegeben,,,
8,adj,cooc,WEAK,direct,franco,direkt,,,
9,adj,cooc,WEAK,early,antico,früh,,,
10,adj,cooc,WEAK,fresh,nuovo,frisch,,,
11,adj,cooc,WEAK,full,pieno,vollständig,,,
12,adj,cooc,WEAK,idle,inattivo,leer,,,
13,adj,cooc,WEAK,late,recente,spät,,,
14,adj,cooc,WEAK,mechanical,meccanico,technisch,,,
15,adj,cooc,WEAK,near,vicino,groß,,,
16,adj,cooc,WEAK,original,originale,ursprünglich,,,
17,adj,cooc,WEAK,other,diverso,sonstig,,,
18,adj,cooc,WEAK,present,attuale,vorhanden,,,
19,adj,cooc,WEAK,productive,produttivo,schöpferisch,,,
20,adj,cooc,WEAK,quick,pronto,klein,,,
21,adj,cooc,WEAK,quiet,privato,gut,,,
22,adj,cooc,WEAK,ready,pronto,fertig,,,
23,adj,cooc,WEAK,safe,sicuro,vorsichtig,,,
24,adj,cooc,WEAK,total,globale,gesamt,,,
25,adj,cooc,WEAK,worldwide,mondiale,weltweit,,,
1,v,cooc,,produce,produrre,produzieren,0.497,3,bn:00084082v bn:00084198v bn:00086013v
2,v,cooc,,bomb,bombardare,bombardieren,0.432,1,bn:00083756v
3,v,cooc,,build,costruire,bauen,0.43,1,bn:00084198v
4,v,cooc,,close,chiudere,schließen,0.417,1,bn:00085162v
5,v,cooc,,erect,erigere,errichten,0.416,0,
6,v,cooc,,shut,chiudere,schließen,0.412,1,bn:00085162v
7,v,cooc,,construct,costruire,bauen,0.398,1,bn:00084198v
8,v,cooc,,own,possedere,besitzen,0.383,1,bn:00089241v
9,v,cooc,,abandon,abbandonare,verlassen,0.377,3,bn:00082122v bn:00082118v bn:00082119v
10,v,cooc,,destroy,distruggere,zerstören,0.374,2,bn:00086698v bn:00086699v
11,v,cooc,,authorize,autorizzare,genehmigen,0.361,0,
12,v,cooc,,occupy,occupare,besetzen,0.361,0,
13,v,cooc,,operate,operare,arbeiten,0.359,0,
14,v,cooc,,equip,attrezzare,ausstatten,0.357,0,
15,v,cooc,,fabricate,fabbricare,fabrizieren,0.351,0,
16,v,cooc,,approve,approvare,genehmigen,0.35,0,
17,v,cooc,,explode,esplodere,explodieren,0.344,1,bn:00083680v
18,v,cooc,,inspect,ispezionare,überprüfen,0.343,0,
19,v,cooc,,convert,convertire,umwandeln,0.339,1,bn:00085768v
20,v,cooc,,inaugurate,inaugurare,weihen,0.336,0,
21,v,cooc,,leave,lasciare,verlassen,0.334,1,bn:00087845v
22,v,cooc,,dismantle,smantellare,demontieren,0.333,1,bn:00083956v
23,v,cooc,,acquire,acquisire,erwerben,0.333,1,bn:00082280v
24,v,cooc,,visit,visitare,besuchen,0.333,2,bn:00084390v bn:00093433v
25,v,cooc,,desert,abbandonare,verlassen,0.33,1,bn:00082122v
26,v,cooc,,automate,automatizzare,automatisieren,0.321,0,
27,v,cooc,,belong,appartenere,gehören,0.316,0,
28,v,cooc,,expropriate,espropriare,enteignen,0.314,1,bn:00087902v
29,v,cooc,,see,vedere,sehen,0.313,2,bn:00092443v bn:00093430v
30,v,cooc,,move,spostare,bewegen,0.3,1,bn:00088912v
31,v,cooc,,audit,controllare,prüfen,0.3,0,
32,v,cooc,,prepare,preparare,vorbereiten,0.293,1,bn:00088250v
33,v,cooc,,burn,bruciare,brennen,0.292,1,bn:00084270v
34,v,cooc,,open,aprire,öffnen,0.292,0,
35,v,cooc,,work,lavorare,arbeiten,0.286,1,bn:00095812v
36,v,cooc,,send,inviare,senden,0.285,0,
37,v,cooc,,sell,vendere,verkaufen,0.284,1,bn:00093472v
38,v,cooc,,remain,rimanere,bleiben,0.282,3,bn:00092756v bn:00085719v bn:00091562v
39,v,cooc,,continue,continuare,fortsetzen,0.282,0,
40,v,cooc,,nationalize,nazionalizzare,verstaatlichen,0.281,0,
41,v,cooc,,found,fondare,gründen,0.279,1,bn:00087732v
42,v,cooc,,establish,stabilire,etablieren,0.278,0,
43,v,cooc,,supply,fornire,liefern,0.277,0,
44,v,cooc,,stop,fermare,stoppen,0.274,1,bn:00094398v
45,v,cooc,,modernize,modernizzare,modernisieren,0.272,0,
46,v,cooc,,evacuate,evacuare,räumen,0.271,0,
47,v,cooc,,cover,coprire,decken,0.268,2,bn:00085917v bn:00084032v
48,v,cooc,,collapse,crollare,einstürzen,0.264,0,
49,v,cooc,,purchase,acquistare,kaufen,0.264,1,bn:00084331v
50,v,cooc,,link,collegare,verbinden,0.263,1,bn:00085623v
51,v,cooc,,export,esportare,exportieren,0.262,0,
52,v,cooc,,modernise,modernizzare,modernisieren,0.258,0,
53,v,cooc,,indicate,indicare,zeigen,0.257,0,
54,v,cooc,,commence,cominciare,beginnen,0.256,2,bn:00083342v bn:00083340v
55,v,cooc,,classify,classificare,einstufen,0.255,1,bn:00082871v
56,v,cooc,,point,indicare,zeigen,0.255,0,
57,v,cooc,,renovate,ristrutturare,sanieren,0.254,0,
58,v,cooc,,buy,acquistare,kaufen,0.252,1,bn:00084331v
59,v,cooc,,start,iniziare,beginnen,0.252,2,bn:00083342v bn:00083340v
60,v,cooc,,check,controllare,überprüfen,0.251,2,bn:00084865v bn:00084848v
61,v,cooc,,force,costringere,zwingen,0.251,0,
62,v,cooc,,create,creare,schaffen,0.249,1,bn:00086009v
63,v,cooc,,furnish,fornire,liefern,0.247,0,
64,v,cooc,,release,rilasciare,veröffentlichen,0.244,0,
65,v,cooc,,design,progettare,entwerfen,0.243,0,
66,v,cooc,,begin,iniziare,beginnen,0.243,2,bn:00083342v bn:00083340v
67,v,cooc,,enter,entrare,betreten,0.242,0,
68,v,cooc,,crumble,crollare,einstürzen,0.242,0,
69,v,cooc,,unlock,aprire,öffnen,0.24,0,
70,v,cooc,,reach,raggiungere,erreichen,0.24,2,bn:00082226v bn:00082901v
71,v,cooc,,hire,assumere,einstellen,0.239,1,bn:00087576v
72,v,cooc,,achieve,raggiungere,erreichen,0.239,1,bn:00082226v
73,v,cooc,,receive,ricevere,erhalten,0.235,1,bn:00089246v
74,v,cooc,,offer,offrire,bieten,0.235,0,
75,v,cooc,,cost,costare,kosten,0.233,0,
76,v,cooc,,make,fare,machen,0.233,3,bn:00084198v bn:00086008v bn:00086013v
77,v,cooc,,discover,scoprire,entdecken,0.232,2,bn:00086936v bn:00086935v
78,v,cooc,,catch,prendere,nehmen,0.231,0,
79,v,cooc,,transform,trasformare,verwandeln,0.23,1,bn:00095090v
80,v,cooc,,generate,generare,erzeugen,0.226,0,
81,v,cooc,,expand,espandere,erweitern,0.226,0,
82,v,cooc,,cut,ridurre,senken,0.225,0,
83,v,cooc,,combine,unire,kombinieren,0.224,1,bn:00085314v
84,v,cooc,,exist,esistere,existieren,0.224,1,bn:00083184v
85,v,cooc,,survive,sopravvivere,überleben,0.221,1,bn:00087617v
86,v,cooc,,use,utilizzare,verwenden,0.212,1,bn:00082705v
87,v,cooc,,regard,considerare,betrachten,0.211,0,
88,v,cooc,,function,funzionare,funktionieren,0.208,1,bn:00088629v
89,v,cooc,,install,installare,installieren,0.206,1,bn:00089785v
90,v,cooc,,reduce,ridurre,reduzieren,0.203,0,
91,v,cooc,,tumble,cadere,fallen,0.2,0,
92,v,cooc,,go,andare,gehen,0.199,2,bn:00088629v bn:00086600v
93,v,cooc,,procure,ottenere,besorgen,0.192,0,
94,v,cooc,,keep,tenere,halten,0.175,0,
95,v,cooc,,develop,sviluppare,entwickeln,0.174,1,bn:00086745v
96,v,cooc,,allow,consentire,gestatten,0.172,0,
97,v,cooc,,select,scegliere,wählen,0.151,1,bn:00084931v
98,v,cooc,,order,ordinare,bestellen,0.15,0,
99,v,cooc,,do,fare,tun,0.146,1,bn:00082286v
100,v,cooc,,increase,aumentare,erhöhen,0.132,1,bn:00089667v
101,v,cooc,,include,includere,einschließen,0.131,1,bn:00089662v
102,v,cooc,,replace,sostituire,ersetzen,0.122,2,bn:00087802v bn:00092817v
103,v,cooc,,switch,passare,wechseln,0.122,0,
104,v,cooc,,perform,svolgere,ausführen,0.118,0,
105,v,cooc,,shed,perdere,verlieren,0.11,0,
1,v,cooc,WEAK,act,operare,handeln,,,
2,v,cooc,WEAK,adopt,approvare,annehmen,,,
3,v,cooc,WEAK,apply,applicare,anwenden,,,
4,v,cooc,WEAK,argue,dimostrare,verhandeln,,,
5,v,cooc,WEAK,assemble,riunire,montieren,,,
6,v,cooc,WEAK,bar,ostacolare,ausschließen,,,
7,v,cooc,WEAK,be,diventare,liegen,,,
8,v,cooc,WEAK,bear,produrre,tragen,,,
9,v,cooc,WEAK,become,diventare,stehen,,,
10,v,cooc,WEAK,break,fallire,unterbrechen,,,
11,v,cooc,WEAK,breed,generare,züchten,,,
12,v,cooc,WEAK,cause,produrre,verursachen,,,
13,v,cooc,WEAK,cease,cessare,einstellen,,,
14,v,cooc,WEAK,claim,vantare,abholen,,,
15,v,cooc,WEAK,clear,liquidare,klären,,,
16,v,cooc,WEAK,commission,autorizzare,beauftragen,,,
17,v,cooc,WEAK,concern,interessare,betreffen,,,
18,v,cooc,WEAK,consume,distruggere,verbrauchen,,,
19,v,cooc,WEAK,contain,comprendere,enthalten,,,
20,v,cooc,WEAK,damage,danneggiare,beeinträchtigen,,,
21,v,cooc,WEAK,date,frequentare,stammen,,,
22,v,cooc,WEAK,deliver,distribuire,liefern,,,
23,v,cooc,WEAK,demolish,demolire,zerstören,,,
24,v,cooc,WEAK,discharge,scaricare,erfüllen,,,
25,v,cooc,WEAK,drive,andare,fahren,,,
26,v,cooc,WEAK,dump,scaricare,lagern,,,
27,v,cooc,WEAK,emit,sviluppare,ausstrahlen,,,
28,v,cooc,WEAK,employ,impiegare,beschäftigen,,,
29,v,cooc,WEAK,enable,permettere,ermöglichen,,,
30,v,cooc,WEAK,enlarge,ingrandire,erweitern,,,
31,v,cooc,WEAK,feature,caratterizzare,vorkommen,,,
32,v,cooc,WEAK,feed,alimentare,versorgen,,,
33,v,cooc,WEAK,fill,occupare,füllen,,,
34,v,cooc,WEAK,finish,cessare,beenden,,,
35,v,cooc,WEAK,fit,adeguare,passen,,,
36,v,cooc,WEAK,gauge,valutare,beurteilen,,,
37,v,cooc,WEAK,hang,sospendere,aufhängen,,,
38,v,cooc,WEAK,have,disporre,besitzen,,,
39,v,cooc,WEAK,identify,identificare,erkennen,,,
40,v,cooc,WEAK,incorporate,includere,integrieren,,,
41,v,cooc,WEAK,intend,destinare,bestimmen,,,
42,v,cooc,WEAK,issue,rilasciare,ausstellen,,,
43,v,cooc,WEAK,knit,unire,wirken,,,
44,v,cooc,WEAK,levy,levare,erheben,,,
45,v,cooc,WEAK,list,elencare,aufnehmen,,,
46,v,cooc,WEAK,locate,localizzare,finden,,,
47,v,cooc,WEAK,look,sembrare,aussehen,,,
48,v,cooc,WEAK,manufacture,produrre,fertigen,,,
49,v,cooc,WEAK,mix,unire,zubereiten,,,
50,v,cooc,WEAK,monitor,controllare,überwachen,,,
51,v,cooc,WEAK,mount,salire,montieren,,,
52,v,cooc,WEAK,owe,dovere,verdanken,,,
53,v,cooc,WEAK,pay,pagare,zahlen,,,
54,v,cooc,WEAK,plan,progettare,planen,,,
55,v,cooc,WEAK,plead,chiedere,vertreten,,,
56,v,cooc,WEAK,pollute,inquinare,verpesten,,,
57,v,cooc,WEAK,prevent,ostacolare,verhindern,,,
58,v,cooc,WEAK,programme,stabilire,planen,,,
59,v,cooc,WEAK,propose,proporre,anregen,,,
60,v,cooc,WEAK,provide,fornire,bieten,,,
61,v,cooc,WEAK,rebuild,riorganizzare,umbauen,,,
62,v,cooc,WEAK,recommend,indicare,empfehlen,,,
63,v,cooc,WEAK,redevelop,riqualificare,sanieren,,,
64,v,cooc,WEAK,refer,sottoporre,übergeben,,,
65,v,cooc,WEAK,relocate,trasferire,umziehen,,,
66,v,cooc,WEAK,restore,restituire,herstellen,,,
67,v,cooc,WEAK,resume,riprendere,fortsetzen,,,
68,v,cooc,WEAK,retain,tenere,beauftragen,,,
69,v,cooc,WEAK,retool,riorganizzare,umrüsten,,,
70,v,cooc,WEAK,ruin,perdere,zerstören,,,
71,v,cooc,WEAK,run,funzionare,laufen,,,
72,v,cooc,WEAK,scatter,spargere,verteilen,,,
73,v,cooc,WEAK,seal,sigillare,zumachen,,,
74,v,cooc,WEAK,seize,prendere,beschlagnahmen,,,
75,v,cooc,WEAK,serve,offrire,dienen,,,
76,v,cooc,WEAK,set,fissare,setzen,,,
77,v,cooc,WEAK,sharpen,evidenziare,erhöhen,,,
78,v,cooc,WEAK,shift,spostare,verlagern,,,
79,v,cooc,WEAK,sit,partecipare,setzen,,,
80,v,cooc,WEAK,site,collocare,legen,,,
81,v,cooc,WEAK,situate,situare,hinstellen,,,
82,v,cooc,WEAK,spin,inventare,drehen,,,
83,v,cooc,WEAK,spring,sorgere,springen,,,
84,v,cooc,WEAK,stamp,timbrare,stampfen,,,
85,v,cooc,WEAK,stand,restare,stehen,,,
86,v,cooc,WEAK,steer,orientare,steuern,,,
87,v,cooc,WEAK,suffer,subire,erfahren,,,
88,v,cooc,WEAK,suggest,proporre,anregen,,,
89,v,cooc,WEAK,suspend,sospendere,unterbrechen,,,
90,v,cooc,WEAK,sweep,spazzare,streichen,,,
91,v,cooc,WEAK,tour,viaggiare,besichtigen,,,
92,v,cooc,WEAK,train,orientare,richten,,,
93,v,cooc,WEAK,tread,procedere,treten,,,
94,v,cooc,WEAK,turn,trasformare,drehen,,,
95,v,cooc,WEAK,undergo,subire,erfahren,,,
96,v,cooc,WEAK,utilize,utilizzare,nutzen,,,
97,v,cooc,WEAK,wind,circondare,drehen,,,
