idx_group,pos,rel,weak,lex_en,lex_it,lex_de,score,bs_count,babel_synsets
0,n,head,,block,blocco,Block,,1,bn:00011308n
1,n,sim,,map,mappa,Karte,0.305,1,bn:00053303n
2,n,sim,,sequence,sequenza,Reihenfolge,0.293,1,bn:01352719n
3,n,sim,,portion,parte,Teil,0.265,1,bn:00021395n
4,n,sim,,condition,condizione,Zustand,0.261,1,bn:13935995n
5,n,sim,,pattern,modello,Muster,0.256,1,bn:00026537n
6,n,sim,,process,corso,Verlauf,0.253,0,
7,n,sim,,size,dimensione,Größe,0.245,1,bn:15234561n
8,n,sim,,core,nucleo,Kern,0.236,2,bn:00022627n bn:00017124n
9,n,sim,,course,corso,Kurs,0.228,2,bn:00019479n bn:00019477n
10,n,sim,,production,produzione,Produktion,0.224,4,bn:00059790n bn:00064594n bn:00064592n bn:00064590n
11,n,sim,,program,programma,Programm,0.222,4,bn:00013235n bn:00021492n bn:00021497n bn:00062899n
12,n,sim,,order,ordine,Reihenfolge,0.22,0,
13,n,sim,,level,livello,Ebene,0.216,0,
14,n,sim,,column,colonna,Spalte,0.206,1,bn:00020828n
15,n,sim,,paper,carta,Papier,0.203,1,bn:00060464n
16,n,sim,,position,posizione,Position,0.203,10,bn:00007048n bn:00063707n bn:00063706n bn:00062704n bn:00063704n bn:00063703n bn:00061746n bn:00054979n bn:00063708n bn:00010073n
17,n,sim,,center,centro,Zentrum,0.202,2,bn:00017123n bn:00017130n
18,n,sim,,layer,strato,Schicht,0.202,3,bn:00050305n bn:00050302n bn:00009477n
19,n,sim,,experience,pratica,Praxis,0.199,0,
20,n,sim,,car,macchina,Wagen,0.197,1,bn:00007309n
21,n,sim,,chain,catena,Kette,0.195,4,bn:00080500n bn:00017490n bn:00017488n bn:00017489n
22,n,sim,,system,sistema,System,0.194,7,bn:00075760n bn:00075759n bn:00005863n bn:00075763n bn:00069580n bn:00075762n bn:00075761n
23,n,sim,,location,posizione,Lage,0.193,1,bn:00051760n
24,n,sim,,area,zona,Bereich,0.19,1,bn:00082076n
25,n,sim,,stone,calcolo,Stein,0.187,0,
26,n,sim,,cover,copertura,Deckung,0.186,1,bn:00023350n
27,n,sim,,bit,pezzo,Stück,0.185,0,
28,n,sim,,office,ufficio,Büro,0.185,1,bn:00001961n
29,n,sim,,front,fronte,Front,0.184,2,bn:00036629n bn:00009184n
30,n,sim,,case,caso,Kasten,0.183,0,
31,n,sim,,group,gruppo,Gruppe,0.178,4,bn:00018111n bn:00041943n bn:00073698n bn:00041942n
32,n,sim,,camp,campo,Lager,0.17,2,bn:00015041n bn:00010805n
33,n,sim,,output,produzione,Ausgabe,0.169,0,
34,n,sim,,floor,piano,Stock,0.165,1,bn:00035305n
35,n,sim,,form,forma,Form,0.161,11,bn:00035911n bn:00035912n bn:00035908n bn:00035915n bn:00021751n bn:00003882n bn:00035907n bn:00035909n bn:00026512n bn:00016529n bn:00035913n
36,n,sim,,part,parte,Teil,0.161,1,bn:00021395n
37,n,sim,,module,modulo,Modul,0.16,1,bn:00055499n
38,n,sim,,object,oggetto,Objekt,0.156,4,bn:00058442n bn:00002179n bn:00058445n bn:00058443n
39,n,sim,,shape,forma,Form,0.155,5,bn:00035908n bn:00021751n bn:00003882n bn:00035909n bn:00016529n
40,n,sim,,operation,funzionamento,Betrieb,0.153,0,
41,n,sim,,profile,profilo,Profil,0.153,2,bn:00064627n bn:00064628n
42,n,sim,,building,edificio,Gebäude,0.152,1,bn:00013722n
43,n,sim,,mass,massa,Masse,0.15,3,bn:00053665n bn:00053662n bn:00008985n
44,n,sim,,lot,quantità,Menge,0.149,0,
45,n,sim,,machine,macchina,Maschine,0.149,1,bn:00026716n
46,n,sim,,material,materiale,Material,0.149,3,bn:00053801n bn:00053803n bn:00053802n
47,n,sim,,channel,canale,Kanal,0.148,2,bn:00017686n bn:00015144n
48,n,sim,,character,carattere,Charakter,0.148,1,bn:00017748n
49,n,sim,,number,numero,Anzahl,0.148,1,bn:00034394n
50,n,sim,,quantity,quantità,Menge,0.147,2,bn:00003603n bn:00065553n
51,n,sim,,type,tipo,Typ,0.147,0,
52,n,sim,,dimension,dimensione,Dimension,0.146,4,bn:00027152n bn:00007067n bn:00027153n bn:00027151n
53,n,sim,,sample,modello,Muster,0.145,0,
54,n,sim,,plan,piano,Plan,0.144,3,bn:00069579n bn:00062759n bn:00026536n
55,n,sim,,wall,parete,Wand,0.144,2,bn:00060663n bn:00080386n
56,n,sim,,combination,combinazione,Kombination,0.143,4,bn:00020873n bn:00020874n bn:00020878n bn:00020877n
57,n,sim,,plant,impianto,Anlage,0.126,1,bn:00046568n
58,n,sim,,zone,zona,Zone,0.123,4,bn:00082073n bn:00040162n bn:00009824n bn:00082076n
59,n,sim,,line,linea,Linie,0.121,4,bn:00051294n bn:00014165n bn:00051289n bn:00014457n
60,n,sim,,centre,centro,Zentrum,0.12,2,bn:00017123n bn:00017130n
61,n,sim,,list,lista,Liste,0.12,2,bn:00023140n bn:00051508n
62,n,sim,,register,lista,Liste,0.12,0,
63,n,sim,,section,sezione,Abschnitt,0.119,1,bn:00070190n
64,n,sim,,infrastructure,infrastruttura,Infrastruktur,0.118,2,bn:00046727n bn:00008794n
65,n,sim,,network,rete,Netzwerk,0.112,4,bn:00054497n bn:00024712n bn:00021488n bn:00057379n
66,n,sim,,sheet,foglio,Blatt,0.112,1,bn:00062308n
67,n,sim,,structure,struttura,Struktur,0.111,1,bn:00022071n
68,n,sim,,element,elemento,Element,0.109,6,bn:00030299n bn:00030300n bn:00021394n bn:00018105n bn:00030301n bn:00021396n
69,n,sim,,unit,unità,Einheit,0.109,1,bn:00079106n
70,n,sim,,container,contenitore,Container,0.107,1,bn:00022129n
71,n,sim,,piece,pezzo,Stück,0.107,2,bn:00062297n bn:00062299n
72,n,sim,,plate,lastra,Platte,0.106,0,
73,n,sim,,category,categoria,Kategorie,0.105,1,bn:00016733n
74,n,sim,,series,serie,Serie,0.105,5,bn:00070613n bn:00070611n bn:00070597n bn:00070609n bn:00031227n
75,n,sim,,component,componente,Komponente,0.104,1,bn:00021396n
76,n,sim,,field,campo,Feld,0.103,4,bn:00034265n bn:00006752n bn:00034273n bn:00034267n
77,n,sim,,phase,fase,Phase,0.097,4,bn:00061898n bn:00061900n bn:00035914n bn:00076588n
78,n,sim,,medium,mezzo,Mitte,0.096,0,
79,n,sim,,model,modello,Modell,0.096,7,bn:00032100n bn:00055447n bn:00022071n bn:00055448n bn:00032101n bn:00033735n bn:00036197n
80,n,sim,,surface,superficie,Fläche,0.091,1,bn:02146864n
1,n,sim,WEAK,arrangement,disposizione,Einrichtung,,,
2,n,sim,WEAK,array,insieme,Feld,,,
3,n,sim,WEAK,article,condizione,Gegenstand,,,
4,n,sim,WEAK,back,fondo,Hintergrund,,,
5,n,sim,WEAK,band,gruppo,Band,,,
6,n,sim,WEAK,bar,misura,Bar,,,
7,n,sim,WEAK,body,struttura,Gremium,,,
8,n,sim,WEAK,branch,sezione,Filiale,,,
9,n,sim,WEAK,business,occupazione,Geschäft,,,
10,n,sim,WEAK,card,carta,Karte,,,
11,n,sim,WEAK,cell,nucleo,Zelle,,,
12,n,sim,WEAK,characteristic,caratteristica,Zug,,,
13,n,sim,WEAK,circuit,circuito,Kreis,,,
14,n,sim,WEAK,class,categoria,Klasse,,,
15,n,sim,WEAK,concept,concetto,Vorstellung,,,
16,n,sim,WEAK,configuration,configurazione,Form,,,
17,n,sim,WEAK,connection,caso,Verbindung,,,
18,n,sim,WEAK,construction,costruzione,Anlage,,,
19,n,sim,WEAK,department,ufficio,Abteilung,,,
20,n,sim,WEAK,description,descrizione,Darstellung,,,
21,n,sim,WEAK,design,disegno,Ausführung,,,
22,n,sim,WEAK,development,sviluppo,Gang,,,
23,n,sim,WEAK,direction,senso,Richtung,,,
24,n,sim,WEAK,distribution,distribuzione,Ausgabe,,,
25,n,sim,WEAK,district,zona,Bezirk,,,
26,n,sim,WEAK,division,ripartizione,Abteilung,,,
27,n,sim,WEAK,document,atto,Dokument,,,
28,n,sim,WEAK,effort,costo,Versuch,,,
29,n,sim,WEAK,end,fine,Spitze,,,
30,n,sim,WEAK,engine,motore,Maschine,,,
31,n,sim,WEAK,entry,ingresso,Eintrag,,,
32,n,sim,WEAK,equipment,materiale,Anlage,,,
33,n,sim,WEAK,estate,proprietà,Siedlung,,,
34,n,sim,WEAK,event,caso,Wettkampf,,,
35,n,sim,WEAK,extension,estensione,Ansatz,,,
36,n,sim,WEAK,facility,infrastruttura,Einrichtung,,,
37,n,sim,WEAK,feature,caratteristica,Zug,,,
38,n,sim,WEAK,figure,numero,Figur,,,
39,n,sim,WEAK,file,pratica,Ordner,,,
40,n,sim,WEAK,frame,struttura,Rahmen,,,
41,n,sim,WEAK,ground,terreno,Hintergrund,,,
42,n,sim,WEAK,heading,titolo,Kopf,,,
43,n,sim,WEAK,hole,apertura,Loch,,,
44,n,sim,WEAK,house,edificio,Vorstellung,,,
45,n,sim,WEAK,installation,installazione,Anlage,,,
46,n,sim,WEAK,item,elemento,Stück,,,
47,n,sim,WEAK,job,impiego,Sache,,,
48,n,sim,WEAK,kind,tipo,Art,,,
49,n,sim,WEAK,length,durata,Länge,,,
50,n,sim,WEAK,letter,carattere,Buchstabe,,,
51,n,sim,WEAK,load,carico,Menge,,,
52,n,sim,WEAK,mall,centro,Einkaufszentrum,,,
53,n,sim,WEAK,mechanism,meccanismo,Werk,,,
54,n,sim,WEAK,note,titolo,Ton,,,
55,n,sim,WEAK,package,imballaggio,Paket,,,
56,n,sim,WEAK,panel,pannello,Platte,,,
57,n,sim,WEAK,path,corso,Bahn,,,
58,n,sim,WEAK,picture,quadro,Vorstellung,,,
59,n,sim,WEAK,place,posizione,Gegend,,,
60,n,sim,WEAK,play,azione,Stück,,,
61,n,sim,WEAK,point,senso,Spitze,,,
62,n,sim,WEAK,pool,fonte,Becken,,,
63,n,sim,WEAK,post,impiego,Post,,,
64,n,sim,WEAK,product,genere,Werk,,,
65,n,sim,WEAK,project,progetto,Plan,,,
66,n,sim,WEAK,property,proprietà,Objekt,,,
67,n,sim,WEAK,quality,qualità,Art,,,
68,n,sim,WEAK,range,gamma,Reihe,,,
69,n,sim,WEAK,record,registrazione,Platte,,,
70,n,sim,WEAK,ring,rete,Ring,,,
71,n,sim,WEAK,route,percorso,Linie,,,
72,n,sim,WEAK,scale,scala,Rahmen,,,
73,n,sim,WEAK,scene,quadro,Szene,,,
74,n,sim,WEAK,security,sicurezza,Papier,,,
75,n,sim,WEAK,segment,parte,Abschnitt,,,
76,n,sim,WEAK,set,insieme,Set,,,
77,n,sim,WEAK,setting,regolazione,Rahmen,,,
78,n,sim,WEAK,shop,esercizio,Geschäft,,,
79,n,sim,WEAK,shot,ripresa,Kugel,,,
80,n,sim,WEAK,show,manifestazione,Show,,,
81,n,sim,WEAK,side,lato,Wand,,,
82,n,sim,WEAK,sign,segnale,Schild,,,
83,n,sim,WEAK,square,quadro,Feld,,,
84,n,sim,WEAK,stage,fase,Stufe,,,
85,n,sim,WEAK,standard,livello,Einheit,,,
86,n,sim,WEAK,station,centro,Station,,,
87,n,sim,WEAK,step,misura,Schritt,,,
88,n,sim,WEAK,stock,azione,Stock,,,
89,n,sim,WEAK,stop,stop,Station,,,
90,n,sim,WEAK,store,deposito,Laden,,,
91,n,sim,WEAK,string,serie,Kette,,,
92,n,sim,WEAK,style,modello,Stil,,,
93,n,sim,WEAK,table,quadro,Tabelle,,,
94,n,sim,WEAK,target,obiettivo,Scheibe,,,
95,n,sim,WEAK,thing,oggetto,Sache,,,
96,n,sim,WEAK,top,superficie,Spitze,,,
97,n,sim,WEAK,track,traccia,Bahn,,,
98,n,sim,WEAK,volume,volume,Band,,,
99,n,sim,WEAK,way,percorso,Art,,,
100,n,sim,WEAK,work,meccanismo,Werk,,,
1,n,cooc,,lump,grumo,Klumpen,0.58,0,
2,n,cooc,,book,libretto,Heft,0.545,0,
3,n,cooc,,slab,lastra,Platte,0.466,1,bn:00072033n
4,n,cooc,,tube,tubo,Rohr,0.461,0,
5,n,cooc,,strike,sciopero,Schlag,0.449,0,
6,n,cooc,,pipe,tubo,Rohr,0.446,1,bn:00062568n
7,n,cooc,,type,tipo,Typ,0.424,0,
8,n,cooc,,code,codice,Code,0.41,3,bn:00020354n bn:00020353n bn:00020352n
9,n,cooc,,piece,pezzo,Stück,0.406,2,bn:00062297n bn:00062299n
10,n,cooc,,sheet,foglio,Blatt,0.401,1,bn:00062308n
11,n,cooc,,party,partito,Party,0.397,1,bn:00060834n
12,n,cooc,,element,elemento,Element,0.392,6,bn:00030299n bn:00030300n bn:00021394n bn:00018105n bn:00030301n bn:00021396n
13,n,cooc,,wall,muro,Mauer,0.363,1,bn:00080386n
14,n,cooc,,bomb,bomba,Bombe,0.359,1,bn:00011917n
15,n,cooc,,cylinder,cilindro,Zylinder,0.355,2,bn:00024779n bn:00024781n
16,n,cooc,,module,modulo,Modul,0.296,1,bn:00055499n
17,n,cooc,,area,zona,Bereich,0.288,1,bn:00082076n
18,n,cooc,,border,frontiera,Rand,0.288,0,
19,n,cooc,,list,elenco,Liste,0.285,2,bn:00023140n bn:00051508n
20,n,cooc,,room,posto,Platz,0.244,0,
21,n,cooc,,section,sezione,Abschnitt,0.241,1,bn:00070190n
1,n,cooc,WEAK,attack,aggressione,Angriff,,,
2,n,cooc,WEAK,avenue,strada,Weg,,,
3,n,cooc,WEAK,bar,barra,Stange,,,
4,n,cooc,WEAK,belt,zona,Gurt,,,
5,n,cooc,WEAK,board,tavola,Platte,,,
6,n,cooc,WEAK,branch,sezione,Stange,,,
7,n,cooc,WEAK,brick,mattone,Stein,,,
8,n,cooc,WEAK,cake,tavoletta,Stück,,,
9,n,cooc,WEAK,cancellation,cancellazione,Auflösung,,,
10,n,cooc,WEAK,chain,catena,Reihe,,,
11,n,cooc,WEAK,command,controllo,Anweisung,,,
12,n,cooc,WEAK,component,componente,Teil,,,
13,n,cooc,WEAK,cube,blocchetto,Würfel,,,
14,n,cooc,WEAK,degree,livello,Abschluss,,,
15,n,cooc,WEAK,district,zona,Teil,,,
16,n,cooc,WEAK,edge,taglio,Rand,,,
17,n,cooc,WEAK,end,chiusura,Ende,,,
18,n,cooc,WEAK,form,modulo,Zettel,,,
19,n,cooc,WEAK,head,capo,Stück,,,
20,n,cooc,WEAK,heart,nodo,Innere,,,
21,n,cooc,WEAK,item,articolo,Punkt,,,
22,n,cooc,WEAK,length,pezzo,Länge,,,
23,n,cooc,WEAK,level,livello,Etage,,,
24,n,cooc,WEAK,line,comunicazione,Zeile,,,
25,n,cooc,WEAK,panel,pannello,Platte,,,
26,n,cooc,WEAK,part,pezzo,Teil,,,
27,n,cooc,WEAK,plate,targa,Platte,,,
28,n,cooc,WEAK,road,strada,Weg,,,
29,n,cooc,WEAK,rock,masso,Felsen,,,
30,n,cooc,WEAK,rod,barra,Stange,,,
31,n,cooc,WEAK,route,via,Weg,,,
32,n,cooc,WEAK,size,misura,Größe,,,
33,n,cooc,WEAK,state,stato,Land,,,
34,n,cooc,WEAK,stick,bastoncino,Stab,,,
35,n,cooc,WEAK,stone,ciottolo,Stein,,,
36,n,cooc,WEAK,target,targa,Scheibe,,,
37,n,cooc,WEAK,time,misura,Dauer,,,
38,n,cooc,WEAK,transfer,collegamento,Anweisung,,,
39,n,cooc,WEAK,wedge,cuneo,Stück,,,
1,adj,cooc,,functional,funzionale,funktional,0.437,0,
2,adj,cooc,,cubic,cubico,kubisch,0.376,0,
3,adj,cooc,,compact,compatto,kompakt,0.371,0,
4,adj,cooc,,logical,logico,logisch,0.365,1,bn:00106117a
5,adj,cooc,,rectangular,rettangolare,rechteckig,0.347,0,
6,adj,cooc,,solid,solido,massiv,0.347,0,
7,adj,cooc,,huge,enorme,riesig,0.333,0,
8,adj,cooc,,entire,intero,ganz,0.317,1,bn:00102279a
9,adj,cooc,,rigid,rigido,starr,0.291,0,
10,adj,cooc,,intact,intero,ganz,0.281,0,
11,adj,cooc,,large,grande,groß,0.26,1,bn:00098342a
12,adj,cooc,,tall,grande,groß,0.259,1,bn:00111630a
13,adj,cooc,,wide,grande,groß,0.259,0,
14,adj,cooc,,big,grande,groß,0.246,1,bn:00098342a
15,adj,cooc,,high,grande,groß,0.226,0,
16,adj,cooc,,available,disponibile,verfügbar,0.21,0,
17,adj,cooc,,small,piccolo,klein,0.178,0,
18,adj,cooc,,short,piccolo,klein,0.165,0,
1,adj,cooc,WEAK,appropriate,proprio,entsprechend,,,
2,adj,cooc,WEAK,complete,completo,komplett,,,
3,adj,cooc,WEAK,full,completo,ganz,,,
4,adj,cooc,WEAK,heavy,pesante,stark,,,
5,adj,cooc,WEAK,present,attuale,bestehend,,,
6,adj,cooc,WEAK,quick,pronto,klein,,,
7,adj,cooc,WEAK,ready,pronto,fertig,,,
8,adj,cooc,WEAK,separate,distinto,getrennt,,,
9,adj,cooc,WEAK,several,diverso,jeweilig,,,
10,adj,cooc,WEAK,single,singolo,einzeln,,,
11,adj,cooc,WEAK,strong,grande,stark,,,
12,adj,cooc,WEAK,thick,grosso,stark,,,
13,adj,cooc,WEAK,total,totale,ganz,,,
14,adj,cooc,WEAK,vacant,disponibile,leer,,,
15,adj,cooc,WEAK,whole,totale,ganz,,,
1,v,cooc,,chop,tagliare,schneiden,0.378,0,
2,v,cooc,,remove,rimuovere,entfernen,0.364,0,
3,v,cooc,,select,scegliere,wählen,0.36,1,bn:00084931v
4,v,cooc,,overcome,superare,überwinden,0.347,0,
5,v,cooc,,carve,scolpire,schnitzen,0.343,0,
6,v,cooc,,trim,tagliare,schneiden,0.342,0,
7,v,cooc,,position,posizionare,platzieren,0.34,0,
8,v,cooc,,insert,inserire,einfügen,0.336,1,bn:00087681v
9,v,cooc,,enclose,includere,umschließen,0.327,0,
10,v,cooc,,form,formare,bilden,0.325,1,bn:00088490v
11,v,cooc,,move,spostare,bewegen,0.318,1,bn:00088912v
12,v,cooc,,erase,cancellare,löschen,0.316,2,bn:00087490v bn:00086518v
13,v,cooc,,allocate,assegnare,zuweisen,0.315,0,
14,v,cooc,,cut,tagliare,schneiden,0.315,1,bn:00086178v
15,v,cooc,,strike,colpire,schlagen,0.314,0,
16,v,cooc,,break,rompere,brechen,0.307,2,bn:00083950v bn:00083904v
17,v,cooc,,partition,dividere,aufteilen,0.307,0,
18,v,cooc,,destroy,distruggere,zerstören,0.3,2,bn:00086699v bn:00086698v
19,v,cooc,,contain,contenere,enthalten,0.297,1,bn:00083225v
20,v,cooc,,push,spingere,schieben,0.296,0,
21,v,cooc,,assemble,assemblare,zusammenbauen,0.293,1,bn:00082845v
22,v,cooc,,act,agire,agieren,0.291,0,
23,v,cooc,,delete,cancellare,löschen,0.291,2,bn:00087490v bn:00086518v
24,v,cooc,,finish,finire,beenden,0.291,1,bn:00085475v
25,v,cooc,,copy,copiare,kopieren,0.285,0,
26,v,cooc,,constitute,costituire,bilden,0.28,1,bn:00083187v
27,v,cooc,,separate,separare,trennen,0.28,0,
28,v,cooc,,erect,erigere,errichten,0.279,0,
29,v,cooc,,include,includere,einschließen,0.273,1,bn:00089662v
30,v,cooc,,indicate,indicare,zeigen,0.268,0,
31,v,cooc,,live,vivere,leben,0.264,2,bn:00083191v bn:00087441v
32,v,cooc,,rotate,ruotare,drehen,0.263,0,
33,v,cooc,,hit,colpire,schlagen,0.26,1,bn:00089347v
34,v,cooc,,walk,andare,gehen,0.26,0,
35,v,cooc,,generate,generare,erzeugen,0.258,0,
36,v,cooc,,assign,assegnare,zuordnen,0.253,0,
37,v,cooc,,produce,produrre,produzieren,0.25,3,bn:00084198v bn:00086013v bn:00084082v
38,v,cooc,,complete,completare,abschließen,0.249,0,
39,v,cooc,,drag,trascinare,ziehen,0.245,0,
40,v,cooc,,permit,permettere,erlauben,0.245,1,bn:00082536v
41,v,cooc,,extend,estendere,erweitern,0.237,1,bn:00084121v
42,v,cooc,,occupy,occupare,belegen,0.235,0,
43,v,cooc,,knock,colpire,schlagen,0.233,0,
44,v,cooc,,mark,segnare,markieren,0.227,0,
45,v,cooc,,last,durare,dauern,0.226,1,bn:00087620v
46,v,cooc,,start,iniziare,beginnen,0.226,2,bn:00083340v bn:00083342v
47,v,cooc,,create,creare,schaffen,0.224,1,bn:00086009v
48,v,cooc,,accomplish,realizzare,erreichen,0.223,1,bn:00082226v
49,v,cooc,,remain,rimanere,bleiben,0.22,3,bn:00092756v bn:00085719v bn:00091562v
50,v,cooc,,serve,servire,dienen,0.218,1,bn:00082867v
51,v,cooc,,put,mettere,setzen,0.215,0,
52,v,cooc,,sell,vendere,verkaufen,0.205,1,bn:00093472v
53,v,cooc,,stop,fermare,stoppen,0.204,1,bn:00094398v
54,v,cooc,,buy,acquistare,kaufen,0.203,1,bn:00084331v
55,v,cooc,,appear,apparire,auftreten,0.201,0,
56,v,cooc,,purchase,acquistare,kaufen,0.201,1,bn:00084331v
57,v,cooc,,allow,consentire,erlauben,0.19,0,
58,v,cooc,,cost,costare,kosten,0.189,0,
59,v,cooc,,number,contare,zählen,0.188,0,
60,v,cooc,,define,definire,definieren,0.186,1,bn:00086465v
61,v,cooc,,use,utilizzare,verwenden,0.185,1,bn:00082705v
62,v,cooc,,represent,rappresentare,darstellen,0.18,1,bn:00083187v
63,v,cooc,,exist,esistere,existieren,0.179,1,bn:00083184v
64,v,cooc,,count,contare,zählen,0.178,0,
65,v,cooc,,belong,appartenere,gehören,0.156,0,
66,v,cooc,,present,presentare,präsentieren,0.153,1,bn:00086557v
67,v,cooc,,give,rendere,geben,0.146,0,
68,v,cooc,,keep,tenere,halten,0.133,0,
69,v,cooc,,mean,dire,bedeuten,0.133,1,bn:00089805v
70,v,cooc,,call,chiamare,rufen,0.122,0,
1,v,cooc,WEAK,acquire,acquistare,erwerben,,,
2,v,cooc,WEAK,add,aumentare,hinzufügen,,,
3,v,cooc,WEAK,allot,assegnare,zuteilen,,,
4,v,cooc,WEAK,apply,applicare,verwenden,,,
5,v,cooc,WEAK,arrange,organizzare,ordnen,,,
6,v,cooc,WEAK,attach,sequestrare,anschließen,,,
7,v,cooc,WEAK,award,aggiudicare,geben,,,
8,v,cooc,WEAK,be,rimanere,liegen,,,
9,v,cooc,WEAK,bear,portare,führen,,,
10,v,cooc,WEAK,become,venire,stehen,,,
11,v,cooc,WEAK,block,disattivare,blockieren,,,
12,v,cooc,WEAK,book,registrare,belegen,,,
13,v,cooc,WEAK,border,delimitare,umschließen,,,
14,v,cooc,WEAK,bound,limitare,springen,,,
15,v,cooc,WEAK,build,erigere,bauen,,,
16,v,cooc,WEAK,cast,perdere,werfen,,,
17,v,cooc,WEAK,circle,ruotare,kreisen,,,
18,v,cooc,WEAK,circumvent,eludere,verhindern,,,
19,v,cooc,WEAK,clear,liberare,löschen,,,
20,v,cooc,WEAK,close,finire,schließen,,,
21,v,cooc,WEAK,comprise,comprendere,umfassen,,,
22,v,cooc,WEAK,connect,inserire,anschließen,,,
23,v,cooc,WEAK,cover,coprire,umfassen,,,
24,v,cooc,WEAK,cross,tagliare,überschreiten,,,
25,v,cooc,WEAK,demolish,smontare,zerstören,,,
26,v,cooc,WEAK,develop,generare,entstehen,,,
27,v,cooc,WEAK,display,manifestare,anzeigen,,,
28,v,cooc,WEAK,do,agire,machen,,,
29,v,cooc,WEAK,drop,cadere,werfen,,,
30,v,cooc,WEAK,encompass,contenere,umfassen,,,
31,v,cooc,WEAK,establish,stabilire,schaffen,,,
32,v,cooc,WEAK,evade,eludere,vermeiden,,,
33,v,cooc,WEAK,fall,cadere,liegen,,,
34,v,cooc,WEAK,feature,rappresentare,vorkommen,,,
35,v,cooc,WEAK,fill,occupare,füllen,,,
36,v,cooc,WEAK,fit,incastrare,passen,,,
37,v,cooc,WEAK,fly,trasportare,fliegen,,,
38,v,cooc,WEAK,follow,derivare,folgen,,,
39,v,cooc,WEAK,go,partire,gehen,,,
40,v,cooc,WEAK,halve,dimezzare,teilen,,,
41,v,cooc,WEAK,happen,avvenire,passieren,,,
42,v,cooc,WEAK,have,disporre,machen,,,
43,v,cooc,WEAK,integrate,completare,einbinden,,,
44,v,cooc,WEAK,introduce,introdurre,bringen,,,
45,v,cooc,WEAK,lay,posare,legen,,,
46,v,cooc,WEAK,lead,portare,führen,,,
47,v,cooc,WEAK,lie,rimanere,liegen,,,
48,v,cooc,WEAK,lift,sollevare,ziehen,,,
49,v,cooc,WEAK,list,elencare,notieren,,,
50,v,cooc,WEAK,locate,situare,finden,,,
51,v,cooc,WEAK,make,rendere,machen,,,
52,v,cooc,WEAK,mine,estrarre,abbauen,,,
53,v,cooc,WEAK,mount,montare,fassen,,,
54,v,cooc,WEAK,occur,avvenire,auftreten,,,
55,v,cooc,WEAK,offer,presentare,anbieten,,,
56,v,cooc,WEAK,originate,provenire,entstehen,,,
57,v,cooc,WEAK,place,mettere,platzieren,,,
58,v,cooc,WEAK,prevent,evitare,verhindern,,,
59,v,cooc,WEAK,proceed,cominciare,verlaufen,,,
60,v,cooc,WEAK,prove,risultare,erweisen,,,
61,v,cooc,WEAK,provide,prevedere,liefern,,,
62,v,cooc,WEAK,range,disporre,gleiten,,,
63,v,cooc,WEAK,read,leggere,anzeigen,,,
64,v,cooc,WEAK,record,registrare,speichern,,,
65,v,cooc,WEAK,reduce,ridurre,abbauen,,,
66,v,cooc,WEAK,refer,riguardare,verweisen,,,
67,v,cooc,WEAK,release,liberare,lösen,,,
68,v,cooc,WEAK,rest,rimanere,ruhen,,,
69,v,cooc,WEAK,retain,tenere,speichern,,,
70,v,cooc,WEAK,roll,ruotare,rollen,,,
71,v,cooc,WEAK,see,trovare,sehen,,,
72,v,cooc,WEAK,set,stabilire,setzen,,,
73,v,cooc,WEAK,shape,formare,gestalten,,,
74,v,cooc,WEAK,shed,perdere,abbauen,,,
75,v,cooc,WEAK,show,indicare,anzeigen,,,
76,v,cooc,WEAK,signal,indicare,anzeigen,,,
77,v,cooc,WEAK,sit,partecipare,sitzen,,,
78,v,cooc,WEAK,situate,situare,legen,,,
79,v,cooc,WEAK,snap,scattare,schnappen,,,
80,v,cooc,WEAK,snatch,riuscire,greifen,,,
81,v,cooc,WEAK,split,dividere,teilen,,,
82,v,cooc,WEAK,spring,scattare,springen,,,
83,v,cooc,WEAK,stand,restare,stehen,,,
84,v,cooc,WEAK,stretch,tendere,ziehen,,,
85,v,cooc,WEAK,support,mantenere,erhalten,,,
86,v,cooc,WEAK,surround,limitare,umschließen,,,
87,v,cooc,WEAK,sustain,mantenere,erhalten,,,
88,v,cooc,WEAK,transform,trasformare,verändern,,,
89,v,cooc,WEAK,travel,andare,fliegen,,,
90,v,cooc,WEAK,wait,servire,stehen,,,
