idx_group,pos,rel,weak,lex_en,lex_it,lex_de,score,bs_count,babel_synsets
0,n,head,,sat saturday sabbatum,sabato,Samstag Satertag Sabbat,,1,bn:00068696n
1,n,sim,,sunday,domenica,Sonntag,0.667,1,bn:00028190n
2,n,sim,,friday,venerdì,Freitag,0.616,1,bn:00036512n
3,n,sim,,thursday,giovedì,Donnerstag,0.566,1,bn:00076744n
4,n,sim,,wednesday,mercoledì,Mittwoch,0.564,1,bn:00054897n
5,n,sim,,monday,lunedì,Montag,0.553,1,bn:00055609n
6,n,sim,,tuesday,martedì,Dienstag,0.544,1,bn:00078546n
7,n,sim,,fri,venerdì,Freitag,0.491,1,bn:00036512n
8,n,sim,,afternoon,pomeriggio,Nachmittag,0.485,1,bn:00001875n
9,n,sim,,weekend,weekend,Wochenende,0.474,2,bn:00080816n bn:00080813n
10,n,sim,,evening,sera,Abend,0.473,1,bn:00031998n
11,n,sim,,morning,mattina,Morgen,0.44,1,bn:00035851n
12,n,sim,,june,giugno,Juni,0.403,1,bn:00048592n
13,n,sim,,april,aprile,April,0.4,1,bn:00005169n
14,n,sim,,october,ottobre,Oktober,0.395,1,bn:00058593n
15,n,sim,,july,luglio,Juli,0.393,1,bn:00048548n
16,n,sim,,september,settembre,September,0.392,1,bn:00070537n
17,n,sim,,mon,lunedì,Montag,0.391,1,bn:00055609n
18,n,sim,,november,novembre,November,0.39,1,bn:00058192n
19,n,sim,,december,dicembre,Dezember,0.383,1,bn:00025645n
20,n,sim,,february,febbraio,Februar,0.383,1,bn:00033882n
21,n,sim,,night,notte,Nacht,0.379,2,bn:00025236n bn:00057666n
22,n,sim,,january,gennaio,Januar,0.376,1,bn:00047960n
23,n,sim,,oct.,ottobre,Oktober,0.36,0,
24,n,sim,,sept.,settembre,September,0.358,0,
25,n,sim,,nov.,novembre,November,0.354,0,
26,n,sim,,tomorrow,domani,Morgen,0.354,1,bn:00077549n
27,n,sim,,week,settimana,Woche,0.351,1,bn:00043484n
28,n,sim,,dec.,dicembre,Dezember,0.347,0,
29,n,sim,,jan.,gennaio,Januar,0.341,0,
30,n,sim,,day,giorno,Tag,0.323,5,bn:00025424n bn:00000086n bn:00025422n bn:00025417n bn:00025419n
31,n,sim,,summer,estate,Sommer,0.323,1,bn:00075151n
32,n,sim,,season,stagione,Saison,0.314,2,bn:00072547n bn:00070056n
33,n,sim,,start,inizio,Start,0.299,4,bn:00009636n bn:00009633n bn:00073989n bn:00009632n
34,n,sim,,tournament,torneo,Turnier,0.296,2,bn:00077750n bn:00077751n
35,n,sim,,hour,ora,Stunde,0.292,1,bn:00000127n
36,n,sim,,match,partita,Spiel,0.286,0,
37,n,sim,,oct,ottobre,Oktober,0.284,1,bn:00058593n
38,n,sim,,event,evento,Ereignis,0.282,2,bn:00032022n bn:00032021n
39,n,sim,,month,mese,Monat,0.281,2,bn:00014710n bn:00055794n
40,n,sim,,apr,aprile,April,0.278,1,bn:00005169n
41,n,sim,,aug,agosto,August,0.278,1,bn:00007140n
42,n,sim,,nov,novembre,November,0.278,1,bn:00058192n
43,n,sim,,sept,settembre,September,0.278,1,bn:00070537n
44,n,sim,,feb,febbraio,Februar,0.277,1,bn:00033882n
45,n,sim,,minute,minuto,Minute,0.275,4,bn:00046942n bn:00005459n bn:00055094n bn:00010728n
46,n,sim,,championship,campionato,Meisterschaft,0.272,1,bn:00017615n
47,n,sim,,game,gioco,Spiel,0.268,2,bn:00037180n bn:00037182n
48,n,sim,,place,posto,Platz,0.268,1,bn:00062699n
49,n,sim,,team,squadra,Team,0.267,2,bn:00030339n bn:00073699n
50,n,sim,,contest,gara,Wettbewerb,0.266,1,bn:00021338n
51,n,sim,,jul,luglio,Juli,0.265,1,bn:00048548n
52,n,sim,,win,vittoria,Sieg,0.265,2,bn:00081253n bn:00078365n
53,n,sim,,victory,vittoria,Sieg,0.264,1,bn:00078365n
54,n,sim,,run,corsa,Lauf,0.263,1,bn:00068552n
55,n,sim,,play,gioco,Spiel,0.262,2,bn:00037180n bn:00007800n
56,n,sim,,competition,gara,Wettbewerb,0.261,2,bn:00021339n bn:00021338n
57,n,sim,,home,casa,Haus,0.261,2,bn:00000356n bn:00044994n
58,n,sim,,time,tempo,Zeit,0.259,2,bn:00077270n bn:00076545n
59,n,sim,,jan,gennaio,Januar,0.258,1,bn:00047960n
60,n,sim,,moment,momento,Moment,0.257,5,bn:00077679n bn:00046942n bn:00010728n bn:00055597n bn:00055596n
61,n,sim,,class,classe,Klasse,0.256,6,bn:00019478n bn:00016733n bn:00019477n bn:00019479n bn:00019482n bn:00019483n
62,n,sim,,house,casa,Haus,0.256,4,bn:00000356n bn:00029305n bn:00045000n bn:00044994n
63,n,sim,,school,scuola,Schule,0.256,3,bn:00069625n bn:00069620n bn:00069619n
64,n,sim,,point,punto,Punkt,0.254,4,bn:00063218n bn:00063214n bn:00036777n bn:00063223n
65,n,sim,,program,programma,Programm,0.254,4,bn:00062899n bn:00021492n bn:00021497n bn:00013235n
66,n,sim,,club,club,Verein,0.253,1,bn:00020039n
67,n,sim,,party,festa,Party,0.253,3,bn:00036825n bn:00060836n bn:00060835n
68,n,sim,,room,posto,Platz,0.253,0,
69,n,sim,,spring,primavera,Frühjahr,0.253,1,bn:00073636n
70,n,sim,,center,centro,Mitte,0.252,2,bn:00017130n bn:00017123n
71,n,sim,,show,mostra,Show,0.25,1,bn:00027670n
72,n,sim,,visit,visita,Besuch,0.248,2,bn:00080113n bn:00080111n
73,n,sim,,spot,posto,Stelle,0.247,1,bn:00062699n
74,n,sim,,concert,concerto,Konzert,0.246,1,bn:00021559n
75,n,sim,,schedule,programma,Programm,0.246,1,bn:00069568n
76,n,sim,,year,anno,Jahr,0.245,3,bn:00081857n bn:00006662n bn:00078738n
77,n,sim,,plan,programma,Programm,0.244,1,bn:00069579n
78,n,sim,,centre,centro,Mitte,0.242,2,bn:00017130n bn:00017123n
79,n,sim,,group,gruppo,Gruppe,0.242,4,bn:00041942n bn:00073698n bn:00018111n bn:00041943n
80,n,sim,,course,corso,Kurs,0.241,2,bn:00019479n bn:00019477n
81,n,sim,,meeting,riunione,Sitzung,0.241,1,bn:00070689n
82,n,sim,,track,pista,Strecke,0.241,0,
83,n,sim,,fan,tifoso,Fan,0.24,1,bn:00033600n
84,n,sim,,festival,festival,Festival,0.24,3,bn:00034151n bn:00034150n bn:00060836n
85,n,sim,,series,serie,Serie,0.24,5,bn:00070609n bn:00070613n bn:00070611n bn:00031227n bn:00070597n
86,n,sim,,player,giocatore,Spieler,0.235,1,bn:00060799n
87,n,sim,,session,sessione,Sitzung,0.235,2,bn:00070690n bn:00070689n
88,n,sim,,couple,coppia,Paar,0.234,3,bn:00012597n bn:00023268n bn:00012596n
89,n,sim,,line,serie,Reihe,0.234,0,
90,n,sim,,position,posto,Stelle,0.232,0,
91,n,sim,,site,luogo,Standort,0.231,1,bn:00051760n
92,n,sim,,man,uomo,Mann,0.23,1,bn:00001533n
93,n,sim,,case,caso,Fall,0.229,3,bn:00016402n bn:00016411n bn:00016403n
94,n,sim,,football,calcio,Fußball,0.229,3,bn:00006547n bn:00035704n bn:00008122n
95,n,sim,,police,polizia,Polizei,0.229,1,bn:00022026n
96,n,sim,,league,lega,Liga,0.228,1,bn:00021722n
97,n,sim,,period,periodo,Zeit,0.228,0,
98,n,sim,,set,serie,Reihe,0.228,0,
99,n,sim,,family,famiglia,Familie,0.222,2,bn:00032896n bn:00032893n
100,n,sim,,car,auto,Auto,0.22,1,bn:00007309n
101,n,sim,,city,città,Stadt,0.216,1,bn:00019319n
102,n,sim,,work,lavoro,Arbeit,0.211,5,bn:00081569n bn:00081570n bn:00014138n bn:00030616n bn:00030625n
103,n,sim,,job,lavoro,Arbeit,0.21,4,bn:00030616n bn:00030625n bn:00014138n bn:00018756n
104,n,sim,,town,città,Stadt,0.208,1,bn:00077775n
105,n,sim,,test,test,Test,0.201,7,bn:00054378n bn:00032095n bn:00076649n bn:00068548n bn:00076647n bn:00076648n bn:00032089n
106,n,sim,,result,risultato,Ergebnis,0.2,3,bn:00004452n bn:00021961n bn:00034520n
107,n,sim,,election,elezione,Wahl,0.198,2,bn:00030113n bn:00030114n
108,n,sim,,holiday,vacanza,Urlaub,0.186,1,bn:00044415n
109,n,sim,,ceremony,cerimonia,Zeremonie,0.18,1,bn:00017345n
110,n,sim,,ocation,luogo,Ort,0.168,0,
1,n,sim,WEAK,action,fatto,Aktion,,,
2,n,sim,WEAK,area,luogo,Teil,,,
3,n,sim,WEAK,break,sosta,Pause,,,
4,n,sim,WEAK,business,lavoro,Sache,,,
5,n,sim,WEAK,campaign,campagna,Aktion,,,
6,n,sim,WEAK,chance,caso,Chance,,,
7,n,sim,WEAK,date,data,Termin,,,
8,n,sim,WEAK,district,regione,Teil,,,
9,n,sim,WEAK,drive,giro,Tour,,,
10,n,sim,WEAK,end,finale,Ende,,,
11,n,sim,WEAK,fall,autunno,Fall,,,
12,n,sim,WEAK,field,campo,Platz,,,
13,n,sim,WEAK,ground,luogo,Boden,,,
14,n,sim,WEAK,incident,incidente,Ereignis,,,
15,n,sim,WEAK,lot,partita,Partie,,,
16,n,sim,WEAK,number,numero,Reihe,,,
17,n,sim,WEAK,office,sede,Stelle,,,
18,n,sim,WEAK,order,classe,Folge,,,
19,n,sim,WEAK,performance,spettacolo,Leistung,,,
20,n,sim,WEAK,practice,allenamento,Training,,,
21,n,sim,WEAK,quarter,parte,Seite,,,
22,n,sim,WEAK,race,gara,Rennen,,,
23,n,sim,WEAK,return,ritorno,Wahl,,,
24,n,sim,WEAK,round,turno,Runde,,,
25,n,sim,WEAK,scene,scena,Bild,,,
26,n,sim,WEAK,service,servizio,Leistung,,,
27,n,sim,WEAK,shot,ripresa,Start,,,
28,n,sim,WEAK,side,parte,Seite,,,
29,n,sim,WEAK,stage,scena,Bühne,,,
30,n,sim,WEAK,state,stato,Stand,,,
31,n,sim,WEAK,station,posto,Station,,,
32,n,sim,WEAK,stop,sosta,Station,,,
33,n,sim,WEAK,tour,giro,Tour,,,
34,n,sim,WEAK,trip,giro,Reise,,,
35,n,sim,WEAK,way,parte,Weg,,,
1,n,cooc,,april,aprile,April,0.631,1,bn:00005169n
2,n,cooc,,sunday,domenica,Sonntag,0.63,1,bn:00028190n
3,n,cooc,,june,giugno,Juni,0.619,1,bn:00048592n
4,n,cooc,,october,ottobre,Oktober,0.617,1,bn:00058593n
5,n,cooc,,september,settembre,September,0.614,1,bn:00070537n
6,n,cooc,,november,novembre,November,0.6,1,bn:00058192n
7,n,cooc,,december,dicembre,Dezember,0.599,1,bn:00025645n
8,n,cooc,,july,luglio,Juli,0.599,1,bn:00048548n
9,n,cooc,,dec.,dicembre,Dezember,0.594,0,
10,n,cooc,,february,febbraio,Februar,0.594,1,bn:00033882n
11,n,cooc,,january,gennaio,Januar,0.594,1,bn:00047960n
12,n,cooc,,jan.,gennaio,Januar,0.586,0,
13,n,cooc,,oct,ottobre,Oktober,0.566,1,bn:00058593n
14,n,cooc,,afternoon,pomeriggio,Nachmittag,0.563,1,bn:00001875n
15,n,cooc,,apr,aprile,April,0.55,1,bn:00005169n
16,n,cooc,,nov,novembre,November,0.54,1,bn:00058192n
17,n,cooc,,sept,settembre,September,0.539,1,bn:00070537n
18,n,cooc,,aug,agosto,August,0.538,1,bn:00007140n
19,n,cooc,,sept.,settembre,Sept.,0.537,0,
20,n,cooc,,jun,giugno,Juni,0.535,1,bn:00048592n
21,n,cooc,,feb,febbraio,Februar,0.533,1,bn:00033882n
22,n,cooc,,jul,luglio,Juli,0.53,1,bn:00048548n
23,n,cooc,,nov.,novembre,Nov.,0.53,0,
24,n,cooc,,oct.,ottobre,Okt.,0.53,0,
25,n,cooc,,jan,gennaio,Januar,0.526,1,bn:00047960n
26,n,cooc,,day,giorno,Tag,0.508,5,bn:00025424n bn:00000086n bn:00025422n bn:00025417n bn:00025419n
27,n,cooc,,evening,sera,Abend,0.476,1,bn:00031998n
28,n,cooc,,meeting,incontro,Treffen,0.47,1,bn:00030702n
29,n,cooc,,tests,test,Test,0.469,0,
30,n,cooc,,police,polizia,Polizei,0.435,1,bn:00022026n
31,n,cooc,,championship,campionato,Meisterschaft,0.433,1,bn:00017615n
32,n,cooc,,monday,lunedì,Montag,0.431,1,bn:00055609n
33,n,cooc,,win,vittoria,Sieg,0.429,2,bn:00081253n bn:00078365n
34,n,cooc,,festival,festival,Fest,0.428,2,bn:00034151n bn:00060836n
35,n,cooc,,victory,vittoria,Sieg,0.428,1,bn:00078365n
36,n,cooc,,morning,mattina,Morgen,0.426,1,bn:00035851n
37,n,cooc,,show,mostra,Show,0.42,1,bn:00027670n
38,n,cooc,,season,stagione,Saison,0.419,2,bn:00072547n bn:00070056n
39,n,cooc,,debut,debutto,Debüt,0.416,1,bn:16543215n
40,n,cooc,,tuesday,martedì,Dienstag,0.403,1,bn:00078546n
41,n,cooc,,hour,ora,Stunde,0.402,1,bn:00000127n
42,n,cooc,,test,test,Test,0.401,7,bn:00054378n bn:00032095n bn:00076649n bn:00068548n bn:00076647n bn:00076648n bn:00032089n
43,n,cooc,,concert,concerto,Konzert,0.394,1,bn:00021559n
44,n,cooc,,weekend,weekend,Wochenende,0.394,2,bn:00080816n bn:00080813n
45,n,cooc,,interview,intervista,Interview,0.392,2,bn:00007099n bn:00047238n
46,n,cooc,,title,titolo,Titel,0.391,3,bn:00077412n bn:00077409n bn:00035925n
47,n,cooc,,place,piazza,Platz,0.387,1,bn:00062214n
48,n,cooc,,thursday,giovedì,Donnerstag,0.384,1,bn:00076744n
49,n,cooc,,game,partita,Spiel,0.382,1,bn:00037180n
50,n,cooc,,party,festa,Party,0.382,3,bn:00036825n bn:00060836n bn:00060835n
51,n,cooc,,tournament,torneo,Turnier,0.376,2,bn:00077750n bn:00077751n
52,n,cooc,,fri,venerdì,Freitag,0.374,1,bn:00036512n
53,n,cooc,,time,orario,Zeit,0.374,0,
54,n,cooc,,wednesday,mercoledì,Mittwoch,0.374,1,bn:00054897n
55,n,cooc,,event,evento,Ereignis,0.371,2,bn:00032022n bn:00032021n
56,n,cooc,,week,settimana,Woche,0.36,1,bn:00043484n
57,n,cooc,,crew,squadra,Mannschaft,0.359,0,
58,n,cooc,,friday,venerdì,Freitag,0.356,1,bn:00036512n
59,n,cooc,,team,squadra,Team,0.354,2,bn:00030339n bn:00073699n
60,n,cooc,,play,partita,Spiel,0.336,1,bn:00037180n
61,n,cooc,,match,partita,Spiel,0.334,0,
62,n,cooc,,rain,pioggia,Regen,0.33,1,bn:00066032n
63,n,cooc,,temperature,temperatura,Temperatur,0.29,1,bn:00076457n
64,n,cooc,,period,periodo,Zeit,0.288,0,
65,n,cooc,,breakfast,colazione,Frühstück,0.282,1,bn:00012930n
66,n,cooc,,night,notte,Nacht,0.279,2,bn:00025236n bn:00057666n
67,n,cooc,,fire,fuoco,Feuer,0.272,3,bn:00034625n bn:00034623n bn:00034627n
68,n,cooc,,schedule,programma,Programm,0.271,1,bn:00069568n
69,n,cooc,,essay,prova,Studie,0.263,0,
70,n,cooc,,course,corso,Verlauf,0.247,0,
71,n,cooc,,man,uomo,Mann,0.245,1,bn:00001533n
72,n,cooc,,work,lavoro,Arbeit,0.222,5,bn:00081569n bn:00081570n bn:00014138n bn:00030616n bn:00030625n
1,n,cooc,WEAK,act,scena,Gesetz,,,
2,n,cooc,WEAK,action,opera,Aktion,,,
3,n,cooc,WEAK,authority,autorità,Stelle,,,
4,n,cooc,WEAK,business,lavoro,Betrieb,,,
5,n,cooc,WEAK,center,centro,Platz,,,
6,n,cooc,WEAK,ceremony,cerimonia,Feier,,,
7,n,cooc,WEAK,class,corso,Stunde,,,
8,n,cooc,WEAK,contest,gara,Wettkampf,,,
9,n,cooc,WEAK,crash,scontro,Unfall,,,
10,n,cooc,WEAK,examination,visita,Prüfung,,,
11,n,cooc,WEAK,field,campo,Platz,,,
12,n,cooc,WEAK,goal,porta,Tor,,,
13,n,cooc,WEAK,grade,voto,Grad,,,
14,n,cooc,WEAK,group,gruppo,Band,,,
15,n,cooc,WEAK,holiday,festa,Ferien,,,
16,n,cooc,WEAK,home,famiglia,Haus,,,
17,n,cooc,WEAK,incident,incidente,Ereignis,,,
18,n,cooc,WEAK,parade,mostra,Umzug,,,
19,n,cooc,WEAK,performance,spettacolo,Erfüllung,,,
20,n,cooc,WEAK,quarter,parte,Stelle,,,
21,n,cooc,WEAK,race,gara,Rennen,,,
22,n,cooc,WEAK,road,via,Weg,,,
23,n,cooc,WEAK,round,turno,Runde,,,
24,n,cooc,WEAK,session,colloquio,Stunde,,,
25,n,cooc,WEAK,start,partenza,Start,,,
26,n,cooc,WEAK,sund,domenica,Sonne,,,
27,n,cooc,WEAK,town,città,Platz,,,
28,n,cooc,WEAK,weekday,feria,Wochentag,,,
1,adj,cooc,,sunny,soleggiato,sonnig,0.381,0,
2,adj,cooc,,close,vicino,nah,0.361,0,
3,adj,cooc,,near,vicino,nah,0.335,0,
4,adj,cooc,,open,aperto,geöffnet,0.333,0,
5,adj,cooc,,wet,piovoso,verregnet,0.327,0,
6,adj,cooc,,late,tardo,spät,0.31,0,
7,adj,cooc,,final,finale,final,0.291,2,bn:00100203a bn:00102969a
8,adj,cooc,,peaceful,tranquillo,ruhig,0.289,0,
9,adj,cooc,,cloudy,nuvoloso,trüb,0.286,0,
10,adj,cooc,,good,bello,schön,0.286,0,
11,adj,cooc,,hot,caldo,heiß,0.277,1,bn:00104348a
12,adj,cooc,,quiet,tranquillo,ruhig,0.254,2,bn:00109359a bn:00108644a
13,adj,cooc,,special,speciale,speziell,0.254,1,bn:00108295a
14,adj,cooc,,warm,caldo,warm,0.254,7,bn:00104348a bn:00113698a bn:00113699a bn:00113702a bn:00113703a bn:00113701a bn:00113700a
15,adj,cooc,,full,pieno,voll,0.239,1,bn:00103391a
16,adj,cooc,,cold,freddo,kalt,0.233,1,bn:00099981a
17,adj,cooc,,free,libero,frei,0.23,1,bn:00103299a
1,adj,cooc,WEAK,available,disponibile,frei,,,
2,adj,cooc,WEAK,early,primo,früh,,,
3,adj,cooc,WEAK,first,primo,ursprünglich,,,
4,adj,cooc,WEAK,former,precedente,vergangen,,,
5,adj,cooc,WEAK,friendly,amichevole,gemütlich,,,
6,adj,cooc,WEAK,grand,importante,feierlich,,,
7,adj,cooc,WEAK,last,ultimo,vergangen,,,
8,adj,cooc,WEAK,next,prossimo,kommend,,,
9,adj,cooc,WEAK,past,scorso,vergangen,,,
10,adj,cooc,WEAK,perfect,vero,ganz,,,
1,v,cooc,,begin,iniziare,beginnen,0.482,2,bn:00083340v bn:00083342v
2,v,cooc,,die,morire,sterben,0.48,1,bn:00084343v
3,v,cooc,,happen,accadere,geschehen,0.47,1,bn:00083286v
4,v,cooc,,start,iniziare,beginnen,0.468,2,bn:00083340v bn:00083342v
5,v,cooc,,arrest,arrestare,festnehmen,0.439,1,bn:00082728v
6,v,cooc,,stage,organizzare,veranstalten,0.409,0,
7,v,cooc,,commence,cominciare,beginnen,0.407,2,bn:00083340v bn:00083342v
8,v,cooc,,gather,riunire,versammeln,0.399,0,
9,v,cooc,,arrive,arrivare,ankommen,0.392,2,bn:00082788v bn:00082790v
10,v,cooc,,depart,partire,abreisen,0.389,0,
11,v,cooc,,work,lavorare,arbeiten,0.386,1,bn:00095812v
12,v,cooc,,hold,tenere,halten,0.379,1,bn:00089385v
13,v,cooc,,continue,continuare,fortsetzen,0.375,0,
14,v,cooc,,rally,riunire,versammeln,0.357,0,
15,v,cooc,,prove,provare,beweisen,0.353,2,bn:00086567v bn:00092110v
16,v,cooc,,vote,votare,wählen,0.352,1,bn:00095572v
17,v,cooc,,open,aprire,öffnen,0.345,0,
18,v,cooc,,end,finire,beenden,0.343,1,bn:00087608v
19,v,cooc,,inaugurate,inaugurare,eröffnen,0.342,0,
20,v,cooc,,organise,organizzare,organisieren,0.34,0,
21,v,cooc,,play,giocare,spielen,0.334,2,bn:00091708v bn:00091711v
22,v,cooc,,participate,partecipare,teilnehmen,0.326,1,bn:00091451v
23,v,cooc,,celebrate,celebrare,feiern,0.319,1,bn:00084714v
24,v,cooc,,finish,finire,beenden,0.318,1,bn:00085475v
25,v,cooc,,rest,riposare,ruhen,0.314,0,
26,v,cooc,,marry,sposare,heiraten,0.309,1,bn:00085614v
27,v,cooc,,pass,passare,passieren,0.308,1,bn:00091307v
28,v,cooc,,come,venire,kommen,0.305,1,bn:00085335v
29,v,cooc,,seize,prendere,nehmen,0.303,0,
30,v,cooc,,spend,trascorrere,verbringen,0.301,1,bn:00091458v
31,v,cooc,,take,prendere,nehmen,0.298,3,bn:00088762v bn:00094731v bn:00085689v
32,v,cooc,,run,correre,laufen,0.295,1,bn:00093170v
33,v,cooc,,close,chiudere,schließen,0.291,1,bn:00085162v
34,v,cooc,,speak,parlare,reden,0.291,1,bn:00094090v
35,v,cooc,,bring,portare,bringen,0.288,1,bn:00084058v
36,v,cooc,,meet,incontrare,treffen,0.287,2,bn:00088791v bn:00085339v
37,v,cooc,,present,presentare,präsentieren,0.271,1,bn:00086557v
38,v,cooc,,expect,aspettare,erwarten,0.27,1,bn:00082963v
39,v,cooc,,see,vedere,sehen,0.268,2,bn:00092443v bn:00093430v
40,v,cooc,,fall,cadere,fallen,0.255,2,bn:00087979v bn:00087976v
41,v,cooc,,walk,andare,gehen,0.25,0,
42,v,cooc,,injure,ferire,verletzen,0.247,0,
43,v,cooc,,hope,sperare,hoffen,0.24,0,
44,v,cooc,,follow,seguire,folgen,0.234,1,bn:00088020v
45,v,cooc,,visit,visitare,besuchen,0.23,2,bn:00093433v bn:00084390v
46,v,cooc,,win,vincere,gewinnen,0.223,2,bn:00084086v bn:00095777v
47,v,cooc,,miss,perdere,fehlen,0.216,0,
48,v,cooc,,wound,ferire,verletzen,0.213,0,
49,v,cooc,,give,regalare,geben,0.205,0,
50,v,cooc,,drop,cadere,fallen,0.187,0,
51,v,cooc,,include,includere,umfassen,0.065,0,
1,v,cooc,WEAK,announce,annunciare,anmelden,,,
2,v,cooc,WEAK,appeal,ricorrere,aufrufen,,,
3,v,cooc,WEAK,appear,presentare,erscheinen,,,
4,v,cooc,WEAK,ask,invitare,fordern,,,
5,v,cooc,WEAK,attack,attaccare,kämpfen,,,
6,v,cooc,WEAK,attend,assistere,besuchen,,,
7,v,cooc,WEAK,book,registrare,anmelden,,,
8,v,cooc,WEAK,broadcast,trasmettere,ausstrahlen,,,
9,v,cooc,WEAK,call,telefonare,rufen,,,
10,v,cooc,WEAK,cancel,chiudere,aufheben,,,
11,v,cooc,WEAK,charge,accusare,laden,,,
12,v,cooc,WEAK,compete,gareggiare,antreten,,,
13,v,cooc,WEAK,conclude,concludere,schließen,,,
14,v,cooc,WEAK,decide,proporre,entscheiden,,,
15,v,cooc,WEAK,direct,inviare,richten,,,
16,v,cooc,WEAK,draw,ritirare,ziehen,,,
17,v,cooc,WEAK,enter,inserire,treten,,,
18,v,cooc,WEAK,expire,scadere,enden,,,
19,v,cooc,WEAK,go,partire,gehen,,,
20,v,cooc,WEAK,grant,rilasciare,geben,,,
21,v,cooc,WEAK,hail,salutare,rufen,,,
22,v,cooc,WEAK,hand,consegnare,geben,,,
23,v,cooc,WEAK,kill,uccidere,schlagen,,,
24,v,cooc,WEAK,lay,preparare,legen,,,
25,v,cooc,WEAK,leave,uscire,gehen,,,
26,v,cooc,WEAK,march,marciare,ziehen,,,
27,v,cooc,WEAK,match,pareggiare,passen,,,
28,v,cooc,WEAK,occur,avvenire,auftreten,,,
29,v,cooc,WEAK,overtake,raggiungere,überraschen,,,
30,v,cooc,WEAK,perform,svolgere,spielen,,,
31,v,cooc,WEAK,pitch,montare,fallen,,,
32,v,cooc,WEAK,plan,programmare,planen,,,
33,v,cooc,WEAK,post,inviare,verbuchen,,,
34,v,cooc,WEAK,practice,seguire,trainieren,,,
35,v,cooc,WEAK,publish,pubblicare,verlegen,,,
36,v,cooc,WEAK,race,correre,fahren,,,
37,v,cooc,WEAK,register,registrare,anmelden,,,
38,v,cooc,WEAK,report,scrivere,melden,,,
39,v,cooc,WEAK,resume,riprendere,fortsetzen,,,
40,v,cooc,WEAK,return,tornare,wählen,,,
41,v,cooc,WEAK,say,parlare,sagen,,,
42,v,cooc,WEAK,schedule,programmare,planen,,,
43,v,cooc,WEAK,score,vincere,zählen,,,
44,v,cooc,WEAK,screen,proiettare,vorführen,,,
45,v,cooc,WEAK,send,inviare,richten,,,
46,v,cooc,WEAK,shoot,riprendere,drehen,,,
47,v,cooc,WEAK,show,presentare,zeigen,,,
48,v,cooc,WEAK,sit,partecipare,sitzen,,,
49,v,cooc,WEAK,snap,scattare,knacken,,,
50,v,cooc,WEAK,test,provare,testen,,,
51,v,cooc,WEAK,throw,proiettare,bekommen,,,
52,v,cooc,WEAK,welcome,ricevere,begrüßen,,,
