idx_group,pos,rel,weak,lex_en,lex_it,lex_de,score,bs_count,babel_synsets
0,n,head,,infant baby babe,bebè infante neonato,Säugling Baby Kleinkind,,1,bn:00007630n
1,n,sim,,dog,cane,Hund,0.307,1,bn:00015267n
2,n,sim,,cat,gatto,Katze,0.303,1,bn:00016606n
3,n,sim,,baby,bambino,Baby,0.292,3,bn:00007630n bn:00007646n bn:00008252n
4,n,sim,,girl,ragazza,Mädchen,0.287,1,bn:00034453n
5,n,sim,,boy,ragazzo,Junge,0.287,1,bn:00012569n
6,n,sim,,adult,adulto,Erwachsene,0.283,1,bn:00001525n
7,n,sim,,mother,madre,Mutter,0.276,2,bn:00034027n bn:00058313n
8,n,sim,,animal,animale,Tier,0.272,1,bn:00004222n
9,n,sim,,being,essere,Wesen,0.269,0,
10,n,sim,,daughter,figlia,Tochter,0.259,1,bn:00025364n
11,n,sim,,son,figlio,Sohn,0.257,1,bn:00051877n
12,n,sim,,child,bambino,Kind,0.256,1,bn:00018345n
13,n,sim,,teenager,adolescente,Teenager,0.249,1,bn:00001480n
14,n,sim,,kid,capretto,Kind,0.249,0,
15,n,sim,,pregnancy,gravidanza,Schwangerschaft,0.245,3,bn:00040331n bn:00041486n bn:00040332n
16,n,sim,,sister,sorella,Schwester,0.239,2,bn:00071838n bn:00058313n
17,n,sim,,horse,cavallo,Pferd,0.235,3,bn:00044819n bn:00031345n bn:00063492n
18,n,sim,,couple,coppia,Paar,0.234,3,bn:00023268n bn:00012597n bn:00012596n
19,n,sim,,patient,paziente,Patient,0.232,2,bn:00061017n bn:00001742n
20,n,sim,,parent,genitore,Elternteil,0.229,1,bn:00060643n
21,n,sim,,fetus,feto,Fötus,0.228,1,bn:00034187n
22,n,sim,,bird,uccello,Vogel,0.228,1,bn:00010605n
23,n,sim,,brother,fratello,Bruder,0.227,2,bn:00013371n bn:00011357n
24,n,sim,,female,femmina,Frau,0.226,1,bn:00034016n
25,n,sim,,husband,marito,Mann,0.222,2,bn:00045106n bn:00010161n
26,n,sim,,age,età,Alter,0.222,2,bn:00001939n bn:00001940n
27,n,sim,,friend,amica,Freund,0.222,0,
28,n,sim,,individual,individuo,Person,0.221,1,bn:00046516n
29,n,sim,,lady,signora,Dame,0.219,3,bn:00025097n bn:00049667n bn:00001530n
30,n,sim,,hero,eroe,Held,0.214,2,bn:00043853n bn:00043850n
31,n,sim,,mom,mamma,Mama,0.211,2,bn:00034027n bn:00052511n
32,n,sim,,wife,moglie,Frau,0.208,1,bn:00053531n
33,n,sim,,skin,pelle,Haut,0.205,1,bn:00024643n
34,n,sim,,character,personaggio,Charakter,0.204,0,
35,n,sim,,pup,cucciolo,Welpe,0.204,1,bn:00065247n
36,n,sim,,pair,coppia,Paar,0.204,2,bn:00012597n bn:00012596n
37,n,sim,,fish,pesce,Fisch,0.203,3,bn:00034817n bn:00034816n bn:00062612n
38,n,sim,,folk,gente,Leute,0.203,0,
39,n,sim,,birth,parto,Geburt,0.203,3,bn:00010663n bn:00010665n bn:00000735n
40,n,sim,,gal,ragazza,Mädel,0.203,0,
41,n,sim,,father,padre,Vater,0.201,3,bn:00009616n bn:00033779n bn:00019003n
42,n,sim,,maid,fanciulla,Mädchen,0.2,0,
43,n,sim,,creature,creatura,Kreatur,0.199,1,bn:04855730n
44,n,sim,,offspring,prole,Nachwuchs,0.197,0,
45,n,sim,,doctor,medico,Arzt,0.197,1,bn:00027976n
46,n,sim,,shoe,scarpa,Schuh,0.196,1,bn:00071172n
47,n,sim,,soldier,soldato,Soldat,0.196,3,bn:00072698n bn:00013585n bn:00080510n
48,n,sim,,woman,donna,Frau,0.194,2,bn:00034016n bn:00001530n
49,n,sim,,teacher,insegnante,Lehrer,0.193,2,bn:00076289n bn:00046958n
50,n,sim,,maiden,fanciulla,Mädchen,0.192,0,
51,n,sim,,passenger,passeggero,Passagier,0.191,1,bn:00060894n
52,n,sim,,people,gente,Leute,0.19,1,bn:00061450n
53,n,sim,,victim,vittima,Opfer,0.19,2,bn:00079940n bn:00016592n
54,n,sim,,lad,ragazzo,Junge,0.189,1,bn:00012569n
55,n,sim,,girlfriend,ragazza,Freundin,0.189,1,bn:00040536n
56,n,sim,,athlete,atleta,Sportler,0.186,1,bn:00006747n
57,n,sim,,bear,orso,Bär,0.185,1,bn:00009342n
58,n,sim,,sex,sesso,Sex,0.185,3,bn:00070772n bn:00037634n bn:00070773n
59,n,sim,,food,cibo,Essen,0.185,2,bn:00035649n bn:00035650n
60,n,sim,,plant,pianta,Pflanze,0.184,1,bn:00035324n
61,n,sim,,guest,ospite,Gast,0.184,1,bn:00042091n
62,n,sim,,family,famiglia,Familie,0.184,2,bn:00032896n bn:00032893n
63,n,sim,,brain,cervello,Gehirn,0.183,1,bn:00012679n
64,n,sim,,consumer,consumatore,Verbraucher,0.183,1,bn:00022095n
65,n,sim,,toy,giocattolo,Spielzeug,0.183,1,bn:00062965n
66,n,sim,,smoker,fumatore,Raucher,0.183,1,bn:00072332n
67,n,sim,,person,persona,Person,0.182,4,bn:00061715n bn:00061714n bn:00044576n bn:00046516n
68,n,sim,,partner,partner,Partner,0.181,6,bn:00010161n bn:00020592n bn:00060819n bn:00060821n bn:00006531n bn:00028157n
69,n,sim,,dad,papà,Papa,0.181,2,bn:00009616n bn:00024989n
70,n,sim,,car,automobile,Auto,0.18,1,bn:00007309n
71,n,sim,,hair,capello,Haar,0.18,2,bn:00042528n bn:00042526n
72,n,sim,,visitor,ospite,Gast,0.178,0,
73,n,sim,,relative,parente,Verwandte,0.176,1,bn:00066996n
74,n,sim,,driver,autista,Fahrer,0.175,1,bn:00028795n
75,n,sim,,man,uomo,Mann,0.175,1,bn:00001533n
76,n,sim,,chick,pulcino,Küken,0.173,2,bn:00007657n bn:00010271n
77,n,sim,,pupil,discepolo,Schüler,0.172,0,
78,n,sim,,body,corpo,Körper,0.172,1,bn:00011744n
79,n,sim,,worker,lavoratore,Arbeiter,0.171,1,bn:04801100n
80,n,sim,,generation,generazione,Generation,0.171,4,bn:00020407n bn:00037677n bn:00037676n bn:00037681n
81,n,sim,,organism,organismo,Organismus,0.171,1,bn:00009677n
82,n,sim,,student,studente,Student,0.171,3,bn:00012135n bn:00079004n bn:00029806n
83,n,sim,,angel,angelo,Engel,0.17,1,bn:00004063n
84,n,sim,,host,ospite,Wirt,0.168,1,bn:00044911n
85,n,sim,,sweetheart,innamorato,Schatz,0.165,0,
86,n,sim,,subject,soggetto,Gegenstand,0.165,1,bn:00074900n
87,n,sim,,race,razza,Rasse,0.165,2,bn:00065800n bn:00065801n
88,n,sim,,american,americano,Amerikaner,0.164,0,
89,n,sim,,twin,gemello,Zwilling,0.164,1,bn:00078753n
90,n,sim,,christian,cristiano,Christ,0.162,2,bn:00018818n bn:00037764n
91,n,sim,,believer,credente,Gläubige,0.161,1,bn:00032768n
92,n,sim,,beast,bestia,Tier,0.161,1,bn:00004222n
93,n,sim,,prisoner,prigioniero,Gefangene,0.16,1,bn:00015767n
94,n,sim,,user,utente,Anwender,0.16,2,bn:02763770n bn:16060211n
95,n,sim,,physician,medico,Arzt,0.159,1,bn:00027976n
96,n,sim,,mouse,topo,Maus,0.158,1,bn:00056119n
97,n,sim,,resident,abitante,Einwohner,0.157,2,bn:03269301n bn:14483122n
98,n,sim,,humanity,umanità,Menschheit,0.156,1,bn:00045153n
99,n,sim,,foetus,feto,Fötus,0.156,1,bn:00034187n
100,n,sim,,tree,albero,Baum,0.155,1,bn:00078131n
101,n,sim,,participant,partecipante,Teilnehmer,0.155,1,bn:00060799n
102,n,sim,,employee,dipendente,Mitarbeiter,0.154,1,bn:14292888n
103,n,sim,,jesus,gesù,Jesus,0.151,1,bn:00018805n
104,n,sim,,farmer,agricoltore,Bauer,0.151,1,bn:00033687n
105,n,sim,,bro,fratello,Bruder,0.15,0,
106,n,sim,,disease,malattia,Krankheit,0.15,2,bn:00027546n bn:00045952n
107,n,sim,,lass,ragazza,Mädel,0.149,0,
108,n,sim,,cow,mucca,Kuh,0.147,1,bn:00012273n
109,n,sim,,tumor,tumore,Tumor,0.145,1,bn:00057267n
110,n,sim,,granny,nonna,Oma,0.145,1,bn:00041313n
111,n,sim,,kitten,gattino,Kätzchen,0.145,1,bn:00049269n
112,n,sim,,death,decesso,Tod,0.144,1,bn:00025582n
113,n,sim,,fella,ragazzo,Kerl,0.142,0,
114,n,sim,,traveler,viaggiatore,Reisende,0.142,1,bn:25263452n
115,n,sim,,daddy,papà,Papa,0.14,2,bn:00009616n bn:00024989n
116,n,sim,,embryo,embrione,Embryo,0.138,2,bn:00021555n bn:00030507n
117,n,sim,,buddy,compagno,Kamerad,0.138,1,bn:00013372n
118,n,sim,,tourist,turista,Tourist,0.136,1,bn:00044419n
119,n,sim,,rabbit,coniglio,Kaninchen,0.135,1,bn:00021704n
120,n,sim,,sheep,pecora,Schaf,0.134,1,bn:00070967n
121,n,sim,,refugee,rifugiato,Flüchtling,0.132,1,bn:00066857n
122,n,sim,,pussy,micio,Kätzchen,0.132,0,
123,n,sim,,illness,malattia,Krankheit,0.132,2,bn:00027546n bn:00045952n
124,n,sim,,singer,cantante,Sänger,0.132,2,bn:00071734n bn:00071731n
125,n,sim,,detainee,detenuto,Häftling,0.131,1,bn:00026629n
126,n,sim,,mama,mamma,Mama,0.13,3,bn:00034027n bn:00052511n bn:00058313n
127,n,sim,,grandma,nonna,Oma,0.129,1,bn:00041313n
128,n,sim,,mum,mamma,Mama,0.129,2,bn:00034027n bn:00052511n
129,n,sim,,infection,infezione,Infektion,0.129,3,bn:00046624n bn:00022127n bn:00022126n
130,n,sim,,grandchild,nipote,Enkel,0.129,1,bn:00041350n
131,n,sim,,virus,virus,Virus,0.127,3,bn:00080085n bn:00080086n bn:00021501n
132,n,sim,,mate,compagno,Kamerad,0.125,0,
133,n,sim,,mommy,mamma,Mama,0.125,2,bn:00034027n bn:00052511n
134,n,sim,,cyclist,ciclista,Radfahrer,0.124,1,bn:00010258n
135,n,sim,,motorist,automobilista,Autofahrer,0.124,2,bn:00007382n bn:00028795n
136,n,sim,,doll,bambola,Puppe,0.122,2,bn:00007631n bn:00028111n
137,n,sim,,kitty,gattino,Kätzchen,0.122,1,bn:00049269n
138,n,sim,,actor,attore,Schauspieler,0.121,1,bn:00001176n
139,n,sim,,pensioner,pensionato,Rentner,0.12,1,bn:00061410n
140,n,sim,,traveller,viaggiatore,Reisende,0.119,1,bn:25263452n
141,n,sim,,grandmother,nonna,Großmutter,0.118,1,bn:00041313n
142,n,sim,,calf,vitello,Kalb,0.117,2,bn:00014720n bn:00014717n
143,n,sim,,bee,ape,Biene,0.107,2,bn:00004906n bn:00009524n
144,n,sim,,princess,principessa,Prinzessin,0.105,2,bn:00064405n bn:00064417n
145,n,sim,,pedestrian,pedone,Fußgänger,0.096,1,bn:00035725n
146,n,sim,,bod,corpo,Körper,0.096,0,
147,n,sim,,vampire,vampiro,Vampir,0.094,1,bn:00049788n
148,n,sim,,elephant,elefante,Elefant,0.085,1,bn:00030314n
149,n,sim,,crooner,cantante,Sänger,0.079,0,
1,n,sim,WEAK,adolescent,adolescente,Jugendliche,,,
2,n,sim,WEAK,agent,agente,Organ,,,
3,n,sim,WEAK,bloke,individuo,Kerl,,,
4,n,sim,WEAK,boyfriend,ragazzo,Freund,,,
5,n,sim,WEAK,bunny,coniglietto,Kaninchen,,,
6,n,sim,WEAK,case,valigia,Sache,,,
7,n,sim,WEAK,chap,individuo,Kerl,,,
8,n,sim,WEAK,condition,essere,Zustand,,,
9,n,sim,WEAK,cub,cucciolo,Junge,,,
10,n,sim,WEAK,drug,medicina,Droge,,,
11,n,sim,WEAK,escort,cavaliere,Begleiter,,,
12,n,sim,WEAK,figure,personaggio,Figur,,,
13,n,sim,WEAK,group,nucleo,Gruppe,,,
14,n,sim,WEAK,guy,individuo,Kerl,,,
15,n,sim,WEAK,hand,operaio,Mann,,,
16,n,sim,WEAK,head,individuo,Kopf,,,
17,n,sim,WEAK,heart,nucleo,Herz,,,
18,n,sim,WEAK,house,edificio,Geschlecht,,,
19,n,sim,WEAK,human,essere,Mensch,,,
20,n,sim,WEAK,infant,neonato,Säugling,,,
21,n,sim,WEAK,inmate,paziente,Insasse,,,
22,n,sim,WEAK,jack,maschio,Junge,,,
23,n,sim,WEAK,kind,razza,Art,,,
24,n,sim,WEAK,lover,innamorato,Geliebte,,,
25,n,sim,WEAK,male,maschio,Mann,,,
26,n,sim,WEAK,medicine,medicina,Medikament,,,
27,n,sim,WEAK,mind,cervello,Geist,,,
28,n,sim,WEAK,minor,minorenne,Minderjährige,,,
29,n,sim,WEAK,mistress,signora,Geliebte,,,
30,n,sim,WEAK,moment,ora,Moment,,,
31,n,sim,WEAK,nurse,infermiera,Schwester,,,
32,n,sim,WEAK,officer,agente,Beamte,,,
33,n,sim,WEAK,operator,operatore,Arbeiter,,,
34,n,sim,WEAK,performer,attore,Künstler,,,
35,n,sim,WEAK,picture,ritratto,Foto,,,
36,n,sim,WEAK,piece,persona,Stück,,,
37,n,sim,WEAK,player,attore,Spieler,,,
38,n,sim,WEAK,population,popolazione,Einwohner,,,
39,n,sim,WEAK,practitioner,medico,Anwender,,,
40,n,sim,WEAK,puppy,cucciolo,Junge,,,
41,n,sim,WEAK,queen,donna,Dame,,,
42,n,sim,WEAK,rider,ciclista,Fahrer,,,
43,n,sim,WEAK,self,individuo,Ich,,,
44,n,sim,WEAK,sibling,fratello,Geschwister,,,
45,n,sim,WEAK,sort,razza,Art,,,
46,n,sim,WEAK,staff,corpo,Personal,,,
47,n,sim,WEAK,type,esemplare,Typ,,,
48,n,sim,WEAK,youngster,giovane,Junge,,,
49,n,sim,WEAK,youth,giovane,Jugend,,,
1,n,cooc,,child,bambino,Kind,0.591,1,bn:00018345n
2,n,cooc,,kid,bambino,Kind,0.57,1,bn:00018345n
3,n,cooc,,infant,infante,Säugling,0.524,1,bn:00007630n
4,n,cooc,,mother,madre,Mutter,0.49,2,bn:00034027n bn:00058313n
5,n,cooc,,suckling,lattante,Säugling,0.487,0,
6,n,cooc,,cry,urlo,Schrei,0.486,0,
7,n,cooc,,mom,mamma,Mama,0.48,2,bn:00034027n bn:00052511n
8,n,cooc,,babe,bambino,Baby,0.476,1,bn:00007630n
9,n,cooc,,mama,mamma,Mama,0.467,3,bn:00034027n bn:00052511n bn:00058313n
10,n,cooc,,fetus,feto,Fötus,0.464,1,bn:00034187n
11,n,cooc,,mum,mamma,Mama,0.463,2,bn:00034027n bn:00052511n
12,n,cooc,,stroller,passeggino,Kinderwagen,0.456,1,bn:00007660n
13,n,cooc,,birth,nascita,Geburt,0.451,4,bn:00010663n bn:00010665n bn:00000735n bn:00010664n
14,n,cooc,,diaper,pannolino,Windel,0.443,1,bn:00026869n
15,n,cooc,,adult,adulto,Erwachsene,0.438,1,bn:00001525n
16,n,cooc,,nappy,pannolino,Windel,0.435,1,bn:00026869n
17,n,cooc,,pregnancy,gravidanza,Schwangerschaft,0.427,3,bn:00040331n bn:00041486n bn:00040332n
18,n,cooc,,boy,ragazzo,Junge,0.42,1,bn:00012569n
19,n,cooc,,foetus,feto,Fötus,0.416,1,bn:00034187n
20,n,cooc,,garment,indumento,Kleid,0.414,0,
21,n,cooc,,clothes,abbigliamento,Kleidung,0.414,1,bn:00006125n
22,n,cooc,,baby,bambino,Baby,0.411,3,bn:00007630n bn:00007646n bn:00008252n
23,n,cooc,,teenager,adolescente,Teenager,0.401,1,bn:00001480n
24,n,cooc,,daddy,papà,Papa,0.396,2,bn:00009616n bn:00024989n
25,n,cooc,,girl,ragazza,Mädchen,0.395,1,bn:00034453n
26,n,cooc,,mommy,mamma,Mama,0.393,2,bn:00034027n bn:00052511n
27,n,cooc,,love,affetto,Liebe,0.387,0,
28,n,cooc,,childbirth,parto,Geburt,0.373,3,bn:00010663n bn:00010665n bn:00000735n
29,n,cooc,,cradle,culla,Wiege,0.373,2,bn:00010687n bn:00023491n
30,n,cooc,,weight,peso,Gewicht,0.372,1,bn:00080831n
31,n,cooc,,woman,donna,Frau,0.372,2,bn:00034016n bn:00001530n
32,n,cooc,,momma,mamma,Mama,0.369,1,bn:00052511n
33,n,cooc,,childhood,infanzia,Kindesalter,0.368,0,
34,n,cooc,,dog,cane,Hund,0.36,1,bn:00015267n
35,n,cooc,,pup,cucciolo,Welpe,0.36,1,bn:00065247n
36,n,cooc,,clothing,abbigliamento,Kleidung,0.359,1,bn:00006125n
37,n,cooc,,gift,regalo,Geschenk,0.355,1,bn:00040436n
38,n,cooc,,wear,abbigliamento,Kleidung,0.355,1,bn:00006125n
39,n,cooc,,crib,culla,Krippe,0.352,0,
40,n,cooc,,toy,giocattolo,Spielzeug,0.35,1,bn:00062965n
41,n,cooc,,food,alimento,Essen,0.348,2,bn:00035649n bn:00035650n
42,n,cooc,,delivery,parto,Entbindung,0.342,2,bn:00026065n bn:00000735n
43,n,cooc,,animal,animale,Tier,0.339,1,bn:00004222n
44,n,cooc,,son,figlio,Sohn,0.329,1,bn:00051877n
45,n,cooc,,passenger,passeggero,Passagier,0.328,1,bn:00060894n
46,n,cooc,,dad,papà,Papa,0.324,2,bn:00009616n bn:00024989n
47,n,cooc,,female,femmina,Frau,0.315,1,bn:00034016n
48,n,cooc,,family,famiglia,Familie,0.309,2,bn:00032896n bn:00032893n
49,n,cooc,,couple,coppia,Paar,0.304,3,bn:00023268n bn:00012597n bn:00012596n
50,n,cooc,,father,padre,Vater,0.303,3,bn:00009616n bn:00033779n bn:00019003n
51,n,cooc,,patient,paziente,Patient,0.296,2,bn:00061017n bn:00001742n
52,n,cooc,,care,cura,Pflege,0.295,1,bn:00002157n
53,n,cooc,,girlfriend,ragazza,Freundin,0.292,1,bn:00040536n
54,n,cooc,,romper,tutina,Strampler,0.29,0,
55,n,cooc,,month,mese,Monat,0.288,2,bn:00055794n bn:00014710n
56,n,cooc,,age,età,Alter,0.284,2,bn:00001939n bn:00001940n
57,n,cooc,,article,articolo,Artikel,0.272,2,bn:00006121n bn:00006124n
58,n,cooc,,youth,giovane,Jugendliche,0.271,0,
59,n,cooc,,item,articolo,Artikel,0.266,0,
60,n,cooc,,infection,infezione,Infektion,0.261,3,bn:00046624n bn:00022127n bn:00022126n
61,n,cooc,,person,persona,Person,0.222,4,bn:00061715n bn:00061714n bn:00044576n bn:00046516n
62,n,cooc,,nursery,asilo,Kindergarten,0.217,1,bn:00049129n
1,n,cooc,WEAK,abortion,aborto,Fehlgeburt,,,
2,n,cooc,WEAK,adolescent,adolescente,Jugendliche,,,
3,n,cooc,WEAK,bob,peso,Schwimmer,,,
4,n,cooc,WEAK,body,persona,Körper,,,
5,n,cooc,WEAK,bodysuit,tuta,Body,,,
6,n,cooc,WEAK,bottle,biberon,Flasche,,,
7,n,cooc,WEAK,boyfriend,ragazzo,Freund,,,
8,n,cooc,WEAK,burn,ustione,Verbrennung,,,
9,n,cooc,WEAK,business,fatto,Problem,,,
10,n,cooc,WEAK,case,causa,Fall,,,
11,n,cooc,WEAK,feed,alimentazione,Versorgung,,,
12,n,cooc,WEAK,feeding,alimentazione,Ernährung,,,
13,n,cooc,WEAK,gear,cambio,Gut,,,
14,n,cooc,WEAK,generation,età,Geschlecht,,,
15,n,cooc,WEAK,guy,individuo,Junge,,,
16,n,cooc,WEAK,health,igiene,Gesundheit,,,
17,n,cooc,WEAK,home,famiglia,Haus,,,
18,n,cooc,WEAK,junior,giovane,Grundschüler,,,
19,n,cooc,WEAK,maid,donna,Mädchen,,,
20,n,cooc,WEAK,man,persona,Mann,,,
21,n,cooc,WEAK,minor,minorenne,Minderjährige,,,
22,n,cooc,WEAK,miscarriage,aborto,Fehlgeburt,,,
23,n,cooc,WEAK,napkin,pannolino,Binde,,,
24,n,cooc,WEAK,nursing,allattamento,Pflege,,,
25,n,cooc,WEAK,people,famiglia,Leute,,,
26,n,cooc,WEAK,product,prodotto,Ware,,,
27,n,cooc,WEAK,puppy,cucciolo,Junge,,,
28,n,cooc,WEAK,queen,donna,Dame,,,
29,n,cooc,WEAK,seat,seggiolino,Platz,,,
30,n,cooc,WEAK,thing,cosa,Gegenstand,,,
31,n,cooc,WEAK,youngster,giovane,Junge,,,
1,adj,cooc,,sweet,carino,süß,0.527,0,
2,adj,cooc,,cute,carino,niedlich,0.522,0,
3,adj,cooc,,crying,piangente,weinend,0.471,0,
4,adj,cooc,,malnourished,malnutrito,unterernährt,0.449,0,
5,adj,cooc,,healthy,sano,gesund,0.445,1,bn:00104025a
6,adj,cooc,,helpless,indifeso,hilflos,0.445,0,
7,adj,cooc,,dead,morto,tot,0.439,1,bn:00100948a
8,adj,cooc,,male,maschio,männlich,0.435,1,bn:00106354a
9,adj,cooc,,underweight,sottopeso,untergewichtig,0.432,0,
10,adj,cooc,,sick,malato,krank,0.388,0,
11,adj,cooc,,deceased,deceduto,verstorben,0.38,0,
12,adj,cooc,,ill,malato,krank,0.373,0,
13,adj,cooc,,abandoned,abbandonato,verlassen,0.373,1,bn:00096117a
14,adj,cooc,,unwell,malato,krank,0.368,0,
15,adj,cooc,,immature,immaturo,unreif,0.359,1,bn:00103788a
16,adj,cooc,,innocent,innocente,unschuldig,0.338,3,bn:00105098a bn:00099796a bn:00104635a
17,adj,cooc,,affected,affetto,betroffen,0.324,0,
18,adj,cooc,,nude,nudo,nackt,0.316,0,
19,adj,cooc,,ready,pronto,bereit,0.316,0,
20,adj,cooc,,prepared,pronto,bereit,0.307,0,
21,adj,cooc,,naked,nudo,nackt,0.303,0,
22,adj,cooc,,disabled,disabile,behindert,0.3,0,
23,adj,cooc,,little,piccolo,klein,0.298,0,
24,adj,cooc,,small,piccolo,klein,0.292,0,
25,adj,cooc,,wee,minuscolo,winzig,0.292,0,
26,adj,cooc,,happy,felice,glücklich,0.286,0,
27,adj,cooc,,poor,povero,arm,0.281,1,bn:00108798a
28,adj,cooc,,illegitimate,illegittimo,unehelich,0.277,0,
29,adj,cooc,,lucky,felice,glücklich,0.259,0,
30,adj,cooc,,normal,normale,normal,0.198,1,bn:00107587a
31,adj,cooc,,special,speciale,speziell,0.187,1,bn:00108295a
32,adj,cooc,,low,piccolo,klein,0.185,0,
33,adj,cooc,,human,umano,menschlich,0.161,1,bn:00104386a
1,adj,cooc,WEAK,alert,pronto,aufgeweckt,,,
2,adj,cooc,WEAK,alive,vivo,lebendig,,,
3,adj,cooc,WEAK,blind,nascosto,tot,,,
4,adj,cooc,WEAK,calm,tranquillo,gelassen,,,
5,adj,cooc,WEAK,close,chiuso,gespannt,,,
6,adj,cooc,WEAK,common,normale,gemeinsam,,,
7,adj,cooc,WEAK,different,diverso,fremd,,,
8,adj,cooc,WEAK,fond,tenero,liebevoll,,,
9,adj,cooc,WEAK,fragile,fragile,zart,,,
10,adj,cooc,WEAK,incapable,incapace,hilflos,,,
11,adj,cooc,WEAK,live,vivo,lebend,,,
12,adj,cooc,WEAK,nasty,sporco,hässlich,,,
13,adj,cooc,WEAK,preetty,carino,hübsch,,,
14,adj,cooc,WEAK,pretty,carino,hübsch,,,
15,adj,cooc,WEAK,proud,splendido,stolz,,,
16,adj,cooc,WEAK,real,vero,wirklich,,,
17,adj,cooc,WEAK,soft,morbido,zart,,,
18,adj,cooc,WEAK,tiny,piccolo,winzig,,,
19,adj,cooc,WEAK,true,vero,wirklich,,,
20,adj,cooc,WEAK,unable,incapace,hilflos,,,
21,adj,cooc,WEAK,unborn,futuro,ungeboren,,,
22,adj,cooc,WEAK,viable,vitale,lebensfähig,,,
23,adj,cooc,WEAK,vulnerable,vulnerabile,ungeschützt,,,
1,v,cooc,,baptize,battezzare,taufen,0.508,0,
2,v,cooc,,sleep,dormire,schlafen,0.498,0,
3,v,cooc,,suckle,allattare,säugen,0.497,1,bn:00084015v
4,v,cooc,,cry,piangere,weinen,0.477,1,bn:00086122v
5,v,cooc,,scream,urlare,schreien,0.473,3,bn:00093372v bn:00084388v bn:00093676v
6,v,cooc,,vaccinate,vaccinare,impfen,0.472,1,bn:00089608v
7,v,cooc,,suck,succhiare,saugen,0.469,1,bn:00094565v
8,v,cooc,,swaddle,fasciare,wickeln,0.462,0,
9,v,cooc,,squall,strillare,schreien,0.458,1,bn:00084388v
10,v,cooc,,baptise,battezzare,taufen,0.449,0,
11,v,cooc,,feed,alimentare,füttern,0.437,2,bn:00088084v bn:00091098v
12,v,cooc,,breathe,respirare,atmen,0.436,1,bn:00084018v
13,v,cooc,,kill,uccidere,töten,0.433,1,bn:00090098v
14,v,cooc,,weigh,pesare,wiegen,0.425,2,bn:00095701v bn:00090319v
15,v,cooc,,learn,imparare,lernen,0.424,1,bn:00082281v
16,v,cooc,,soothe,calmare,beruhigen,0.423,0,
17,v,cooc,,abort,abortire,abtreiben,0.418,1,bn:00082151v
18,v,cooc,,weep,piangere,weinen,0.413,1,bn:00086122v
19,v,cooc,,wrap,avvolgere,wickeln,0.411,1,bn:00087593v
20,v,cooc,,calm,calmare,beruhigen,0.406,2,bn:00084438v bn:00082525v
21,v,cooc,,need,necessitare,brauchen,0.404,0,
22,v,cooc,,suffer,soffrire,leiden,0.401,1,bn:00082138v
23,v,cooc,,circumcise,circoncidere,beschneiden,0.399,0,
24,v,cooc,,protect,proteggere,schützen,0.393,1,bn:00090041v
25,v,cooc,,cuddle,coccolare,schmusen,0.39,0,
26,v,cooc,,kidnap,rapire,entführen,0.39,1,bn:00082131v
27,v,cooc,,christen,battezzare,taufen,0.387,0,
28,v,cooc,,massage,massaggiare,massieren,0.384,1,bn:00090121v
29,v,cooc,,ingest,ingerire,aufnehmen,0.382,0,
30,v,cooc,,grow,crescere,wachsen,0.382,0,
31,v,cooc,,rock,cullare,schaukeln,0.38,1,bn:00093073v
32,v,cooc,,expose,esporre,aussetzen,0.375,1,bn:00087013v
33,v,cooc,,expect,aspettare,erwarten,0.373,1,bn:00082963v
34,v,cooc,,carry,trasportare,tragen,0.373,1,bn:00084554v
35,v,cooc,,infect,infettare,infizieren,0.372,0,
36,v,cooc,,die,morire,sterben,0.372,1,bn:00084343v
37,v,cooc,,develop,sviluppare,entwickeln,0.367,1,bn:00086745v
38,v,cooc,,survive,sopravvivere,überleben,0.367,1,bn:00087617v
39,v,cooc,,clothe,vestire,kleiden,0.363,2,bn:00087291v bn:00082684v
40,v,cooc,,eat,mangiare,essen,0.36,2,bn:00087461v bn:00087460v
41,v,cooc,,dress,vestire,kleiden,0.358,2,bn:00087291v bn:00082684v
42,v,cooc,,nourish,nutrire,nähren,0.358,2,bn:00088084v bn:00091098v
43,v,cooc,,abduct,rapire,entführen,0.357,1,bn:00082131v
44,v,cooc,,react,reagire,reagieren,0.355,0,
45,v,cooc,,murder,uccidere,ermorden,0.353,1,bn:00084236v
46,v,cooc,,spend,trascorrere,verbringen,0.353,1,bn:00091458v
47,v,cooc,,nurture,nutrire,nähren,0.349,2,bn:00088084v bn:00091098v
48,v,cooc,,help,aiutare,helfen,0.348,1,bn:00082481v
49,v,cooc,,wake,svegliare,aufwachen,0.346,1,bn:00082769v
50,v,cooc,,bang,colpire,schlagen,0.344,0,
51,v,cooc,,starve,affamare,verhungern,0.342,0,
52,v,cooc,,perceive,percepire,wahrnehmen,0.342,1,bn:00085496v
53,v,cooc,,love,amare,lieben,0.342,1,bn:00090504v
54,v,cooc,,smile,sorridere,lächeln,0.339,1,bn:00093934v
55,v,cooc,,feel,sentire,fühlen,0.337,0,
56,v,cooc,,wear,indossare,tragen,0.337,1,bn:00083227v
57,v,cooc,,diagnose,diagnosticare,diagnostizieren,0.333,0,
58,v,cooc,,drown,affogare,ertrinken,0.326,1,bn:00087395v
59,v,cooc,,perish,morire,sterben,0.326,1,bn:00084343v
60,v,cooc,,shield,proteggere,schützen,0.324,0,
61,v,cooc,,save,salvare,retten,0.32,1,bn:00084105v
62,v,cooc,,welcome,accogliere,begrüßen,0.315,1,bn:00092491v
63,v,cooc,,kiss,baciare,küssen,0.314,2,bn:00084312v bn:00090112v
64,v,cooc,,absorb,assorbire,aufnehmen,0.313,0,
65,v,cooc,,pound,colpire,schlagen,0.31,0,
66,v,cooc,,bring,portare,bringen,0.31,1,bn:00084058v
67,v,cooc,,rescue,salvare,retten,0.31,1,bn:00086533v
68,v,cooc,,suffocate,soffocare,ersticken,0.31,1,bn:00082831v
69,v,cooc,,slay,uccidere,ermorden,0.309,1,bn:00084236v
70,v,cooc,,slap,colpire,schlagen,0.305,0,
71,v,cooc,,stroke,accarezzare,streicheln,0.303,1,bn:00084536v
72,v,cooc,,sit,sedere,sitzen,0.3,0,
73,v,cooc,,shake,scuotere,schütteln,0.298,1,bn:00082470v
74,v,cooc,,lose,perdere,verlieren,0.297,2,bn:00090489v bn:00090486v
75,v,cooc,,maltreat,maltrattare,misshandeln,0.297,1,bn:00082184v
76,v,cooc,,listen,ascoltare,hören,0.296,3,bn:00089295v bn:00090400v bn:00089280v
77,v,cooc,,smother,soffocare,ersticken,0.295,1,bn:00082831v
78,v,cooc,,turn,girare,drehen,0.294,1,bn:00095233v
79,v,cooc,,watch,guardare,beobachten,0.293,0,
80,v,cooc,,stop,smettere,aufhören,0.292,0,
81,v,cooc,,find,trovare,finden,0.291,2,bn:00084231v bn:00088204v
82,v,cooc,,bend,tendere,neigen,0.291,0,
83,v,cooc,,enjoy,godere,genießen,0.291,2,bn:00087646v bn:00083145v
84,v,cooc,,choke,soffocare,ersticken,0.29,0,
85,v,cooc,,want,desiderare,wünschen,0.287,0,
86,v,cooc,,move,muovere,bewegen,0.286,0,
87,v,cooc,,rape,violentare,vergewaltigen,0.28,1,bn:00082842v
88,v,cooc,,caress,accarezzare,streicheln,0.279,1,bn:00084536v
89,v,cooc,,receive,ricevere,erhalten,0.278,1,bn:00089246v
90,v,cooc,,abandon,abbandonare,verlassen,0.278,3,bn:00082122v bn:00082119v bn:00082118v
91,v,cooc,,come,venire,kommen,0.277,1,bn:00085335v
92,v,cooc,,prefer,preferire,bevorzugen,0.272,1,bn:00091949v
93,v,cooc,,acquire,acquisire,erwerben,0.272,1,bn:00082280v
94,v,cooc,,have,possedere,besitzen,0.27,1,bn:00089241v
95,v,cooc,,communicate,comunicare,kommunizieren,0.268,1,bn:00085439v
96,v,cooc,,squeeze,stringere,drücken,0.268,0,
97,v,cooc,,enroll,registrare,aufnehmen,0.264,0,
98,v,cooc,,pass,passare,passieren,0.263,1,bn:00091307v
99,v,cooc,,abuse,maltrattare,missbrauchen,0.262,0,
100,v,cooc,,go,andare,gehen,0.259,2,bn:00086600v bn:00088629v
101,v,cooc,,throw,gettare,werfen,0.259,1,bn:00094934v
102,v,cooc,,look,guardare,aussehen,0.259,0,
103,v,cooc,,discover,scoprire,entdecken,0.258,2,bn:00086935v bn:00086936v
104,v,cooc,,travel,viaggiare,reisen,0.256,2,bn:00089993v bn:00089951v
105,v,cooc,,identify,riconoscere,erkennen,0.253,0,
106,v,cooc,,miss,perdere,fehlen,0.246,0,
107,v,cooc,,change,cambiare,wechseln,0.245,1,bn:00084772v
108,v,cooc,,walk,andare,gehen,0.243,0,
109,v,cooc,,dream,sognare,träumen,0.236,3,bn:00086309v bn:00088036v bn:00087285v
110,v,cooc,,wash,lavare,waschen,0.236,1,bn:00095650v
111,v,cooc,,include,includere,einschließen,0.229,1,bn:00089662v
112,v,cooc,,sell,vendere,verkaufen,0.229,1,bn:00093472v
113,v,cooc,,start,iniziare,beginnen,0.227,2,bn:00083340v bn:00083342v
114,v,cooc,,possess,possedere,besitzen,0.224,1,bn:00089241v
115,v,cooc,,desire,desiderare,wünschen,0.224,0,
116,v,cooc,,grab,afferrare,greifen,0.222,1,bn:00088996v
117,v,cooc,,leave,lasciare,verlassen,0.221,1,bn:00087845v
118,v,cooc,,wait,aspettare,warten,0.221,1,bn:00089401v
119,v,cooc,,require,richiedere,erfordern,0.214,0,
120,v,cooc,,spot,riconoscere,erkennen,0.207,1,bn:00086904v
121,v,cooc,,hand,passare,übergeben,0.205,0,
122,v,cooc,,give,rendere,geben,0.205,0,
123,v,cooc,,get,arrivare,erhalten,0.202,0,
124,v,cooc,,begin,iniziare,beginnen,0.201,2,bn:00083340v bn:00083342v
125,v,cooc,,think,pensare,denken,0.199,3,bn:00083370v bn:00089105v bn:00084733v
126,v,cooc,,live,vivere,leben,0.193,2,bn:00087441v bn:00083191v
127,v,cooc,,believe,pensare,denken,0.191,2,bn:00083370v bn:00089105v
128,v,cooc,,transfer,trasferire,übertragen,0.19,1,bn:00095085v
129,v,cooc,,decrease,ridurre,senken,0.184,0,
130,v,cooc,,exceed,superare,überschreiten,0.182,0,
131,v,cooc,,know,sapere,wissen,0.181,1,bn:00085261v
132,v,cooc,,drop,cadere,fallen,0.174,0,
133,v,cooc,,fall,cadere,fallen,0.174,2,bn:00087979v bn:00087976v
134,v,cooc,,reach,raggiungere,erreichen,0.169,2,bn:00082901v bn:00082226v
135,v,cooc,,pull,trarre,ziehen,0.166,0,
136,v,cooc,,display,mostrare,zeigen,0.165,1,bn:00086557v
137,v,cooc,,name,chiamare,nennen,0.16,1,bn:00084385v
138,v,cooc,,meet,incontrare,treffen,0.154,2,bn:00088791v bn:00085339v
139,v,cooc,,stay,rimanere,bleiben,0.153,3,bn:00091562v bn:00092756v bn:00085719v
140,v,cooc,,demonstrate,mostrare,zeigen,0.144,2,bn:00086567v bn:00086557v
141,v,cooc,,seem,sembrare,scheinen,0.14,1,bn:00082690v
142,v,cooc,,attain,raggiungere,erreichen,0.137,2,bn:00082901v bn:00082226v
143,v,cooc,,show,mostrare,zeigen,0.137,2,bn:00086567v bn:00086557v
144,v,cooc,,picture,raffigurare,darstellen,0.136,1,bn:00086611v
145,v,cooc,,hide,nascondere,verstecken,0.107,2,bn:00085509v bn:00089332v
146,v,cooc,,appear,sembrare,scheinen,0.105,1,bn:00082690v
147,v,cooc,,remain,rimanere,bleiben,0.068,3,bn:00091562v bn:00092756v bn:00085719v
1,v,cooc,WEAK,admit,riconoscere,bekennen,,,
2,v,cooc,WEAK,affect,colpire,beeinflussen,,,
3,v,cooc,WEAK,afflict,affliggere,belasten,,,
4,v,cooc,WEAK,allow,lasciare,erlauben,,,
5,v,cooc,WEAK,arouse,svegliare,wecken,,,
6,v,cooc,WEAK,arrive,arrivare,kommen,,,
7,v,cooc,WEAK,attend,assistere,besuchen,,,
8,v,cooc,WEAK,await,attendere,erwarten,,,
9,v,cooc,WEAK,be,diventare,liegen,,,
10,v,cooc,WEAK,bear,sostenere,tragen,,,
11,v,cooc,WEAK,become,diventare,stehen,,,
12,v,cooc,WEAK,belong,spettare,gehören,,,
13,v,cooc,WEAK,bury,seppellire,schlagen,,,
14,v,cooc,WEAK,clasp,stringere,greifen,,,
15,v,cooc,WEAK,cling,attaccare,festhalten,,,
16,v,cooc,WEAK,conceive,concepire,denken,,,
17,v,cooc,WEAK,consume,consumare,verschlucken,,,
18,v,cooc,WEAK,contract,contrarre,schließen,,,
19,v,cooc,WEAK,cradle,cullare,wiegen,,,
20,v,cooc,WEAK,deliver,emettere,liefern,,,
21,v,cooc,WEAK,deprive,privare,vorenthalten,,,
22,v,cooc,WEAK,discharge,dimettere,erfüllen,,,
23,v,cooc,WEAK,do,compiere,tun,,,
24,v,cooc,WEAK,drink,consumare,trinken,,,
25,v,cooc,WEAK,encounter,incontrare,finden,,,
26,v,cooc,WEAK,engage,assumere,angreifen,,,
27,v,cooc,WEAK,experience,sperimentare,erleben,,,
28,v,cooc,WEAK,fail,abbandonare,aussetzen,,,
29,v,cooc,WEAK,feature,caratterizzare,vorkommen,,,
30,v,cooc,WEAK,fight,picchiare,kämpfen,,,
31,v,cooc,WEAK,grasp,afferrare,erfassen,,,
32,v,cooc,WEAK,hear,sentire,hören,,,
33,v,cooc,WEAK,hold,possedere,halten,,,
34,v,cooc,WEAK,keep,continuare,halten,,,
35,v,cooc,WEAK,lay,posare,legen,,,
36,v,cooc,WEAK,let,lasciare,lassen,,,
37,v,cooc,WEAK,lie,rimanere,liegen,,,
38,v,cooc,WEAK,like,andare,mögen,,,
39,v,cooc,WEAK,manifest,manifestare,zeigen,,,
40,v,cooc,WEAK,mean,rappresentare,heißen,,,
41,v,cooc,WEAK,nurse,allattare,pflegen,,,
42,v,cooc,WEAK,place,posare,legen,,,
43,v,cooc,WEAK,pose,posare,stellen,,,
44,v,cooc,WEAK,position,posizionare,einstellen,,,
45,v,cooc,WEAK,present,presentare,zeigen,,,
46,v,cooc,WEAK,push,capire,drücken,,,
47,v,cooc,WEAK,put,presentare,stellen,,,
48,v,cooc,WEAK,raise,sollevare,erhöhen,,,
49,v,cooc,WEAK,rear,allevare,aufziehen,,,
50,v,cooc,WEAK,recover,ritrovare,gewinnen,,,
51,v,cooc,WEAK,refer,sottoporre,übergeben,,,
52,v,cooc,WEAK,rest,rimanere,liegen,,,
53,v,cooc,WEAK,revive,rianimare,wecken,,,
54,v,cooc,WEAK,ride,andare,fahren,,,
55,v,cooc,WEAK,rip,strappare,reißen,,,
56,v,cooc,WEAK,roll,avvolgere,drehen,,,
57,v,cooc,WEAK,screen,proteggere,überprüfen,,,
58,v,cooc,WEAK,see,esaminare,sehen,,,
59,v,cooc,WEAK,snap,fotografare,reißen,,,
60,v,cooc,WEAK,snatch,strappare,reißen,,,
61,v,cooc,WEAK,steal,sottrarre,stehlen,,,
62,v,cooc,WEAK,step,andare,treten,,,
63,v,cooc,WEAK,stick,attaccare,halten,,,
64,v,cooc,WEAK,strangle,strangolare,ersticken,,,
65,v,cooc,WEAK,stretch,tendere,strecken,,,
66,v,cooc,WEAK,surrender,abbandonare,übergeben,,,
67,v,cooc,WEAK,sustain,sostenere,erhalten,,,
68,v,cooc,WEAK,swallow,ingerire,schlucken,,,
69,v,cooc,WEAK,tend,pendere,neigen,,,
70,v,cooc,WEAK,test,provare,testen,,,
71,v,cooc,WEAK,transport,trasportare,transportieren,,,
72,v,cooc,WEAK,treat,curare,behandeln,,,
73,v,cooc,WEAK,tug,strappare,ziehen,,,
74,v,cooc,WEAK,undergo,subire,erfahren,,,
75,v,cooc,WEAK,upset,disturbare,verletzen,,,
76,v,cooc,WEAK,wipe,asciugare,putzen,,,
77,v,cooc,WEAK,worry,infastidire,stören,,,
