idx_group,pos,rel,weak,lex_en,lex_it,lex_de,score,bs_count,babel_synsets
0,n,head,,supply,provvista rifornimento approvvigionamento,Versorgung,,1,bn:00075322n
1,n,sim,,market,mercato,Markt,0.285,3,bn:00053458n bn:00053459n bn:00053461n
2,n,sim,,good,bene,Gut,0.279,1,bn:00021045n
3,n,sim,,sale,vendita,Verkauf,0.266,2,bn:00068929n bn:00068918n
4,n,sim,,resource,risorsa,Ressource,0.263,1,bn:00067352n
5,n,sim,,analysis,analisi,Analyse,0.262,1,bn:00003794n
6,n,sim,,employment,occupazione,Beschäftigung,0.259,3,bn:00030625n bn:00014138n bn:00030616n
7,n,sim,,implementation,implementazione,Durchführung,0.259,0,
8,n,sim,,service,servizio,Service,0.259,6,bn:00070653n bn:00044916n bn:00070651n bn:00070659n bn:00070647n bn:00070654n
9,n,sim,,risk,rischio,Risiko,0.258,1,bn:00030747n
10,n,sim,,housing,alloggio,Unterbringung,0.255,0,
11,n,sim,,provision,fornitura,Bereitstellung,0.254,0,
12,n,sim,,export,esportazione,Ausfuhr,0.254,1,bn:00032363n
13,n,sim,,investment,investimento,Investition,0.253,1,bn:00047358n
14,n,sim,,usage,uso,Verwendung,0.252,1,bn:00030627n
15,n,sim,,control,controllo,Kontrolle,0.251,1,bn:17607444n
16,n,sim,,establishment,stabilimento,Einrichtung,0.251,0,
17,n,sim,,cost,costo,Kosten,0.25,1,bn:00022995n
18,n,sim,,efficiency,efficienza,Leistungsfähigkeit,0.248,0,
19,n,sim,,capacity,capacità,Kapazität,0.248,1,bn:00005193n
20,n,sim,,ability,capacità,Fähigkeit,0.247,2,bn:00000317n bn:00005193n
21,n,sim,,management,gestione,Management,0.247,2,bn:00027355n bn:00053116n
22,n,sim,,protection,protezione,Schutz,0.246,2,bn:00071020n bn:00064838n
23,n,sim,,quality,qualità,Qualität,0.246,2,bn:00014731n bn:00065538n
24,n,sim,,security,sicurezza,Sicherheit,0.246,2,bn:00070219n bn:00068799n
25,n,sim,,use,uso,Verwendung,0.245,1,bn:00030627n
26,n,sim,,health,salute,Gesundheit,0.244,1,bn:00043358n
27,n,sim,,energy,energia,Energie,0.244,1,bn:00030820n
28,n,sim,,financing,finanziamento,Finanzierung,0.244,2,bn:00034545n bn:00034524n
29,n,sim,,application,applicazione,Anwendung,0.243,2,bn:00005095n bn:00005094n
30,n,sim,,offer,offerta,Angebot,0.242,1,bn:00010264n
31,n,sim,,development,sviluppo,Entwicklung,0.242,1,bn:07804057n
32,n,sim,,distribution,distribuzione,Verteilung,0.241,1,bn:00027797n
33,n,sim,,practice,pratica,Praxis,0.241,2,bn:00063989n bn:00063990n
34,n,sim,,funding,finanziamento,Finanzierung,0.241,1,bn:00034545n
35,n,sim,,experience,pratica,Praxis,0.24,0,
36,n,sim,,operation,funzionamento,Betrieb,0.24,0,
37,n,sim,,power,energia,Leistung,0.237,1,bn:00063941n
38,n,sim,,access,accesso,Zugang,0.237,2,bn:00000666n bn:00000663n
39,n,sim,,trade,commercio,Handel,0.236,2,bn:00077860n bn:00008735n
40,n,sim,,manufacturing,produzione,Herstellung,0.236,1,bn:00064594n
41,n,sim,,network,rete,Netzwerk,0.236,4,bn:00021488n bn:00024712n bn:00057379n bn:00054497n
42,n,sim,,insurance,assicurazione,Versicherung,0.235,2,bn:00046396n bn:00046996n
43,n,sim,,marketing,commercializzazione,Vermarktung,0.235,0,
44,n,sim,,activity,attività,Aktivität,0.234,2,bn:00001128n bn:00001174n
45,n,sim,,plant,impianto,Anlage,0.233,1,bn:00046568n
46,n,sim,,infrastructure,infrastruttura,Infrastruktur,0.232,2,bn:00046727n bn:00008794n
47,n,sim,,consumption,consumo,Verbrauch,0.232,0,
48,n,sim,,environment,ambiente,Umwelt,0.232,1,bn:00031075n
49,n,sim,,record,registrazione,Aufnahme,0.231,0,
50,n,sim,,safety,sicurezza,Sicherheit,0.23,2,bn:00070219n bn:00068799n
51,n,sim,,performance,prestazione,Leistung,0.23,1,bn:00016286n
52,n,sim,,growth,crescita,Wachstum,0.23,2,bn:00041979n bn:00026697n
53,n,sim,,treatment,trattamento,Behandlung,0.23,3,bn:00047235n bn:00076843n bn:00042823n
54,n,sim,,expenditure,spesa,Kosten,0.229,0,
55,n,sim,,choice,scelta,Auswahl,0.229,3,bn:00018660n bn:00018661n bn:00003132n
56,n,sim,,transport,trasporto,Transport,0.229,5,bn:00022379n bn:00078046n bn:00071122n bn:00022381n bn:00029691n
57,n,sim,,policy,politica,Politik,0.229,1,bn:00063329n
58,n,sim,,production,produzione,Produktion,0.228,4,bn:00064594n bn:00064590n bn:00064592n bn:00059790n
59,n,sim,,training,formazione,Training,0.228,2,bn:00041853n bn:00012992n
60,n,sim,,order,ordinazione,Ordnung,0.228,0,
61,n,sim,,area,settore,Bereich,0.228,1,bn:00003268n
62,n,sim,,assessment,valutazione,Bewertung,0.228,0,
63,n,sim,,technology,tecnologia,Technologie,0.227,1,bn:00005105n
64,n,sim,,capability,capacità,Fähigkeit,0.226,1,bn:00005193n
65,n,sim,,competition,concorrenza,Wettbewerb,0.226,2,bn:00021339n bn:00021337n
66,n,sim,,change,cambiamento,Veränderung,0.225,1,bn:00003125n
67,n,sim,,process,processo,Verfahren,0.225,1,bn:00064536n
68,n,sim,,economy,economia,Wirtschaft,0.225,1,bn:00029678n
69,n,sim,,structure,struttura,Struktur,0.225,1,bn:00022071n
70,n,sim,,demand,domanda,Nachfrage,0.225,1,bn:00026104n
71,n,sim,,contract,appalto,Auftrag,0.225,0,
72,n,sim,,load,carico,Belastung,0.225,0,
73,n,sim,,sector,settore,Sektor,0.223,1,bn:11333488n
74,n,sim,,program,programma,Programm,0.222,4,bn:00062899n bn:00021492n bn:00013235n bn:00021497n
75,n,sim,,assistance,assistenza,Hilfe,0.222,1,bn:00002155n
76,n,sim,,aid,aiuto,Hilfe,0.221,2,bn:00055177n bn:00002155n
77,n,sim,,condition,condizione,Zustand,0.22,1,bn:13935995n
78,n,sim,,integration,integrazione,Integration,0.219,4,bn:00026516n bn:00047014n bn:00022007n bn:00047010n
79,n,sim,,income,reddito,Einkommen,0.216,1,bn:14505599n
80,n,sim,,research,ricerca,Forschung,0.216,1,bn:00067280n
81,n,sim,,construction,costruzione,Bau,0.214,1,bn:00013723n
82,n,sim,,support,sostegno,Unterstützung,0.214,1,bn:00075331n
83,n,sim,,programme,programma,Programm,0.213,2,bn:00021492n bn:00013235n
84,n,sim,,transportation,trasporto,Transport,0.211,3,bn:00071122n bn:00022381n bn:00022379n
85,n,sim,,range,gamma,Angebot,0.211,0,
86,n,sim,,situation,situazione,Situation,0.211,3,bn:00063707n bn:00071869n bn:00071858n
87,n,sim,,preparation,preparazione,Vorbereitung,0.21,1,bn:00064167n
88,n,sim,,population,popolazione,Bevölkerung,0.209,1,bn:00063596n
89,n,sim,,contribution,contributo,Beitrag,0.208,1,bn:00022272n
90,n,sim,,form,forma,Form,0.208,11,bn:00035911n bn:00035913n bn:00026512n bn:00035915n bn:00035909n bn:00035908n bn:00003882n bn:00016529n bn:00035912n bn:00035907n bn:00021751n
91,n,sim,,interest,interesse,Interesse,0.207,6,bn:00047083n bn:00047081n bn:00047077n bn:00047079n bn:00047080n bn:00021556n
92,n,sim,,issue,emissione,Ausgabe,0.207,1,bn:00047687n
93,n,sim,,organisation,organizzazione,Organisation,0.206,5,bn:00059483n bn:00059480n bn:00005863n bn:00001423n bn:00059482n
94,n,sim,,duty,servizio,Dienst,0.205,0,
95,n,sim,,delivery,consegna,Lieferung,0.204,1,bn:00013142n
96,n,sim,,staff,personale,Personal,0.204,0,
97,n,sim,,equipment,apparecchiatura,Ausstattung,0.203,1,bn:00031322n
98,n,sim,,variety,varietà,Vielfalt,0.203,1,bn:00027862n
99,n,sim,,cooperation,cooperazione,Zusammenarbeit,0.201,1,bn:00022452n
100,n,sim,,traffic,traffico,Verkehr,0.201,1,bn:00077888n
101,n,sim,,selection,selezione,Auswahl,0.2,2,bn:00018660n bn:00018661n
102,n,sim,,expansion,espansione,Erweiterung,0.2,0,
103,n,sim,,industry,industria,Industrie,0.2,1,bn:00046576n
104,n,sim,,pattern,modello,Modell,0.199,0,
105,n,sim,,guarantee,garanzia,Garantie,0.199,2,bn:00042039n bn:00042041n
106,n,sim,,location,localizzazione,Lage,0.199,0,
107,n,sim,,intervention,intervento,Intervention,0.199,3,bn:00047234n bn:00047061n bn:00047092n
108,n,sim,,output,produzione,Ausgabe,0.198,0,
109,n,sim,,balance,bilancio,Gleichgewicht,0.198,0,
110,n,sim,,administration,somministrazione,Verwaltung,0.196,1,bn:00001424n
111,n,sim,,improvement,miglioramento,Verbesserung,0.196,1,bn:00046191n
112,n,sim,,reform,riforma,Reform,0.195,1,bn:00066830n
113,n,sim,,transfer,trasferimento,Übertragung,0.194,0,
114,n,sim,,strategy,strategia,Strategie,0.193,2,bn:00069579n bn:00074558n
115,n,sim,,monitoring,monitoraggio,Überwachung,0.191,1,bn:00055682n
116,n,sim,,shipment,spedizione,Lieferung,0.186,0,
117,n,sim,,number,numero,Anzahl,0.186,1,bn:00034394n
118,n,sim,,material,materiale,Material,0.183,3,bn:00053802n bn:00053801n bn:00053803n
119,n,sim,,benefit,beneficio,Nutzen,0.182,1,bn:00037022n
120,n,sim,,charge,carico,Belastung,0.182,0,
121,n,sim,,generation,generazione,Erzeugung,0.18,0,
122,n,sim,,exchange,scambio,Austausch,0.18,2,bn:00032125n bn:00032127n
123,n,sim,,movement,movimento,Bewegung,0.179,3,bn:00036632n bn:00056030n bn:00056029n
124,n,sim,,building,costruzione,Gebäude,0.177,1,bn:00013722n
125,n,sim,,need,bisogno,Bedarf,0.174,1,bn:00026107n
126,n,sim,,increase,aumento,Erhöhung,0.171,2,bn:00041979n bn:00001294n
127,n,sim,,model,modello,Modell,0.164,7,bn:00022071n bn:00055447n bn:00033735n bn:00036197n bn:00032101n bn:00032100n bn:00055448n
128,n,sim,,processing,elaborazione,Verarbeitung,0.159,0,
129,n,sim,,taxation,tassazione,Besteuerung,0.155,1,bn:00067519n
1,n,sim,WEAK,account,deposito,Darstellung,,,
2,n,sim,WEAK,action,processo,Aktion,,,
3,n,sim,WEAK,adjustment,registrazione,Einstellung,,,
4,n,sim,WEAK,allocation,assegnazione,Verteilung,,,
5,n,sim,WEAK,arrangement,sistemazione,Bearbeitung,,,
6,n,sim,WEAK,budget,sacco,Haushalt,,,
7,n,sim,WEAK,business,azienda,Geschäft,,,
8,n,sim,WEAK,care,custodia,Pflege,,,
9,n,sim,WEAK,case,cassa,Sache,,,
10,n,sim,WEAK,class,classe,Qualität,,,
11,n,sim,WEAK,company,azienda,Gesellschaft,,,
12,n,sim,WEAK,component,componente,Teil,,,
13,n,sim,WEAK,connection,circostanza,Verbindung,,,
14,n,sim,WEAK,education,istruzione,Bildung,,,
15,n,sim,WEAK,effort,costo,Leistung,,,
16,n,sim,WEAK,emission,emissione,Abgabe,,,
17,n,sim,WEAK,enterprise,azienda,Betrieb,,,
18,n,sim,WEAK,facility,infrastruttura,Einrichtung,,,
19,n,sim,WEAK,fee,quota,Beitrag,,,
20,n,sim,WEAK,input,ingresso,Beitrag,,,
21,n,sim,WEAK,inspection,ispezione,Prüfung,,,
22,n,sim,WEAK,installation,installazione,Anlage,,,
23,n,sim,WEAK,job,impiego,Job,,,
24,n,sim,WEAK,list,elenco,Programm,,,
25,n,sim,WEAK,maintenance,manutenzione,Pflege,,,
26,n,sim,WEAK,operator,operatore,Vermittlung,,,
27,n,sim,WEAK,option,scelta,Möglichkeit,,,
28,n,sim,WEAK,part,pezzo,Teil,,,
29,n,sim,WEAK,participation,intervento,Teilnahme,,,
30,n,sim,WEAK,payment,pagamento,Vergütung,,,
31,n,sim,WEAK,plan,programma,Vorhaben,,,
32,n,sim,WEAK,position,impiego,Stellung,,,
33,n,sim,WEAK,problem,crisi,Problem,,,
34,n,sim,WEAK,product,genere,Produkt,,,
35,n,sim,WEAK,project,ricerca,Projekt,,,
36,n,sim,WEAK,property,proprietà,Wohnung,,,
37,n,sim,WEAK,purchase,acquisto,Erwerb,,,
38,n,sim,WEAK,purpose,proposito,Zweck,,,
39,n,sim,WEAK,quantity,quantità,Anteil,,,
40,n,sim,WEAK,recovery,recupero,Rettung,,,
41,n,sim,WEAK,requirement,esigenza,Anforderung,,,
42,n,sim,WEAK,revenue,reddito,Nutzung,,,
43,n,sim,WEAK,right,bene,Recht,,,
44,n,sim,WEAK,sample,prelievo,Auswahl,,,
45,n,sim,WEAK,saving,risparmio,Rettung,,,
46,n,sim,WEAK,set,set,Form,,,
47,n,sim,WEAK,share,quota,Anteil,,,
48,n,sim,WEAK,spending,spesa,Ausgabe,,,
49,n,sim,WEAK,standard,standard,Anspruch,,,
50,n,sim,WEAK,stock,stock,Anteil,,,
51,n,sim,WEAK,store,deposito,Geschäft,,,
52,n,sim,WEAK,system,impianto,System,,,
53,n,sim,WEAK,tax,contributo,Besteuerung,,,
54,n,sim,WEAK,test,esame,Test,,,
55,n,sim,WEAK,testing,analisi,Prüfung,,,
56,n,sim,WEAK,transaction,transazione,Geschäft,,,
57,n,sim,WEAK,type,tipo,Modell,,,
58,n,sim,WEAK,undertaking,assicurazione,Betrieb,,,
59,n,sim,WEAK,unit,complesso,Einheit,,,
60,n,sim,WEAK,value,valore,Nutzen,,,
61,n,sim,WEAK,work,fabbrica,Arbeit,,,
1,n,cooc,,housing,alloggio,Unterbringung,0.505,0,
2,n,cooc,,logistics,logistica,Logistik,0.473,1,bn:00051869n
3,n,cooc,,regularity,regolarità,Regelmäßigkeit,0.465,0,
4,n,cooc,,water,acqua,Wasser,0.453,3,bn:00080561n bn:00042379n bn:00061253n
5,n,cooc,,transport,trasporto,Transport,0.452,5,bn:00022379n bn:00078046n bn:00071122n bn:00022381n bn:00029691n
6,n,cooc,,electricity,elettricità,Strom,0.452,1,bn:00030181n
7,n,cooc,,production,produzione,Produktion,0.45,4,bn:00064594n bn:00064590n bn:00064592n bn:00059790n
8,n,cooc,,transportation,trasporto,Transport,0.445,3,bn:00071122n bn:00022381n bn:00022379n
9,n,cooc,,treatment,trattamento,Behandlung,0.445,3,bn:00047235n bn:00076843n bn:00042823n
10,n,cooc,,protection,protezione,Schutz,0.443,2,bn:00071020n bn:00064838n
11,n,cooc,,transfer,cessione,Übertragung,0.443,0,
12,n,cooc,,consumption,consumo,Verbrauch,0.44,0,
13,n,cooc,,manufacture,produzione,Produktion,0.431,0,
14,n,cooc,,generation,generazione,Erzeugung,0.422,0,
15,n,cooc,,distribution,distribuzione,Verteilung,0.415,1,bn:00027797n
16,n,cooc,,infrastructure,infrastruttura,Infrastruktur,0.414,2,bn:00046727n bn:00008794n
17,n,cooc,,quality,qualità,Qualität,0.414,2,bn:00014731n bn:00065538n
18,n,cooc,,energy,energia,Energie,0.408,1,bn:00030820n
19,n,cooc,,power,energia,Leistung,0.406,1,bn:00063941n
20,n,cooc,,need,necessità,Notwendigkeit,0.403,0,
21,n,cooc,,issue,problema,Problem,0.395,0,
22,n,cooc,,maintenance,manutenzione,Wartung,0.39,1,bn:00016016n
23,n,cooc,,repair,riparazione,Reparatur,0.387,1,bn:00034919n
24,n,cooc,,food,cibo,Essen,0.385,2,bn:00035650n bn:00035649n
25,n,cooc,,equipment,apparecchiatura,Ausrüstung,0.384,1,bn:00031322n
26,n,cooc,,problem,problema,Problem,0.384,3,bn:00064526n bn:00048242n bn:00064527n
27,n,cooc,,structure,struttura,Struktur,0.38,1,bn:00022071n
28,n,cooc,,drug,farmaco,Medikament,0.377,1,bn:00054128n
29,n,cooc,,hygiene,igiene,Hygiene,0.372,3,bn:00045430n bn:00069182n bn:00045431n
30,n,cooc,,sustainability,sostenibilità,Nachhaltigkeit,0.37,1,bn:01083464n
31,n,cooc,,network,rete,Netz,0.367,2,bn:00054497n bn:00024712n
32,n,cooc,,provision,fornitura,Bereitstellung,0.366,0,
33,n,cooc,,kit,equipaggiamento,Ausrüstung,0.365,0,
34,n,cooc,,sanitation,igiene,Hygiene,0.364,2,bn:00069182n bn:00045431n
35,n,cooc,,cleaning,pulizia,Reinigung,0.363,1,bn:00019647n
36,n,cooc,,price,prezzo,Preis,0.361,2,bn:00025083n bn:00022996n
37,n,cooc,,estimate,stima,Schätzung,0.358,1,bn:00005164n
38,n,cooc,,building,costruzione,Aufbau,0.345,0,
39,n,cooc,,agreement,contratto,Vertrag,0.341,1,bn:00022227n
40,n,cooc,,planning,pianificazione,Planung,0.334,2,bn:00062795n bn:00062794n
41,n,cooc,,contract,contratto,Vertrag,0.333,1,bn:00022227n
42,n,cooc,,construction,costruzione,Aufbau,0.33,0,
43,n,cooc,,industry,industria,Industrie,0.324,1,bn:00046576n
44,n,cooc,,trading,commercio,Handel,0.322,1,bn:00077860n
45,n,cooc,,rate,prezzo,Preis,0.313,0,
46,n,cooc,,school,scuola,Schule,0.312,3,bn:00069625n bn:00069620n bn:00069619n
47,n,cooc,,establishment,impianto,Einrichtung,0.309,0,
48,n,cooc,,cost,costo,Kosten,0.304,1,bn:00022995n
49,n,cooc,,crisis,crisi,Krise,0.299,2,bn:00023845n bn:00023844n
50,n,cooc,,system,sistema,System,0.294,7,bn:00075761n bn:00005863n bn:00075760n bn:00069580n bn:00075762n bn:00075759n bn:00075763n
51,n,cooc,,sector,settore,Sektor,0.293,1,bn:11333488n
52,n,cooc,,aid,aiuto,Hilfe,0.285,2,bn:00055177n bn:00002155n
53,n,cooc,,land,paese,Land,0.284,2,bn:00023236n bn:00023235n
54,n,cooc,,market,mercato,Markt,0.283,3,bn:00053458n bn:00053459n bn:00053461n
55,n,cooc,,assistance,assistenza,Hilfe,0.279,1,bn:00002155n
56,n,cooc,,condition,condizione,Bedingung,0.276,1,bn:00021649n
57,n,cooc,,money,denaro,Geld,0.275,1,bn:00055644n
58,n,cooc,,household,famiglia,Haushalt,0.268,1,bn:00032892n
59,n,cooc,,service,servizio,Dienstleistung,0.268,1,bn:00070651n
60,n,cooc,,support,supporto,Unterstützung,0.26,2,bn:00075332n bn:00075331n
61,n,cooc,,growth,sviluppo,Entwicklung,0.254,0,
62,n,cooc,,security,sicurezza,Sicherheit,0.238,2,bn:00070219n bn:00068799n
63,n,cooc,,part,parte,Teil,0.198,1,bn:00021395n
1,n,cooc,WEAK,acquisition,acquisto,Zugang,,,
2,n,cooc,WEAK,activity,energia,Tätigkeit,,,
3,n,cooc,WEAK,agency,ufficio,Vermittlung,,,
4,n,cooc,WEAK,air,aspetto,Weise,,,
5,n,cooc,WEAK,arrangement,sistemazione,Anordnung,,,
6,n,cooc,WEAK,balance,bilancio,Stand,,,
7,n,cooc,WEAK,business,lavoro,Betrieb,,,
8,n,cooc,WEAK,capacity,funzione,Kapazität,,,
9,n,cooc,WEAK,communication,comunicazione,Übertragung,,,
10,n,cooc,WEAK,company,società,Begleitung,,,
11,n,cooc,WEAK,concern,impresa,Bedeutung,,,
12,n,cooc,WEAK,control,controllo,Steuerung,,,
13,n,cooc,WEAK,corporation,società,Gemeinde,,,
14,n,cooc,WEAK,cut,riduzione,Kürzung,,,
15,n,cooc,WEAK,day,tempo,Tag,,,
16,n,cooc,WEAK,deal,quantità,Teil,,,
17,n,cooc,WEAK,demand,domanda,Bedarf,,,
18,n,cooc,WEAK,design,progettazione,Plan,,,
19,n,cooc,WEAK,disposal,smaltimento,Anordnung,,,
20,n,cooc,WEAK,division,serie,Trennung,,,
21,n,cooc,WEAK,drainage,scarico,Abfluss,,,
22,n,cooc,WEAK,drop,crollo,Fall,,,
23,n,cooc,WEAK,facility,infrastruttura,Einrichtung,,,
24,n,cooc,WEAK,field,bacino,Bereich,,,
25,n,cooc,WEAK,fuel,carburante,Nahrung,,,
26,n,cooc,WEAK,gear,cambio,Ausrüstung,,,
27,n,cooc,WEAK,good,bene,Vorteil,,,
28,n,cooc,WEAK,information,informazione,Aufklärung,,,
29,n,cooc,WEAK,installation,installazione,Anlage,,,
30,n,cooc,WEAK,investment,impiego,Anlage,,,
31,n,cooc,WEAK,labor,lavoro,Aufgabe,,,
32,n,cooc,WEAK,line,serie,Linie,,,
33,n,cooc,WEAK,management,gestione,Steuerung,,,
34,n,cooc,WEAK,manufacturing,produzione,Erzeugung,,,
35,n,cooc,WEAK,marketing,marketing,Vertrieb,,,
36,n,cooc,WEAK,medicine,medicina,Medikament,,,
37,n,cooc,WEAK,merchandise,merce,Ware,,,
38,n,cooc,WEAK,obligation,impegno,Leistung,,,
39,n,cooc,WEAK,office,ufficio,Stelle,,,
40,n,cooc,WEAK,operation,funzione,Betrieb,,,
41,n,cooc,WEAK,option,scelta,Möglichkeit,,,
42,n,cooc,WEAK,party,gruppo,Beteiligte,,,
43,n,cooc,WEAK,placing,sistemazione,Aufgabe,,,
44,n,cooc,WEAK,point,punto,Stelle,,,
45,n,cooc,WEAK,product,prodotto,Ware,,,
46,n,cooc,WEAK,purchase,acquisto,Bezug,,,
47,n,cooc,WEAK,reason,causa,Grund,,,
48,n,cooc,WEAK,reduction,riduzione,Kürzung,,,
49,n,cooc,WEAK,reinforcement,rinforzo,Stärkung,,,
50,n,cooc,WEAK,relief,soccorso,Erleichterung,,,
51,n,cooc,WEAK,requirement,esigenza,Erfordernis,,,
52,n,cooc,WEAK,route,rotta,Linie,,,
53,n,cooc,WEAK,scheme,sistema,Plan,,,
54,n,cooc,WEAK,shelter,difesa,Schutz,,,
55,n,cooc,WEAK,situation,posizione,Situation,,,
56,n,cooc,WEAK,solution,soluzione,Aufklärung,,,
57,n,cooc,WEAK,stock,stock,Anteil,,,
58,n,cooc,WEAK,transmission,cambio,Übertragung,,,
59,n,cooc,WEAK,undertaking,impresa,Übernahme,,,
60,n,cooc,WEAK,unit,unità,Anlage,,,
61,n,cooc,WEAK,use,uso,Genuss,,,
62,n,cooc,WEAK,work,lavoro,Tätigkeit,,,
1,adj,cooc,,medical,medico,medizinisch,0.459,1,bn:00106554a
2,adj,cooc,,adequate,adeguato,ausreichend,0.444,0,
3,adj,cooc,,sufficient,sufficiente,ausreichend,0.423,0,
4,adj,cooc,,continuous,continuo,kontinuierlich,0.419,0,
5,adj,cooc,,inadequate,insufficiente,unzureichend,0.393,0,
6,adj,cooc,,enough,sufficiente,ausreichend,0.392,0,
7,adj,cooc,,insufficient,insufficiente,unzureichend,0.383,0,
8,adj,cooc,,cross-border,transfrontaliero,grenzüberschreitend,0.383,0,
9,adj,cooc,,constant,costante,beständig,0.379,0,
10,adj,cooc,,reliable,affidabile,zuverlässig,0.367,1,bn:00101187a
11,adj,cooc,,sustainable,sostenibile,nachhaltig,0.361,0,
12,adj,cooc,,secure,sicuro,sicher,0.358,0,
13,adj,cooc,,safe,sicuro,sicher,0.357,1,bn:00110046a
14,adj,cooc,,stable,stabile,stabil,0.347,0,
15,adj,cooc,,consistent,costante,beständig,0.336,0,
16,adj,cooc,,necessary,necessario,notwendig,0.328,1,bn:00107182a
17,adj,cooc,,electrical,elettrico,elektrisch,0.326,2,bn:00102083a bn:00102086a
18,adj,cooc,,domestic,domestico,häuslich,0.319,1,bn:00101681a
19,adj,cooc,,equitable,equo,gerecht,0.319,0,
20,adj,cooc,,basic,fondamentale,grundlegend,0.311,0,
21,adj,cooc,,regular,regolare,regulär,0.302,0,
22,adj,cooc,,electric,elettrico,elektrisch,0.301,2,bn:00102083a bn:00102086a
23,adj,cooc,,global,globale,weltweit,0.299,2,bn:00103624a bn:00100536a
24,adj,cooc,,daily,giornaliero,täglich,0.292,1,bn:00100875a
25,adj,cooc,,humanitarian,umanitario,humanitär,0.285,0,
26,adj,cooc,,future,futuro,künftig,0.281,0,
27,adj,cooc,,accessible,accessibile,zugänglich,0.281,0,
28,adj,cooc,,essential,essenziale,notwendig,0.274,0,
29,adj,cooc,,external,esterno,extern,0.267,0,
30,adj,cooc,,normal,normale,normal,0.257,1,bn:00107587a
31,adj,cooc,,public,pubblico,öffentlich,0.257,1,bn:00109211a
32,adj,cooc,,traditional,tradizionale,traditionell,0.248,0,
33,adj,cooc,,free,gratuito,kostenlos,0.235,0,
34,adj,cooc,,good,buono,gut,0.229,2,bn:00103672a bn:00103677a
35,adj,cooc,,fine,buono,gut,0.229,0,
1,adj,cooc,WEAK,ample,ampio,hinreichend,,,
2,adj,cooc,WEAK,available,disponibile,zugänglich,,,
3,adj,cooc,WEAK,current,corrente,gegenwärtig,,,
4,adj,cooc,WEAK,deficient,deficiente,mangelhaft,,,
5,adj,cooc,WEAK,due,dovuto,ordnungsgemäß,,,
6,adj,cooc,WEAK,exclusive,esclusivo,ausschließlich,,,
7,adj,cooc,WEAK,great,grosso,weit,,,
8,adj,cooc,WEAK,hard,difficile,schlecht,,,
9,adj,cooc,WEAK,independent,indipendente,selbsttätig,,,
10,adj,cooc,WEAK,low,scarso,schlecht,,,
11,adj,cooc,WEAK,main,primario,hauptsächlich,,,
12,adj,cooc,WEAK,moderate,modesto,angemessen,,,
13,adj,cooc,WEAK,natural,normale,logisch,,,
14,adj,cooc,WEAK,poor,scarso,schlecht,,,
15,adj,cooc,WEAK,principal,primo,hauptsächlich,,,
16,adj,cooc,WEAK,reasonable,accessibile,angemessen,,,
17,adj,cooc,WEAK,steady,costante,stetig,,,
18,adj,cooc,WEAK,strong,efficace,stabil,,,
19,adj,cooc,WEAK,suitable,idoneo,angemessen,,,
20,adj,cooc,WEAK,total,totale,uneingeschränkt,,,
21,adj,cooc,WEAK,unlimited,illimitato,uneingeschränkt,,,
1,v,cooc,,ensure,garantire,gewährleisten,0.471,1,bn:00082812v
2,v,cooc,,guarantee,garantire,garantieren,0.408,1,bn:00082877v
3,v,cooc,,deliver,consegnare,einliefern,0.369,0,
4,v,cooc,,carry,trasportare,tragen,0.356,1,bn:00084554v
5,v,cooc,,interrupt,interrompere,unterbrechen,0.351,0,
6,v,cooc,,restore,ripristinare,wiederherstellen,0.349,1,bn:00092614v
7,v,cooc,,switch,passare,umschalten,0.349,0,
8,v,cooc,,exclude,escludere,ausschließen,0.34,0,
9,v,cooc,,improve,migliorare,verbessern,0.334,1,bn:00082573v
10,v,cooc,,threaten,minacciare,drohen,0.327,1,bn:00087612v
11,v,cooc,,furnish,fornire,erbringen,0.325,0,
12,v,cooc,,depend,dipendere,abhängen,0.308,1,bn:00086606v
13,v,cooc,,prevent,impedire,verhindern,0.306,2,bn:00090033v bn:00088454v
14,v,cooc,,increase,aumentare,erhöhen,0.304,1,bn:00089667v
15,v,cooc,,allow,consentire,zulassen,0.301,0,
16,v,cooc,,make,fare,machen,0.297,3,bn:00084198v bn:00086013v bn:00086008v
17,v,cooc,,cover,coprire,decken,0.296,2,bn:00084032v bn:00085917v
18,v,cooc,,limit,limitare,beschränken,0.296,0,
19,v,cooc,,constitute,costituire,bilden,0.292,1,bn:00083187v
20,v,cooc,,receive,ricevere,erhalten,0.288,1,bn:00089246v
21,v,cooc,,restrict,limitare,beschränken,0.282,0,
22,v,cooc,,safeguard,salvaguardare,sichern,0.282,0,
23,v,cooc,,bring,portare,bringen,0.281,1,bn:00084058v
24,v,cooc,,supply,fornire,beliefern,0.275,0,
25,v,cooc,,serve,servire,dienen,0.275,1,bn:00082867v
26,v,cooc,,expand,espandere,erweitern,0.274,0,
27,v,cooc,,adjust,regolare,einstellen,0.273,0,
28,v,cooc,,refuse,rifiutare,verweigern,0.264,0,
29,v,cooc,,require,richiedere,erfordern,0.262,0,
30,v,cooc,,order,ordinare,bestellen,0.257,0,
31,v,cooc,,reach,raggiungere,erreichen,0.257,2,bn:00082901v bn:00082226v
32,v,cooc,,obtain,ottenere,erhalten,0.249,0,
33,v,cooc,,permit,permettere,erlauben,0.249,1,bn:00082536v
34,v,cooc,,promote,promuovere,fördern,0.246,0,
35,v,cooc,,facilitate,facilitare,erleichtern,0.246,1,bn:00082531v
36,v,cooc,,consider,considerare,berücksichtigen,0.245,0,
37,v,cooc,,reduce,ridurre,reduzieren,0.243,0,
38,v,cooc,,decrease,diminuire,verringern,0.242,1,bn:00086418v
39,v,cooc,,do,fare,tun,0.242,1,bn:00082286v
40,v,cooc,,diminish,diminuire,verringern,0.24,0,
41,v,cooc,,arrive,arrivare,ankommen,0.24,2,bn:00082790v bn:00082788v
42,v,cooc,,get,ottenere,erhalten,0.239,0,
43,v,cooc,,achieve,raggiungere,erreichen,0.239,1,bn:00082226v
44,v,cooc,,hamper,ostacolare,behindern,0.232,0,
45,v,cooc,,request,richiedere,bitten,0.23,0,
46,v,cooc,,create,creare,schaffen,0.226,1,bn:00086009v
47,v,cooc,,shrink,ridurre,abnehmen,0.225,0,
48,v,cooc,,fulfil,compiere,erfüllen,0.216,0,
49,v,cooc,,leave,partire,verlassen,0.215,1,bn:00087845v
50,v,cooc,,enter,entrare,eintreten,0.215,1,bn:00085363v
51,v,cooc,,offer,offrire,bieten,0.211,0,
52,v,cooc,,contribute,contribuire,beitragen,0.211,0,
53,v,cooc,,close,chiudere,schließen,0.21,1,bn:00085162v
54,v,cooc,,influence,influenzare,beeinflussen,0.209,1,bn:00082304v
55,v,cooc,,remain,rimanere,bleiben,0.209,3,bn:00092756v bn:00091562v bn:00085719v
56,v,cooc,,take,prendere,nehmen,0.208,3,bn:00094731v bn:00088762v bn:00085689v
57,v,cooc,,determine,determinare,bestimmen,0.205,0,
58,v,cooc,,include,includere,umfassen,0.196,0,
59,v,cooc,,maintain,mantenere,halten,0.193,0,
60,v,cooc,,organize,organizzare,organisieren,0.191,0,
61,v,cooc,,satisfy,soddisfare,erfüllen,0.19,0,
62,v,cooc,,cause,causare,verursachen,0.188,0,
63,v,cooc,,shut,chiudere,schließen,0.185,1,bn:00085162v
64,v,cooc,,lack,mancare,fehlen,0.177,1,bn:00090161v
65,v,cooc,,commence,cominciare,beginnen,0.174,2,bn:00083340v bn:00083342v
66,v,cooc,,come,venire,kommen,0.166,1,bn:00085335v
67,v,cooc,,keep,mantenere,halten,0.157,0,
68,v,cooc,,catch,prendere,nehmen,0.157,0,
69,v,cooc,,hit,colpire,treffen,0.15,0,
70,v,cooc,,start,iniziare,beginnen,0.133,2,bn:00083340v bn:00083342v
71,v,cooc,,begin,iniziare,beginnen,0.128,2,bn:00083340v bn:00083342v
72,v,cooc,,use,utilizzare,verwenden,0.095,1,bn:00082705v
1,v,cooc,WEAK,acquire,acquisire,erarbeiten,,,
2,v,cooc,WEAK,adapt,adeguare,umstellen,,,
3,v,cooc,WEAK,affect,interessare,beeinflussen,,,
4,v,cooc,WEAK,align,adeguare,ausrichten,,,
5,v,cooc,WEAK,appear,figurare,scheinen,,,
6,v,cooc,WEAK,arise,derivare,entstehen,,,
7,v,cooc,WEAK,assure,assicurare,sichern,,,
8,v,cooc,WEAK,balance,valutare,ausgleichen,,,
9,v,cooc,WEAK,be,fare,liegen,,,
10,v,cooc,WEAK,bear,sostenere,tragen,,,
11,v,cooc,WEAK,become,venire,stehen,,,
12,v,cooc,WEAK,block,bloccare,nehmen,,,
13,v,cooc,WEAK,boost,incentivare,stärken,,,
14,v,cooc,WEAK,buy,acquistare,abnehmen,,,
15,v,cooc,WEAK,cater,fornire,sorgen,,,
16,v,cooc,WEAK,charge,caricare,berechnen,,,
17,v,cooc,WEAK,collect,raccogliere,einnehmen,,,
18,v,cooc,WEAK,comprise,comprendere,umfassen,,,
19,v,cooc,WEAK,concern,interessare,betreffen,,,
20,v,cooc,WEAK,conserve,conservare,sparen,,,
21,v,cooc,WEAK,contract,restringere,schließen,,,
22,v,cooc,WEAK,control,controllare,steuern,,,
23,v,cooc,WEAK,cost,venire,kosten,,,
24,v,cooc,WEAK,cut,tagliare,senken,,,
25,v,cooc,WEAK,decline,rifiutare,abnehmen,,,
26,v,cooc,WEAK,distribute,distribuire,ausgeben,,,
27,v,cooc,WEAK,drive,portare,fahren,,,
28,v,cooc,WEAK,drop,diminuire,fallen,,,
29,v,cooc,WEAK,effect,effettuare,bewerkstelligen,,,
30,v,cooc,WEAK,encompass,contenere,umfassen,,,
31,v,cooc,WEAK,enhance,aumentare,verbessern,,,
32,v,cooc,WEAK,exhaust,esaurire,ausschöpfen,,,
33,v,cooc,WEAK,expect,aspettare,bekommen,,,
34,v,cooc,WEAK,fail,mancare,scheitern,,,
35,v,cooc,WEAK,fall,diminuire,fallen,,,
36,v,cooc,WEAK,feed,alimentare,speisen,,,
37,v,cooc,WEAK,flow,affluire,steigen,,,
38,v,cooc,WEAK,follow,derivare,beachten,,,
39,v,cooc,WEAK,foster,favorire,fördern,,,
40,v,cooc,WEAK,generate,generare,verursachen,,,
41,v,cooc,WEAK,give,fornire,geben,,,
42,v,cooc,WEAK,go,partire,gehen,,,
43,v,cooc,WEAK,govern,controllare,bestimmen,,,
44,v,cooc,WEAK,grow,aumentare,entstehen,,,
45,v,cooc,WEAK,halt,arrestare,hinken,,,
46,v,cooc,WEAK,have,disporre,machen,,,
47,v,cooc,WEAK,help,favorire,helfen,,,
48,v,cooc,WEAK,incorporate,includere,integrieren,,,
49,v,cooc,WEAK,intend,intendere,bestimmen,,,
50,v,cooc,WEAK,introduce,iniziare,einführen,,,
51,v,cooc,WEAK,involve,comportare,umfassen,,,
52,v,cooc,WEAK,last,bastare,dauern,,,
53,v,cooc,WEAK,lead,portare,führen,,,
54,v,cooc,WEAK,manage,gestire,steuern,,,
55,v,cooc,WEAK,match,combinare,entsprechen,,,
56,v,cooc,WEAK,mean,intendere,bedeuten,,,
57,v,cooc,WEAK,meet,soddisfare,treffen,,,
58,v,cooc,WEAK,move,portare,gehen,,,
59,v,cooc,WEAK,need,occorrere,brauchen,,,
60,v,cooc,WEAK,occur,avvenire,auftreten,,,
61,v,cooc,WEAK,operate,gestire,arbeiten,,,
62,v,cooc,WEAK,originate,provenire,entstehen,,,
63,v,cooc,WEAK,prohibit,vietare,verhindern,,,
64,v,cooc,WEAK,protect,proteggere,sichern,,,
65,v,cooc,WEAK,provide,fornire,bieten,,,
66,v,cooc,WEAK,range,disporre,reichen,,,
67,v,cooc,WEAK,refer,sottoporre,hinweisen,,,
68,v,cooc,WEAK,regard,considerare,ansehen,,,
69,v,cooc,WEAK,regulate,regolare,regeln,,,
70,v,cooc,WEAK,render,rendere,machen,,,
71,v,cooc,WEAK,replenish,rifornire,ergänzen,,,
72,v,cooc,WEAK,represent,figurare,darstellen,,,
73,v,cooc,WEAK,result,derivare,entstehen,,,
74,v,cooc,WEAK,retain,conservare,beauftragen,,,
75,v,cooc,WEAK,rise,aumentare,steigen,,,
76,v,cooc,WEAK,run,gestire,laufen,,,
77,v,cooc,WEAK,secure,garantire,sichern,,,
78,v,cooc,WEAK,sell,vendere,handeln,,,
79,v,cooc,WEAK,send,inviare,geben,,,
80,v,cooc,WEAK,ship,spedire,setzen,,,
81,v,cooc,WEAK,stimulate,incentivare,fördern,,,
82,v,cooc,WEAK,stock,fornire,führen,,,
83,v,cooc,WEAK,stop,fermare,halten,,,
84,v,cooc,WEAK,store,immagazzinare,absichern,,,
85,v,cooc,WEAK,stretch,tirare,reichen,,,
86,v,cooc,WEAK,supplement,integrare,ergänzen,,,
87,v,cooc,WEAK,support,sostenere,unterstützen,,,
88,v,cooc,WEAK,sustain,sostenere,erhalten,,,
89,v,cooc,WEAK,tend,tirare,streben,,,
90,v,cooc,WEAK,tighten,tirare,verschärfen,,,
91,v,cooc,WEAK,transport,trasportare,transportieren,,,
92,v,cooc,WEAK,treat,curare,behandeln,,,
93,v,cooc,WEAK,undertake,garantire,übernehmen,,,
94,v,cooc,WEAK,warrant,garantire,rechtfertigen,,,
