idx_group,pos,rel,weak,lex_en,lex_it,lex_de,score,bs_count,babel_synsets
0,n,head,,saline_solution saline,soluzione_fisiologica,Salzlösung Kochsalzlösung Isotonische_kochsalzlösung,,1,bn:00068943n
1,n,cooc,,injection,iniezione,Injektion,0.371,1,bn:00046787n
2,n,cooc,,water,acqua,Wasser,0.133,3,bn:00042379n bn:00061253n bn:00080561n
1,adj,cooc,,isotonic,isotonica,isotonisch,0.725,0,
2,adj,cooc,,sterile,sterile,steril,0.674,1,bn:00105063a
3,adj,cooc,,warm,tiepido,warm,0.225,0,
1,v,cooc,,inject,iniettare,injizieren,0.462,0,
2,v,cooc,,administer,somministrare,verabreichen,0.293,1,bn:00082365v
1,v,cooc,WEAK,pump,immettere,pumpen,,,
2,v,cooc,WEAK,spray,spruzzare,spritzen,,,
3,v,cooc,WEAK,wash,spruzzare,waschen,,,
