idx_group,pos,rel,weak,lex_en,lex_it,lex_de,score,bs_count,babel_synsets
0,n,head,,dale valley vale,conca vallata valle,Senke Tal,,1,bn:00079476n
1,n,sim,,mountain,montagna,Berg,0.34,2,bn:00008985n bn:00056068n
2,n,sim,,forest,foresta,Wald,0.33,1,bn:00035868n
3,n,sim,,lake,lago,See,0.329,1,bn:00049709n
4,n,sim,,river,fiume,Fluss,0.327,1,bn:00067948n
5,n,sim,,village,villaggio,Dorf,0.323,1,bn:00042729n
6,n,sim,,hill,collina,Hügel,0.321,1,bn:00044141n
7,n,sim,,park,parco,Park,0.321,3,bn:00015795n bn:00021051n bn:00060690n
8,n,sim,,landscape,paesaggio,Landschaft,0.318,1,bn:01321349n
9,n,sim,,north,nord,Norden,0.315,2,bn:00057102n bn:00029051n
10,n,sim,,south,sud,Süden,0.313,2,bn:00073013n bn:00029053n
11,n,sim,,wood,bosco,Wald,0.309,2,bn:00035868n bn:00035869n
12,n,sim,,bay,baia,Bucht,0.301,1,bn:00009212n
13,n,sim,,countryside,campagna,Landschaft,0.3,0,
14,n,sim,,woodland,bosco,Wald,0.297,1,bn:00035869n
15,n,sim,,island,isola,Insel,0.295,1,bn:00047612n
16,n,sim,,desert,deserto,Wüste,0.287,1,bn:00026519n
17,n,sim,,canyon,canyon,Schlucht,0.286,2,bn:00015322n bn:00066290n
18,n,sim,,cave,grotta,Höhle,0.276,1,bn:00016878n
19,n,sim,,region,regione,Region,0.276,2,bn:00066884n bn:00005515n
20,n,sim,,coast,costa,Küste,0.273,1,bn:00020164n
21,n,sim,,garden,giardino,Garten,0.265,1,bn:00037300n
22,n,sim,,meadow,prato,Wiese,0.265,1,bn:00043214n
23,n,sim,,town,città,Stadt,0.263,1,bn:00077775n
24,n,sim,,beach,spiaggia,Strand,0.262,1,bn:00009263n
25,n,sim,,green,prato,Wiese,0.262,0,
26,n,sim,,district,quartiere,Bezirk,0.258,0,
27,n,sim,,sea,mare,Meer,0.258,1,bn:00069946n
28,n,sim,,city,città,Stadt,0.252,1,bn:00019319n
29,n,sim,,rock,roccia,Felsen,0.251,1,bn:13886970n
30,n,sim,,trail,sentiero,Weg,0.251,1,bn:00077905n
31,n,sim,,centre,centro,Zentrum,0.25,2,bn:00017130n bn:00017123n
32,n,sim,,center,centro,Zentrum,0.248,2,bn:00017130n bn:00017123n
33,n,sim,,province,provincia,Provinz,0.248,1,bn:00064914n
34,n,sim,,shore,riva,Ufer,0.248,2,bn:00071235n bn:00008363n
35,n,sim,,zone,zona,Zone,0.246,4,bn:00082076n bn:00082073n bn:00040162n bn:00009824n
36,n,sim,,hillside,pendio,Hang,0.243,0,
37,n,sim,,territory,territorio,Gebiet,0.243,0,
38,n,sim,,street,strada,Straße,0.242,2,bn:00067975n bn:00074595n
39,n,sim,,loch,lago,See,0.239,0,
40,n,sim,,neighborhood,quartiere,Nachbarschaft,0.237,0,
41,n,sim,,hall,sala,Halle,0.236,0,
42,n,sim,,coastline,costa,Küste,0.23,0,
43,n,sim,,downtown,centro,Innenstadt,0.23,2,bn:00014155n bn:00017178n
44,n,sim,,road,strada,Straße,0.23,1,bn:00067975n
45,n,sim,,field,campo,Feld,0.228,4,bn:00034273n bn:00034265n bn:00006752n bn:00034267n
46,n,sim,,peak,vetta,Gipfel,0.227,2,bn:00023758n bn:00000942n
47,n,sim,,slope,pendio,Steigung,0.227,0,
48,n,sim,,world,terra,Welt,0.227,2,bn:00045153n bn:00029424n
49,n,sim,,sky,cielo,Himmel,0.225,1,bn:00072016n
50,n,sim,,capital,capitale,Hauptstadt,0.223,1,bn:00015498n
51,n,sim,,path,sentiero,Pfad,0.221,0,
52,n,sim,,camp,campo,Lager,0.22,2,bn:00015041n bn:00010805n
53,n,sim,,surroundings,ambiente,Umgebung,0.218,1,bn:00031075n
54,n,sim,,vineyard,vigneto,Weinberg,0.218,1,bn:00080018n
55,n,sim,,place,luogo,Ort,0.217,2,bn:00051760n bn:00062699n
56,n,sim,,state,stato,Zustand,0.217,4,bn:03347921n bn:02108701n bn:17345320n bn:02220665n
57,n,sim,,tunnel,galleria,Tunnel,0.217,1,bn:00078606n
58,n,sim,,area,zona,Bereich,0.216,1,bn:00082076n
59,n,sim,,building,edificio,Gebäude,0.216,1,bn:00013722n
60,n,sim,,hotel,albergo,Hotel,0.216,1,bn:00044967n
61,n,sim,,country,paese,Land,0.215,2,bn:00023235n bn:00023236n
62,n,sim,,location,posizione,Lage,0.215,1,bn:00051760n
63,n,sim,,community,comunità,Gemeinde,0.214,0,
64,n,sim,,tree,albero,Baum,0.214,1,bn:00078131n
65,n,sim,,castle,castello,Schloss,0.213,1,bn:00016570n
66,n,sim,,museum,museo,Museum,0.212,1,bn:00056426n
67,n,sim,,waterfall,cascata,Wasserfall,0.212,1,bn:00032830n
68,n,sim,,church,chiesa,Kirche,0.211,2,bn:00018819n bn:00018995n
69,n,sim,,earth,terra,Erde,0.211,5,bn:00029427n bn:00028934n bn:00029429n bn:00029425n bn:00029424n
70,n,sim,,ocean,oceano,Ozean,0.21,1,bn:00058574n
71,n,sim,,canal,canale,Kanal,0.209,2,bn:00015144n bn:00015145n
72,n,sim,,plateau,altopiano,Plateau,0.207,1,bn:00062891n
73,n,sim,,bridge,ponte,Brücke,0.206,2,bn:00013083n bn:00013077n
74,n,sim,,europe,europa,Europa,0.206,2,bn:00021127n bn:00031896n
75,n,sim,,interior,interno,Innere,0.206,1,bn:15211951n
76,n,sim,,tower,torre,Turm,0.206,2,bn:00077766n bn:00016571n
77,n,sim,,restaurant,ristorante,Restaurant,0.205,1,bn:00029545n
78,n,sim,,snow,neve,Schnee,0.205,3,bn:00072456n bn:00072455n bn:00011445n
79,n,sim,,corner,angolo,Ecke,0.204,3,bn:00022740n bn:00022734n bn:00022736n
80,n,sim,,france,francia,Frankreich,0.201,1,bn:00036202n
81,n,sim,,dale,vallata,Tal,0.199,1,bn:00079476n
82,n,sim,,vale,valle,Tal,0.199,1,bn:00079476n
83,n,sim,,sand,sabbia,Sand,0.198,1,bn:00069126n
84,n,sim,,pool,piscina,Becken,0.197,0,
85,n,sim,,stretch,tratto,Strecke,0.197,0,
86,n,sim,,pond,stagno,Teich,0.196,1,bn:00063508n
87,n,sim,,meadowland,prato,Wiese,0.195,0,
88,n,sim,,settlement,insediamento,Siedlung,0.194,1,bn:00020712n
89,n,sim,,hill-side,pendio,Hang,0.193,0,
90,n,sim,,cliff,scogliera,Klippe,0.192,0,
91,n,sim,,wall,parete,Wand,0.191,2,bn:00060663n bn:00080386n
92,n,sim,,cavern,grotta,Höhle,0.19,1,bn:00016878n
93,n,sim,,winter,inverno,Winter,0.188,1,bn:00081370n
94,n,sim,,continent,continente,Kontinent,0.187,1,bn:00022173n
95,n,sim,,neighbourhood,quartiere,Nachbarschaft,0.186,0,
96,n,sim,,soil,suolo,Boden,0.186,1,bn:00041883n
97,n,sim,,part,porzione,Teil,0.184,0,
98,n,sim,,house,casa,Haus,0.183,4,bn:00000356n bn:00029305n bn:00045000n bn:00044994n
99,n,sim,,wilderness,deserto,Wildnis,0.183,0,
100,n,sim,,terrain,terreno,Terrain,0.182,0,
101,n,sim,,lowland,pianura,Flachland,0.181,0,
102,n,sim,,wasteland,deserto,Wüste,0.181,0,
103,n,sim,,cove,baia,Bucht,0.18,0,
104,n,sim,,floor,piano,Boden,0.177,0,
105,n,sim,,republic,repubblica,Republik,0.176,1,bn:00067223n
106,n,sim,,stadium,stadio,Stadion,0.176,1,bn:00005532n
107,n,sim,,store,negozio,Laden,0.176,3,bn:00067417n bn:00012452n bn:00071215n
108,n,sim,,isle,isola,Insel,0.175,1,bn:00047612n
109,n,sim,,glade,radura,Lichtung,0.174,1,bn:00019668n
110,n,sim,,home,casa,Haus,0.174,2,bn:00000356n bn:00044994n
111,n,sim,,lagoon,laguna,Lagune,0.174,1,bn:00049696n
112,n,sim,,hillock,poggio,Hügel,0.171,1,bn:00042745n
113,n,sim,,portion,porzione,Teil,0.171,0,
114,n,sim,,dune,duna,Düne,0.166,1,bn:00029124n
115,n,sim,,ridge,cresta,Grat,0.166,0,
116,n,sim,,knoll,poggio,Hügel,0.165,1,bn:00042745n
117,n,sim,,hole,buca,Loch,0.162,0,
118,n,sim,,villa,villa,Villa,0.161,6,bn:00080001n bn:00023240n bn:00028298n bn:00079999n bn:00080000n bn:00026616n
119,n,sim,,hummock,collinetta,Hügel,0.159,1,bn:00042745n
120,n,sim,,expanse,distesa,Weite,0.158,1,bn:00032278n
121,n,sim,,corridor,corridoio,Korridor,0.157,1,bn:00042663n
122,n,sim,,tableland,altopiano,Hochebene,0.151,1,bn:00062891n
123,n,sim,,league,lega,Liga,0.149,1,bn:00021722n
124,n,sim,,wetland,palude,Feuchtgebiet,0.148,0,
125,n,sim,,bed,letto,Bett,0.145,2,bn:00009474n bn:00009472n
126,n,sim,,office,ufficio,Büro,0.144,1,bn:00001961n
127,n,sim,,nook,angolo,Winkel,0.142,0,
128,n,sim,,sector,settore,Bereich,0.14,0,
129,n,sim,,moor,landa,Moor,0.116,1,bn:00055828n
130,n,sim,,riverbed,alveo,Flussbett,0.114,1,bn:00023691n
131,n,sim,,swamp,palude,Sumpf,0.114,1,bn:00075499n
132,n,sim,,morass,palude,Sumpf,0.11,0,
133,n,sim,,marsh,palude,Sumpf,0.109,1,bn:00034046n
134,n,sim,,hollow,cavità,Hohlraum,0.107,0,
135,n,sim,,promontory,promontorio,Landzunge,0.107,1,bn:00035841n
136,n,sim,,slough,palude,Sumpf,0.107,0,
137,n,sim,,oasis,oasi,Oase,0.101,1,bn:00058412n
138,n,sim,,scrubland,macchia,Gestrüpp,0.093,0,
139,n,sim,,escarpment,scarpata,Böschung,0.091,0,
140,n,sim,,fjord,fiordo,Fjord,0.089,1,bn:00034616n
1,n,sim,WEAK,bank,banca,Ufer,,,
2,n,sim,WEAK,base,centro,Boden,,,
3,n,sim,WEAK,basin,bacino,Becken,,,
4,n,sim,WEAK,bog,palude,Moor,,,
5,n,sim,WEAK,borough,borgo,Bezirk,,,
6,n,sim,WEAK,bottomland,fondovalle,Tiefland,,,
7,n,sim,WEAK,branch,ramo,Gebiet,,,
8,n,sim,WEAK,brook,ruscello,Bach,,,
9,n,sim,WEAK,chamber,cavità,Raum,,,
10,n,sim,WEAK,circle,ambiente,Kreis,,,
11,n,sim,WEAK,clime,regione,Gegend,,,
12,n,sim,WEAK,course,campo,Gang,,,
13,n,sim,WEAK,creek,torrente,Bach,,,
14,n,sim,WEAK,darkness,ombra,Dunkelheit,,,
15,n,sim,WEAK,defile,gola,Hohlweg,,,
16,n,sim,WEAK,department,ufficio,Bereich,,,
17,n,sim,WEAK,estate,proprietà,Siedlung,,,
18,n,sim,WEAK,farm,fattoria,Hof,,,
19,n,sim,WEAK,glen,valletta,Tal,,,
20,n,sim,WEAK,gorge,gola,Schlucht,,,
21,n,sim,WEAK,grassland,prateria,Wiese,,,
22,n,sim,WEAK,ground,terra,Boden,,,
23,n,sim,WEAK,group,gruppo,Ring,,,
24,n,sim,WEAK,gulf,golfo,Bucht,,,
25,n,sim,WEAK,gully,canale,Schlucht,,,
26,n,sim,WEAK,habitat,ambiente,Heimat,,,
27,n,sim,WEAK,hilltop,cima,Gipfel,,,
28,n,sim,WEAK,hinterland,entroterra,Hinterland,,,
29,n,sim,WEAK,hospital,ospedale,Klinik,,,
30,n,sim,WEAK,land,terra,Land,,,
31,n,sim,WEAK,lane,vicolo,Bahn,,,
32,n,sim,WEAK,manor,villa,Schloss,,,
33,n,sim,WEAK,middle,metà,Mitte,,,
34,n,sim,WEAK,moorland,landa,Heide,,,
35,n,sim,WEAK,mountainside,versante,Berghang,,,
36,n,sim,WEAK,palace,palazzo,Schloss,,,
37,n,sim,WEAK,pit,buca,Grube,,,
38,n,sim,WEAK,plain,pianura,Ebene,,,
39,n,sim,WEAK,riverbank,argine,Flussufer,,,
40,n,sim,WEAK,riverside,riva,Flussufer,,,
41,n,sim,WEAK,scenery,scenario,Landschaft,,,
42,n,sim,WEAK,seashore,lido,Strand,,,
43,n,sim,WEAK,side,lato,Wand,,,
44,n,sim,WEAK,site,luogo,Gelände,,,
45,n,sim,WEAK,spring,sorgente,Frühling,,,
46,n,sim,WEAK,square,piazza,Feld,,,
47,n,sim,WEAK,steppe,landa,Steppe,,,
48,n,sim,WEAK,stream,ruscello,Bach,,,
49,n,sim,WEAK,thicket,macchia,Dickicht,,,
50,n,sim,WEAK,track,traccia,Strecke,,,
51,n,sim,WEAK,upland,altopiano,Hochland,,,
52,n,sim,WEAK,watercourse,alveo,Wasserlauf,,,
53,n,sim,WEAK,yard,cantiere,Hof,,,
1,n,cooc,,aosta,aosta,Aosta,0.6,1,bn:00079501n
2,n,cooc,,hill,collina,Hügel,0.563,1,bn:00044141n
3,n,cooc,,hillside,pendio,Hang,0.51,0,
4,n,cooc,,river,fiume,Fluss,0.499,1,bn:00067948n
5,n,cooc,,plains,pianura,Flachland,0.491,0,
6,n,cooc,,lowland,pianura,Flachland,0.485,0,
7,n,cooc,,bottom,fondo,Boden,0.478,1,bn:00012366n
8,n,cooc,,woods,bosco,Wald,0.476,2,bn:00035868n bn:00035869n
9,n,cooc,,mountain,montagna,Berg,0.474,2,bn:00008985n bn:00056068n
10,n,cooc,,dale,vallata,Tal,0.471,1,bn:00079476n
11,n,cooc,,vale,valle,Tal,0.465,1,bn:00079476n
12,n,cooc,,coast,costa,Küste,0.452,1,bn:00020164n
13,n,cooc,,canyon,canyon,Schlucht,0.449,2,bn:00015322n bn:00066290n
14,n,cooc,,hillock,poggio,Hügel,0.448,1,bn:00042745n
15,n,cooc,,waterfall,cascata,Wasserfall,0.445,1,bn:00032830n
16,n,cooc,,glacier,ghiacciaio,Gletscher,0.44,1,bn:00040579n
17,n,cooc,,plateau,altopiano,Plateau,0.438,1,bn:00062891n
18,n,cooc,,wood,bosco,Wald,0.436,2,bn:00035868n bn:00035869n
19,n,cooc,,slope,pendio,Steigung,0.434,0,
20,n,cooc,,woodland,bosco,Wald,0.428,1,bn:00035869n
21,n,cooc,,desert,deserto,Wüste,0.425,1,bn:00026519n
22,n,cooc,,mount,monte,Berg,0.42,1,bn:00056068n
23,n,cooc,,fjord,fiordo,Fjord,0.418,1,bn:00034616n
24,n,cooc,,forest,foresta,Wald,0.418,1,bn:00035868n
25,n,cooc,,coastline,costa,Küste,0.416,0,
26,n,cooc,,meadow,prato,Wiese,0.415,1,bn:00043214n
27,n,cooc,,cliff,scogliera,Klippe,0.408,0,
28,n,cooc,,lake,lago,See,0.408,1,bn:00049709n
29,n,cooc,,cave,grotta,Höhle,0.407,1,bn:00016878n
30,n,cooc,,castle,castello,Burg,0.392,1,bn:00016570n
31,n,cooc,,sea,mare,Meer,0.375,1,bn:00069946n
32,n,cooc,,valley,valle,Tal,0.372,1,bn:00079476n
33,n,cooc,,vineyard,vigneto,Weinberg,0.361,1,bn:00080018n
34,n,cooc,,village,villaggio,Dorf,0.36,1,bn:00042729n
35,n,cooc,,settlement,insediamento,Siedlung,0.359,1,bn:00020712n
36,n,cooc,,region,regione,Region,0.356,2,bn:00066884n bn:00005515n
37,n,cooc,,landscape,paesaggio,Landschaft,0.35,1,bn:01321349n
38,n,cooc,,vista,vista,Aussicht,0.347,3,bn:00032558n bn:00071511n bn:00006384n
39,n,cooc,,countryside,campagna,Landschaft,0.343,0,
40,n,cooc,,prospect,vista,Aussicht,0.332,1,bn:00006384n
41,n,cooc,,field,campo,Feld,0.331,4,bn:00034273n bn:00034265n bn:00006752n bn:00034267n
42,n,cooc,,height,altezza,Höhe,0.322,1,bn:00043544n
43,n,cooc,,spring,sorgente,Quelle,0.318,1,bn:00036077n
44,n,cooc,,road,strada,Straße,0.316,1,bn:00067975n
45,n,cooc,,district,zona,Gebiet,0.291,0,
46,n,cooc,,lawn,prato,Wiese,0.29,1,bn:00050284n
47,n,cooc,,town,città,Stadt,0.283,1,bn:00077775n
48,n,cooc,,city,città,Stadt,0.282,1,bn:00019319n
49,n,cooc,,terrain,terreno,Gelände,0.273,0,
50,n,cooc,,view,vista,Blick,0.272,0,
51,n,cooc,,swamp,palude,Sumpf,0.27,1,bn:00075499n
52,n,cooc,,street,strada,Straße,0.266,2,bn:00067975n bn:00074595n
53,n,cooc,,area,zona,Gebiet,0.255,1,bn:00082076n
54,n,cooc,,rock,roccia,Rock,0.251,2,bn:00068046n bn:00068045n
55,n,cooc,,center,centro,Zentrum,0.233,2,bn:00017130n bn:00017123n
56,n,cooc,,part,parte,Teil,0.226,1,bn:00021395n
1,n,cooc,WEAK,authority,autorità,Stelle,,,
2,n,cooc,WEAK,bank,riva,Abhang,,,
3,n,cooc,WEAK,basin,bacino,Becken,,,
4,n,cooc,WEAK,border,confine,Rand,,,
5,n,cooc,WEAK,brook,ruscello,Bach,,,
6,n,cooc,WEAK,creek,torrente,Bach,,,
7,n,cooc,WEAK,crest,cresta,Gipfel,,,
8,n,cooc,WEAK,ditch,canale,Graben,,,
9,n,cooc,WEAK,floor,terra,Boden,,,
10,n,cooc,WEAK,glen,valletta,Tal,,,
11,n,cooc,WEAK,gorge,gola,Schlucht,,,
12,n,cooc,WEAK,grassland,prateria,Wiese,,,
13,n,cooc,WEAK,green,prato,Grün,,,
14,n,cooc,WEAK,gully,canale,Schlucht,,,
15,n,cooc,WEAK,hilltop,cima,Gipfel,,,
16,n,cooc,WEAK,hollow,depressione,Höhle,,,
17,n,cooc,WEAK,home,tetto,Haus,,,
18,n,cooc,WEAK,mountainside,versante,Berghang,,,
19,n,cooc,WEAK,neighborhood,vicinanza,Umgebung,,,
20,n,cooc,WEAK,pass,passo,Pass,,,
21,n,cooc,WEAK,peak,vetta,Spitze,,,
22,n,cooc,WEAK,plain,pianura,Ebene,,,
23,n,cooc,WEAK,ridge,cresta,Hügelkette,,,
24,n,cooc,WEAK,scenery,scenario,Landschaft,,,
25,n,cooc,WEAK,stream,ruscello,Bach,,,
26,n,cooc,WEAK,summit,cima,Gipfel,,,
27,n,cooc,WEAK,trail,sentiero,Loipe,,,
28,n,cooc,WEAK,upland,altopiano,Hochland,,,
1,adj,cooc,,fertile,fertile,fruchtbar,0.59,1,bn:00102905a
2,adj,cooc,,wooded,boscoso,bewaldet,0.524,0,
3,adj,cooc,,verdant,verdeggiante,grün,0.513,0,
4,adj,cooc,,picturesque,pittoresco,malerisch,0.487,1,bn:00108587a
5,adj,cooc,,forested,boscoso,bewaldet,0.483,0,
6,adj,cooc,,fruitful,fertile,fruchtbar,0.482,0,
7,adj,cooc,,narrow,stretto,schmal,0.477,0,
8,adj,cooc,,lush,lussureggiante,üppig,0.476,0,
9,adj,cooc,,green,verde,grün,0.473,1,bn:00100914a
10,adj,cooc,,alpine,alpino,alpin,0.472,0,
11,adj,cooc,,deep,profondo,tief,0.458,0,
12,adj,cooc,,secluded,appartato,abgelegen,0.446,0,
13,adj,cooc,,remote,remoto,abgelegen,0.424,0,
14,adj,cooc,,flat,pianeggiante,flach,0.417,1,bn:00103058a
15,adj,cooc,,steep,ripido,steil,0.417,0,
16,adj,cooc,,steep-sided,ripido,steil,0.41,0,
17,adj,cooc,,wild,selvaggio,wild,0.386,3,bn:00113316a bn:00113870a bn:00102901a
18,adj,cooc,,broad,ampio,breit,0.385,1,bn:00098887a
19,adj,cooc,,hidden,nascosto,versteckt,0.385,0,
20,adj,cooc,,luxuriant,lussureggiante,üppig,0.385,0,
21,adj,cooc,,quiet,silenzioso,still,0.378,2,bn:00109359a bn:00110624a
22,adj,cooc,,shadowy,ombroso,schattig,0.377,1,bn:00110494a
23,adj,cooc,,lonely,solitario,einsam,0.37,1,bn:00106122a
24,adj,cooc,,wide,ampio,breit,0.37,1,bn:00098887a
25,adj,cooc,,magnificent,magnifico,herrlich,0.364,0,
26,adj,cooc,,swampy,paludoso,sumpfig,0.364,0,
27,adj,cooc,,adjacent,adiacente,benachbart,0.343,1,bn:00096456a
28,adj,cooc,,shady,ombroso,schattig,0.343,1,bn:00110494a
29,adj,cooc,,beautiful,bello,schön,0.342,1,bn:00098171a
30,adj,cooc,,rocky,roccioso,felsig,0.341,1,bn:00098748a
31,adj,cooc,,sunny,soleggiato,sonnig,0.335,0,
32,adj,cooc,,gorgeous,magnifico,herrlich,0.334,0,
33,adj,cooc,,dark,buio,dunkel,0.325,1,bn:00100902a
34,adj,cooc,,dim,oscuro,dunkel,0.325,0,
35,adj,cooc,,lovely,bello,schön,0.305,0,
36,adj,cooc,,silent,silenzioso,still,0.291,1,bn:00110624a
37,adj,cooc,,fair,bello,schön,0.239,0,
38,adj,cooc,,long,lungo,lang,0.229,1,bn:00106124a
1,adj,cooc,WEAK,abundant,ricco,üppig,,,
2,adj,cooc,WEAK,close,vicino,eng,,,
3,adj,cooc,WEAK,distant,remoto,weitläufig,,,
4,adj,cooc,WEAK,full,pieno,ganz,,,
5,adj,cooc,WEAK,gentle,dolce,sanft,,,
6,adj,cooc,WEAK,gloomy,tenebroso,finster,,,
7,adj,cooc,WEAK,humble,oscuro,klein,,,
8,adj,cooc,WEAK,immune,esente,geschützt,,,
9,adj,cooc,WEAK,isolated,isolato,abgelegen,,,
10,adj,cooc,WEAK,low,basso,tief,,,
11,adj,cooc,WEAK,regional,regionale,landschaftlich,,,
12,adj,cooc,WEAK,rich,ricco,üppig,,,
13,adj,cooc,WEAK,rolling,ondulato,hügelig,,,
14,adj,cooc,WEAK,rugged,aspro,zerklüftet,,,
15,adj,cooc,WEAK,scenic,pittoresco,landschaftlich,,,
16,adj,cooc,WEAK,shallow,basso,flach,,,
17,adj,cooc,WEAK,sheltered,riparato,geschützt,,,
18,adj,cooc,WEAK,smooth,dolce,sanft,,,
19,adj,cooc,WEAK,sweet,dolce,lieblich,,,
20,adj,cooc,WEAK,wet,umido,nass,,,
21,adj,cooc,WEAK,wonderful,meraviglioso,herrlich,,,
1,v,cooc,,narrow,restringere,verengen,0.527,0,
2,v,cooc,,descend,scendere,absteigen,0.424,0,
3,v,cooc,,flood,inondare,überschwemmen,0.411,1,bn:00088334v
4,v,cooc,,surround,circondare,umgeben,0.397,1,bn:00083797v
5,v,cooc,,traverse,attraversare,überqueren,0.379,0,
6,v,cooc,,encircle,circondare,umgeben,0.37,1,bn:00083797v
7,v,cooc,,inhabit,abitare,bewohnen,0.369,0,
8,v,cooc,,cross,attraversare,überqueren,0.364,0,
9,v,cooc,,dominate,dominare,beherrschen,0.362,1,bn:00087152v
10,v,cooc,,open,aprire,öffnen,0.362,0,
11,v,cooc,,overflow,inondare,überfluten,0.362,0,
12,v,cooc,,bloom,fiorire,blühen,0.358,1,bn:00083646v
13,v,cooc,,inundate,inondare,überschwemmen,0.35,1,bn:00088334v
14,v,cooc,,incise,incidere,einschneiden,0.333,0,
15,v,cooc,,enchant,incantare,verzaubern,0.33,1,bn:00083466v
16,v,cooc,,separate,separare,trennen,0.329,0,
17,v,cooc,,sweep,spazzare,fegen,0.322,0,
18,v,cooc,,sink,affondare,versinken,0.312,0,
19,v,cooc,,split,dividere,spalten,0.309,1,bn:00084611v
20,v,cooc,,devastate,devastare,verwüsten,0.308,1,bn:00086685v
21,v,cooc,,visit,visitare,besuchen,0.305,2,bn:00093433v bn:00084390v
22,v,cooc,,ravage,devastare,verwüsten,0.304,1,bn:00086685v
23,v,cooc,,explore,esplorare,erkunden,0.298,0,
24,v,cooc,,fill,riempire,füllen,0.293,1,bn:00088177v
25,v,cooc,,submerge,immergere,tauchen,0.292,0,
26,v,cooc,,enjoy,godere,genießen,0.289,2,bn:00083145v bn:00087646v
27,v,cooc,,shroud,avvolgere,hüllen,0.287,0,
28,v,cooc,,connect,collegare,verbinden,0.283,1,bn:00085623v
29,v,cooc,,answer,rispondere,antworten,0.272,2,bn:00092421v bn:00082646v
30,v,cooc,,desert,abbandonare,verlassen,0.267,1,bn:00082122v
31,v,cooc,,cruise,incrociare,kreuzen,0.263,0,
32,v,cooc,,mine,scavare,graben,0.263,0,
33,v,cooc,,stretch,allungare,dehnen,0.263,0,
34,v,cooc,,climb,salire,klettern,0.262,0,
35,v,cooc,,enclose,includere,umschließen,0.261,0,
36,v,cooc,,transform,trasformare,verwandeln,0.259,1,bn:00095090v
37,v,cooc,,characterise,caratterizzare,kennzeichnen,0.258,0,
38,v,cooc,,irrigate,irrigare,spülen,0.258,0,
39,v,cooc,,respond,rispondere,antworten,0.257,2,bn:00092421v bn:00082646v
40,v,cooc,,engage,innestare,engagieren,0.252,0,
41,v,cooc,,bridge,colmare,überbrücken,0.25,0,
42,v,cooc,,link,collegare,verbinden,0.25,1,bn:00085623v
43,v,cooc,,cover,coprire,bedecken,0.243,0,
44,v,cooc,,extend,estendere,erweitern,0.243,1,bn:00084121v
45,v,cooc,,characterize,caratterizzare,kennzeichnen,0.24,0,
46,v,cooc,,form,formare,bilden,0.239,1,bn:00088490v
47,v,cooc,,offer,offrire,bieten,0.236,0,
48,v,cooc,,rally,riunire,sammeln,0.232,0,
49,v,cooc,,reply,rispondere,antworten,0.226,2,bn:00092421v bn:00082646v
50,v,cooc,,finish,finire,enden,0.225,1,bn:00085475v
51,v,cooc,,terminate,terminare,enden,0.219,0,
52,v,cooc,,sell,vendere,verkaufen,0.21,1,bn:00093472v
53,v,cooc,,reach,raggiungere,erreichen,0.209,2,bn:00082901v bn:00082226v
54,v,cooc,,follow,seguire,folgen,0.204,1,bn:00088020v
55,v,cooc,,enter,entrare,betreten,0.2,0,
56,v,cooc,,hit,colpire,treffen,0.2,0,
57,v,cooc,,punch,colpire,stoßen,0.2,0,
58,v,cooc,,start,iniziare,beginnen,0.198,2,bn:00083340v bn:00083342v
59,v,cooc,,look,guardare,sehen,0.186,0,
60,v,cooc,,love,amare,lieben,0.182,1,bn:00090504v
61,v,cooc,,call,chiamare,nennen,0.18,1,bn:00084385v
62,v,cooc,,remain,rimanere,bleiben,0.168,3,bn:00091562v bn:00085719v bn:00092756v
63,v,cooc,,expect,aspettare,erwarten,0.166,1,bn:00082963v
64,v,cooc,,hold,tenere,halten,0.165,1,bn:00089385v
65,v,cooc,,cut,tagliare,schneiden,0.164,1,bn:00086178v
66,v,cooc,,meet,incontrare,treffen,0.159,2,bn:00088791v bn:00085339v
67,v,cooc,,see,vedere,sehen,0.152,2,bn:00092443v bn:00093430v
68,v,cooc,,invest,investire,anlegen,0.151,0,
69,v,cooc,,leave,lasciare,verlassen,0.148,1,bn:00087845v
70,v,cooc,,name,denominare,nennen,0.144,1,bn:00084385v
71,v,cooc,,receive,ricevere,erhalten,0.143,1,bn:00089246v
72,v,cooc,,place,mettere,setzen,0.141,0,
73,v,cooc,,ask,chiedere,fragen,0.139,1,bn:00082819v
74,v,cooc,,pass,passare,passieren,0.13,1,bn:00091307v
75,v,cooc,,unite,unire,vereinen,0.13,2,bn:00082317v bn:00090746v
76,v,cooc,,say,dire,meinen,0.128,0,
77,v,cooc,,get,arrivare,erhalten,0.127,0,
78,v,cooc,,set,mettere,setzen,0.127,0,
79,v,cooc,,put,mettere,setzen,0.123,0,
80,v,cooc,,draw,disegnare,ziehen,0.12,0,
81,v,cooc,,create,creare,schaffen,0.109,1,bn:00086009v
82,v,cooc,,quit,lasciare,verlassen,0.071,0,
83,v,cooc,,do,fare,machen,0.063,1,bn:00082286v
1,v,cooc,WEAK,add,unire,anbauen,,,
2,v,cooc,WEAK,advance,promuovere,vordringen,,,
3,v,cooc,WEAK,appoint,eleggere,bestimmen,,,
4,v,cooc,WEAK,appreciate,valorizzare,erkennen,,,
5,v,cooc,WEAK,ascend,salire,aufsteigen,,,
6,v,cooc,WEAK,attend,coronare,besuchen,,,
7,v,cooc,WEAK,bear,portare,führen,,,
8,v,cooc,WEAK,beat,battere,treiben,,,
9,v,cooc,WEAK,become,diventare,stehen,,,
10,v,cooc,WEAK,border,delimitare,grenzen,,,
11,v,cooc,WEAK,bound,confinare,begrenzen,,,
12,v,cooc,WEAK,broaden,allargare,erweitern,,,
13,v,cooc,WEAK,build,fare,bauen,,,
14,v,cooc,WEAK,buy,prendere,kaufen,,,
15,v,cooc,WEAK,carve,incidere,schneiden,,,
16,v,cooc,WEAK,comprise,comprendere,umfassen,,,
17,v,cooc,WEAK,contain,comprendere,enthalten,,,
18,v,cooc,WEAK,cultivate,coltivare,anbauen,,,
19,v,cooc,WEAK,die,morire,fallen,,,
20,v,cooc,WEAK,divide,dividere,trennen,,,
21,v,cooc,WEAK,dot,punteggiare,verstreuen,,,
22,v,cooc,WEAK,drive,portare,fahren,,,
23,v,cooc,WEAK,drop,scendere,fallen,,,
24,v,cooc,WEAK,earn,guadagnare,bringen,,,
25,v,cooc,WEAK,encompass,circondare,umfassen,,,
26,v,cooc,WEAK,experience,provare,erleben,,,
27,v,cooc,WEAK,fall,scendere,fallen,,,
28,v,cooc,WEAK,flow,confluire,fließen,,,
29,v,cooc,WEAK,grow,coltivare,wachsen,,,
30,v,cooc,WEAK,guard,proteggere,bewachen,,,
31,v,cooc,WEAK,hang,attaccare,hängen,,,
32,v,cooc,WEAK,have,disporre,machen,,,
33,v,cooc,WEAK,head,puntare,gehen,,,
34,v,cooc,WEAK,hunt,cercare,jagen,,,
35,v,cooc,WEAK,improve,valorizzare,heben,,,
36,v,cooc,WEAK,interrupt,sospendere,unterbrechen,,,
37,v,cooc,WEAK,intersect,incrociare,schneiden,,,
38,v,cooc,WEAK,intersperse,cospargere,verteilen,,,
39,v,cooc,WEAK,invade,invadere,heimsuchen,,,
40,v,cooc,WEAK,join,unire,verbinden,,,
41,v,cooc,WEAK,knock,battere,stoßen,,,
42,v,cooc,WEAK,lead,portare,führen,,,
43,v,cooc,WEAK,lie,rimanere,liegen,,,
44,v,cooc,WEAK,line,fiancheggiare,säumen,,,
45,v,cooc,WEAK,locate,situare,finden,,,
46,v,cooc,WEAK,mark,notare,markieren,,,
47,v,cooc,WEAK,merge,unire,verbinden,,,
48,v,cooc,WEAK,move,portare,gehen,,,
49,v,cooc,WEAK,occupy,occupare,einnehmen,,,
50,v,cooc,WEAK,order,disporre,befehlen,,,
51,v,cooc,WEAK,overlook,dominare,überblicken,,,
52,v,cooc,WEAK,pick,scegliere,sammeln,,,
53,v,cooc,WEAK,play,puntare,machen,,,
54,v,cooc,WEAK,plunge,immergere,stürzen,,,
55,v,cooc,WEAK,point,puntare,zeigen,,,
56,v,cooc,WEAK,populate,popolare,besiedeln,,,
57,v,cooc,WEAK,present,presentare,zeigen,,,
58,v,cooc,WEAK,press,stringere,fordern,,,
59,v,cooc,WEAK,produce,presentare,produzieren,,,
60,v,cooc,WEAK,prove,provare,gehen,,,
61,v,cooc,WEAK,pull,raccogliere,ziehen,,,
62,v,cooc,WEAK,punctuate,punteggiare,unterbrechen,,,
63,v,cooc,WEAK,realize,realizzare,erkennen,,,
64,v,cooc,WEAK,reside,abitare,wohnen,,,
65,v,cooc,WEAK,ride,percorrere,reiten,,,
66,v,cooc,WEAK,ring,circondare,schallen,,,
67,v,cooc,WEAK,rise,salire,steigen,,,
68,v,cooc,WEAK,roll,avvolgere,rollen,,,
69,v,cooc,WEAK,rule,governare,beherrschen,,,
70,v,cooc,WEAK,run,passare,laufen,,,
71,v,cooc,WEAK,score,incidere,zählen,,,
72,v,cooc,WEAK,serve,offrire,geben,,,
73,v,cooc,WEAK,settle,definire,ansiedeln,,,
74,v,cooc,WEAK,shelter,riparare,bergen,,,
75,v,cooc,WEAK,shut,chiudere,einschließen,,,
76,v,cooc,WEAK,sit,rappresentare,setzen,,,
77,v,cooc,WEAK,span,abbracciare,überspannen,,,
78,v,cooc,WEAK,spread,diffondere,verteilen,,,
79,v,cooc,WEAK,steer,orientare,steuern,,,
80,v,cooc,WEAK,step,venire,gehen,,,
81,v,cooc,WEAK,strew,cospargere,verstreuen,,,
82,v,cooc,WEAK,suffer,subire,erleben,,,
83,v,cooc,WEAK,suspend,sospendere,unterbrechen,,,
84,v,cooc,WEAK,take,prendere,treffen,,,
85,v,cooc,WEAK,tell,dire,erzählen,,,
86,v,cooc,WEAK,tie,attaccare,verbinden,,,
87,v,cooc,WEAK,top,superare,bedecken,,,
88,v,cooc,WEAK,travel,percorrere,wandern,,,
89,v,cooc,WEAK,turn,trasformare,abbiegen,,,
90,v,cooc,WEAK,walk,percorrere,gehen,,,
91,v,cooc,WEAK,widen,allargare,erweitern,,,
92,v,cooc,WEAK,win,battere,erobern,,,
93,v,cooc,WEAK,wind,avvolgere,winden,,,
94,v,cooc,WEAK,work,sfruttare,laufen,,,
