idx_group,pos,rel,weak,lex_en,lex_it,lex_de,score,bs_count,babel_synsets
0,n,head,,soil ground land,suolo terra terreno,Erde Blumenerde Boden,,1,bn:00041883n
1,n,sim,,floor,piano,Boden,0.402,0,
2,n,sim,,world,mondo,Welt,0.396,3,bn:00029424n bn:00022991n bn:00045153n
3,n,sim,,house,casa,Haus,0.382,4,bn:00044994n bn:00029305n bn:00045000n bn:00000356n
4,n,sim,,home,casa,Haus,0.381,2,bn:00044994n bn:00000356n
5,n,sim,,country,paese,Land,0.381,2,bn:00023236n bn:00023235n
6,n,sim,,city,città,Stadt,0.381,1,bn:00019319n
7,n,sim,,town,città,Stadt,0.38,1,bn:00077775n
8,n,sim,,street,strada,Straße,0.378,2,bn:00067975n bn:00074595n
9,n,sim,,road,strada,Straße,0.378,1,bn:00067975n
10,n,sim,,earth,terra,Erde,0.368,5,bn:00029425n bn:00029429n bn:00028934n bn:00029424n bn:00029427n
11,n,sim,,place,posto,Platz,0.365,1,bn:00062699n
12,n,sim,,spot,posto,Stelle,0.363,1,bn:00062699n
13,n,sim,,dirt,terra,Erde,0.363,1,bn:00027386n
14,n,sim,,island,isola,Insel,0.36,1,bn:00047612n
15,n,sim,,heart,cuore,Herz,0.358,3,bn:00043383n bn:00012289n bn:00001744n
16,n,sim,,water,acqua,Wasser,0.352,3,bn:00042379n bn:00080561n bn:00061253n
17,n,sim,,room,stanza,Raum,0.352,1,bn:00068233n
18,n,sim,,nature,natura,Natur,0.351,3,bn:00057016n bn:00057017n bn:00075760n
19,n,sim,,soil,suolo,Boden,0.35,1,bn:00041883n
20,n,sim,,side,lato,Seite,0.347,2,bn:00071433n bn:00032604n
21,n,sim,,tree,albero,Baum,0.347,1,bn:00078131n
22,n,sim,,foot,piede,Fuß,0.343,2,bn:00035680n bn:00035679n
23,n,sim,,center,centro,Mitte,0.343,2,bn:00017123n bn:00017130n
24,n,sim,,family,famiglia,Familie,0.34,2,bn:00032896n bn:00032893n
25,n,sim,,wall,parete,Wand,0.34,2,bn:00080386n bn:00060663n
26,n,sim,,community,comunità,Gemeinschaft,0.339,1,bn:00021248n
27,n,sim,,mountain,montagna,Berg,0.339,2,bn:00008985n bn:00056068n
28,n,sim,,section,parte,Teil,0.338,1,bn:05990477n
29,n,sim,,history,storia,Geschichte,0.337,4,bn:00044270n bn:00000738n bn:00044267n bn:00044268n
30,n,sim,,line,linea,Linie,0.334,4,bn:00051294n bn:00014165n bn:00014457n bn:00051289n
31,n,sim,,night,notte,Nacht,0.332,2,bn:00057666n bn:00025236n
32,n,sim,,sea,mare,Meer,0.33,1,bn:00069946n
33,n,sim,,thing,cosa,Sache,0.329,2,bn:00076925n bn:00001734n
34,n,sim,,force,forza,Kraft,0.328,2,bn:00035768n bn:00035767n
35,n,sim,,garden,giardino,Garten,0.328,1,bn:00037300n
36,n,sim,,image,immagine,Bild,0.327,2,bn:00045972n bn:00045970n
37,n,sim,,piece,pezzo,Stück,0.326,2,bn:00062299n bn:00062297n
38,n,sim,,head,testa,Kopf,0.326,1,bn:00015784n
39,n,sim,,body,corpo,Körper,0.326,1,bn:00011744n
40,n,sim,,light,luce,Licht,0.325,3,bn:00051109n bn:00051108n bn:00045956n
41,n,sim,,camp,campo,Lager,0.325,2,bn:00010805n bn:00015041n
42,n,sim,,picture,immagine,Bild,0.325,2,bn:00032381n bn:00045970n
43,n,sim,,church,chiesa,Kirche,0.325,2,bn:00018819n bn:00018995n
44,n,sim,,building,edificio,Gebäude,0.324,1,bn:00013722n
45,n,sim,,people,gente,Leute,0.323,1,bn:00061450n
46,n,sim,,society,società,Gesellschaft,0.323,2,bn:00072566n bn:00020039n
47,n,sim,,man,uomo,Mann,0.322,1,bn:00001533n
48,n,sim,,school,scuola,Schule,0.322,3,bn:00069620n bn:00069625n bn:00069619n
49,n,sim,,reason,ragione,Grund,0.321,4,bn:00041881n bn:00066443n bn:00016851n bn:00066444n
50,n,sim,,part,parte,Teil,0.32,1,bn:00021395n
51,n,sim,,art,arte,Kunst,0.319,3,bn:00005928n bn:00005926n bn:00005927n
52,n,sim,,group,gruppo,Gruppe,0.319,4,bn:00041942n bn:00041943n bn:00073698n bn:00018111n
53,n,sim,,wildlife,natura,Natur,0.318,0,
54,n,sim,,woman,donna,Frau,0.316,2,bn:00034016n bn:00001530n
55,n,sim,,time,tempo,Zeit,0.316,2,bn:00076545n bn:00077270n
56,n,sim,,territory,territorio,Gebiet,0.315,0,
57,n,sim,,movement,movimento,Bewegung,0.315,3,bn:00056030n bn:00056029n bn:00036632n
58,n,sim,,area,zona,Bereich,0.314,1,bn:00082076n
59,n,sim,,europe,europa,Europa,0.312,2,bn:00021127n bn:00031896n
60,n,sim,,language,lingua,Sprache,0.31,2,bn:00049910n bn:00077565n
61,n,sim,,condition,condizione,Zustand,0.31,1,bn:13935995n
62,n,sim,,example,esempio,Beispiel,0.31,3,bn:00016401n bn:00032100n bn:00032099n
63,n,sim,,planet,pianeta,Planet,0.31,1,bn:00052888n
64,n,sim,,site,luogo,Standort,0.309,1,bn:00051760n
65,n,sim,,plant,pianta,Pflanze,0.308,1,bn:00035324n
66,n,sim,,environment,ambiente,Umwelt,0.307,1,bn:00031075n
67,n,sim,,basis,base,Basis,0.307,9,bn:00008781n bn:00008790n bn:00008786n bn:00008916n bn:00008870n bn:00008789n bn:00008791n bn:00035744n bn:00008782n
68,n,sim,,material,materiale,Material,0.307,3,bn:00053803n bn:00053802n bn:00053801n
69,n,sim,,fire,fuoco,Feuer,0.306,3,bn:00034627n bn:00034623n bn:00034625n
70,n,sim,,future,futuro,Zukunft,0.305,2,bn:00036942n bn:00036941n
71,n,sim,,level,livello,Ebene,0.305,0,
72,n,sim,,idea,idea,Idee,0.305,1,bn:00045800n
73,n,sim,,shape,forma,Form,0.304,5,bn:00021751n bn:00003882n bn:00035908n bn:00016529n bn:00035909n
74,n,sim,,mass,massa,Masse,0.303,3,bn:00008985n bn:00053662n bn:00053665n
75,n,sim,,moment,momento,Moment,0.303,5,bn:00010728n bn:00055596n bn:00077679n bn:00046942n bn:00055597n
76,n,sim,,hand,mano,Hand,0.302,3,bn:00042759n bn:00025555n bn:00042761n
77,n,sim,,color,colore,Farbe,0.302,1,bn:00020726n
78,n,sim,,path,sentiero,Weg,0.301,1,bn:15485216n
79,n,sim,,animal,animale,Tier,0.3,1,bn:00004222n
80,n,sim,,energy,energia,Energie,0.3,1,bn:00030820n
81,n,sim,,case,caso,Fall,0.3,3,bn:00016411n bn:00016403n bn:00016402n
82,n,sim,,structure,struttura,Struktur,0.3,1,bn:00022071n
83,n,sim,,zone,zona,Bereich,0.298,1,bn:00082076n
84,n,sim,,scene,scena,Szene,0.298,1,bn:00069552n
85,n,sim,,space,spazio,Raum,0.297,2,bn:00053830n bn:00046665n
86,n,sim,,form,forma,Form,0.297,11,bn:00021751n bn:00026512n bn:00035912n bn:00035911n bn:00035913n bn:00035907n bn:00035908n bn:00003882n bn:00035909n bn:00035915n bn:00016529n
87,n,sim,,route,percorso,Strecke,0.296,0,
88,n,sim,,village,villaggio,Dorf,0.295,1,bn:00042729n
89,n,sim,,river,fiume,Fluss,0.295,1,bn:00067948n
90,n,sim,,description,genere,Art,0.294,0,
91,n,sim,,field,campo,Feld,0.294,4,bn:00034273n bn:00006752n bn:00034265n bn:00034267n
92,n,sim,,surface,superficie,Oberfläche,0.293,1,bn:21705848n
93,n,sim,,portion,parte,Teil,0.293,1,bn:00021395n
94,n,sim,,element,elemento,Element,0.292,6,bn:00030299n bn:00018105n bn:00030301n bn:00030300n bn:00021394n bn:00021396n
95,n,sim,,direction,direzione,Richtung,0.291,1,bn:00027353n
96,n,sim,,market,mercato,Markt,0.291,3,bn:00053458n bn:00053459n bn:00053461n
97,n,sim,,terrain,terreno,Gelände,0.291,0,
98,n,sim,,air,aria,Luft,0.291,2,bn:00002190n bn:00002185n
99,n,sim,,party,festa,Gruppe,0.29,0,
100,n,sim,,stone,pietra,Stein,0.289,2,bn:00068045n bn:00068046n
101,n,sim,,situation,situazione,Situation,0.287,3,bn:00071869n bn:00071858n bn:00063707n
102,n,sim,,book,libro,Buch,0.287,2,bn:00012059n bn:00012066n
103,n,sim,,position,posizione,Position,0.285,10,bn:00054979n bn:00010073n bn:00063704n bn:00063703n bn:00061746n bn:00007048n bn:00063707n bn:00062704n bn:00063708n bn:00063706n
104,n,sim,,region,regione,Region,0.285,2,bn:00066884n bn:00005515n
105,n,sim,,good,bene,Gut,0.284,1,bn:00021045n
106,n,sim,,way,modo,Weg,0.284,1,bn:00033729n
107,n,sim,,life,vita,Leben,0.283,4,bn:00051054n bn:00051047n bn:00051045n bn:00002761n
108,n,sim,,spring,fonte,Quelle,0.282,1,bn:00036077n
109,n,sim,,lake,lago,See,0.281,1,bn:00049709n
110,n,sim,,objective,obiettivo,Ziel,0.279,1,bn:00002179n
111,n,sim,,power,potere,Macht,0.279,1,bn:00063940n
112,n,sim,,wood,legno,Holz,0.279,1,bn:00081492n
113,n,sim,,nation,nazione,Nation,0.278,3,bn:00076734n bn:00023236n bn:00023235n
114,n,sim,,point,punto,Punkt,0.277,4,bn:00063214n bn:00036777n bn:00063223n bn:00063218n
115,n,sim,,centre,centro,Mitte,0.277,2,bn:00017123n bn:00017130n
116,n,sim,,forest,foresta,Wald,0.275,1,bn:00035868n
117,n,sim,,event,evento,Ereignis,0.274,2,bn:00032022n bn:00032021n
118,n,sim,,car,auto,Auto,0.273,1,bn:00007309n
119,n,sim,,day,giorno,Tag,0.272,5,bn:00025424n bn:00025422n bn:00025419n bn:00000086n bn:00025417n
120,n,sim,,security,sicurezza,Sicherheit,0.272,2,bn:00068799n bn:00070219n
121,n,sim,,person,persona,Person,0.272,4,bn:00046516n bn:00061715n bn:00044576n bn:00061714n
122,n,sim,,culture,cultura,Kultur,0.271,1,bn:00024369n
123,n,sim,,state,stato,Zustand,0.27,4,bn:03347921n bn:02220665n bn:17345320n bn:02108701n
124,n,sim,,unit,unità,Einheit,0.27,1,bn:00079106n
125,n,sim,,sand,sabbia,Sand,0.269,1,bn:00069126n
126,n,sim,,work,lavoro,Arbeit,0.269,5,bn:00030625n bn:00081569n bn:00081570n bn:00030616n bn:00014138n
127,n,sim,,development,sviluppo,Entwicklung,0.269,1,bn:07804057n
128,n,sim,,value,valore,Wert,0.268,5,bn:00079511n bn:00058151n bn:00079508n bn:00029680n bn:00079509n
129,n,sim,,quality,qualità,Qualität,0.268,2,bn:00065538n bn:00014731n
130,n,sim,,paint,colore,Farbe,0.268,1,bn:00060187n
131,n,sim,,machine,macchina,Maschine,0.267,1,bn:00026716n
132,n,sim,,vehicle,veicolo,Fahrzeug,0.267,1,bn:00079675n
133,n,sim,,child,bambino,Kind,0.266,1,bn:00018345n
134,n,sim,,production,produzione,Produktion,0.266,4,bn:00059790n bn:00064592n bn:00064590n bn:00064594n
135,n,sim,,object,oggetto,Objekt,0.266,4,bn:00002179n bn:00058445n bn:00058443n bn:00058442n
136,n,sim,,individual,individuo,Person,0.265,1,bn:00046516n
137,n,sim,,system,sistema,System,0.265,7,bn:00075763n bn:00075759n bn:00075762n bn:00075761n bn:00069580n bn:00075760n bn:00005863n
138,n,sim,,population,popolazione,Bevölkerung,0.265,1,bn:00063596n
139,n,sim,,edge,bordo,Rand,0.262,1,bn:00012214n
140,n,sim,,lot,quantità,Menge,0.262,0,
141,n,sim,,trail,sentiero,Weg,0.261,1,bn:00077905n
142,n,sim,,source,fonte,Quelle,0.26,2,bn:00046702n bn:00009635n
143,n,sim,,policy,politica,Politik,0.26,1,bn:00063329n
144,n,sim,,view,vista,Blick,0.26,0,
145,n,sim,,size,dimensione,Größe,0.26,1,bn:15234561n
146,n,sim,,resident,abitante,Bewohner,0.259,2,bn:03269301n bn:14483122n
147,n,sim,,job,lavoro,Arbeit,0.259,4,bn:00014138n bn:00018756n bn:00030625n bn:00030616n
148,n,sim,,safety,sicurezza,Sicherheit,0.257,2,bn:00068799n bn:00070219n
149,n,sim,,product,prodotto,Produkt,0.257,4,bn:00054416n bn:00064585n bn:00053827n bn:00064584n
150,n,sim,,limit,limite,Grenze,0.256,1,bn:00051249n
151,n,sim,,colour,colore,Farbe,0.255,1,bn:00020726n
152,n,sim,,base,base,Basis,0.255,9,bn:00008781n bn:00008790n bn:00008786n bn:00008916n bn:00008870n bn:00008789n bn:00008791n bn:00035744n bn:00008782n
153,n,sim,,track,pista,Spur,0.255,0,
154,n,sim,,paper,carta,Papier,0.255,1,bn:00060464n
155,n,sim,,program,programma,Programm,0.254,4,bn:00021497n bn:00062899n bn:00021492n bn:00013235n
156,n,sim,,landscape,paesaggio,Landschaft,0.254,1,bn:01321349n
157,n,sim,,play,gioco,Spiel,0.253,2,bn:00007800n bn:00037180n
158,n,sim,,game,gioco,Spiel,0.251,2,bn:00037180n bn:00037182n
159,n,sim,,estate,proprietà,Eigentum,0.251,0,
160,n,sim,,species,specie,Art,0.249,1,bn:00073210n
161,n,sim,,economy,economia,Wirtschaft,0.249,1,bn:00029678n
162,n,sim,,well,fonte,Quelle,0.249,1,bn:00036082n
163,n,sim,,skill,arte,Kunst,0.248,1,bn:00000725n
164,n,sim,,vessel,nave,Schiff,0.246,2,bn:00079862n bn:00071103n
165,n,sim,,grid,rete,Netz,0.246,0,
166,n,sim,,hour,ora,Stunde,0.245,1,bn:00000127n
167,n,sim,,institution,istituzione,Einrichtung,0.245,1,bn:27269439n
168,n,sim,,location,posizione,Lage,0.245,1,bn:00051760n
169,n,sim,,ship,nave,Schiff,0.244,1,bn:00071103n
170,n,sim,,plan,piano,Plan,0.244,3,bn:00026536n bn:00069579n bn:00062759n
171,n,sim,,resource,risorsa,Ressource,0.24,1,bn:00067352n
172,n,sim,,skin,pelle,Haut,0.237,1,bn:00024643n
173,n,sim,,ice,ghiaccio,Eis,0.235,1,bn:00045705n
174,n,sim,,property,proprietà,Eigenschaft,0.234,1,bn:00064752n
175,n,sim,,aspect,aspetto,Aspekt,0.232,1,bn:00006385n
176,n,sim,,rule,regola,Regel,0.232,2,bn:00064192n bn:00066933n
177,n,sim,,target,obiettivo,Ziel,0.232,1,bn:00002179n
178,n,sim,,article,articolo,Gegenstand,0.231,0,
179,n,sim,,amount,importo,Menge,0.23,0,
180,n,sim,,model,modello,Modell,0.23,7,bn:00055448n bn:00032100n bn:00055447n bn:00022071n bn:00032101n bn:00033735n bn:00036197n
181,n,sim,,establishment,stabilimento,Einrichtung,0.229,0,
182,n,sim,,pattern,modello,Modell,0.228,0,
183,n,sim,,roof,tetto,Dach,0.228,1,bn:00068220n
184,n,sim,,capital,capitale,Hauptstadt,0.228,1,bn:00015498n
185,n,sim,,boat,nave,Schiff,0.226,1,bn:00011674n
186,n,sim,,ocean,oceano,Meer,0.225,0,
187,n,sim,,action,azione,Aktion,0.221,0,
188,n,sim,,network,rete,Netzwerk,0.218,4,bn:00021488n bn:00057379n bn:00054497n bn:00024712n
189,n,sim,,store,negozio,Geschäft,0.218,3,bn:00067417n bn:00071215n bn:00012452n
190,n,sim,,stock,stock,Lager,0.218,1,bn:00047332n
191,n,sim,,infrastructure,infrastruttura,Infrastruktur,0.216,2,bn:00046727n bn:00008794n
192,n,sim,,company,azienda,Firma,0.216,4,bn:00073910n bn:00021286n bn:00014160n bn:00022811n
193,n,sim,,fund,fondo,Fonds,0.216,0,
194,n,sim,,project,progetto,Projekt,0.215,1,bn:00064665n
195,n,sim,,subject,soggetto,Thema,0.213,2,bn:00045803n bn:00074900n
196,n,sim,,practice,pratica,Praxis,0.213,2,bn:00063990n bn:00063989n
197,n,sim,,food,cibo,Lebensmittel,0.213,1,bn:00035650n
198,n,sim,,morning,mattina,Morgen,0.213,1,bn:00035851n
199,n,sim,,scope,ambito,Umfang,0.212,0,
200,n,sim,,phase,fase,Phase,0.212,4,bn:00035914n bn:00061898n bn:00061900n bn:00076588n
201,n,sim,,waste,rifiuto,Abfall,0.211,3,bn:00035670n bn:00068465n bn:00080543n
202,n,sim,,lawn,prato,Rasen,0.211,1,bn:00050284n
203,n,sim,,agriculture,agricoltura,Landwirtschaft,0.21,1,bn:00002096n
204,n,sim,,shop,negozio,Geschäft,0.21,1,bn:00071215n
205,n,sim,,quantity,quantità,Menge,0.209,2,bn:00003603n bn:00065553n
206,n,sim,,course,corso,Kurs,0.207,2,bn:00019479n bn:00019477n
207,n,sim,,instrument,strumento,Instrument,0.207,6,bn:00046962n bn:00023662n bn:00046961n bn:00077585n bn:00046964n bn:00046965n
208,n,sim,,sector,settore,Sektor,0.207,1,bn:11333488n
209,n,sim,,investment,investimento,Investition,0.205,1,bn:00047358n
210,n,sim,,programme,programma,Programm,0.203,2,bn:00021492n bn:00013235n
211,n,sim,,substance,sostanza,Substanz,0.202,3,bn:00017124n bn:00074985n bn:00018096n
212,n,sim,,operation,funzionamento,Betrieb,0.201,0,
213,n,sim,,characteristic,caratteristica,Merkmal,0.199,2,bn:00065538n bn:00017762n
214,n,sim,,activity,attività,Aktivität,0.198,2,bn:00001174n bn:00001128n
215,n,sim,,management,gestione,Verwaltung,0.198,2,bn:00053116n bn:00027355n
216,n,sim,,service,servizio,Dienst,0.197,1,bn:00070651n
217,n,sim,,organisation,organizzazione,Organisation,0.196,5,bn:00059480n bn:00059482n bn:00001423n bn:00059483n bn:00005863n
218,n,sim,,use,uso,Nutzung,0.195,1,bn:00030627n
219,n,sim,,method,metodo,Methode,0.194,1,bn:00054625n
220,n,sim,,cost,costo,Kosten,0.192,1,bn:00022995n
221,n,sim,,employment,occupazione,Beschäftigung,0.191,3,bn:00014138n bn:00030625n bn:00030616n
222,n,sim,,organization,organizzazione,Organisation,0.19,5,bn:00059480n bn:00059482n bn:00001423n bn:00059483n bn:00005863n
223,n,sim,,health,salute,Gesundheit,0.189,1,bn:00043358n
224,n,sim,,bank,banca,Bank,0.189,4,bn:00008364n bn:00008370n bn:00008367n bn:00008371n
225,n,sim,,strategy,strategia,Strategie,0.188,2,bn:00069579n bn:00074558n
226,n,sim,,transport,trasporto,Verkehr,0.187,1,bn:01731490n
227,n,sim,,function,funzione,Funktion,0.187,3,bn:00036822n bn:00036825n bn:00036821n
228,n,sim,,expenditure,spesa,Kosten,0.186,0,
229,n,sim,,residue,residuo,Rest,0.185,1,bn:00008047n
230,n,sim,,flow,flusso,Fluss,0.185,1,bn:00035370n
231,n,sim,,category,categoria,Kategorie,0.184,1,bn:00016733n
232,n,sim,,component,componente,Komponente,0.183,1,bn:00021396n
233,n,sim,,farming,agricoltura,Landwirtschaft,0.18,1,bn:00002096n
234,n,sim,,snow,neve,Schnee,0.179,3,bn:00011445n bn:00072455n bn:00072456n
235,n,sim,,ecosystem,ecosistema,Ökosystem,0.178,1,bn:00029687n
236,n,sim,,device,dispositivo,Gerät,0.177,1,bn:00026716n
237,n,sim,,trade,commercio,Handel,0.177,2,bn:00077860n bn:00008735n
238,n,sim,,industry,industria,Industrie,0.174,1,bn:00046576n
239,n,sim,,assessment,valutazione,Bewertung,0.174,0,
240,n,sim,,wine,vino,Wein,0.171,1,bn:00080022n
241,n,sim,,traffic,traffico,Verkehr,0.168,1,bn:00077888n
242,n,sim,,solution,soluzione,Lösung,0.166,1,bn:00072760n
243,n,sim,,feature,caratteristica,Eigenschaft,0.166,0,
244,n,sim,,output,produzione,Ausgabe,0.165,0,
245,n,sim,,standard,norma,Norm,0.165,0,
246,n,sim,,risk,rischio,Risiko,0.162,1,bn:00030747n
247,n,sim,,mark,marchio,Marke,0.162,0,
248,n,sim,,contract,contratto,Auftrag,0.161,0,
249,n,sim,,initiative,iniziativa,Initiative,0.16,2,bn:00031009n bn:00034797n
250,n,sim,,order,ordine,Auftrag,0.158,1,bn:00059311n
251,n,sim,,aircraft,aeromobile,Flugzeug,0.158,1,bn:00002275n
252,n,sim,,control,controllo,Kontrolle,0.157,1,bn:17607444n
253,n,sim,,equipment,apparecchiatura,Ausrüstung,0.157,1,bn:00031322n
254,n,sim,,number,numero,Anzahl,0.157,1,bn:00034394n
255,n,sim,,airport,aeroporto,Flughafen,0.156,1,bn:00001676n
256,n,sim,,treatment,trattamento,Behandlung,0.156,3,bn:00047235n bn:00076843n bn:00042823n
257,n,sim,,research,ricerca,Forschung,0.155,1,bn:00067280n
258,n,sim,,process,processo,Prozess,0.154,2,bn:00064536n bn:00062167n
259,n,sim,,consumer,consumatore,Verbraucher,0.154,1,bn:00022095n
260,n,sim,,interest,interesse,Interesse,0.153,6,bn:00047083n bn:00047079n bn:00021556n bn:00047077n bn:00047081n bn:00047080n
261,n,sim,,worker,lavoratore,Arbeitnehmer,0.152,0,
262,n,sim,,judgment,valutazione,Bewertung,0.149,0,
263,n,sim,,customer,cliente,Kunde,0.147,1,bn:00019763n
264,n,sim,,habitat,habitat,Lebensraum,0.146,1,bn:00042409n
265,n,sim,,supply,fornitura,Angebot,0.146,1,bn:00064922n
266,n,sim,,sample,campione,Probe,0.145,1,bn:00069078n
267,n,sim,,producer,produttore,Hersteller,0.145,1,bn:03927465n
268,n,sim,,result,risultato,Ergebnis,0.145,3,bn:00034520n bn:00021961n bn:00004452n
269,n,sim,,financing,finanziamento,Finanzierung,0.14,2,bn:00034545n bn:00034524n
270,n,sim,,performance,prestazione,Leistung,0.139,1,bn:00016286n
271,n,sim,,funding,finanziamento,Finanzierung,0.139,1,bn:00034545n
272,n,sim,,protection,protezione,Schutz,0.138,2,bn:00071020n bn:00064838n
273,n,sim,,capacity,capacità,Kapazität,0.137,1,bn:00005193n
274,n,sim,,packaging,imballaggio,Verpackung,0.136,1,bn:00060114n
275,n,sim,,competition,concorrenza,Wettbewerb,0.135,2,bn:00021337n bn:00021339n
276,n,sim,,concentration,concentrazione,Konzentration,0.135,3,bn:00000475n bn:00021541n bn:00021538n
277,n,sim,,contribution,contributo,Anteil,0.135,0,
278,n,sim,,administration,amministrazione,Verwaltung,0.134,5,bn:00053116n bn:00001422n bn:00001424n bn:00001423n bn:00027355n
279,n,sim,,technology,tecnologia,Technologie,0.13,1,bn:00005105n
280,n,sim,,hazard,rischio,Risiko,0.129,1,bn:00030747n
281,n,sim,,price,prezzo,Preis,0.127,2,bn:00025083n bn:00022996n
282,n,sim,,meat,carne,Fleisch,0.125,1,bn:00054026n
283,n,sim,,change,cambiamento,Veränderung,0.124,1,bn:00003125n
284,n,sim,,monitoring,monitoraggio,Überwachung,0.12,1,bn:00055682n
285,n,sim,,variety,varietà,Vielfalt,0.117,1,bn:00027862n
286,n,sim,,emission,emissione,Emission,0.116,3,bn:00027473n bn:00030455n bn:00030565n
287,n,sim,,conservation,conservazione,Erhaltung,0.113,0,
1,n,sim,WEAK,act,azione,Tat,,,
2,n,sim,WEAK,agency,ufficio,Kraft,,,
3,n,sim,WEAK,aid,aiuto,Mittel,,,
4,n,sim,WEAK,analysis,studio,Analyse,,,
5,n,sim,WEAK,application,applicazione,Auftrag,,,
6,n,sim,WEAK,arrangement,organizzazione,Einrichtung,,,
7,n,sim,WEAK,asset,attività,Vermögenswert,,,
8,n,sim,WEAK,authority,autorità,Stelle,,,
9,n,sim,WEAK,back,fondo,Rücken,,,
10,n,sim,WEAK,balance,bilancio,Stand,,,
11,n,sim,WEAK,bar,misura,Stück,,,
12,n,sim,WEAK,bed,fondo,Bett,,,
13,n,sim,WEAK,board,bordo,Platte,,,
14,n,sim,WEAK,branch,campo,Arm,,,
15,n,sim,WEAK,business,azienda,Geschäft,,,
16,n,sim,WEAK,campaign,campagna,Aktion,,,
17,n,sim,WEAK,cell,nucleo,Element,,,
18,n,sim,WEAK,channel,canale,Programm,,,
19,n,sim,WEAK,charge,carico,Preis,,,
20,n,sim,WEAK,class,classe,Kategorie,,,
21,n,sim,WEAK,concern,interesse,Bedeutung,,,
22,n,sim,WEAK,consequence,risultato,Folge,,,
23,n,sim,WEAK,consideration,valutazione,Beschäftigung,,,
24,n,sim,WEAK,construction,costruzione,Anlage,,,
25,n,sim,WEAK,content,quantità,Inhalt,,,
26,n,sim,WEAK,cover,copertura,Decke,,,
27,n,sim,WEAK,credit,credito,Glaube,,,
28,n,sim,WEAK,cycle,periodo,Rad,,,
29,n,sim,WEAK,department,ufficio,Bereich,,,
30,n,sim,WEAK,depth,fondo,Höhe,,,
31,n,sim,WEAK,design,progettazione,Plan,,,
32,n,sim,WEAK,distribution,distribuzione,Ausgabe,,,
33,n,sim,WEAK,district,zona,Kreis,,,
34,n,sim,WEAK,door,porta,Tor,,,
35,n,sim,WEAK,duty,dazio,Dienst,,,
36,n,sim,WEAK,effect,risultato,Wirkung,,,
37,n,sim,WEAK,effort,costo,Leistung,,,
38,n,sim,WEAK,end,termine,Ende,,,
39,n,sim,WEAK,enterprise,impresa,Betrieb,,,
40,n,sim,WEAK,entity,ente,Wesen,,,
41,n,sim,WEAK,examination,controllo,Untersuchung,,,
42,n,sim,WEAK,existence,esistenza,Leben,,,
43,n,sim,WEAK,experience,esperienza,Praxis,,,
44,n,sim,WEAK,fabric,tessuto,Stoff,,,
45,n,sim,WEAK,face,aspetto,Gesicht,,,
46,n,sim,WEAK,facility,infrastruttura,Einrichtung,,,
47,n,sim,WEAK,fact,fatto,Wahrheit,,,
48,n,sim,WEAK,factor,momento,Faktor,,,
49,n,sim,WEAK,farm,allevamento,Hof,,,
50,n,sim,WEAK,feedingstuff,mangime,Futtermittel,,,
51,n,sim,WEAK,figure,personaggio,Figur,,,
52,n,sim,WEAK,finance,finanza,Geld,,,
53,n,sim,WEAK,firm,impresa,Firma,,,
54,n,sim,WEAK,formation,formazione,Entwicklung,,,
55,n,sim,WEAK,foundation,istituzione,Basis,,,
56,n,sim,WEAK,frame,struttura,Rahmen,,,
57,n,sim,WEAK,framework,contesto,Rahmen,,,
58,n,sim,WEAK,fruit,frutto,Ergebnis,,,
59,n,sim,WEAK,generation,età,Generation,,,
60,n,sim,WEAK,governance,governo,Verwaltung,,,
61,n,sim,WEAK,government,governo,Verwaltung,,,
62,n,sim,WEAK,grass,erba,Rasen,,,
63,n,sim,WEAK,ground,terra,Boden,,,
64,n,sim,WEAK,growth,crescita,Entwicklung,,,
65,n,sim,WEAK,hall,palazzo,Halle,,,
66,n,sim,WEAK,holding,patrimonio,Verwaltung,,,
67,n,sim,WEAK,human,essere,Mensch,,,
68,n,sim,WEAK,ingredient,elemento,Bestandteil,,,
69,n,sim,WEAK,input,ingresso,Investition,,,
70,n,sim,WEAK,installation,installazione,Anlage,,,
71,n,sim,WEAK,investigation,ricerca,Untersuchung,,,
72,n,sim,WEAK,issue,questione,Ausgabe,,,
73,n,sim,WEAK,item,voce,Punkt,,,
74,n,sim,WEAK,kind,tipo,Art,,,
75,n,sim,WEAK,land,terra,Land,,,
76,n,sim,WEAK,law,diritto,Regel,,,
77,n,sim,WEAK,licence,licenza,Freiheit,,,
78,n,sim,WEAK,load,carico,Menge,,,
79,n,sim,WEAK,map,carta,Karte,,,
80,n,sim,WEAK,matter,materia,Sache,,,
81,n,sim,WEAK,measure,misura,Menge,,,
82,n,sim,WEAK,measurement,misura,Größe,,,
83,n,sim,WEAK,medium,mezzo,Medium,,,
84,n,sim,WEAK,name,nome,Name,,,
85,n,sim,WEAK,obligation,debito,Leistung,,,
86,n,sim,WEAK,office,ufficio,Stelle,,,
87,n,sim,WEAK,origin,origine,Quelle,,,
88,n,sim,WEAK,park,parco,Parkplatz,,,
89,n,sim,WEAK,payment,pagamento,Leistung,,,
90,n,sim,WEAK,plane,piano,Ebene,,,
91,n,sim,WEAK,plot,piano,Grundstück,,,
92,n,sim,WEAK,pool,riserva,See,,,
93,n,sim,WEAK,principle,norma,Regel,,,
94,n,sim,WEAK,problem,crisi,Problem,,,
95,n,sim,WEAK,processing,trattamento,Verarbeitung,,,
96,n,sim,WEAK,purpose,risultato,Ziel,,,
97,n,sim,WEAK,question,domanda,Sache,,,
98,n,sim,WEAK,quota,quota,Anteil,,,
99,n,sim,WEAK,range,campo,Reihe,,,
100,n,sim,WEAK,rate,velocità,Preis,,,
101,n,sim,WEAK,record,documento,Platte,,,
102,n,sim,WEAK,regulation,regolamento,Regel,,,
103,n,sim,WEAK,report,servizio,Liste,,,
104,n,sim,WEAK,requirement,esigenza,Bedingung,,,
105,n,sim,WEAK,revenue,reddito,Nutzung,,,
106,n,sim,WEAK,rock,roccia,Stein,,,
107,n,sim,WEAK,sale,vendita,Geschäft,,,
108,n,sim,WEAK,scale,scala,Rahmen,,,
109,n,sim,WEAK,scheme,sistema,Programm,,,
110,n,sim,WEAK,screen,difesa,Bildschirm,,,
111,n,sim,WEAK,seat,sede,Platz,,,
112,n,sim,WEAK,set,gruppo,Reihe,,,
113,n,sim,WEAK,setting,ambiente,Rahmen,,,
114,n,sim,WEAK,share,quota,Anteil,,,
115,n,sim,WEAK,sheet,muro,Blatt,,,
116,n,sim,WEAK,shore,costa,Land,,,
117,n,sim,WEAK,stage,fase,Stufe,,,
118,n,sim,WEAK,station,posto,Station,,,
119,n,sim,WEAK,status,stato,Stand,,,
120,n,sim,WEAK,step,misura,Schritt,,,
121,n,sim,WEAK,study,studio,Untersuchung,,,
122,n,sim,WEAK,support,sostegno,Erhaltung,,,
123,n,sim,WEAK,table,quadro,Tisch,,,
124,n,sim,WEAK,task,lavoro,Aufgabe,,,
125,n,sim,WEAK,team,squadra,Gruppe,,,
126,n,sim,WEAK,term,termine,Wort,,,
127,n,sim,WEAK,tissue,tessuto,Netz,,,
128,n,sim,WEAK,top,testa,Spitze,,,
129,n,sim,WEAK,transaction,operazione,Geschäft,,,
130,n,sim,WEAK,type,tipo,Art,,,
131,n,sim,WEAK,undertaking,impresa,Betrieb,,,
132,n,sim,WEAK,user,utente,Verbraucher,,,
133,n,sim,WEAK,volume,volume,Band,,,
134,n,sim,WEAK,wind,vento,Luft,,,
135,n,sim,WEAK,window,luce,Fenster,,,
1,n,cooc,,floor,piano,Boden,0.618,0,
2,n,cooc,,resource,risorsa,Ressource,0.599,1,bn:00067352n
3,n,cooc,,air,aria,Luft,0.593,2,bn:00002190n bn:00002185n
4,n,cooc,,fertility,fertilità,Fruchtbarkeit,0.579,1,bn:00033897n
5,n,cooc,,sea,mare,Meer,0.552,1,bn:00069946n
6,n,cooc,,building,edificio,Gebäude,0.543,1,bn:00013722n
7,n,cooc,,forest,foresta,Wald,0.541,1,bn:00035868n
8,n,cooc,,pollution,inquinamento,Verschmutzung,0.535,1,bn:00063385n
9,n,cooc,,plant,pianta,Pflanze,0.532,1,bn:00035324n
10,n,cooc,,stone,pietra,Stein,0.531,2,bn:00068045n bn:00068046n
11,n,cooc,,fire,fuoco,Feuer,0.529,3,bn:00034627n bn:00034623n bn:00034625n
12,n,cooc,,property,proprietà,Eigenschaft,0.522,1,bn:00064752n
13,n,cooc,,water,acqua,Wasser,0.519,3,bn:00042379n bn:00080561n bn:00061253n
14,n,cooc,,sun,sole,Sonne,0.509,2,bn:00075170n bn:00075173n
15,n,cooc,,blood,sangue,Blut,0.508,1,bn:00011346n
16,n,cooc,,diversity,diversità,Vielfalt,0.507,1,bn:00027862n
17,n,cooc,,variety,varietà,Vielfalt,0.507,1,bn:00027862n
18,n,cooc,,sky,cielo,Himmel,0.496,1,bn:00072016n
19,n,cooc,,district,zona,Gebiet,0.493,0,
20,n,cooc,,rock,roccia,Felsen,0.49,1,bn:13886970n
21,n,cooc,,flight,volo,Flug,0.488,1,bn:00035207n
22,n,cooc,,layer,strato,Schicht,0.483,3,bn:00009477n bn:00050305n bn:00050302n
23,n,cooc,,vegetation,vegetazione,Vegetation,0.477,3,bn:00012321n bn:00079674n bn:00035324n
24,n,cooc,,climate,clima,Klima,0.477,1,bn:00019780n
25,n,cooc,,mass,messa,Masse,0.473,0,
26,n,cooc,,surface,superficie,Oberfläche,0.471,1,bn:21705848n
27,n,cooc,,contamination,contaminazione,Kontamination,0.468,0,
28,n,cooc,,territory,territorio,Gebiet,0.468,0,
29,n,cooc,,biodiversity,biodiversità,Biodiversität,0.468,1,bn:00010523n
30,n,cooc,,sand,sabbia,Sand,0.467,1,bn:00069126n
31,n,cooc,,protection,protezione,Schutz,0.467,2,bn:00071020n bn:00064838n
32,n,cooc,,motion,movimento,Bewegung,0.466,2,bn:00056030n bn:00056029n
33,n,cooc,,people,gente,Volk,0.466,1,bn:00061450n
34,n,cooc,,gravel,ghiaia,Kies,0.464,1,bn:00024145n
35,n,cooc,,mud,fango,Schlamm,0.464,1,bn:00019625n
36,n,cooc,,country,paese,Land,0.461,2,bn:00023236n bn:00023235n
37,n,cooc,,watersa,acqua,Wasser,0.459,0,
38,n,cooc,,grass,erba,Gras,0.455,2,bn:00041433n bn:00015287n
39,n,cooc,,ocean,oceano,Ozean,0.454,1,bn:00058574n
40,n,cooc,,move,movimento,Bewegung,0.453,1,bn:00056029n
41,n,cooc,,flora,flora,Flora,0.452,2,bn:00012321n bn:00035324n
42,n,cooc,,ecosystem,ecosistema,Ökosystem,0.452,1,bn:00029687n
43,n,cooc,,erosion,erosione,Erosion,0.45,1,bn:00029547n
44,n,cooc,,woodland,bosco,Wald,0.448,1,bn:00035869n
45,n,cooc,,density,densità,Dichte,0.446,1,bn:00026259n
46,n,cooc,,moisture,umidità,Feuchtigkeit,0.446,1,bn:00055529n
47,n,cooc,,sludge,fango,Schlamm,0.44,1,bn:00072240n
48,n,cooc,,foot,piede,Fuß,0.439,2,bn:00035680n bn:00035679n
49,n,cooc,,atmosphere,atmosfera,Atmosphäre,0.435,3,bn:00006807n bn:00003263n bn:00006803n
50,n,cooc,,mountain,montagna,Berg,0.433,2,bn:00008985n bn:00056068n
51,n,cooc,,debris,detrito,Schutt,0.431,1,bn:00025634n
52,n,cooc,,animal,animale,Tier,0.431,1,bn:00004222n
53,n,cooc,,state,condizione,Zustand,0.429,1,bn:13935995n
54,n,cooc,,condition,condizione,Zustand,0.425,1,bn:13935995n
55,n,cooc,,mean,mezzo,Mitte,0.424,0,
56,n,cooc,,basement,seminterrato,Keller,0.423,2,bn:00008825n bn:00008824n
57,n,cooc,,root,radice,Wurzel,0.421,4,bn:00068247n bn:00068246n bn:00008793n bn:00009635n
58,n,cooc,,cultivation,coltivazione,Kultivierung,0.421,2,bn:00024358n bn:00024361n
59,n,cooc,,river,fiume,Fluss,0.42,1,bn:00067948n
60,n,cooc,,wood,legno,Holz,0.42,1,bn:00081492n
61,n,cooc,,hectare,ettaro,Hektar,0.419,1,bn:00043500n
62,n,cooc,,segment,parte,Teil,0.416,0,
63,n,cooc,,site,luogo,Standort,0.416,1,bn:00051760n
64,n,cooc,,texture,struttura,Textur,0.416,0,
65,n,cooc,,connection,collegamento,Verbindung,0.414,2,bn:00021912n bn:00021901n
66,n,cooc,,fauna,fauna,Fauna,0.414,3,bn:00004234n bn:00033822n bn:00004222n
67,n,cooc,,precipitation,precipitazione,Niederschlag,0.412,1,bn:00028483n
68,n,cooc,,substrate,substrato,Substrat,0.41,2,bn:00074994n bn:00074991n
69,n,cooc,,clay,argilla,Ton,0.41,1,bn:00019624n
70,n,cooc,,roof,tetto,Dach,0.405,1,bn:00068220n
71,n,cooc,,agriculture,agricoltura,Landwirtschaft,0.404,1,bn:00002096n
72,n,cooc,,light,luce,Licht,0.403,3,bn:00051109n bn:00051108n bn:00045956n
73,n,cooc,,rubble,detrito,Schutt,0.402,1,bn:00025634n
74,n,cooc,,landscape,paesaggio,Landschaft,0.402,1,bn:01321349n
75,n,cooc,,sediment,sedimento,Sediment,0.401,1,bn:00026374n
76,n,cooc,,wildlife,natura,Natur,0.401,0,
77,n,cooc,,depth,profondità,Tiefe,0.397,3,bn:04615239n bn:16188655n bn:14104188n
78,n,cooc,,good,bene,Gut,0.397,1,bn:00021045n
79,n,cooc,,vibration,vibrazione,Schwingung,0.395,2,bn:00065749n bn:00059631n
80,n,cooc,,change,cambiamento,Veränderung,0.394,1,bn:00003125n
81,n,cooc,,leaf,foglia,Blatt,0.393,1,bn:00035596n
82,n,cooc,,characteristic,caratteristica,Merkmal,0.392,2,bn:00065538n bn:00017762n
83,n,cooc,,biomass,biomassa,Biomasse,0.391,2,bn:00079667n bn:00010553n
84,n,cooc,,possession,bene,Gut,0.391,0,
85,n,cooc,,use,uso,Verwendung,0.39,1,bn:00030627n
86,n,cooc,,part,parte,Teil,0.389,1,bn:00021395n
87,n,cooc,,tree,albero,Baum,0.388,1,bn:00078131n
88,n,cooc,,type,tipo,Typ,0.387,0,
89,n,cooc,,boundary,confine,Grenze,0.384,2,bn:00012418n bn:00012212n
90,n,cooc,,irrigation,irrigazione,Bewässerung,0.384,1,bn:00047562n
91,n,cooc,,rooftop,tetto,Dach,0.384,0,
92,n,cooc,,rainfall,precipitazione,Niederschlag,0.383,0,
93,n,cooc,,farming,agricoltura,Landwirtschaft,0.381,1,bn:00002096n
94,n,cooc,,pathway,sentiero,Bahn,0.379,0,
95,n,cooc,,wealth,ricchezza,Reichtum,0.378,1,bn:00080746n
96,n,cooc,,matter,materia,Materie,0.378,1,bn:00053867n
97,n,cooc,,altitude,altitudine,Höhe,0.378,1,bn:00003142n
98,n,cooc,,improvement,miglioramento,Verbesserung,0.378,1,bn:00046191n
99,n,cooc,,wall,parete,Wand,0.375,2,bn:00080386n bn:00060663n
100,n,cooc,,structure,struttura,Struktur,0.373,1,bn:00022071n
101,n,cooc,,right,diritto,Recht,0.373,1,bn:00067807n
102,n,cooc,,situation,situazione,Situation,0.372,3,bn:00071869n bn:00071858n bn:00063707n
103,n,cooc,,labor,lavoro,Arbeit,0.372,1,bn:00049570n
104,n,cooc,,law,diritto,Recht,0.371,1,bn:00048655n
105,n,cooc,,body,corpo,Körper,0.369,1,bn:00011744n
106,n,cooc,,island,isola,Insel,0.368,1,bn:00047612n
107,n,cooc,,story,storia,Geschichte,0.368,2,bn:00000738n bn:00056857n
108,n,cooc,,proximity,vicinanza,Nähe,0.367,1,bn:00050270n
109,n,cooc,,lawn,prato,Rasen,0.364,1,bn:00050284n
110,n,cooc,,waste,rifiuto,Abfall,0.363,3,bn:00035670n bn:00068465n bn:00080543n
111,n,cooc,,power,energia,Macht,0.363,0,
112,n,cooc,,earth,terra,Erde,0.362,5,bn:00029425n bn:00029429n bn:00028934n bn:00029424n bn:00029427n
113,n,cooc,,material,materiale,Material,0.361,3,bn:00053803n bn:00053802n bn:00053801n
114,n,cooc,,temperature,temperatura,Temperatur,0.36,1,bn:00076457n
115,n,cooc,,environment,ambiente,Umwelt,0.36,1,bn:00031075n
116,n,cooc,,culture,cultura,Kultur,0.358,1,bn:00024369n
117,n,cooc,,element,elemento,Element,0.358,6,bn:00030299n bn:00018105n bn:00030301n bn:00030300n bn:00021394n bn:00021396n
118,n,cooc,,owner,proprietario,Eigentümer,0.357,1,bn:00059954n
119,n,cooc,,aircraft,aereo,Flugzeug,0.356,1,bn:00002275n
120,n,cooc,,vibrations,vibrazione,Schwingung,0.355,0,
121,n,cooc,,terrain,terreno,Boden,0.355,0,
122,n,cooc,,path,sentiero,Bahn,0.351,0,
123,n,cooc,,war,guerra,Krieg,0.35,1,bn:00080439n
124,n,cooc,,soil,suolo,Boden,0.347,1,bn:00041883n
125,n,cooc,,space,spazio,Raum,0.347,2,bn:00053830n bn:00046665n
126,n,cooc,,life,vita,Leben,0.346,4,bn:00051054n bn:00051047n bn:00051045n bn:00002761n
127,n,cooc,,work,lavoro,Arbeit,0.345,5,bn:00030625n bn:00081569n bn:00081570n bn:00030616n bn:00014138n
128,n,cooc,,centre,centro,Mitte,0.345,2,bn:00017123n bn:00017130n
129,n,cooc,,inhabitant,abitante,Bewohner,0.342,1,bn:00026239n
130,n,cooc,,place,luogo,Platz,0.342,2,bn:00062699n bn:00051760n
131,n,cooc,,construction,costruzione,Aufbau,0.336,0,
132,n,cooc,,field,campo,Feld,0.336,4,bn:00034273n bn:00006752n bn:00034265n bn:00034267n
133,n,cooc,,training,addestramento,Ausbildung,0.333,2,bn:00041853n bn:00026980n
134,n,cooc,,wind,vento,Wind,0.329,1,bn:00002216n
135,n,cooc,,job,lavoro,Arbeit,0.328,4,bn:00014138n bn:00018756n bn:00030625n bn:00030616n
136,n,cooc,,dust,polvere,Staub,0.327,2,bn:00029193n bn:00029192n
137,n,cooc,,component,componente,Bestandteil,0.326,1,bn:00021396n
138,n,cooc,,ash,cenere,Asche,0.326,2,bn:17381137n bn:02007587n
139,n,cooc,,paint,vernice,Farbe,0.321,1,bn:00060187n
140,n,cooc,,area,zona,Bereich,0.317,1,bn:00082076n
141,n,cooc,,ratio,rapporto,Verhältnis,0.309,1,bn:00066247n
142,n,cooc,,room,camera,Raum,0.307,1,bn:00068233n
143,n,cooc,,herb,erba,Kraut,0.3,1,bn:00043776n
144,n,cooc,,distance,distanza,Entfernung,0.296,2,bn:00027749n bn:00027747n
145,n,cooc,,capital,capitale,Kapital,0.29,1,bn:00015496n
146,n,cooc,,garden,giardino,Garten,0.282,1,bn:00037300n
147,n,cooc,,weather,tempo,Wetter,0.281,1,bn:00006808n
148,n,cooc,,level,livello,Ebene,0.278,0,
149,n,cooc,,time,tempo,Zeit,0.209,2,bn:00076545n bn:00077270n
1,n,cooc,WEAK,account,rapporto,Rechnung,,,
2,n,cooc,WEAK,analysis,studio,Analyse,,,
3,n,cooc,WEAK,application,applicazione,Verwendung,,,
4,n,cooc,WEAK,assault,attacco,Sturm,,,
5,n,cooc,WEAK,asset,attività,Kapital,,,
6,n,cooc,WEAK,attack,attacco,Sturm,,,
7,n,cooc,WEAK,authority,autorizzazione,Stelle,,,
8,n,cooc,WEAK,base,centro,Boden,,,
9,n,cooc,WEAK,belt,zona,Schlag,,,
10,n,cooc,WEAK,border,confine,Rand,,,
11,n,cooc,WEAK,break,rottura,Sprung,,,
12,n,cooc,WEAK,business,azienda,Geschäft,,,
13,n,cooc,WEAK,carbon,carbone,Kohlenstoff,,,
14,n,cooc,WEAK,cause,origine,Grund,,,
15,n,cooc,WEAK,claim,richiesta,Beanspruchung,,,
16,n,cooc,WEAK,class,corso,Kategorie,,,
17,n,cooc,WEAK,clearance,autorizzazione,Entfernen,,,
18,n,cooc,WEAK,commission,autorizzazione,Patent,,,
19,n,cooc,WEAK,composition,tema,Zusammensetzung,,,
20,n,cooc,WEAK,concern,azienda,Bedeutung,,,
21,n,cooc,WEAK,consequence,effetto,Folge,,,
22,n,cooc,WEAK,conservancy,tutela,Erhaltung,,,
23,n,cooc,WEAK,consideration,fattore,Berücksichtigung,,,
24,n,cooc,WEAK,control,comando,Gewalt,,,
25,n,cooc,WEAK,course,corso,Platz,,,
26,n,cooc,WEAK,court,castello,Platz,,,
27,n,cooc,WEAK,cover,copertura,Deckel,,,
28,n,cooc,WEAK,craft,nave,Handwerk,,,
29,n,cooc,WEAK,crowd,popolo,Masse,,,
30,n,cooc,WEAK,deal,trattamento,Geschäft,,,
31,n,cooc,WEAK,deposit,deposito,Sediment,,,
32,n,cooc,WEAK,development,valorizzazione,Entwicklung,,,
33,n,cooc,WEAK,direction,senso,Richtung,,,
34,n,cooc,WEAK,dirt,terra,Schmutz,,,
35,n,cooc,WEAK,drainage,bonifica,Entwässerung,,,
36,n,cooc,WEAK,drift,corso,Richtung,,,
37,n,cooc,WEAK,engine,motore,Maschine,,,
38,n,cooc,WEAK,equipment,attrezzatura,Gerät,,,
39,n,cooc,WEAK,estate,proprietà,Gut,,,
40,n,cooc,WEAK,event,prova,Fall,,,
41,n,cooc,WEAK,evidence,prova,Material,,,
42,n,cooc,WEAK,fabric,struttura,Stoff,,,
43,n,cooc,WEAK,fact,dato,Moment,,,
44,n,cooc,WEAK,farm,allevamento,Landwirtschaft,,,
45,n,cooc,WEAK,figure,persona,Zahl,,,
46,n,cooc,WEAK,formation,schieramento,Ausbildung,,,
47,n,cooc,WEAK,foundation,fondazione,Grund,,,
48,n,cooc,WEAK,freight,trasporto,Gut,,,
49,n,cooc,WEAK,function,ufficio,Funktion,,,
50,n,cooc,WEAK,fund,fondo,Kapital,,,
51,n,cooc,WEAK,gear,equipaggiamento,Gut,,,
52,n,cooc,WEAK,ground,terra,Boden,,,
53,n,cooc,WEAK,habitat,ambiente,Lebensraum,,,
54,n,cooc,WEAK,handling,trattamento,Handhabung,,,
55,n,cooc,WEAK,holding,patrimonio,Land,,,
56,n,cooc,WEAK,house,casa,Geschlecht,,,
57,n,cooc,WEAK,installation,impianto,Einbau,,,
58,n,cooc,WEAK,interest,partecipazione,Anteil,,,
59,n,cooc,WEAK,issue,problema,Folge,,,
60,n,cooc,WEAK,land,terra,Land,,,
61,n,cooc,WEAK,leg,piede,Bein,,,
62,n,cooc,WEAK,line,confine,Linie,,,
63,n,cooc,WEAK,maintenance,manutenzione,Pflege,,,
64,n,cooc,WEAK,meat,cibo,Fleisch,,,
65,n,cooc,WEAK,mixture,miscela,Masse,,,
66,n,cooc,WEAK,moss,palude,Moos,,,
67,n,cooc,WEAK,object,cosa,Objekt,,,
68,n,cooc,WEAK,office,ufficio,Stelle,,,
69,n,cooc,WEAK,operation,effetto,Betrieb,,,
70,n,cooc,WEAK,pitch,tono,Feld,,,
71,n,cooc,WEAK,plane,piano,Ebene,,,
72,n,cooc,WEAK,play,gioco,Stück,,,
73,n,cooc,WEAK,plot,piano,Stück,,,
74,n,cooc,WEAK,policy,sistema,Politik,,,
75,n,cooc,WEAK,pool,piscina,Bad,,,
76,n,cooc,WEAK,pot,erba,Topf,,,
77,n,cooc,WEAK,preservation,protezione,Erhaltung,,,
78,n,cooc,WEAK,price,quota,Opfer,,,
79,n,cooc,WEAK,reclamation,bonifica,Kultivierung,,,
80,n,cooc,WEAK,recovery,recupero,Rettung,,,
81,n,cooc,WEAK,remediation,bonifica,Sanierung,,,
82,n,cooc,WEAK,rollers,onda,Rolle,,,
83,n,cooc,WEAK,route,via,Linie,,,
84,n,cooc,WEAK,rule,canone,Vorschrift,,,
85,n,cooc,WEAK,running,gestione,Betrieb,,,
86,n,cooc,WEAK,sample,esempio,Probe,,,
87,n,cooc,WEAK,service,manutenzione,Angabe,,,
88,n,cooc,WEAK,sheet,muro,Blatt,,,
89,n,cooc,WEAK,shelf,piattaforma,Regal,,,
90,n,cooc,WEAK,shell,struttura,Schale,,,
91,n,cooc,WEAK,stand,posizione,Stand,,,
92,n,cooc,WEAK,station,centro,Platz,,,
93,n,cooc,WEAK,step,mossa,Schritt,,,
94,n,cooc,WEAK,study,studio,Untersuchung,,,
95,n,cooc,WEAK,subject,tema,Gegenstand,,,
96,n,cooc,WEAK,subsoil,sottosuolo,Untergrund,,,
97,n,cooc,WEAK,substance,materia,Substanz,,,
98,n,cooc,WEAK,survey,studio,Umfrage,,,
99,n,cooc,WEAK,test,prova,Probe,,,
100,n,cooc,WEAK,top,testa,Gipfel,,,
101,n,cooc,WEAK,track,circuito,Spur,,,
102,n,cooc,WEAK,trail,sentiero,Spur,,,
103,n,cooc,WEAK,transfer,cessione,Verlegung,,,
104,n,cooc,WEAK,treatment,trattamento,Bearbeitung,,,
105,n,cooc,WEAK,unit,reparto,Element,,,
106,n,cooc,WEAK,view,paesaggio,Blick,,,
107,n,cooc,WEAK,way,via,Art,,,
108,n,cooc,WEAK,yield,produzione,Ertrag,,,
1,adj,cooc,,fertile,fertile,fruchtbar,0.728,1,bn:00102905a
2,adj,cooc,,sandy,sabbioso,sandig,0.616,0,
3,adj,cooc,,agricultural,agricolo,landwirtschaftlich,0.612,0,
4,adj,cooc,,flat,piatto,flach,0.597,1,bn:00103058a
5,adj,cooc,,moist,umido,feucht,0.563,2,bn:00100892a bn:00104400a
6,adj,cooc,,scarce,raro,selten,0.542,0,
7,adj,cooc,,loamy,argilloso,lehmig,0.523,0,
8,adj,cooc,,dry,asciutto,trocken,0.522,1,bn:00101839a
9,adj,cooc,,damp,umido,feucht,0.517,1,bn:00100892a
10,adj,cooc,,solid,solido,fest,0.516,1,bn:00103937a
11,adj,cooc,,fruitful,fecondo,fruchtbar,0.508,0,
12,adj,cooc,,acidic,acido,sauer,0.507,2,bn:00096334a bn:00096328a
13,adj,cooc,,alkaline,alcalino,alkalisch,0.505,1,bn:00096793a
14,adj,cooc,,wet,bagnato,nass,0.496,1,bn:00113818a
15,adj,cooc,,rich,ricco,reich,0.493,1,bn:00096612a
16,adj,cooc,,motionless,immobile,regungslos,0.49,0,
17,adj,cooc,,hard,difficile,hart,0.482,1,bn:00101358a
18,adj,cooc,,volcanic,vulcanico,vulkanisch,0.481,1,bn:00113661a
19,adj,cooc,,soft,morbido,weich,0.479,0,
20,adj,cooc,,clayey,argilloso,lehmig,0.479,0,
21,adj,cooc,,native,nativo,heimisch,0.476,0,
22,adj,cooc,,acid,acido,sauer,0.473,3,bn:00096334a bn:00110947a bn:00096328a
23,adj,cooc,,foreign,straniero,fremd,0.469,0,
24,adj,cooc,,red,rosso,rot,0.467,1,bn:00098581a
25,adj,cooc,,slippery,scivoloso,rutschig,0.464,0,
26,adj,cooc,,barren,sterile,unfruchtbar,0.461,1,bn:00105063a
27,adj,cooc,,muddy,fangoso,schlammig,0.461,0,
28,adj,cooc,,arid,arido,trocken,0.46,0,
29,adj,cooc,,neutral,neutro,neutral,0.454,3,bn:00107262a bn:00107260a bn:00107263a
30,adj,cooc,,lost,perduto,verloren,0.453,2,bn:00106185a bn:00106188a
31,adj,cooc,,unstable,instabile,labil,0.45,0,
32,adj,cooc,,stable,solido,fest,0.449,0,
33,adj,cooc,,rocky,roccioso,felsig,0.448,1,bn:00098748a
34,adj,cooc,,cold,freddo,kalt,0.445,1,bn:00099981a
35,adj,cooc,,aerobic,aerobico,aerob,0.445,0,
36,adj,cooc,,gravelly,ghiaioso,steinig,0.445,0,
37,adj,cooc,,frozen,ghiacciato,gefroren,0.44,0,
38,adj,cooc,,deep,profondo,tief,0.436,0,
39,adj,cooc,,heavy,pesante,schwer,0.434,2,bn:00104050a bn:00104065a
40,adj,cooc,,warm,caldo,warm,0.434,7,bn:00113698a bn:00113702a bn:00113699a bn:00113700a bn:00113701a bn:00113703a bn:00104348a
41,adj,cooc,,sterile,sterile,unfruchtbar,0.433,1,bn:00105063a
42,adj,cooc,,american,americano,amerikanisch,0.43,1,bn:00096963a
43,adj,cooc,,holy,santo,heilig,0.427,0,
44,adj,cooc,,marshy,paludoso,sumpfig,0.426,0,
45,adj,cooc,,uneven,irregolare,uneben,0.424,0,
46,adj,cooc,,infertile,sterile,unfruchtbar,0.423,1,bn:00105063a
47,adj,cooc,,loose,sciolto,lose,0.422,0,
48,adj,cooc,,sacred,sacro,heilig,0.421,1,bn:00100305a
49,adj,cooc,,swampy,paludoso,sumpfig,0.42,0,
50,adj,cooc,,naked,nudo,nackt,0.42,0,
51,adj,cooc,,near,vicino,nahe,0.414,0,
52,adj,cooc,,stony,pietroso,steinig,0.413,0,
53,adj,cooc,,african,africano,afrikanisch,0.411,0,
54,adj,cooc,,syrian,siriano,syrisch,0.41,0,
55,adj,cooc,,typical,tipico,typisch,0.409,1,bn:00112216a
56,adj,cooc,,valuable,prezioso,wertvoll,0.409,1,bn:00113490a
57,adj,cooc,,permeable,permeabile,durchlässig,0.408,0,
58,adj,cooc,,precious,prezioso,wertvoll,0.407,0,
59,adj,cooc,,difficult,difficile,schwer,0.406,1,bn:00101358a
60,adj,cooc,,boggy,paludoso,sumpfig,0.401,0,
61,adj,cooc,,snow-covered,innevato,schneebedeckt,0.4,0,
62,adj,cooc,,dark,scuro,dunkel,0.399,1,bn:00100902a
63,adj,cooc,,silty,limoso,schlammig,0.397,0,
64,adj,cooc,,artificial,artificiale,künstlich,0.395,0,
65,adj,cooc,,devoid,privo,frei,0.386,0,
66,adj,cooc,,hot,caldo,warm,0.385,1,bn:00104348a
67,adj,cooc,,german,tedesco,deutsch,0.385,1,bn:00103560a
68,adj,cooc,,french,francese,französisch,0.383,1,bn:00103321a
69,adj,cooc,,open,libero,frei,0.382,0,
70,adj,cooc,,organic,organico,organisch,0.38,2,bn:00107964a bn:00107965a
71,adj,cooc,,free,libero,frei,0.379,1,bn:00103299a
72,adj,cooc,,bad,malato,schlecht,0.375,0,
73,adj,cooc,,polluted,inquinato,verschmutzt,0.372,0,
74,adj,cooc,,fresh,fresco,frisch,0.368,0,
75,adj,cooc,,green,verde,grün,0.358,1,bn:00100914a
76,adj,cooc,,european,europeo,europäisch,0.357,0,
77,adj,cooc,,sloping,inclinato,geneigt,0.356,0,
78,adj,cooc,,similar,analogo,ähnlich,0.355,0,
79,adj,cooc,,healthy,sano,gesund,0.355,1,bn:00104025a
80,adj,cooc,,easy,facile,leicht,0.352,1,bn:00101973a
81,adj,cooc,,fragile,fragile,zerbrechlich,0.351,1,bn:00101123a
82,adj,cooc,,clear,libero,frei,0.35,0,
83,adj,cooc,,cool,fresco,kühl,0.345,1,bn:00100441a
84,adj,cooc,,light,leggero,leicht,0.342,1,bn:00105937a
85,adj,cooc,,mixed,misto,gemischt,0.339,0,
86,adj,cooc,,lifeless,esanime,leblos,0.334,0,
87,adj,cooc,,black,nero,schwarz,0.332,2,bn:00098480a bn:00098481a
88,adj,cooc,,ukrainian,ucraino,ukrainisch,0.317,0,
89,adj,cooc,,available,disponibile,erhältlich,0.243,0,
1,adj,cooc,WEAK,absolute,perfetto,genau,,,
2,adj,cooc,WEAK,abundant,abbondante,reich,,,
3,adj,cooc,WEAK,alive,attivo,lebendig,,,
4,adj,cooc,WEAK,bare,nudo,blank,,,
5,adj,cooc,WEAK,big,grande,schwer,,,
6,adj,cooc,WEAK,brown,bruno,braun,,,
7,adj,cooc,WEAK,certain,determinato,sicher,,,
8,adj,cooc,WEAK,characteristic,proprio,typisch,,,
9,adj,cooc,WEAK,close,vicino,dicht,,,
10,adj,cooc,WEAK,common,comune,gewöhnlich,,,
11,adj,cooc,WEAK,compact,compatto,dicht,,,
12,adj,cooc,WEAK,compacted,compatto,verdichtet,,,
13,adj,cooc,WEAK,current,presente,bestehend,,,
14,adj,cooc,WEAK,dense,compatto,dicht,,,
15,adj,cooc,WEAK,detailed,particolare,genau,,,
16,adj,cooc,WEAK,different,diverso,fremd,,,
17,adj,cooc,WEAK,distant,lontano,entfernt,,,
18,adj,cooc,WEAK,empty,vuoto,frei,,,
19,adj,cooc,WEAK,everyday,comune,gewöhnlich,,,
20,adj,cooc,WEAK,exact,proprio,genau,,,
21,adj,cooc,WEAK,fair,bello,billig,,,
22,adj,cooc,WEAK,familiar,comune,heimisch,,,
23,adj,cooc,WEAK,fine,bello,fein,,,
24,adj,cooc,WEAK,firm,fermo,fest,,,
25,adj,cooc,WEAK,flimsy,fragile,dünn,,,
26,adj,cooc,WEAK,full,pieno,vollständig,,,
27,adj,cooc,WEAK,good,buono,gesund,,,
28,adj,cooc,WEAK,great,grande,fein,,,
29,adj,cooc,WEAK,high,grande,rot,,,
30,adj,cooc,WEAK,indigenous,indigeno,heimisch,,,
31,adj,cooc,WEAK,intact,intero,unversehrt,,,
32,adj,cooc,WEAK,large,grande,reich,,,
33,adj,cooc,WEAK,level,piano,eben,,,
34,adj,cooc,WEAK,liable,soggetto,anfällig,,,
35,adj,cooc,WEAK,low,basso,tief,,,
36,adj,cooc,WEAK,new,nuovo,frisch,,,
37,adj,cooc,WEAK,nice,bello,sauber,,,
38,adj,cooc,WEAK,occupied,occupato,bewohnt,,,
39,adj,cooc,WEAK,perfect,perfetto,ganz,,,
40,adj,cooc,WEAK,plentiful,abbondante,fruchtbar,,,
41,adj,cooc,WEAK,poor,povero,schlecht,,,
42,adj,cooc,WEAK,present,presente,bestehend,,,
43,adj,cooc,WEAK,private,privato,frei,,,
44,adj,cooc,WEAK,productive,produttivo,fruchtbar,,,
45,adj,cooc,WEAK,prone,facile,anfällig,,,
46,adj,cooc,WEAK,proper,proprio,billig,,,
47,adj,cooc,WEAK,pure,perfetto,blank,,,
48,adj,cooc,WEAK,quick,pronto,schnell,,,
49,adj,cooc,WEAK,quiet,privato,sanft,,,
50,adj,cooc,WEAK,raw,crudo,nackt,,,
51,adj,cooc,WEAK,ready,pronto,fertig,,,
52,adj,cooc,WEAK,reasonable,accessibile,billig,,,
53,adj,cooc,WEAK,relative,connesso,relativ,,,
54,adj,cooc,WEAK,remote,lontano,entfernt,,,
55,adj,cooc,WEAK,representative,rappresentativo,repräsentativ,,,
56,adj,cooc,WEAK,rough,grezzo,hart,,,
57,adj,cooc,WEAK,rugged,aspro,felsig,,,
58,adj,cooc,WEAK,safe,salvo,sicher,,,
59,adj,cooc,WEAK,saline,salino,salzhaltig,,,
60,adj,cooc,WEAK,shallow,superficiale,flach,,,
61,adj,cooc,WEAK,smooth,morbido,glatt,,,
62,adj,cooc,WEAK,strange,sconosciuto,fremd,,,
63,adj,cooc,WEAK,substantial,solido,reich,,,
64,adj,cooc,WEAK,thin,leggero,dünn,,,
65,adj,cooc,WEAK,vacant,disponibile,frei,,,
1,v,cooc,,touch,toccare,berühren,0.637,1,bn:00095040v
2,v,cooc,,till,coltivare,bebauen,0.541,0,
3,v,cooc,,contaminate,contaminare,verseuchen,0.519,0,
4,v,cooc,,farm,coltivare,bebauen,0.517,0,
5,v,cooc,,lose,perdere,verlieren,0.515,2,bn:00090489v bn:00090486v
6,v,cooc,,inhabit,abitare,bewohnen,0.504,0,
7,v,cooc,,belong,appartenere,gehören,0.501,0,
8,v,cooc,,turn,girare,drehen,0.494,1,bn:00095233v
9,v,cooc,,put,mettere,setzen,0.491,0,
10,v,cooc,,cultivate,coltivare,kultivieren,0.49,0,
11,v,cooc,,own,possedere,besitzen,0.489,1,bn:00089241v
12,v,cooc,,prepare,preparare,vorbereiten,0.485,1,bn:00088250v
13,v,cooc,,conquer,conquistare,erobern,0.483,1,bn:00082739v
14,v,cooc,,build,edificare,bauen,0.481,1,bn:00084198v
15,v,cooc,,spawn,produrre,erzeugen,0.475,0,
16,v,cooc,,hit,colpire,treffen,0.475,0,
17,v,cooc,,claim,rivendicare,beanspruchen,0.468,0,
18,v,cooc,,set,mettere,setzen,0.465,0,
19,v,cooc,,fertilize,fertilizzare,düngen,0.46,0,
20,v,cooc,,kiss,baciare,küssen,0.457,2,bn:00084312v bn:00090112v
21,v,cooc,,abandon,abbandonare,verlassen,0.457,3,bn:00082119v bn:00082118v bn:00082122v
22,v,cooc,,erode,erodere,erodieren,0.453,0,
23,v,cooc,,divide,dividere,aufteilen,0.447,1,bn:00084611v
24,v,cooc,,dry,asciugare,trocknen,0.446,1,bn:00087401v
25,v,cooc,,leave,lasciare,verlassen,0.442,1,bn:00087845v
26,v,cooc,,dig,scavare,graben,0.441,1,bn:00086808v
27,v,cooc,,clear,liberare,räumen,0.44,0,
28,v,cooc,,tremble,tremare,zittern,0.44,2,bn:00093640v bn:00093639v
29,v,cooc,,inherit,ereditare,erben,0.431,1,bn:00089738v
30,v,cooc,,remove,rimuovere,entfernen,0.431,0,
31,v,cooc,,mix,mescolare,mischen,0.43,3,bn:00083597v bn:00082565v bn:00090871v
32,v,cooc,,disturb,disturbare,stören,0.429,0,
33,v,cooc,,prefer,preferire,bevorzugen,0.428,1,bn:00091949v
34,v,cooc,,ravage,devastare,verwüsten,0.428,1,bn:00086685v
35,v,cooc,,protect,proteggere,schützen,0.424,1,bn:00090041v
36,v,cooc,,burn,bruciare,brennen,0.424,1,bn:00084270v
37,v,cooc,,absorb,assorbire,aufnehmen,0.422,0,
38,v,cooc,,break,rompere,brechen,0.421,2,bn:00083950v bn:00083904v
39,v,cooc,,soak,bagnare,tränken,0.42,0,
40,v,cooc,,possess,possedere,besitzen,0.42,1,bn:00089241v
41,v,cooc,,rule,governare,regieren,0.419,0,
42,v,cooc,,acquire,acquisire,erwerben,0.417,1,bn:00082280v
43,v,cooc,,cross,attraversare,kreuzen,0.415,0,
44,v,cooc,,return,tornare,zurückkehren,0.415,1,bn:00092969v
45,v,cooc,,destroy,distruggere,zerstören,0.413,2,bn:00086698v bn:00086699v
46,v,cooc,,characterize,caratterizzare,charakterisieren,0.411,1,bn:00084800v
47,v,cooc,,find,trovare,finden,0.411,2,bn:00088204v bn:00084231v
48,v,cooc,,surround,circondare,umgeben,0.41,1,bn:00083797v
49,v,cooc,,nourish,nutrire,nähren,0.409,2,bn:00091098v bn:00088084v
50,v,cooc,,strike,colpire,schlagen,0.409,0,
51,v,cooc,,heal,sanare,heilen,0.408,1,bn:00084071v
52,v,cooc,,enter,accedere,eintreten,0.408,0,
53,v,cooc,,populate,popolare,bevölkern,0.408,1,bn:00087441v
54,v,cooc,,manure,concimare,düngen,0.408,0,
55,v,cooc,,replenish,riempire,auffüllen,0.408,0,
56,v,cooc,,constitute,costituire,bilden,0.406,1,bn:00083187v
57,v,cooc,,produce,produrre,erzeugen,0.406,2,bn:00086013v bn:00084198v
58,v,cooc,,remain,rimanere,bleiben,0.405,3,bn:00092756v bn:00085719v bn:00091562v
59,v,cooc,,fertilise,fertilizzare,düngen,0.404,0,
60,v,cooc,,discover,scoprire,entdecken,0.404,2,bn:00086935v bn:00086936v
61,v,cooc,,explore,esplorare,erkunden,0.404,0,
62,v,cooc,,liberate,liberare,befreien,0.401,0,
63,v,cooc,,characterise,caratterizzare,charakterisieren,0.4,1,bn:00084800v
64,v,cooc,,vacate,liberare,räumen,0.396,0,
65,v,cooc,,reach,raggiungere,erreichen,0.396,2,bn:00082901v bn:00082226v
66,v,cooc,,bless,benedire,segnen,0.396,0,
67,v,cooc,,revert,ritornare,zurückkehren,0.39,0,
68,v,cooc,,free,liberare,befreien,0.388,1,bn:00088545v
69,v,cooc,,vibrate,vibrare,vibrieren,0.387,0,
70,v,cooc,,increase,rialzare,erhöhen,0.386,0,
71,v,cooc,,tolerate,tollerare,vertragen,0.386,0,
72,v,cooc,,colonize,colonizzare,besiedeln,0.383,0,
73,v,cooc,,grant,concedere,gewähren,0.382,0,
74,v,cooc,,nurture,nutrire,nähren,0.38,2,bn:00091098v bn:00088084v
75,v,cooc,,freeze,congelare,frieren,0.38,1,bn:00088559v
76,v,cooc,,separate,separare,trennen,0.378,0,
77,v,cooc,,cool,raffreddare,abkühlen,0.378,1,bn:00084893v
78,v,cooc,,seal,sigillare,versiegeln,0.378,1,bn:00093405v
79,v,cooc,,purify,purificare,reinigen,0.377,0,
80,v,cooc,,shake,scuotere,schütteln,0.375,1,bn:00082470v
81,v,cooc,,save,salvare,speichern,0.374,2,bn:00090229v bn:00093281v
82,v,cooc,,locate,individuare,finden,0.372,0,
83,v,cooc,,purchase,acquistare,kaufen,0.371,1,bn:00084331v
84,v,cooc,,become,diventare,werden,0.371,0,
85,v,cooc,,traverse,attraversare,durchqueren,0.371,0,
86,v,cooc,,give,dare,geben,0.37,2,bn:00088825v bn:00088815v
87,v,cooc,,heat,riscaldare,erhitzen,0.37,2,bn:00089284v bn:00089282v
88,v,cooc,,visit,visitare,besuchen,0.368,2,bn:00084390v bn:00093433v
89,v,cooc,,stay,rimanere,bleiben,0.368,3,bn:00092756v bn:00085719v bn:00091562v
90,v,cooc,,stabilize,stabilizzare,stabilisieren,0.366,1,bn:00094238v
91,v,cooc,,form,formare,bilden,0.365,1,bn:00088490v
92,v,cooc,,employ,impiegare,verwenden,0.364,1,bn:00082705v
93,v,cooc,,disappear,scomparire,verschwinden,0.364,1,bn:00086880v
94,v,cooc,,fill,riempire,füllen,0.363,1,bn:00088177v
95,v,cooc,,preserve,preservare,erhalten,0.362,2,bn:00083242v bn:00085644v
96,v,cooc,,shift,spostare,bewegen,0.36,0,
97,v,cooc,,examine,esaminare,prüfen,0.36,0,
98,v,cooc,,wash,pulire,aufwischen,0.357,0,
99,v,cooc,,pass,passare,passieren,0.356,1,bn:00091307v
100,v,cooc,,buy,acquistare,kaufen,0.356,1,bn:00084331v
101,v,cooc,,exploit,sfruttare,ausnutzen,0.354,1,bn:00087878v
102,v,cooc,,retain,conservare,behalten,0.354,1,bn:00089386v
103,v,cooc,,maintain,mantenere,halten,0.353,0,
104,v,cooc,,know,sapere,wissen,0.351,1,bn:00085261v
105,v,cooc,,transform,trasformare,verwandeln,0.351,1,bn:00095090v
106,v,cooc,,strew,cospargere,streuen,0.351,0,
107,v,cooc,,connect,collegare,verbinden,0.35,1,bn:00085623v
108,v,cooc,,improve,migliorare,verbessern,0.346,1,bn:00082573v
109,v,cooc,,hand,passare,übergeben,0.345,0,
110,v,cooc,,consider,considerare,betrachten,0.345,0,
111,v,cooc,,bore,perforare,bohren,0.342,0,
112,v,cooc,,meet,incontrare,treffen,0.342,2,bn:00085339v bn:00088791v
113,v,cooc,,swap,scambiare,austauschen,0.342,1,bn:00094650v
114,v,cooc,,call,chiamare,nennen,0.34,1,bn:00084385v
115,v,cooc,,seek,cercare,suchen,0.34,1,bn:00090460v
116,v,cooc,,extend,estendere,verlängern,0.339,0,
117,v,cooc,,sweep,spazzare,fegen,0.339,0,
118,v,cooc,,create,creare,schaffen,0.339,1,bn:00086009v
119,v,cooc,,associate,associare,verbinden,0.338,0,
120,v,cooc,,open,aprire,öffnen,0.338,0,
121,v,cooc,,reveal,rivelare,zeigen,0.338,0,
122,v,cooc,,regenerate,rigenerare,regenerieren,0.337,0,
123,v,cooc,,develop,sviluppare,entstehen,0.337,0,
124,v,cooc,,generate,generare,erzeugen,0.335,0,
125,v,cooc,,analyze,analizzare,analysieren,0.334,1,bn:00082596v
126,v,cooc,,exclude,escludere,ausschließen,0.334,0,
127,v,cooc,,lead,condurre,führen,0.332,0,
128,v,cooc,,feel,sentire,fühlen,0.332,0,
129,v,cooc,,achieve,raggiungere,erreichen,0.331,1,bn:00082226v
130,v,cooc,,pound,battere,klopfen,0.331,0,
131,v,cooc,,analyse,analizzare,analysieren,0.329,1,bn:00082596v
132,v,cooc,,cover,coprire,abdecken,0.329,1,bn:00085497v
133,v,cooc,,cry,piangere,weinen,0.328,1,bn:00086122v
134,v,cooc,,clean,pulire,reinigen,0.328,0,
135,v,cooc,,vary,variare,variieren,0.325,0,
136,v,cooc,,measure,misurare,messen,0.325,1,bn:00090715v
137,v,cooc,,appear,apparire,erscheinen,0.325,2,bn:00082691v bn:00082690v
138,v,cooc,,stabilise,stabilizzare,stabilisieren,0.325,1,bn:00094238v
139,v,cooc,,fight,combattere,kämpfen,0.325,1,bn:00085711v
140,v,cooc,,collect,raccogliere,sammeln,0.324,1,bn:00082246v
141,v,cooc,,decrease,diminuire,verringern,0.323,1,bn:00086418v
142,v,cooc,,sense,sentire,spüren,0.321,0,
143,v,cooc,,look,guardare,aussehen,0.321,0,
144,v,cooc,,contain,contenere,enthalten,0.321,1,bn:00083225v
145,v,cooc,,move,spostare,bewegen,0.32,1,bn:00088912v
146,v,cooc,,transfer,trasferire,übertragen,0.319,1,bn:00095085v
147,v,cooc,,search,cercare,suchen,0.319,1,bn:00090460v
148,v,cooc,,accord,concedere,gewähren,0.319,0,
149,v,cooc,,cease,cessare,aufhören,0.318,0,
150,v,cooc,,prevent,impedire,verhindern,0.315,2,bn:00088454v bn:00090033v
151,v,cooc,,derive,derivare,ableiten,0.313,1,bn:00086430v
152,v,cooc,,watch,guardare,beobachten,0.311,0,
153,v,cooc,,represent,rappresentare,darstellen,0.308,1,bn:00083187v
154,v,cooc,,allow,consentire,zulassen,0.306,0,
155,v,cooc,,use,utilizzare,verwenden,0.304,1,bn:00082705v
156,v,cooc,,pertain,riguardare,betreffen,0.301,1,bn:00083240v
157,v,cooc,,make,fare,machen,0.294,3,bn:00086008v bn:00086013v bn:00084198v
158,v,cooc,,regard,considerare,betrachten,0.29,0,
159,v,cooc,,understand,comprendere,verstehen,0.289,1,bn:00082727v
160,v,cooc,,exchange,scambiare,austauschen,0.288,0,
161,v,cooc,,need,necessitare,brauchen,0.287,0,
162,v,cooc,,hold,tenere,halten,0.285,1,bn:00089385v
163,v,cooc,,cost,costare,kosten,0.283,0,
164,v,cooc,,determine,determinare,bestimmen,0.283,0,
165,v,cooc,,declare,dichiarare,erklären,0.282,1,bn:00086380v
166,v,cooc,,receive,ricevere,erhalten,0.279,1,bn:00089246v
167,v,cooc,,battle,combattere,kämpfen,0.277,1,bn:00083173v
168,v,cooc,,furnish,fornire,liefern,0.275,0,
169,v,cooc,,cause,causare,verursachen,0.274,0,
170,v,cooc,,present,presentare,vorlegen,0.267,0,
171,v,cooc,,do,fare,tun,0.264,1,bn:00082286v
172,v,cooc,,reduce,ridurre,reduzieren,0.264,0,
173,v,cooc,,submit,presentare,vorlegen,0.261,0,
174,v,cooc,,keep,tenere,halten,0.256,0,
175,v,cooc,,exist,esistere,existieren,0.255,1,bn:00083184v
176,v,cooc,,obtain,ottenere,erhalten,0.249,0,
177,v,cooc,,include,includere,umfassen,0.246,0,
178,v,cooc,,contribute,contribuire,beitragen,0.237,0,
179,v,cooc,,begin,iniziare,beginnen,0.223,2,bn:00083340v bn:00083342v
180,v,cooc,,seem,sembrare,scheinen,0.216,1,bn:00082690v
181,v,cooc,,start,iniziare,beginnen,0.212,2,bn:00083340v bn:00083342v
182,v,cooc,,supply,fornire,liefern,0.206,0,
183,v,cooc,,change,cambiare,ändern,0.18,1,bn:00082553v
1,v,cooc,WEAK,abut,confinare,stoßen,,,
2,v,cooc,WEAK,advance,salire,vordringen,,,
3,v,cooc,WEAK,affect,interessare,beeinflussen,,,
4,v,cooc,WEAK,afford,offrire,gewähren,,,
5,v,cooc,WEAK,amend,migliorare,ändern,,,
6,v,cooc,WEAK,amplify,ampliare,verstärken,,,
7,v,cooc,WEAK,apply,riguardare,verwenden,,,
8,v,cooc,WEAK,arise,derivare,entstehen,,,
9,v,cooc,WEAK,ascertain,scoprire,ermitteln,,,
10,v,cooc,WEAK,assess,tassare,abschätzen,,,
11,v,cooc,WEAK,assume,ritenere,vermuten,,,
12,v,cooc,WEAK,attach,unire,befestigen,,,
13,v,cooc,WEAK,authorise,autorizzare,zulassen,,,
14,v,cooc,WEAK,be,diventare,liegen,,,
15,v,cooc,WEAK,bear,reggere,tragen,,,
16,v,cooc,WEAK,bind,congiungere,binden,,,
17,v,cooc,WEAK,border,delimitare,begrenzen,,,
18,v,cooc,WEAK,bound,confinare,begrenzen,,,
19,v,cooc,WEAK,breed,generare,gebären,,,
20,v,cooc,WEAK,bring,condurre,bringen,,,
21,v,cooc,WEAK,bury,dimenticare,begraben,,,
22,v,cooc,WEAK,calculate,ritenere,berechnen,,,
23,v,cooc,WEAK,carry,tenere,tragen,,,
24,v,cooc,WEAK,catch,raggiungere,fangen,,,
25,v,cooc,WEAK,classify,classificare,bestimmen,,,
26,v,cooc,WEAK,close,finire,abschließen,,,
27,v,cooc,WEAK,command,dominare,führen,,,
28,v,cooc,WEAK,compose,comporre,zusammenstellen,,,
29,v,cooc,WEAK,comprise,comprendere,umfassen,,,
30,v,cooc,WEAK,concern,interessare,betreffen,,,
31,v,cooc,WEAK,conserve,conservare,erhalten,,,
32,v,cooc,WEAK,control,dominare,steuern,,,
33,v,cooc,WEAK,convert,convertire,verwandeln,,,
34,v,cooc,WEAK,convey,esprimere,übertragen,,,
35,v,cooc,WEAK,correct,sanare,verbessern,,,
36,v,cooc,WEAK,crack,cedere,brechen,,,
37,v,cooc,WEAK,crop,raccogliere,tragen,,,
38,v,cooc,WEAK,damage,danneggiare,beeinträchtigen,,,
39,v,cooc,WEAK,deal,trattare,geben,,,
40,v,cooc,WEAK,defend,difendere,schützen,,,
41,v,cooc,WEAK,define,definire,bestimmen,,,
42,v,cooc,WEAK,descend,scendere,sinken,,,
43,v,cooc,WEAK,destine,destinare,bestimmen,,,
44,v,cooc,WEAK,detect,individuare,ermitteln,,,
45,v,cooc,WEAK,devote,destinare,verwenden,,,
46,v,cooc,WEAK,die,morire,vergehen,,,
47,v,cooc,WEAK,dismiss,rimuovere,absetzen,,,
48,v,cooc,WEAK,dissolve,sciogliere,lösen,,,
49,v,cooc,WEAK,donate,donare,schenken,,,
50,v,cooc,WEAK,drain,drenare,austrocknen,,,
51,v,cooc,WEAK,drench,inzuppare,tränken,,,
52,v,cooc,WEAK,drop,scendere,fallen,,,
53,v,cooc,WEAK,dump,abbandonare,lagern,,,
54,v,cooc,WEAK,earmark,destinare,kennzeichnen,,,
55,v,cooc,WEAK,emit,sviluppare,abstrahlen,,,
56,v,cooc,WEAK,enable,permettere,ermöglichen,,,
57,v,cooc,WEAK,enclose,includere,umgeben,,,
58,v,cooc,WEAK,encompass,circondare,umfassen,,,
59,v,cooc,WEAK,establish,costituire,schaffen,,,
60,v,cooc,WEAK,estimate,misurare,abschätzen,,,
61,v,cooc,WEAK,extract,strappare,gewinnen,,,
62,v,cooc,WEAK,face,guardare,schleifen,,,
63,v,cooc,WEAK,fall,scendere,fallen,,,
64,v,cooc,WEAK,feature,caratterizzare,vorkommen,,,
65,v,cooc,WEAK,feed,alimentare,ernähren,,,
66,v,cooc,WEAK,fix,sistemare,fixieren,,,
67,v,cooc,WEAK,flow,ricadere,fließen,,,
68,v,cooc,WEAK,fly,battere,fliegen,,,
69,v,cooc,WEAK,follow,seguire,beachten,,,
70,v,cooc,WEAK,force,costringere,treiben,,,
71,v,cooc,WEAK,forward,mandare,fördern,,,
72,v,cooc,WEAK,gain,ottenere,gewinnen,,,
73,v,cooc,WEAK,grow,coltivare,wachsen,,,
74,v,cooc,WEAK,handle,trattare,bearbeiten,,,
75,v,cooc,WEAK,have,fare,haben,,,
76,v,cooc,WEAK,help,favorire,helfen,,,
77,v,cooc,WEAK,identify,identificare,erkennen,,,
78,v,cooc,WEAK,integrate,completare,einbeziehen,,,
79,v,cooc,WEAK,intend,intendere,bestimmen,,,
80,v,cooc,WEAK,introduce,presentare,bringen,,,
81,v,cooc,WEAK,invade,invadere,heimsuchen,,,
82,v,cooc,WEAK,involve,implicare,umfassen,,,
83,v,cooc,WEAK,issue,emanare,austreten,,,
84,v,cooc,WEAK,judge,misurare,richten,,,
85,v,cooc,WEAK,lay,preparare,legen,,,
86,v,cooc,WEAK,let,lasciare,lassen,,,
87,v,cooc,WEAK,level,livellare,ebnen,,,
88,v,cooc,WEAK,lie,rimanere,liegen,,,
89,v,cooc,WEAK,limit,misurare,begrenzen,,,
90,v,cooc,WEAK,loosen,sciogliere,lösen,,,
91,v,cooc,WEAK,manage,gestire,steuern,,,
92,v,cooc,WEAK,mean,dire,heißen,,,
93,v,cooc,WEAK,mine,minare,gewinnen,,,
94,v,cooc,WEAK,mount,salire,montieren,,,
95,v,cooc,WEAK,occupy,occupare,einnehmen,,,
96,v,cooc,WEAK,occur,avvenire,kommen,,,
97,v,cooc,WEAK,originate,provenire,entstehen,,,
98,v,cooc,WEAK,overcome,battere,brechen,,,
99,v,cooc,WEAK,overlook,dominare,versehen,,,
100,v,cooc,WEAK,penetrate,comprendere,durchdringen,,,
101,v,cooc,WEAK,pile,accumulare,stapeln,,,
102,v,cooc,WEAK,plant,piantare,pflanzen,,,
103,v,cooc,WEAK,poison,avvelenare,verseuchen,,,
104,v,cooc,WEAK,pose,creare,stellen,,,
105,v,cooc,WEAK,pot,ammazzare,eintopfen,,,
106,v,cooc,WEAK,predominate,predominare,herrschen,,,
107,v,cooc,WEAK,prevail,predominare,herrschen,,,
108,v,cooc,WEAK,process,trattare,bearbeiten,,,
109,v,cooc,WEAK,prove,risultare,nachweisen,,,
110,v,cooc,WEAK,provide,fornire,bieten,,,
111,v,cooc,WEAK,push,costringere,drücken,,,
112,v,cooc,WEAK,raise,sollevare,erhöhen,,,
113,v,cooc,WEAK,rake,grattare,bestreichen,,,
114,v,cooc,WEAK,range,variare,reichen,,,
115,v,cooc,WEAK,reclaim,bonificare,gewinnen,,,
116,v,cooc,WEAK,recover,recuperare,gewinnen,,,
117,v,cooc,WEAK,refer,sottoporre,hinweisen,,,
118,v,cooc,WEAK,relate,raccontare,berichten,,,
119,v,cooc,WEAK,release,liberare,lösen,,,
120,v,cooc,WEAK,render,rendere,machen,,,
121,v,cooc,WEAK,rent,affittare,verleihen,,,
122,v,cooc,WEAK,require,richiedere,benötigen,,,
123,v,cooc,WEAK,restore,ripristinare,herstellen,,,
124,v,cooc,WEAK,result,derivare,resultieren,,,
125,v,cooc,WEAK,retrieve,riparare,bergen,,,
126,v,cooc,WEAK,rise,salire,steigen,,,
127,v,cooc,WEAK,rumble,scoprire,dröhnen,,,
128,v,cooc,WEAK,run,gestire,laufen,,,
129,v,cooc,WEAK,saturate,saturare,tränken,,,
130,v,cooc,WEAK,secure,difendere,sichern,,,
131,v,cooc,WEAK,see,esaminare,sehen,,,
132,v,cooc,WEAK,seize,sequestrare,erfassen,,,
133,v,cooc,WEAK,select,scegliere,aufstellen,,,
134,v,cooc,WEAK,sell,vendere,vertreiben,,,
135,v,cooc,WEAK,settle,comporre,besiedeln,,,
136,v,cooc,WEAK,show,presentare,zeigen,,,
137,v,cooc,WEAK,shrink,ridurre,schwinden,,,
138,v,cooc,WEAK,sift,setacciare,trennen,,,
139,v,cooc,WEAK,sink,scendere,sinken,,,
140,v,cooc,WEAK,sit,rappresentare,sitzen,,,
141,v,cooc,WEAK,situate,situare,legen,,,
142,v,cooc,WEAK,slip,passare,rutschen,,,
143,v,cooc,WEAK,soften,abbassare,aufweichen,,,
144,v,cooc,WEAK,sow,seminare,anbauen,,,
145,v,cooc,WEAK,spare,risparmiare,schonen,,,
146,v,cooc,WEAK,spread,estendere,verbreiten,,,
147,v,cooc,WEAK,stamp,caratterizzare,stampfen,,,
148,v,cooc,WEAK,stand,restare,stehen,,,
149,v,cooc,WEAK,state,dichiarare,angeben,,,
150,v,cooc,WEAK,store,accumulare,speichern,,,
151,v,cooc,WEAK,stretch,tendere,ausdehnen,,,
152,v,cooc,WEAK,suit,adattare,passen,,,
153,v,cooc,WEAK,support,favorire,unterstützen,,,
154,v,cooc,WEAK,surrender,cedere,übergeben,,,
155,v,cooc,WEAK,survey,esaminare,vermessen,,,
156,v,cooc,WEAK,take,tenere,nehmen,,,
157,v,cooc,WEAK,tax,tassare,belasten,,,
158,v,cooc,WEAK,test,sperimentare,prüfen,,,
159,v,cooc,WEAK,thaw,sciogliere,auftauen,,,
160,v,cooc,WEAK,tread,percorrere,treten,,,
161,v,cooc,WEAK,treat,trattare,bearbeiten,,,
162,v,cooc,WEAK,try,sperimentare,suchen,,,
163,v,cooc,WEAK,uphold,difendere,unterstützen,,,
164,v,cooc,WEAK,utilise,utilizzare,nutzen,,,
165,v,cooc,WEAK,value,tenere,abschätzen,,,
166,v,cooc,WEAK,walk,percorrere,gehen,,,
167,v,cooc,WEAK,wander,girare,wandern,,,
168,v,cooc,WEAK,warm,riscaldare,erwärmen,,,
169,v,cooc,WEAK,warrant,autorizzare,gewährleisten,,,
170,v,cooc,WEAK,water,irrigare,tränken,,,
171,v,cooc,WEAK,weather,consumare,angreifen,,,
172,v,cooc,WEAK,weigh,pesare,drücken,,,
173,v,cooc,WEAK,withdraw,ritirare,entziehen,,,
174,v,cooc,WEAK,work,lavorare,wirken,,,
175,v,cooc,WEAK,yield,cedere,ergeben,,,
