idx_group,pos,rel,weak,lex_en,lex_it,lex_de,score,bs_count,babel_synsets
0,n,head,,subdivision section,articolo sezione,Abschnitt,,1,bn:00070190n
1,n,sim,,module,modulo,Modul,0.34,1,bn:00055499n
2,n,sim,,chapter,capitolo,Kapitel,0.328,1,bn:00182115n
3,n,sim,,course,corso,Kurs,0.319,2,bn:00019477n bn:00019479n
4,n,sim,,page,pagina,Seite,0.316,1,bn:00060158n
5,n,sim,,paragraph,paragrafo,Absatz,0.316,1,bn:00060556n
6,n,sim,,part,parte,Teil,0.31,1,bn:00021395n
7,n,sim,,structure,struttura,Struktur,0.309,1,bn:00022071n
8,n,sim,,portion,parte,Teil,0.3,1,bn:00021395n
9,n,sim,,side,lato,Seite,0.3,2,bn:00032604n bn:00071433n
10,n,sim,,response,risposta,Antwort,0.297,3,bn:00067180n bn:00004451n bn:00004454n
11,n,sim,,order,ordine,Reihenfolge,0.296,0,
12,n,sim,,segment,parte,Teil,0.294,0,
13,n,sim,,book,libro,Buch,0.292,2,bn:00012059n bn:00012066n
14,n,sim,,movement,movimento,Bewegung,0.287,3,bn:00056030n bn:00036632n bn:00056029n
15,n,sim,,pattern,modello,Modell,0.286,0,
16,n,sim,,profile,profilo,Profil,0.285,2,bn:00064627n bn:00064628n
17,n,sim,,test,prova,Test,0.285,4,bn:00076647n bn:00032095n bn:00076648n bn:00032089n
18,n,sim,,form,forma,Form,0.283,11,bn:00026512n bn:00035909n bn:00035912n bn:00035915n bn:00016529n bn:00035913n bn:00021751n bn:00035908n bn:00035911n bn:00003882n bn:00035907n
19,n,sim,,principle,principio,Prinzip,0.282,1,bn:00064428n
20,n,sim,,number,numero,Anzahl,0.281,1,bn:00034394n
21,n,sim,,feature,caratteristica,Merkmal,0.279,1,bn:00065538n
22,n,sim,,review,recensione,Überprüfung,0.278,0,
23,n,sim,,term,termine,Begriff,0.277,1,bn:00076590n
24,n,sim,,text,testo,Text,0.275,2,bn:00076732n bn:00069638n
25,n,sim,,detail,dettaglio,Detail,0.274,3,bn:00026622n bn:00026624n bn:00026623n
26,n,sim,,field,campo,Feld,0.274,4,bn:00034265n bn:00034273n bn:00006752n bn:00034267n
27,n,sim,,discussion,discussione,Diskussion,0.272,1,bn:00027523n
28,n,sim,,message,messaggio,Mitteilung,0.272,0,
29,n,sim,,department,dipartimento,Abteilung,0.268,1,bn:00026308n
30,n,sim,,performance,prestazione,Leistung,0.267,1,bn:00016286n
31,n,sim,,right,diritto,Recht,0.267,1,bn:00067807n
32,n,sim,,control,controllo,Kontrolle,0.265,1,bn:17607444n
33,n,sim,,table,tabella,Tabelle,0.264,1,bn:00075812n
34,n,sim,,version,versione,Version,0.264,4,bn:00079827n bn:00047114n bn:00029773n bn:00001266n
35,n,sim,,list,lista,Liste,0.262,2,bn:00023140n bn:00051508n
36,n,sim,,treaty,trattato,Vertrag,0.262,1,bn:00000728n
37,n,sim,,article,articolo,Artikel,0.261,2,bn:00006121n bn:00006124n
38,n,sim,,model,modello,Modell,0.261,7,bn:00055447n bn:00022071n bn:00033735n bn:00032101n bn:00032100n bn:00036197n bn:00055448n
39,n,sim,,subparagraph,comma,Unterabsatz,0.261,1,bn:13766192n
40,n,sim,,region,regione,Region,0.26,2,bn:00005515n bn:00066884n
41,n,sim,,study,studio,Studie,0.26,2,bn:00071923n bn:00074790n
42,n,sim,,direction,direzione,Richtung,0.259,1,bn:00027353n
43,n,sim,,document,documento,Dokument,0.259,2,bn:00028018n bn:00028015n
44,n,sim,,event,evento,Ereignis,0.259,2,bn:00032021n bn:00032022n
45,n,sim,,nature,natura,Natur,0.259,3,bn:00057017n bn:00057016n bn:00075760n
46,n,sim,,requirement,requisito,Anforderung,0.259,1,bn:00064181n
47,n,sim,,block,blocco,Block,0.258,4,bn:00011308n bn:00007533n bn:00011315n bn:00011313n
48,n,sim,,criterion,criterio,Kriterium,0.258,2,bn:00023853n bn:00023854n
49,n,sim,,variety,specie,Art,0.256,1,bn:00035907n
50,n,sim,,definition,definizione,Definition,0.255,2,bn:00025928n bn:00025929n
51,n,sim,,history,storia,Geschichte,0.255,4,bn:00000738n bn:00044267n bn:00044268n bn:00044270n
52,n,sim,,land,paese,Land,0.252,2,bn:00023236n bn:00023235n
53,n,sim,,objective,obiettivo,Ziel,0.252,1,bn:00002179n
54,n,sim,,story,storia,Geschichte,0.252,2,bn:00056857n bn:00000738n
55,n,sim,,subject,oggetto,Gegenstand,0.252,1,bn:00074900n
56,n,sim,,use,uso,Verwendung,0.252,1,bn:00030627n
57,n,sim,,category,categoria,Kategorie,0.251,1,bn:00016733n
58,n,sim,,source,fonte,Quelle,0.25,2,bn:00046702n bn:00009635n
59,n,sim,,program,programma,Programm,0.247,4,bn:00062899n bn:00021492n bn:00021497n bn:00013235n
60,n,sim,,research,ricerca,Forschung,0.247,1,bn:00067280n
61,n,sim,,consideration,considerazione,Prüfung,0.246,0,
62,n,sim,,function,funzione,Funktion,0.245,3,bn:00036822n bn:00036821n bn:00036825n
63,n,sim,,rule,regola,Regel,0.245,2,bn:00064192n bn:00066933n
64,n,sim,,clause,clausola,Ziffer,0.244,0,
65,n,sim,,process,processo,Verfahren,0.244,1,bn:00064536n
66,n,sim,,regulation,regolamento,Verordnung,0.244,1,bn:00059436n
67,n,sim,,object,oggetto,Objekt,0.242,4,bn:00058442n bn:00002179n bn:00058445n bn:00058443n
68,n,sim,,system,sistema,System,0.242,7,bn:00075760n bn:00075763n bn:00075761n bn:00069580n bn:00005863n bn:00075759n bn:00075762n
69,n,sim,,tool,strumento,Instrument,0.241,3,bn:00077585n bn:00023662n bn:00046962n
70,n,sim,,content,contenuto,Inhalt,0.24,2,bn:00022153n bn:00022154n
71,n,sim,,group,gruppo,Gruppe,0.24,4,bn:00041943n bn:00073698n bn:00018111n bn:00041942n
72,n,sim,,center,centro,Zentrum,0.239,2,bn:00017123n bn:00017130n
73,n,sim,,date,data,Datum,0.239,2,bn:00025340n bn:00025338n
74,n,sim,,description,descrizione,Beschreibung,0.239,1,bn:01244302n
75,n,sim,,programme,programma,Programm,0.239,2,bn:00021492n bn:00013235n
76,n,sim,,recommendation,raccomandazione,Empfehlung,0.239,1,bn:00893309n
77,n,sim,,standard,norma,Norm,0.239,0,
78,n,sim,,area,zona,Bereich,0.238,1,bn:00082076n
79,n,sim,,contract,contratto,Auftrag,0.238,0,
80,n,sim,,method,metodo,Verfahren,0.238,1,bn:00054625n
81,n,sim,,point,punto,Punkt,0.238,4,bn:00063223n bn:00063214n bn:00036777n bn:00063218n
82,n,sim,,range,serie,Reihe,0.238,0,
83,n,sim,,centre,centro,Zentrum,0.237,2,bn:00017123n bn:00017130n
84,n,sim,,characteristic,caratteristica,Merkmal,0.237,2,bn:00065538n bn:00017762n
85,n,sim,,law,legge,Recht,0.236,2,bn:00050250n bn:00048655n
86,n,sim,,notification,notifica,Mitteilung,0.236,0,
87,n,sim,,dimension,dimensione,Dimension,0.235,4,bn:00027152n bn:00027151n bn:00007067n bn:00027153n
88,n,sim,,project,progetto,Projekt,0.234,1,bn:00064665n
89,n,sim,,question,domanda,Frage,0.234,1,bn:00047208n
90,n,sim,,piece,pezzo,Stück,0.232,2,bn:00062297n bn:00062299n
91,n,sim,,report,relazione,Bericht,0.232,1,bn:00067181n
92,n,sim,,application,applicazione,Anwendung,0.231,2,bn:00005095n bn:00005094n
93,n,sim,,station,stazione,Station,0.231,1,bn:00074049n
94,n,sim,,sector,settore,Sektor,0.23,1,bn:11333488n
95,n,sim,,proposal,proposta,Vorschlag,0.229,1,bn:03851567n
96,n,sim,,committee,comitato,Ausschuss,0.228,1,bn:00021015n
97,n,sim,,context,contesto,Kontext,0.228,2,bn:00022168n bn:00019219n
98,n,sim,,unit,unità,Einheit,0.228,1,bn:00079106n
99,n,sim,,vehicle,veicolo,Fahrzeug,0.228,1,bn:00079675n
100,n,sim,,circumstance,circostanza,Umstand,0.227,2,bn:00019218n bn:00019219n
101,n,sim,,value,valore,Wert,0.227,5,bn:00079509n bn:00079508n bn:00079511n bn:00029680n bn:00058151n
102,n,sim,,approach,approccio,Ansatz,0.226,0,
103,n,sim,,class,classe,Klasse,0.226,6,bn:00016733n bn:00019477n bn:00019479n bn:00019478n bn:00019483n bn:00019482n
104,n,sim,,community,comunità,Gemeinschaft,0.226,1,bn:00021248n
105,n,sim,,obligation,obbligo,Verpflichtung,0.226,1,bn:00029239n
106,n,sim,,statement,dichiarazione,Erklärung,0.226,0,
107,n,sim,,zone,zona,Zone,0.226,4,bn:00009824n bn:00082076n bn:00082073n bn:00040162n
108,n,sim,,information,informazione,Information,0.225,2,bn:00046698n bn:00046705n
109,n,sim,,interest,interesse,Interesse,0.225,6,bn:00047079n bn:00047080n bn:00047077n bn:00021556n bn:00047081n bn:00047083n
110,n,sim,,plan,piano,Plan,0.225,3,bn:00069579n bn:00026536n bn:00062759n
111,n,sim,,union,unione,Union,0.225,6,bn:00058032n bn:00079093n bn:00079077n bn:00021127n bn:00021881n bn:00079094n
112,n,sim,,management,gestione,Verwaltung,0.224,2,bn:00053116n bn:00027355n
113,n,sim,,organization,organizzazione,Organisation,0.224,5,bn:00059482n bn:00059480n bn:00005863n bn:00059483n bn:00001423n
114,n,sim,,release,pubblicazione,Veröffentlichung,0.224,0,
115,n,sim,,communication,comunicazione,Mitteilung,0.223,0,
116,n,sim,,conclusion,conclusione,Abschluss,0.223,0,
117,n,sim,,decision,decisione,Entscheidung,0.223,3,bn:00018661n bn:00003132n bn:00025693n
118,n,sim,,series,serie,Serie,0.223,5,bn:00070611n bn:00070613n bn:00070597n bn:00031227n bn:00070609n
119,n,sim,,case,caso,Fall,0.222,3,bn:00016403n bn:00016411n bn:00016402n
120,n,sim,,line,linea,Linie,0.222,4,bn:00051294n bn:00014165n bn:00014457n bn:00051289n
121,n,sim,,service,servizio,Dienst,0.221,1,bn:00070651n
122,n,sim,,activity,attività,Tätigkeit,0.22,1,bn:15840810n
123,n,sim,,analysis,analisi,Analyse,0.22,1,bn:00003794n
124,n,sim,,declaration,dichiarazione,Erklärung,0.22,0,
125,n,sim,,title,titolo,Titel,0.22,3,bn:00035925n bn:00077412n bn:00077409n
126,n,sim,,act,atto,Gesetz,0.219,0,
127,n,sim,,council,consiglio,Rat,0.219,1,bn:00023119n
128,n,sim,,material,materiale,Stoff,0.219,1,bn:00053801n
129,n,sim,,product,prodotto,Produkt,0.219,4,bn:00054416n bn:00064584n bn:00064585n bn:00053827n
130,n,sim,,protocol,protocollo,Protokoll,0.219,1,bn:00000728n
131,n,sim,,character,carattere,Charakter,0.218,1,bn:00017748n
132,n,sim,,display,mostra,Ausstellung,0.218,0,
133,n,sim,,institution,istituzione,Einrichtung,0.218,1,bn:27269439n
134,n,sim,,element,elemento,Element,0.217,6,bn:00030300n bn:00030301n bn:00018105n bn:00030299n bn:00021394n bn:00021396n
135,n,sim,,location,posizione,Lage,0.216,1,bn:00051760n
136,n,sim,,result,risultato,Ergebnis,0.216,3,bn:00021961n bn:00034520n bn:00004452n
137,n,sim,,development,sviluppo,Entwicklung,0.215,1,bn:07804057n
138,n,sim,,procedure,procedura,Verfahren,0.215,1,bn:00064536n
139,n,sim,,expenditure,spesa,Kosten,0.214,0,
140,n,sim,,ordinance,decreto,Verordnung,0.214,0,
141,n,sim,,letter,lettera,Buchstabe,0.212,1,bn:00003057n
142,n,sim,,network,rete,Netz,0.212,2,bn:00054497n bn:00024712n
143,n,sim,,work,lavoro,Arbeit,0.212,5,bn:00081569n bn:00030616n bn:00081570n bn:00030625n bn:00014138n
144,n,sim,,administration,amministrazione,Verwaltung,0.211,5,bn:00027355n bn:00001424n bn:00053116n bn:00001423n bn:00001422n
145,n,sim,,environment,ambiente,Umgebung,0.211,1,bn:00031075n
146,n,sim,,hall,sala,Halle,0.211,0,
147,n,sim,,position,posizione,Position,0.211,10,bn:00061746n bn:00054979n bn:00063708n bn:00063704n bn:00063703n bn:00010073n bn:00062704n bn:00063707n bn:00063706n bn:00007048n
148,n,sim,,representation,immagine,Darstellung,0.211,0,
149,n,sim,,certificate,certificato,Bescheinigung,0.21,1,bn:04514649n
150,n,sim,,agency,agenzia,Agentur,0.209,2,bn:00001962n bn:00001961n
151,n,sim,,building,edificio,Gebäude,0.209,1,bn:00013722n
152,n,sim,,room,sala,Raum,0.209,0,
153,n,sim,,agreement,accordo,Vereinbarung,0.207,1,bn:00002086n
154,n,sim,,district,distretto,Bezirk,0.207,1,bn:00027810n
155,n,sim,,operation,operazione,Betrieb,0.207,1,bn:00059129n
156,n,sim,,practice,pratica,Praxis,0.207,2,bn:00063989n bn:00063990n
157,n,sim,,reference,riferimento,Bezug,0.207,0,
158,n,sim,,amount,importo,Menge,0.206,0,
159,n,sim,,arrangement,accordo,Vereinbarung,0.206,1,bn:04094003n
160,n,sim,,assessment,valutazione,Bewertung,0.206,0,
161,n,sim,,authority,autorità,Behörde,0.206,0,
162,n,sim,,channel,canale,Kanal,0.206,2,bn:00017686n bn:00015144n
163,n,sim,,opinion,opinione,Stellungnahme,0.203,0,
164,n,sim,,level,livello,Ebene,0.202,0,
165,n,sim,,organisation,organizzazione,Organisation,0.202,5,bn:00059482n bn:00059480n bn:00005863n bn:00059483n bn:00001423n
166,n,sim,,amendment,emendamento,Änderung,0.201,0,
167,n,sim,,market,mercato,Markt,0.199,3,bn:00053459n bn:00053461n bn:00053458n
168,n,sim,,measure,misura,Maßnahme,0.199,0,
169,n,sim,,park,parco,Park,0.199,3,bn:00060690n bn:00021051n bn:00015795n
170,n,sim,,construction,costruzione,Bau,0.198,1,bn:00013723n
171,n,sim,,store,negozio,Laden,0.198,3,bn:00071215n bn:00012452n bn:00067417n
172,n,sim,,state,stato,Zustand,0.196,4,bn:17345320n bn:02108701n bn:02220665n bn:03347921n
173,n,sim,,court,tribunale,Gericht,0.195,3,bn:00023308n bn:00023302n bn:00023301n
174,n,sim,,instrument,strumento,Instrument,0.195,6,bn:00023662n bn:00046961n bn:00077585n bn:00046964n bn:00046965n bn:00046962n
175,n,sim,,investigation,indagine,Untersuchung,0.194,1,bn:00047354n
176,n,sim,,permit,autorizzazione,Genehmigung,0.193,2,bn:00050986n bn:00050987n
177,n,sim,,by-law,regolamento,Verordnung,0.192,0,
178,n,sim,,shop,negozio,Laden,0.192,1,bn:00071215n
179,n,sim,,bylaw,regolamento,Verordnung,0.191,0,
180,n,sim,,condition,condizione,Zustand,0.19,1,bn:13935995n
181,n,sim,,implementation,realizzazione,Durchführung,0.19,0,
182,n,sim,,evaluation,valutazione,Beurteilung,0.189,1,bn:00031973n
183,n,sim,,commission,commissione,Kommission,0.188,1,bn:06245657n
184,n,sim,,show,mostra,Ausstellung,0.188,0,
185,n,sim,,fact,fatto,Umstand,0.187,0,
186,n,sim,,aspect,aspetto,Aspekt,0.184,1,bn:00006385n
187,n,sim,,layout,disposizione,Gestaltung,0.184,0,
188,n,sim,,establishment,stabilimento,Einrichtung,0.182,0,
189,n,sim,,statute,legge,Gesetz,0.177,1,bn:00050588n
190,n,sim,,undertaking,impresa,Unternehmen,0.177,0,
191,n,sim,,digit,cifra,Ziffer,0.176,1,bn:00025702n
192,n,sim,,situation,situazione,Situation,0.175,3,bn:00063707n bn:00071858n bn:00071869n
193,n,sim,,downtown,centro,Innenstadt,0.171,2,bn:00017178n bn:00014155n
194,n,sim,,exception,deroga,Ausnahme,0.171,0,
195,n,sim,,interpretation,interpretazione,Auslegung,0.171,1,bn:04810972n
196,n,sim,,presentation,presentazione,Präsentation,0.165,1,bn:03468279n
197,n,sim,,cluster,gruppo,Gruppe,0.164,0,
198,n,sim,,territory,territorio,Gebiet,0.163,0,
199,n,sim,,register,lista,Liste,0.157,0,
200,n,sim,,restraint,restrizione,Beschränkung,0.154,0,
201,n,sim,,publication,pubblicazione,Veröffentlichung,0.148,3,bn:00047693n bn:00065106n bn:00065108n
202,n,sim,,modification,modifica,Änderung,0.145,2,bn:00003125n bn:00001410n
203,n,sim,,scope,portata,Umfang,0.144,0,
204,n,sim,,sentence,frase,Satz,0.143,1,bn:00070528n
205,n,sim,,depot,stazione,Bahnhof,0.141,0,
206,n,sim,,valuation,valutazione,Bewertung,0.138,1,bn:18019567n
207,n,sim,,appraisal,valutazione,Bewertung,0.136,0,
208,n,sim,,ditch,canale,Kanal,0.134,0,
209,n,sim,,canal,canale,Kanal,0.129,2,bn:00015144n bn:00015145n
210,n,sim,,topic,argomento,Gegenstand,0.128,1,bn:00074900n
1,n,sim,WEAK,account,motivo,Rechnung,,,
2,n,sim,WEAK,action,azione,Wirkung,,,
3,n,sim,WEAK,aid,aiuto,Mittel,,,
4,n,sim,WEAK,audit,controllo,Prüfung,,,
5,n,sim,WEAK,bank,banca,Reihe,,,
6,n,sim,WEAK,bar,misura,Stück,,,
7,n,sim,WEAK,base,base,Unterlage,,,
8,n,sim,WEAK,batch,gruppo,Partie,,,
9,n,sim,WEAK,bill,documento,Rechnung,,,
10,n,sim,WEAK,board,consiglio,Ausschuss,,,
11,n,sim,WEAK,body,organismo,Gruppe,,,
12,n,sim,WEAK,branch,sezione,Filiale,,,
13,n,sim,WEAK,business,azienda,Unternehmen,,,
14,n,sim,WEAK,calculation,previsione,Rechnung,,,
15,n,sim,WEAK,campaign,campagna,Zug,,,
16,n,sim,WEAK,capacity,capacità,Leistung,,,
17,n,sim,WEAK,card,scheda,Karte,,,
18,n,sim,WEAK,change,resto,Änderung,,,
19,n,sim,WEAK,charter,carta,Zulassung,,,
20,n,sim,WEAK,classification,classificazione,Bestimmung,,,
21,n,sim,WEAK,combination,associazione,Verbindung,,,
22,n,sim,WEAK,commitment,impegno,Verpflichtung,,,
23,n,sim,WEAK,company,azienda,Gemeinschaft,,,
24,n,sim,WEAK,component,componente,Teil,,,
25,n,sim,WEAK,composition,formazione,Aufbau,,,
26,n,sim,WEAK,constitution,legge,Einrichtung,,,
27,n,sim,WEAK,convention,convenzione,Abkommen,,,
28,n,sim,WEAK,copy,argomento,Pause,,,
29,n,sim,WEAK,cost,prezzo,Kosten,,,
30,n,sim,WEAK,countryside,campagna,Natur,,,
31,n,sim,WEAK,datum,dato,Datum,,,
32,n,sim,WEAK,denomination,denominazione,Wert,,,
33,n,sim,WEAK,design,disegno,Entwurf,,,
34,n,sim,WEAK,device,dispositivo,Mittel,,,
35,n,sim,WEAK,division,divisione,Abteilung,,,
36,n,sim,WEAK,end,termine,Zweck,,,
37,n,sim,WEAK,entity,entità,Objekt,,,
38,n,sim,WEAK,entry,voce,Artikel,,,
39,n,sim,WEAK,estate,fondo,Grundstück,,,
40,n,sim,WEAK,estimate,valutazione,Ansatz,,,
41,n,sim,WEAK,expansion,sviluppo,Erweiterung,,,
42,n,sim,WEAK,experience,esperienza,Praxis,,,
43,n,sim,WEAK,extension,interno,Erweiterung,,,
44,n,sim,WEAK,facility,infrastruttura,Einrichtung,,,
45,n,sim,WEAK,factory,stabilimento,Werk,,,
46,n,sim,WEAK,figure,figura,Zahl,,,
47,n,sim,WEAK,file,archivio,Liste,,,
48,n,sim,WEAK,formation,formazione,Gestaltung,,,
49,n,sim,WEAK,formula,ricetta,Formel,,,
50,n,sim,WEAK,frame,struttura,Rahmen,,,
51,n,sim,WEAK,framework,contesto,Rahmen,,,
52,n,sim,WEAK,government,governo,Verwaltung,,,
53,n,sim,WEAK,grant,sovvenzione,Beihilfe,,,
54,n,sim,WEAK,house,edificio,Haushalt,,,
55,n,sim,WEAK,idea,idea,Vorstellung,,,
56,n,sim,WEAK,identification,documento,Feststellung,,,
57,n,sim,WEAK,image,immagine,Vorstellung,,,
58,n,sim,WEAK,instalment,quota,Folge,,,
59,n,sim,WEAK,instruction,istruzione,Unterricht,,,
60,n,sim,WEAK,issue,questione,Ausgabe,,,
61,n,sim,WEAK,item,voce,Artikel,,,
62,n,sim,WEAK,jurisdiction,territorio,Zuständigkeit,,,
63,n,sim,WEAK,kind,tipo,Art,,,
64,n,sim,WEAK,map,carta,Karte,,,
65,n,sim,WEAK,medium,mezzo,Medium,,,
66,n,sim,WEAK,notice,nota,Mitteilung,,,
67,n,sim,WEAK,occupation,lavoro,Tätigkeit,,,
68,n,sim,WEAK,offence,infrazione,Offensive,,,
69,n,sim,WEAK,offer,offerta,Vorschlag,,,
70,n,sim,WEAK,office,ufficio,Stelle,,,
71,n,sim,WEAK,option,scelta,Möglichkeit,,,
72,n,sim,WEAK,outline,profilo,Entwurf,,,
73,n,sim,WEAK,panel,quadro,Feld,,,
74,n,sim,WEAK,paper,carta,Arbeit,,,
75,n,sim,WEAK,party,gruppo,Partei,,,
76,n,sim,WEAK,path,corso,Bahn,,,
77,n,sim,WEAK,picture,immagine,Vorstellung,,,
78,n,sim,WEAK,place,posizione,Stelle,,,
79,n,sim,WEAK,plain,piano,Ebene,,,
80,n,sim,WEAK,platform,piattaforma,Gleis,,,
81,n,sim,WEAK,plea,richiesta,Begründung,,,
82,n,sim,WEAK,policy,politica,Regel,,,
83,n,sim,WEAK,precinct,territorio,Bezirk,,,
84,n,sim,WEAK,production,produzione,Entwicklung,,,
85,n,sim,WEAK,property,caratteristica,Objekt,,,
86,n,sim,WEAK,protection,presidio,Abwehr,,,
87,n,sim,WEAK,provision,clausola,Bestimmung,,,
88,n,sim,WEAK,purpose,effetto,Zweck,,,
89,n,sim,WEAK,qualification,requisito,Qualifikation,,,
90,n,sim,WEAK,record,registrazione,Protokoll,,,
91,n,sim,WEAK,regime,regime,System,,,
92,n,sim,WEAK,registration,registrazione,Zulassung,,,
93,n,sim,WEAK,remark,osservazione,Kommentar,,,
94,n,sim,WEAK,remedy,cura,Mittel,,,
95,n,sim,WEAK,resource,risorsa,Mittel,,,
96,n,sim,WEAK,sanction,sanzione,Genehmigung,,,
97,n,sim,WEAK,scene,quadro,Szene,,,
98,n,sim,WEAK,schedule,programma,Plan,,,
99,n,sim,WEAK,scheme,sistema,Programm,,,
100,n,sim,WEAK,section,sezione,Kapitel,,,
101,n,sim,WEAK,session,riunione,Schuljahr,,,
102,n,sim,WEAK,set,serie,Satz,,,
103,n,sim,WEAK,setting,ambiente,Rahmen,,,
104,n,sim,WEAK,settlement,soluzione,Regelung,,,
105,n,sim,WEAK,significance,momento,Bedeutung,,,
106,n,sim,WEAK,size,dimensione,Umfang,,,
107,n,sim,WEAK,society,società,Verbindung,,,
108,n,sim,WEAK,spot,punto,Stelle,,,
109,n,sim,WEAK,square,piazza,Feld,,,
110,n,sim,WEAK,stage,fase,Stufe,,,
111,n,sim,WEAK,step,misura,Schritt,,,
112,n,sim,WEAK,strength,forza,Zahl,,,
113,n,sim,WEAK,style,modello,Stil,,,
114,n,sim,WEAK,team,squadra,Gruppe,,,
115,n,sim,WEAK,theme,tema,Gegenstand,,,
116,n,sim,WEAK,type,tipo,Art,,,
117,n,sim,WEAK,verification,verifica,Überprüfung,,,
118,n,sim,WEAK,view,visione,Ansicht,,,
119,n,sim,WEAK,village,paese,Dorf,,,
120,n,sim,WEAK,volume,volume,Band,,,
121,n,sim,WEAK,ward,reparto,Station,,,
122,n,sim,WEAK,way,percorso,Weise,,,
123,n,sim,WEAK,wording,formulazione,Wortlaut,,,
1,n,cooc,,comment,commento,Anmerkung,0.581,0,
2,n,cooc,,guidance,guida,Führung,0.507,0,
3,n,cooc,,[number],numero,Nummer,0.501,0,
4,n,cooc,,code,codice,Code,0.498,3,bn:00020352n bn:00020353n bn:00020354n
5,n,cooc,,chapter,capitolo,Kapitel,0.485,1,bn:00182115n
6,n,cooc,,b,b,B,0.453,13,bn:00007597n bn:00007595n bn:00006880n bn:00010731n bn:00071394n bn:00007599n bn:00007598n bn:00007596n bn:00007821n bn:00035081n bn:00014365n bn:00007594n bn:00010708n
7,n,cooc,,subsection,sottosezione,Unterabschnitt,0.448,1,bn:00074884n
8,n,cooc,,review,recensione,Überprüfung,0.447,0,
9,n,cooc,,topic,argomento,Thema,0.445,1,bn:00074900n
10,n,cooc,,notification,notifica,Mitteilung,0.444,0,
11,n,cooc,,ordinance,decreto,Verordnung,0.444,0,
12,n,cooc,,title,titolo,Titel,0.443,3,bn:00035925n bn:00077412n bn:00077409n
13,n,cooc,,sub-section,sottosezione,Unterabschnitt,0.435,0,
14,n,cooc,,bottleneck,strozzatura,Engpass,0.434,0,
15,n,cooc,,point,punto,Punkt,0.433,4,bn:00063223n bn:00063214n bn:00036777n bn:00063218n
16,n,cooc,,paragraph,paragrafo,Absatz,0.432,1,bn:00060556n
17,n,cooc,,bylaw,regolamento,Verordnung,0.425,0,
18,n,cooc,,class,classe,Klasse,0.422,6,bn:00016733n bn:00019477n bn:00019479n bn:00019478n bn:00019483n bn:00019482n
19,n,cooc,,statute,statuto,Statut,0.42,0,
20,n,cooc,,category,categoria,Kategorie,0.419,1,bn:00016733n
21,n,cooc,,investigation,inchiesta,Untersuchung,0.418,1,bn:00047354n
22,n,cooc,,part,parte,Teil,0.418,1,bn:00021395n
23,n,cooc,,book,libro,Buch,0.417,2,bn:00012059n bn:00012066n
24,n,cooc,,page,pagina,Seite,0.417,1,bn:00060158n
25,n,cooc,,regulation,regolamento,Verordnung,0.414,1,bn:00059436n
26,n,cooc,,portion,parte,Teil,0.41,1,bn:00021395n
27,n,cooc,,table,tabella,Tabelle,0.409,1,bn:00075812n
28,n,cooc,,document,documento,Dokument,0.407,2,bn:00028018n bn:00028015n
29,n,cooc,,information,informazione,Information,0.401,2,bn:00046698n bn:00046705n
30,n,cooc,,description,descrizione,Beschreibung,0.396,1,bn:01244302n
31,n,cooc,,e,e,E,0.395,11,bn:00054706n bn:00054052n bn:00040764n bn:00031270n bn:00029342n bn:00029340n bn:00029050n bn:00029341n bn:00006930n bn:00030231n bn:00053983n
32,n,cooc,,road,strada,Straße,0.391,1,bn:00067975n
33,n,cooc,,length,lunghezza,Länge,0.389,2,bn:00027749n bn:00050662n
34,n,cooc,,list,lista,Liste,0.388,2,bn:00023140n bn:00051508n
35,n,cooc,,kilometre,chilometro,Kilometer,0.383,1,bn:00049112n
36,n,cooc,,row,riga,Zeile,0.379,1,bn:00068426n
37,n,cooc,,f,f,F,0.378,14,bn:00061937n bn:00036014n bn:00021475n bn:00006921n bn:00052747n bn:00032580n bn:00032575n bn:00036821n bn:00035768n bn:00032574n bn:00034512n bn:00036512n bn:00025971n bn:00036440n
38,n,cooc,,group,gruppo,Gruppe,0.378,4,bn:00041943n bn:00073698n bn:00018111n bn:00041942n
39,n,cooc,,delivery,consegna,Lieferung,0.369,1,bn:00013142n
40,n,cooc,,material,materiale,Stoff,0.369,1,bn:00053801n
41,n,cooc,,aisle,corridoio,Gang,0.362,1,bn:00002320n
42,n,cooc,,department,dipartimento,Abteilung,0.362,1,bn:00026308n
43,n,cooc,,motorway,autostrada,Autobahn,0.361,2,bn:00032402n bn:00078690n
44,n,cooc,,approval,approvazione,Genehmigung,0.358,0,
45,n,cooc,,article,articolo,Artikel,0.357,2,bn:00006121n bn:00006124n
46,n,cooc,,line,linea,Zeile,0.355,0,
47,n,cooc,,number,numero,Nummer,0.355,1,bn:02929223n
48,n,cooc,,test,esame,Prüfung,0.351,1,bn:00032095n
49,n,cooc,,lot,quantità,Partie,0.349,0,
50,n,cooc,,authorisation,autorizzazione,Genehmigung,0.348,0,
51,n,cooc,,reference,riferimento,Bezug,0.344,0,
52,n,cooc,,course,corso,Verlauf,0.341,0,
53,n,cooc,,text,testo,Text,0.338,2,bn:00076732n bn:00069638n
54,n,cooc,,section,sezione,Abschnitt,0.336,1,bn:00070190n
55,n,cooc,,result,fine,Ende,0.33,0,
56,n,cooc,,modulus,modulo,Modul,0.328,0,
57,n,cooc,,party,gruppo,Gruppe,0.32,0,
58,n,cooc,,street,strada,Straße,0.317,2,bn:00074595n bn:00067975n
59,n,cooc,,area,area,Bereich,0.313,2,bn:00082076n bn:00003268n
60,n,cooc,,phase,fase,Phase,0.309,4,bn:00061900n bn:00061898n bn:00035914n bn:00076588n
61,n,cooc,,end,fine,Ende,0.305,3,bn:00030722n bn:00019919n bn:00030719n
62,n,cooc,,application,applicazione,Anwendung,0.3,2,bn:00005095n bn:00005094n
63,n,cooc,,module,modulo,Modul,0.291,1,bn:00055499n
64,n,cooc,,highway,autostrada,Autobahn,0.285,2,bn:00032402n bn:00078690n
65,n,cooc,,process,procedimento,Verfahren,0.284,2,bn:00064536n bn:00054625n
66,n,cooc,,control,controllo,Kontrolle,0.282,1,bn:17607444n
67,n,cooc,,permit,autorizzazione,Genehmigung,0.273,2,bn:00050986n bn:00050987n
68,n,cooc,,project,progetto,Vorhaben,0.259,0,
69,n,cooc,,team,squadra,Mannschaft,0.225,1,bn:00073699n
70,n,cooc,,room,spazio,Platz,0.206,0,
1,n,cooc,WEAK,agency,ufficio,Kraft,,,
2,n,cooc,WEAK,agreement,accordo,Übereinstimmung,,,
3,n,cooc,WEAK,amendment,emendamento,Berichtigung,,,
4,n,cooc,WEAK,arrangement,accordo,Regelung,,,
5,n,cooc,WEAK,band,fascia,Gruppe,,,
6,n,cooc,WEAK,bar,misura,Stab,,,
7,n,cooc,WEAK,branch,succursale,Ende,,,
8,n,cooc,WEAK,case,caso,Argument,,,
9,n,cooc,WEAK,check,controllo,Prüfung,,,
10,n,cooc,WEAK,column,rubrica,Spalte,,,
11,n,cooc,WEAK,combination,associazione,Zusammenfassung,,,
12,n,cooc,WEAK,conclusion,termine,Abschluss,,,
13,n,cooc,WEAK,county,circoscrizione,Bezirk,,,
14,n,cooc,WEAK,court,tribunale,Platz,,,
15,n,cooc,WEAK,deal,accordo,Teil,,,
16,n,cooc,WEAK,definition,impostazione,Definition,,,
17,n,cooc,WEAK,detail,dettaglio,Ausschnitt,,,
18,n,cooc,WEAK,digit,numero,Ziffer,,,
19,n,cooc,WEAK,district,circoscrizione,Bezirk,,,
20,n,cooc,WEAK,division,divisione,Abteilung,,,
21,n,cooc,WEAK,draught,bozza,Zug,,,
22,n,cooc,WEAK,drive,guida,Tour,,,
23,n,cooc,WEAK,element,componente,Moment,,,
24,n,cooc,WEAK,head,capo,Stück,,,
25,n,cooc,WEAK,heading,titolo,Überschrift,,,
26,n,cooc,WEAK,height,quota,Höhe,,,
27,n,cooc,WEAK,home,casa,Ziel,,,
28,n,cooc,WEAK,instance,caso,Beispiel,,,
29,n,cooc,WEAK,introduction,presentazione,Einleitung,,,
30,n,cooc,WEAK,item,voce,Artikel,,,
31,n,cooc,WEAK,law,legge,Regel,,,
32,n,cooc,WEAK,layout,disposizione,Anlage,,,
33,n,cooc,WEAK,mark,voto,Kennzeichnung,,,
34,n,cooc,WEAK,notation,nota,Anmerkung,,,
35,n,cooc,WEAK,note,nota,Anmerkung,,,
36,n,cooc,WEAK,opening,inizio,Eröffnung,,,
37,n,cooc,WEAK,panel,gruppo,Feld,,,
38,n,cooc,WEAK,piece,parte,Stück,,,
39,n,cooc,WEAK,place,sito,Platz,,,
40,n,cooc,WEAK,plan,programma,Vorhaben,,,
41,n,cooc,WEAK,precinct,circoscrizione,Bezirk,,,
42,n,cooc,WEAK,press,stampa,Druck,,,
43,n,cooc,WEAK,produce,produzione,Erzeugnis,,,
44,n,cooc,WEAK,rail,ferrovia,Gleis,,,
45,n,cooc,WEAK,range,serie,Tragweite,,,
46,n,cooc,WEAK,reader,lettore,Lektüre,,,
47,n,cooc,WEAK,reading,indicazione,Lektüre,,,
48,n,cooc,WEAK,record,documento,Aufnahme,,,
49,n,cooc,WEAK,report,relazione,Mitteilung,,,
50,n,cooc,WEAK,request,richiesta,Anforderung,,,
51,n,cooc,WEAK,rule,norma,Regel,,,
52,n,cooc,WEAK,seat,sede,Platz,,,
53,n,cooc,WEAK,segment,parte,Segment,,,
54,n,cooc,WEAK,size,misura,Höhe,,,
55,n,cooc,WEAK,split,divisione,Spalt,,,
56,n,cooc,WEAK,string,serie,Faden,,,
57,n,cooc,WEAK,study,studio,Untersuchung,,,
58,n,cooc,WEAK,style,classe,Art,,,
59,n,cooc,WEAK,summary,prospetto,Zusammenfassung,,,
60,n,cooc,WEAK,survey,studio,Untersuchung,,,
61,n,cooc,WEAK,term,termine,Bezeichnung,,,
62,n,cooc,WEAK,tip,suggerimento,Hinweis,,,
63,n,cooc,WEAK,town,città,Platz,,,
64,n,cooc,WEAK,unit,gruppo,Anlage,,,
65,n,cooc,WEAK,view,vista,Überblick,,,
66,n,cooc,WEAK,vista,vista,Bild,,,
67,n,cooc,WEAK,ward,reparto,Station,,,
68,n,cooc,WEAK,zone,fascia,Zone,,,
1,adj,cooc,,previous,precedente,vorhergehend,0.594,1,bn:00107791a
2,adj,cooc,,cross-border,transfrontaliera,grenzüberschreitend,0.492,0,
3,adj,cooc,,relevant,pertinente,relevant,0.479,1,bn:00109659a
4,adj,cooc,,special,speciale,speziell,0.472,1,bn:00108295a
5,adj,cooc,,pursuant,secondo,gemäß,0.453,0,
6,adj,cooc,,corresponding,corrispondente,entsprechend,0.447,0,
7,adj,cooc,,separate,separato,getrennt,0.447,1,bn:00103316a
8,adj,cooc,,interesting,interessante,interessant,0.443,1,bn:00105276a
9,adj,cooc,,short,breve,kurz,0.434,1,bn:00110562a
10,adj,cooc,,brief,breve,kurz,0.425,0,
11,adj,cooc,,different,diverso,verschieden,0.408,0,
12,adj,cooc,,certain,determinato,bestimmt,0.407,0,
13,adj,cooc,,long,lungo,lang,0.385,1,bn:00106124a
14,adj,cooc,,broad,ampio,breit,0.384,1,bn:00098887a
15,adj,cooc,,lengthy,lungo,lang,0.384,0,
16,adj,cooc,,distinct,distinto,verschieden,0.382,0,
17,adj,cooc,,respective,rispettivo,jeweilig,0.382,0,
18,adj,cooc,,final,finale,final,0.377,2,bn:00102969a bn:00100203a
19,adj,cooc,,new,nuovo,neu,0.376,1,bn:00107267a
20,adj,cooc,,wide,ampio,breit,0.376,1,bn:00098887a
21,adj,cooc,,additional,aggiuntivo,zusätzlich,0.367,0,
22,adj,cooc,,introductory,introduttivo,einleitend,0.362,0,
23,adj,cooc,,detailed,dettagliato,ausführlich,0.349,0,
24,adj,cooc,,applicable,applicabile,anwendbar,0.334,0,
25,adj,cooc,,critical,critico,kritisch,0.325,1,bn:00100673a
26,adj,cooc,,small,piccolo,klein,0.317,0,
27,adj,cooc,,low,piccolo,klein,0.306,0,
1,adj,cooc,WEAK,appropriate,adatto,entsprechend,,,
2,adj,cooc,WEAK,available,disponibile,vorliegend,,,
3,adj,cooc,WEAK,close,chiuso,nah,,,
4,adj,cooc,WEAK,compatible,compatibile,passend,,,
5,adj,cooc,WEAK,complete,completo,komplett,,,
6,adj,cooc,WEAK,comprehensive,comprensivo,ausführlich,,,
7,adj,cooc,WEAK,concerned,interessato,betroffen,,,
8,adj,cooc,WEAK,entire,intero,gesamt,,,
9,adj,cooc,WEAK,fine,fine,schön,,,
10,adj,cooc,WEAK,full,pieno,ausführlich,,,
11,adj,cooc,WEAK,further,altro,zusätzlich,,,
12,adj,cooc,WEAK,great,grande,schön,,,
13,adj,cooc,WEAK,heavy,grande,grob,,,
14,adj,cooc,WEAK,independent,indipendente,eigen,,,
15,adj,cooc,WEAK,individual,singolo,einzeln,,,
16,adj,cooc,WEAK,large,grande,lang,,,
17,adj,cooc,WEAK,last,ultimo,vorig,,,
18,adj,cooc,WEAK,late,ultimo,spät,,,
19,adj,cooc,WEAK,major,grande,bedeutend,,,
20,adj,cooc,WEAK,open,aperto,weit,,,
21,adj,cooc,WEAK,particular,particolare,speziell,,,
22,adj,cooc,WEAK,preceding,precedente,vorangegangen,,,
23,adj,cooc,WEAK,regional,regionale,landschaftlich,,,
24,adj,cooc,WEAK,representative,rappresentativo,repräsentativ,,,
25,adj,cooc,WEAK,several,diverso,jeweilig,,,
26,adj,cooc,WEAK,specific,specifico,bestimmt,,,
27,adj,cooc,WEAK,subsequent,successivo,anschließend,,,
28,adj,cooc,WEAK,thin,sottile,schmal,,,
29,adj,cooc,WEAK,various,vario,verschieden,,,
30,adj,cooc,WEAK,whole,intero,gesamt,,,
1,v,cooc,,devote,dedicare,widmen,0.571,1,bn:00085427v
2,v,cooc,,dedicate,dedicare,widmen,0.553,2,bn:00085427v bn:00086428v
3,v,cooc,,consult,consultare,konsultieren,0.505,0,
4,v,cooc,,read,leggere,lesen,0.469,1,bn:00092426v
5,v,cooc,,describe,descrivere,beschreiben,0.466,1,bn:00082233v
6,v,cooc,,display,mostrare,anzeigen,0.451,0,
7,v,cooc,,complete,completare,abschließen,0.45,0,
8,v,cooc,,see,vedere,sehen,0.447,2,bn:00093430v bn:00092443v
9,v,cooc,,summarize,riassumere,zusammenfassen,0.437,2,bn:00092916v bn:00094585v
10,v,cooc,,manufacture,produrre,herstellen,0.427,0,
11,v,cooc,,follow,seguire,folgen,0.423,1,bn:00088020v
12,v,cooc,,show,mostrare,anzeigen,0.42,0,
13,v,cooc,,discuss,discutere,diskutieren,0.418,0,
14,v,cooc,,explain,spiegare,erklären,0.417,1,bn:00087819v
15,v,cooc,,contain,contenere,enthalten,0.413,1,bn:00083225v
16,v,cooc,,modify,modificare,ändern,0.404,1,bn:00082553v
17,v,cooc,,alter,modificare,ändern,0.397,1,bn:00082553v
18,v,cooc,,outline,delineare,skizzieren,0.397,0,
19,v,cooc,,pass,passare,passieren,0.397,1,bn:00091307v
20,v,cooc,,summarise,riassumere,zusammenfassen,0.395,2,bn:00092916v bn:00094585v
21,v,cooc,,include,includere,umfassen,0.391,0,
22,v,cooc,,draw,trarre,ziehen,0.385,0,
23,v,cooc,,require,richiedere,erfordern,0.383,0,
24,v,cooc,,amend,emendare,ändern,0.381,0,
25,v,cooc,,insert,inserire,einfügen,0.38,1,bn:00087681v
26,v,cooc,,quote,citare,zitieren,0.38,1,bn:00085007v
27,v,cooc,,authorize,autorizzare,genehmigen,0.376,0,
28,v,cooc,,mean,dire,bedeuten,0.373,1,bn:00089805v
29,v,cooc,,precede,precedere,vorausgehen,0.373,2,bn:00090247v bn:00082660v
30,v,cooc,,cite,citare,zitieren,0.372,1,bn:00085007v
31,v,cooc,,top,superare,übersteigen,0.372,0,
32,v,cooc,,treat,trattare,behandeln,0.372,1,bn:00084532v
33,v,cooc,,offer,offrire,bieten,0.369,0,
34,v,cooc,,remove,rimuovere,entfernen,0.365,0,
35,v,cooc,,finish,finire,beenden,0.364,1,bn:00085475v
36,v,cooc,,repeat,ripetere,wiederholen,0.363,2,bn:00089731v bn:00087174v
37,v,cooc,,declare,dichiarare,erklären,0.36,1,bn:00086380v
38,v,cooc,,identify,identificare,identifizieren,0.36,1,bn:00089574v
39,v,cooc,,cut,tagliare,abschneiden,0.358,1,bn:00086178v
40,v,cooc,,end,finire,beenden,0.358,1,bn:00087608v
41,v,cooc,,correspond,corrispondere,entsprechen,0.357,1,bn:00082477v
42,v,cooc,,present,presentare,vorstellen,0.353,0,
43,v,cooc,,absorb,occupare,aufnehmen,0.352,0,
44,v,cooc,,document,documentare,dokumentieren,0.349,1,bn:00087137v
45,v,cooc,,look,guardare,sehen,0.349,0,
46,v,cooc,,delete,cancellare,löschen,0.347,2,bn:00087490v bn:00086518v
47,v,cooc,,guarantee,garantire,gewährleisten,0.346,0,
48,v,cooc,,suggest,suggerire,andeuten,0.346,0,
49,v,cooc,,add,aggiungere,hinzufügen,0.341,1,bn:00082318v
50,v,cooc,,contemplate,contemplare,betrachten,0.341,1,bn:00085703v
51,v,cooc,,allow,consentire,zulassen,0.34,0,
52,v,cooc,,enclose,allegare,beifügen,0.34,0,
53,v,cooc,,remain,rimanere,bleiben,0.34,3,bn:00085719v bn:00091562v bn:00092756v
54,v,cooc,,connect,collegare,verbinden,0.339,1,bn:00085623v
55,v,cooc,,mark,segnare,markieren,0.339,0,
56,v,cooc,,choose,scegliere,wählen,0.336,1,bn:00084931v
57,v,cooc,,do,fare,machen,0.335,1,bn:00082286v
58,v,cooc,,request,richiedere,anfordern,0.335,0,
59,v,cooc,,list,elencare,auflisten,0.334,0,
60,v,cooc,,open,aprire,eröffnen,0.334,0,
61,v,cooc,,define,definire,definieren,0.333,1,bn:00086465v
62,v,cooc,,use,utilizzare,verwenden,0.331,1,bn:00082705v
63,v,cooc,,bound,limitare,begrenzen,0.33,0,
64,v,cooc,,close,chiudere,schließen,0.33,1,bn:00085162v
65,v,cooc,,cover,coprire,decken,0.33,2,bn:00085917v bn:00084032v
66,v,cooc,,link,collegare,verbinden,0.33,1,bn:00085623v
67,v,cooc,,approve,approvare,genehmigen,0.328,0,
68,v,cooc,,check,controllare,überprüfen,0.328,2,bn:00084848v bn:00084865v
69,v,cooc,,rebuild,ricostruire,umbauen,0.328,0,
70,v,cooc,,mention,menzionare,erwähnen,0.327,1,bn:00082412v
71,v,cooc,,review,rivedere,überprüfen,0.325,0,
72,v,cooc,,specify,specificare,angeben,0.325,0,
73,v,cooc,,pertain,riguardare,betreffen,0.324,1,bn:00083240v
74,v,cooc,,replace,sostituire,ersetzen,0.323,2,bn:00087802v bn:00092817v
75,v,cooc,,make,fare,machen,0.321,3,bn:00084198v bn:00086013v bn:00086008v
76,v,cooc,,find,trovare,finden,0.32,2,bn:00088204v bn:00084231v
77,v,cooc,,ensure,garantire,gewährleisten,0.319,1,bn:00082812v
78,v,cooc,,introduce,introdurre,einführen,0.318,0,
79,v,cooc,,revise,rivedere,überarbeiten,0.318,0,
80,v,cooc,,limit,limitare,begrenzen,0.317,0,
81,v,cooc,,measure,misurare,messen,0.315,1,bn:00090715v
82,v,cooc,,serve,servire,dienen,0.313,1,bn:00082867v
83,v,cooc,,consider,considerare,betrachten,0.312,0,
84,v,cooc,,demonstrate,dimostrare,zeigen,0.312,2,bn:00086557v bn:00086567v
85,v,cooc,,elect,eleggere,wählen,0.312,0,
86,v,cooc,,examine,esaminare,prüfen,0.311,0,
87,v,cooc,,form,formare,bilden,0.31,1,bn:00088490v
88,v,cooc,,miss,perdere,fehlen,0.31,0,
89,v,cooc,,call,chiamare,nennen,0.309,1,bn:00084385v
90,v,cooc,,exclude,escludere,ausschließen,0.309,0,
91,v,cooc,,separate,separare,trennen,0.307,0,
92,v,cooc,,go,andare,gehen,0.305,2,bn:00086600v bn:00088629v
93,v,cooc,,seem,sembrare,scheinen,0.305,1,bn:00082690v
94,v,cooc,,analyze,analizzare,analysieren,0.304,1,bn:00082596v
95,v,cooc,,designate,designare,benennen,0.304,0,
96,v,cooc,,explore,esplorare,erkunden,0.303,0,
97,v,cooc,,illustrate,illustrare,veranschaulichen,0.3,0,
98,v,cooc,,reveal,svelare,offenbaren,0.297,0,
99,v,cooc,,give,dare,geben,0.296,2,bn:00088815v bn:00088825v
100,v,cooc,,inspect,controllare,überprüfen,0.293,0,
101,v,cooc,,regard,considerare,betrachten,0.29,0,
102,v,cooc,,create,creare,schaffen,0.288,1,bn:00086009v
103,v,cooc,,subdivide,suddividere,unterteilen,0.288,0,
104,v,cooc,,control,controllare,kontrollieren,0.284,1,bn:00085404v
105,v,cooc,,cross,attraversare,durchqueren,0.284,0,
106,v,cooc,,represent,rappresentare,darstellen,0.283,1,bn:00083187v
107,v,cooc,,analyse,analizzare,analysieren,0.281,1,bn:00082596v
108,v,cooc,,fulfill,soddisfare,erfüllen,0.281,0,
109,v,cooc,,indicate,indicare,zeigen,0.28,0,
110,v,cooc,,locate,individuare,finden,0.274,0,
111,v,cooc,,implement,realizzare,realisieren,0.271,0,
112,v,cooc,,preclude,precludere,ausschließen,0.267,1,bn:00088454v
113,v,cooc,,restrict,limitare,beschränken,0.267,0,
114,v,cooc,,permit,permettere,zulassen,0.266,0,
115,v,cooc,,extend,ampliare,erweitern,0.265,1,bn:00084121v
116,v,cooc,,point,indicare,zeigen,0.262,0,
117,v,cooc,,number,contare,zählen,0.261,0,
118,v,cooc,,perform,svolgere,ausführen,0.261,0,
119,v,cooc,,retain,conservare,behalten,0.259,1,bn:00089386v
120,v,cooc,,name,denominare,nennen,0.257,1,bn:00084385v
121,v,cooc,,exist,esistere,bestehen,0.254,1,bn:00083184v
122,v,cooc,,multiply,moltiplicare,multiplizieren,0.253,1,bn:00090977v
123,v,cooc,,build,costruire,bauen,0.251,1,bn:00084198v
124,v,cooc,,warrant,garantire,gewährleisten,0.25,0,
125,v,cooc,,constitute,costituire,bilden,0.242,1,bn:00083187v
126,v,cooc,,carry,trasportare,tragen,0.238,1,bn:00084554v
127,v,cooc,,construct,costruire,bauen,0.235,1,bn:00084198v
128,v,cooc,,keep,tenere,halten,0.232,0,
129,v,cooc,,develop,sviluppare,entstehen,0.228,0,
130,v,cooc,,traverse,attraversare,durchqueren,0.224,0,
131,v,cooc,,process,elaborare,verarbeiten,0.217,0,
132,v,cooc,,distinguish,distinguere,unterscheiden,0.213,0,
133,v,cooc,,survey,esaminare,untersuchen,0.209,0,
134,v,cooc,,depict,rappresentare,darstellen,0.186,1,bn:00086611v
135,v,cooc,,maintain,conservare,halten,0.165,0,
136,v,cooc,,submit,presentare,einreichen,0.16,0,
137,v,cooc,,furnish,fornire,liefern,0.153,0,
1,v,cooc,WEAK,abandon,lasciare,einstellen,,,
2,v,cooc,WEAK,administer,dare,verwalten,,,
3,v,cooc,WEAK,adopt,adottare,übernehmen,,,
4,v,cooc,WEAK,afford,offrire,gewähren,,,
5,v,cooc,WEAK,aim,mirare,einrichten,,,
6,v,cooc,WEAK,appear,apparire,scheinen,,,
7,v,cooc,WEAK,apply,applicare,anwenden,,,
8,v,cooc,WEAK,assess,fissare,bewerten,,,
9,v,cooc,WEAK,assume,ritenere,übernehmen,,,
10,v,cooc,WEAK,attach,allegare,anschließen,,,
11,v,cooc,WEAK,base,basare,basieren,,,
12,v,cooc,WEAK,be,diventare,liegen,,,
13,v,cooc,WEAK,bear,portare,tragen,,,
14,v,cooc,WEAK,become,diventare,stehen,,,
15,v,cooc,WEAK,begin,aprire,beginnen,,,
16,v,cooc,WEAK,block,fissare,sperren,,,
17,v,cooc,WEAK,border,delimitare,grenzen,,,
18,v,cooc,WEAK,classify,classificare,einreihen,,,
19,v,cooc,WEAK,come,arrivare,kommen,,,
20,v,cooc,WEAK,comment,commentare,äußern,,,
21,v,cooc,WEAK,compose,comporre,setzen,,,
22,v,cooc,WEAK,comprise,comprendere,umfassen,,,
23,v,cooc,WEAK,concentrate,concentrare,konzentrieren,,,
24,v,cooc,WEAK,concern,interessare,betreffen,,,
25,v,cooc,WEAK,conclude,concludere,abschließen,,,
26,v,cooc,WEAK,conduct,dirigere,führen,,,
27,v,cooc,WEAK,deal,trattare,geben,,,
28,v,cooc,WEAK,deem,ritenere,befinden,,,
29,v,cooc,WEAK,delineate,delineare,beschreiben,,,
30,v,cooc,WEAK,deliver,distribuire,liefern,,,
31,v,cooc,WEAK,denote,indicare,bezeichnen,,,
32,v,cooc,WEAK,design,progettare,planen,,,
33,v,cooc,WEAK,detail,distaccare,einteilen,,,
34,v,cooc,WEAK,determine,definire,bestimmen,,,
35,v,cooc,WEAK,divide,dividere,teilen,,,
36,v,cooc,WEAK,edit,correggere,bearbeiten,,,
37,v,cooc,WEAK,elaborate,elaborare,erarbeiten,,,
38,v,cooc,WEAK,employ,usare,beschäftigen,,,
39,v,cooc,WEAK,enable,permettere,berechtigen,,,
40,v,cooc,WEAK,enact,rappresentare,erlassen,,,
41,v,cooc,WEAK,encompass,contenere,umfassen,,,
42,v,cooc,WEAK,enforce,applicare,vollziehen,,,
43,v,cooc,WEAK,enter,inserire,betreten,,,
44,v,cooc,WEAK,entitle,intitolare,berechtigen,,,
45,v,cooc,WEAK,equip,fornire,ausrüsten,,,
46,v,cooc,WEAK,erect,fondare,errichten,,,
47,v,cooc,WEAK,establish,stabilire,schaffen,,,
48,v,cooc,WEAK,exit,uscire,beenden,,,
49,v,cooc,WEAK,expand,sviluppare,erweitern,,,
50,v,cooc,WEAK,feature,rappresentare,bringen,,,
51,v,cooc,WEAK,fill,occupare,füllen,,,
52,v,cooc,WEAK,focus,concentrare,konzentrieren,,,
53,v,cooc,WEAK,govern,controllare,bestimmen,,,
54,v,cooc,WEAK,grant,dare,gewähren,,,
55,v,cooc,WEAK,have,disporre,besitzen,,,
56,v,cooc,WEAK,head,dirigere,leiten,,,
57,v,cooc,WEAK,impose,imporre,erlassen,,,
58,v,cooc,WEAK,incorporate,incorporare,aufnehmen,,,
59,v,cooc,WEAK,instruct,incaricare,ausbilden,,,
60,v,cooc,WEAK,intend,intendere,bestimmen,,,
61,v,cooc,WEAK,interpret,interpretare,übersetzen,,,
62,v,cooc,WEAK,isolate,isolare,abschneiden,,,
63,v,cooc,WEAK,issue,pubblicare,erteilen,,,
64,v,cooc,WEAK,join,aderire,verbinden,,,
65,v,cooc,WEAK,label,classificare,markieren,,,
66,v,cooc,WEAK,lay,porre,legen,,,
67,v,cooc,WEAK,lead,portare,führen,,,
68,v,cooc,WEAK,leave,lasciare,lassen,,,
69,v,cooc,WEAK,let,lasciare,lassen,,,
70,v,cooc,WEAK,levy,imporre,führen,,,
71,v,cooc,WEAK,market,comprare,verkaufen,,,
72,v,cooc,WEAK,meet,soddisfare,treffen,,,
73,v,cooc,WEAK,merge,unire,verbinden,,,
74,v,cooc,WEAK,necessitate,obbligare,erfordern,,,
75,v,cooc,WEAK,note,osservare,beachten,,,
76,v,cooc,WEAK,obtain,acquistare,erhalten,,,
77,v,cooc,WEAK,occupy,occupare,beschäftigen,,,
78,v,cooc,WEAK,occur,accadere,auftreten,,,
79,v,cooc,WEAK,omit,mancare,auslassen,,,
80,v,cooc,WEAK,organize,organizzare,planen,,,
81,v,cooc,WEAK,originate,provenire,entstehen,,,
82,v,cooc,WEAK,overlook,controllare,versehen,,,
83,v,cooc,WEAK,own,riconoscere,besitzen,,,
84,v,cooc,WEAK,plan,progettare,planen,,,
85,v,cooc,WEAK,pop,mettere,springen,,,
86,v,cooc,WEAK,prepare,allestire,ausarbeiten,,,
87,v,cooc,WEAK,prohibit,vietare,hindern,,,
88,v,cooc,WEAK,project,progettare,planen,,,
89,v,cooc,WEAK,propose,proporre,beantragen,,,
90,v,cooc,WEAK,prosecute,proseguire,durchführen,,,
91,v,cooc,WEAK,provide,fornire,bieten,,,
92,v,cooc,WEAK,push,imporre,drücken,,,
93,v,cooc,WEAK,qualify,definire,berechtigen,,,
94,v,cooc,WEAK,range,variare,reichen,,,
95,v,cooc,WEAK,refer,sottoporre,verweisen,,,
96,v,cooc,WEAK,register,registrare,melden,,,
97,v,cooc,WEAK,reserve,riservare,buchen,,,
98,v,cooc,WEAK,rest,rimanere,ruhen,,,
99,v,cooc,WEAK,restore,ripristinare,herstellen,,,
100,v,cooc,WEAK,rewrite,riscrivere,überarbeiten,,,
101,v,cooc,WEAK,rule,dichiarare,entscheiden,,,
102,v,cooc,WEAK,say,dire,heißen,,,
103,v,cooc,WEAK,select,selezionare,wählen,,,
104,v,cooc,WEAK,set,fissare,setzen,,,
105,v,cooc,WEAK,sit,partecipare,setzen,,,
106,v,cooc,WEAK,situate,situare,legen,,,
107,v,cooc,WEAK,spring,provenire,springen,,,
108,v,cooc,WEAK,sprout,nascere,keimen,,,
109,v,cooc,WEAK,stage,organizzare,aufführen,,,
110,v,cooc,WEAK,start,lanciare,beginnen,,,
111,v,cooc,WEAK,state,affermare,angeben,,,
112,v,cooc,WEAK,substantiate,confermare,untermauern,,,
113,v,cooc,WEAK,supplement,integrare,ergänzen,,,
114,v,cooc,WEAK,surround,limitare,umfassen,,,
115,v,cooc,WEAK,test,analizzare,prüfen,,,
116,v,cooc,WEAK,transfer,passare,übermitteln,,,
117,v,cooc,WEAK,undertake,garantire,übernehmen,,,
118,v,cooc,WEAK,upgrade,promuovere,erweitern,,,
119,v,cooc,WEAK,view,vedere,ansehen,,,
120,v,cooc,WEAK,widen,allargare,erweitern,,,
121,v,cooc,WEAK,write,scrivere,ausfüllen,,,
