idx_group,pos,rel,weak,lex_en,lex_it,lex_de,score,bs_count,babel_synsets
0,n,head,,prevention bar,prevenzione,Prävention Vorbeugung,,1,bn:00008467n
1,n,sim,,monitoring,monitoraggio,Überwachung,0.259,1,bn:00055682n
2,n,sim,,sustainability,sostenibilità,Nachhaltigkeit,0.253,1,bn:01083464n
3,n,sim,,health,salute,Gesundheit,0.249,1,bn:00043358n
4,n,sim,,conservation,conservazione,Erhaltung,0.243,0,
5,n,sim,,planning,pianificazione,Planung,0.241,2,bn:00062794n bn:00062795n
6,n,sim,,medicine,medicina,Medizin,0.241,2,bn:00054133n bn:00054128n
7,n,sim,,step,misura,Maßnahme,0.239,0,
8,n,sim,,therapy,terapia,Therapie,0.236,1,bn:00076843n
9,n,sim,,management,gestione,Management,0.231,2,bn:00053116n bn:00027355n
10,n,sim,,agriculture,agricoltura,Landwirtschaft,0.229,1,bn:00002096n
11,n,sim,,marketing,marketing,Marketing,0.227,4,bn:00060113n bn:00053481n bn:00053482n bn:00053480n
12,n,sim,,surveillance,sorveglianza,Überwachung,0.227,1,bn:00075427n
13,n,sim,,learning,apprendimento,Lernen,0.226,1,bn:17277242n
14,n,sim,,reduction,riduzione,Reduktion,0.221,1,bn:00066735n
15,n,sim,,integration,integrazione,Integration,0.218,4,bn:00047014n bn:00026516n bn:00022007n bn:00047010n
16,n,sim,,diagnosis,diagnosi,Diagnose,0.217,3,bn:00054111n bn:00026810n bn:00026805n
17,n,sim,,protection,protezione,Schutz,0.216,2,bn:00064838n bn:00071020n
18,n,sim,,promotion,promozione,Förderung,0.215,0,
19,n,sim,,mobility,mobilità,Mobilität,0.213,1,bn:00766961n
20,n,sim,,formation,formazione,Bildung,0.213,0,
21,n,sim,,dissemination,diffusione,Verbreitung,0.212,1,bn:00027055n
22,n,sim,,intervention,intervento,Intervention,0.211,3,bn:00047061n bn:00047234n bn:00047092n
23,n,sim,,counseling,consulenza,Beratung,0.21,0,
24,n,sim,,wellness,benessere,Wohlbefinden,0.21,1,bn:00043358n
25,n,sim,,care,cura,Pflege,0.21,1,bn:00002157n
26,n,sim,,communication,comunicazione,Kommunikation,0.209,1,bn:00021221n
27,n,sim,,implementation,realizzazione,Durchführung,0.209,0,
28,n,sim,,innovation,innovazione,Innovation,0.208,1,bn:00021551n
29,n,sim,,hygiene,igiene,Hygiene,0.207,3,bn:00045430n bn:00045431n bn:00069182n
30,n,sim,,science,scienza,Wissenschaft,0.207,1,bn:00069670n
31,n,sim,,preservation,conservazione,Erhaltung,0.207,1,bn:00064222n
32,n,sim,,assessment,valutazione,Beurteilung,0.207,0,
33,n,sim,,treatment,trattamento,Behandlung,0.205,3,bn:00042823n bn:00076843n bn:00047235n
34,n,sim,,farming,agricoltura,Landwirtschaft,0.204,1,bn:00002096n
35,n,sim,,project,progetto,Vorhaben,0.204,0,
36,n,sim,,improvement,miglioramento,Verbesserung,0.201,1,bn:00046191n
37,n,sim,,reform,riforma,Reform,0.201,1,bn:00066830n
38,n,sim,,welfare,benessere,Wohl,0.201,1,bn:00031801n
39,n,sim,,illness,malattia,Erkrankung,0.201,1,bn:00027546n
40,n,sim,,problem,problema,Problematik,0.2,1,bn:00048242n
41,n,sim,,research,ricerca,Forschung,0.2,1,bn:00067280n
42,n,sim,,evaluation,valutazione,Beurteilung,0.198,1,bn:00031973n
43,n,sim,,co-operation,cooperazione,Zusammenarbeit,0.198,0,
44,n,sim,,justice,giustizia,Gerechtigkeit,0.198,2,bn:00048669n bn:00048668n
45,n,sim,,strategy,strategia,Strategie,0.197,2,bn:00074558n bn:00069579n
46,n,sim,,measure,misura,Maßnahme,0.196,0,
47,n,sim,,transparency,trasparenza,Transparenz,0.195,1,bn:00078038n
48,n,sim,,elimination,eliminazione,Beseitigung,0.195,0,
49,n,sim,,recognition,riconoscimento,Erkennung,0.194,1,bn:00045818n
50,n,sim,,aspect,aspetto,Aspekt,0.193,1,bn:00006385n
51,n,sim,,study,studio,Lernen,0.193,0,
52,n,sim,,tourism,turismo,Tourismus,0.193,1,bn:00077747n
53,n,sim,,equity,giustizia,Gerechtigkeit,0.192,1,bn:00048668n
54,n,sim,,removal,eliminazione,Beseitigung,0.192,0,
55,n,sim,,disease,malattia,Erkrankung,0.191,1,bn:00027546n
56,n,sim,,exchange,scambio,Austausch,0.191,2,bn:00032127n bn:00032125n
57,n,sim,,teaching,insegnamento,Unterricht,0.189,1,bn:00026980n
58,n,sim,,employment,occupazione,Beschäftigung,0.189,3,bn:00030625n bn:00030616n bn:00014138n
59,n,sim,,definition,definizione,Definition,0.189,2,bn:00025929n bn:00025928n
60,n,sim,,analysis,analisi,Analyse,0.188,1,bn:00003794n
61,n,sim,,adaptation,adattamento,Anpassung,0.188,1,bn:00001267n
62,n,sim,,progress,progresso,Fortschritt,0.186,3,bn:00001551n bn:00001548n bn:00001557n
63,n,sim,,engagement,impegno,Engagement,0.186,3,bn:00012127n bn:00002819n bn:00030844n
64,n,sim,,infrastructure,infrastruttura,Infrastruktur,0.186,2,bn:00046727n bn:00008794n
65,n,sim,,creation,creazione,Schaffung,0.186,0,
66,n,sim,,cooperation,cooperazione,Zusammenarbeit,0.184,1,bn:00022452n
67,n,sim,,dialogue,dialogo,Dialog,0.184,3,bn:00026834n bn:00026836n bn:00026835n
68,n,sim,,understanding,comprensione,Verständnis,0.182,2,bn:00005134n bn:00021432n
69,n,sim,,activity,attività,Aktivität,0.18,2,bn:00001174n bn:00001128n
70,n,sim,,vaccination,vaccinazione,Impfung,0.18,1,bn:00046839n
71,n,sim,,service,servizio,Service,0.179,6,bn:00044916n bn:00070659n bn:00070647n bn:00070654n bn:00070651n bn:00070653n
72,n,sim,,economics,economia,Ökonomie,0.178,1,bn:00029676n
73,n,sim,,growth,crescita,Wachstum,0.178,2,bn:00026697n bn:00041979n
74,n,sim,,incidence,incidenza,Häufigkeit,0.177,0,
75,n,sim,,environment,ambiente,Umwelt,0.177,1,bn:00031075n
76,n,sim,,financing,finanziamento,Finanzierung,0.176,2,bn:00034524n bn:00034545n
77,n,sim,,order,ordine,Ordnung,0.176,2,bn:00059310n bn:00059307n
78,n,sim,,safety,sicurezza,Sicherheit,0.176,2,bn:00070219n bn:00068799n
79,n,sim,,symptom,sintomo,Symptom,0.175,2,bn:00075683n bn:00075684n
80,n,sim,,collection,raccolta,Sammlung,0.175,1,bn:00002012n
81,n,sim,,transformation,trasformazione,Transformation,0.173,2,bn:00077992n bn:00077989n
82,n,sim,,practice,pratica,Praxis,0.172,2,bn:00063990n bn:00063989n
83,n,sim,,approach,approccio,Ansatz,0.172,0,
84,n,sim,,structure,struttura,Struktur,0.169,1,bn:00022071n
85,n,sim,,well-being,benessere,Wohl,0.169,0,
86,n,sim,,funding,finanziamento,Finanzierung,0.168,1,bn:00034545n
87,n,sim,,change,cambiamento,Veränderung,0.167,1,bn:00003125n
88,n,sim,,resource,risorsa,Ressource,0.166,1,bn:00067352n
89,n,sim,,harmonisation,armonizzazione,Harmonisierung,0.166,0,
90,n,sim,,execution,esecuzione,Durchführung,0.166,1,bn:00016286n
91,n,sim,,simplification,semplificazione,Vereinfachung,0.166,1,bn:00066739n
92,n,sim,,consumption,consumo,Konsum,0.164,1,bn:00022109n
93,n,sim,,identification,identificazione,Identifizierung,0.162,1,bn:00026542n
94,n,sim,,cohesion,coesione,Zusammenhalt,0.162,1,bn:03340155n
95,n,sim,,relief,rilievo,Erleichterung,0.161,0,
96,n,sim,,competitiveness,competitività,Wettbewerbsfähigkeit,0.161,1,bn:03821700n
97,n,sim,,risk,rischio,Risiko,0.16,1,bn:00030747n
98,n,sim,,recovery,recupero,Erholung,0.16,0,
99,n,sim,,achievement,realizzazione,Erreichung,0.156,0,
100,n,sim,,fight,lotta,Kampf,0.156,2,bn:00020858n bn:00009078n
101,n,sim,,preparedness,preparazione,Vorbereitung,0.155,0,
102,n,sim,,security,sicurezza,Sicherheit,0.155,2,bn:00070219n bn:00068799n
103,n,sim,,investigation,indagine,Ermittlung,0.154,0,
104,n,sim,,investment,investimento,Investition,0.154,1,bn:00047358n
105,n,sim,,preparation,preparazione,Vorbereitung,0.152,1,bn:00064167n
106,n,sim,,restructuring,ristrutturazione,Umstrukturierung,0.151,0,
107,n,sim,,diversity,diversità,Vielfalt,0.147,1,bn:00027862n
108,n,sim,,reporting,segnalazione,Berichterstattung,0.146,0,
109,n,sim,,stability,stabilità,Stabilität,0.144,0,
110,n,sim,,culture,cultura,Kultur,0.144,1,bn:00024369n
111,n,sim,,training,formazione,Ausbildung,0.143,1,bn:00041853n
112,n,sim,,audit,controllo,Rechnungsprüfung,0.142,0,
113,n,sim,,distribution,distribuzione,Vertrieb,0.141,0,
114,n,sim,,exploitation,sfruttamento,Verwertung,0.138,0,
115,n,sim,,dimension,dimensione,Dimension,0.137,4,bn:00027151n bn:00007067n bn:00027153n bn:00027152n
116,n,sim,,technology,tecnologia,Technologie,0.137,1,bn:00005105n
117,n,sim,,economy,economia,Wirtschaftlichkeit,0.132,0,
118,n,sim,,drug,farmaco,Droge,0.125,1,bn:00028872n
119,n,sim,,fabric,struttura,Struktur,0.094,1,bn:00032592n
1,n,sim,WEAK,action,azione,Maßnahme,,,
2,n,sim,WEAK,adjustment,registrazione,Anpassung,,,
3,n,sim,WEAK,advancement,progresso,Förderung,,,
4,n,sim,WEAK,aid,aiuto,Förderung,,,
5,n,sim,WEAK,association,ordine,Umgang,,,
6,n,sim,WEAK,awareness,consapevolezza,Wahrnehmung,,,
7,n,sim,WEAK,behavior,comportamento,Handeln,,,
8,n,sim,WEAK,behaviour,comportamento,Handeln,,,
9,n,sim,WEAK,cause,causa,Ursache,,,
10,n,sim,WEAK,consequence,conseguenza,Auswirkung,,,
11,n,sim,WEAK,control,controllo,Steuerung,,,
12,n,sim,WEAK,cover,copertura,Schutz,,,
13,n,sim,WEAK,development,sviluppo,Weiterentwicklung,,,
14,n,sim,WEAK,discipline,disciplina,Ausbildung,,,
15,n,sim,WEAK,display,manifestazione,Entfaltung,,,
16,n,sim,WEAK,education,istruzione,Bildung,,,
17,n,sim,WEAK,establishment,istituzione,Schaffung,,,
18,n,sim,WEAK,exercise,esercizio,Wahrnehmung,,,
19,n,sim,WEAK,expansion,sviluppo,Expansion,,,
20,n,sim,WEAK,experience,esperienza,Praxis,,,
21,n,sim,WEAK,facility,infrastruttura,Erleichterung,,,
22,n,sim,WEAK,field,campo,Praxis,,,
23,n,sim,WEAK,fitness,opportunità,Fitness,,,
24,n,sim,WEAK,ground,fondo,Ursache,,,
25,n,sim,WEAK,handling,trattamento,Handhabung,,,
26,n,sim,WEAK,job,lavoro,Beschäftigung,,,
27,n,sim,WEAK,maintenance,manutenzione,Pflege,,,
28,n,sim,WEAK,objective,obiettivo,Zielsetzung,,,
29,n,sim,WEAK,occurrence,caso,Auftreten,,,
30,n,sim,WEAK,opening,opportunità,Entfaltung,,,
31,n,sim,WEAK,organisation,organizzazione,Aufbau,,,
32,n,sim,WEAK,organization,organizzazione,Aufbau,,,
33,n,sim,WEAK,participation,intervento,Partizipation,,,
34,n,sim,WEAK,plan,piano,Vorhaben,,,
35,n,sim,WEAK,power,energia,Schwere,,,
36,n,sim,WEAK,procedure,procedura,Vorgehen,,,
37,n,sim,WEAK,processing,trattamento,Bearbeitung,,,
38,n,sim,WEAK,production,realizzazione,Erzeugung,,,
39,n,sim,WEAK,range,campo,Kompetenz,,,
40,n,sim,WEAK,regulation,regola,Regulierung,,,
41,n,sim,WEAK,resolution,risoluzione,Aufklärung,,,
42,n,sim,WEAK,review,revisione,Beurteilung,,,
43,n,sim,WEAK,screen,difesa,Schutz,,,
44,n,sim,WEAK,set,servizio,Sammlung,,,
45,n,sim,WEAK,settlement,soluzione,Beilegung,,,
46,n,sim,WEAK,sign,indicazione,Anzeichen,,,
47,n,sim,WEAK,source,fonte,Ursache,,,
48,n,sim,WEAK,supervision,vigilanza,Überwachung,,,
49,n,sim,WEAK,supply,alimentazione,Versorgung,,,
50,n,sim,WEAK,support,sostegno,Förderung,,,
51,n,sim,WEAK,usage,trattamento,Anwendung,,,
52,n,sim,WEAK,work,lavoro,Beschäftigung,,,
1,n,cooc,,repression,repressione,Repression,0.602,3,bn:00067202n bn:00067201n bn:00067203n
2,n,cooc,,diagnosis,diagnosi,Diagnose,0.567,3,bn:00054111n bn:00026810n bn:00026805n
3,n,cooc,,cure,cura,Heilung,0.553,0,
4,n,cooc,,fight,lotta,Kampf,0.544,2,bn:00020858n bn:00009078n
5,n,cooc,,correction,correzione,Korrektur,0.523,3,bn:00022843n bn:00022842n bn:00022841n
6,n,cooc,,crime,crimine,Kriminalität,0.522,0,
7,n,cooc,,disease,malattia,Krankheit,0.509,2,bn:00027546n bn:00045952n
8,n,cooc,,infection,infezione,Infektion,0.5,3,bn:00046624n bn:00022127n bn:00022126n
9,n,cooc,,combat,lotta,Kampf,0.496,2,bn:00009078n bn:00020858n
10,n,cooc,,control,controllo,Kontrolle,0.476,1,bn:17607444n
11,n,cooc,,department,dipartimento,Abteilung,0.471,1,bn:00026308n
12,n,cooc,,activation,attivazione,Aktivierung,0.466,2,bn:00001152n bn:00001151n
13,n,cooc,,rescue,soccorso,Rettung,0.464,1,bn:00026061n
14,n,cooc,,corruption,corruzione,Korruption,0.463,1,bn:00022886n
15,n,cooc,,information,informazione,Information,0.455,2,bn:00046705n bn:00046698n
16,n,cooc,,care,cura,Pflege,0.448,1,bn:00002157n
17,n,cooc,,violence,violenza,Gewalt,0.446,2,bn:00034115n bn:00035772n
18,n,cooc,,containment,contenimento,Eindämmung,0.445,0,
19,n,cooc,,epidemic,epidemia,Epidemie,0.443,1,bn:00031153n
20,n,cooc,,protection,protezione,Schutz,0.441,2,bn:00064838n bn:00071020n
21,n,cooc,,investigation,indagine,Untersuchung,0.439,1,bn:00047354n
22,n,cooc,,treatment,trattamento,Behandlung,0.431,3,bn:00042823n bn:00076843n bn:00047235n
23,n,cooc,,measure,misura,Maßnahme,0.431,0,
24,n,cooc,,illness,malattia,Krankheit,0.43,2,bn:00027546n bn:00045952n
25,n,cooc,,recognition,riconoscimento,Erkennung,0.426,1,bn:00045818n
26,n,cooc,,intervention,intervento,Intervention,0.423,3,bn:00047061n bn:00047234n bn:00047092n
27,n,cooc,,preparedness,preparazione,Vorbereitung,0.422,0,
28,n,cooc,,resolution,risoluzione,Lösung,0.419,0,
29,n,cooc,,education,educazione,Bildung,0.417,1,bn:00026980n
30,n,cooc,,mitigation,mitigazione,Milderung,0.414,0,
31,n,cooc,,terrorism,terrorismo,Terrorismus,0.414,1,bn:00001082n
32,n,cooc,,cancer,cancro,Krebs,0.407,4,bn:00015182n bn:00015181n bn:00015180n bn:00015183n
33,n,cooc,,recovery,recupero,Genesung,0.404,0,
34,n,cooc,,assistance,assistenza,Hilfe,0.399,1,bn:00002155n
35,n,cooc,,promotion,promozione,Förderung,0.398,0,
36,n,cooc,,preparation,preparazione,Vorbereitung,0.396,1,bn:00064167n
37,n,cooc,,management,gestione,Management,0.394,2,bn:00053116n bn:00027355n
38,n,cooc,,safety,sicurezza,Sicherheit,0.391,2,bn:00070219n bn:00068799n
39,n,cooc,,risk,rischio,Risiko,0.388,1,bn:00030747n
40,n,cooc,,punishment,punizione,Bestrafung,0.386,1,bn:00061325n
41,n,cooc,,restriction,limitazione,Begrenzung,0.384,0,
42,n,cooc,,wellness,benessere,Wellness,0.383,1,bn:00043358n
43,n,cooc,,hazard,rischio,Risiko,0.378,1,bn:00030747n
44,n,cooc,,health,salute,Gesundheit,0.378,1,bn:00043358n
45,n,cooc,,precaution,precauzione,Vorsorge,0.375,1,bn:00042049n
46,n,cooc,,reduction,riduzione,Reduktion,0.374,1,bn:00066735n
47,n,cooc,,restoration,ripristino,Wiederherstellung,0.371,0,
48,n,cooc,,hygiene,igiene,Hygiene,0.368,3,bn:00045430n bn:00045431n bn:00069182n
49,n,cooc,,act,azione,Handlung,0.367,1,bn:16082183n
50,n,cooc,,strategy,strategia,Strategie,0.359,2,bn:00074558n bn:00069579n
51,n,cooc,,remediation,rimedio,Abhilfe,0.358,0,
52,n,cooc,,monitoring,monitoraggio,Überwachung,0.358,1,bn:00055682n
53,n,cooc,,surveillance,sorveglianza,Überwachung,0.356,1,bn:00075427n
54,n,cooc,,accident,incidente,Unfall,0.352,1,bn:00000690n
55,n,cooc,,security,sicurezza,Sicherheit,0.352,2,bn:00070219n bn:00068799n
56,n,cooc,,therapy,terapia,Therapie,0.35,1,bn:00076843n
57,n,cooc,,solution,soluzione,Lösung,0.345,1,bn:00072760n
58,n,cooc,,elimination,eliminazione,Beseitigung,0.342,0,
59,n,cooc,,vaccination,vaccinazione,Impfung,0.328,1,bn:00046839n
60,n,cooc,,cooperation,cooperazione,Zusammenarbeit,0.325,1,bn:00022452n
61,n,cooc,,advice,consulenza,Beratung,0.324,0,
62,n,cooc,,method,metodo,Methode,0.318,1,bn:00054625n
63,n,cooc,,area,area,Bereich,0.314,2,bn:00003268n bn:00082076n
64,n,cooc,,analysis,analisi,Analyse,0.29,1,bn:00003794n
65,n,cooc,,counseling,consulenza,Beratung,0.275,0,
66,n,cooc,,research,ricerca,Forschung,0.262,1,bn:00067280n
67,n,cooc,,program,programma,Programm,0.241,4,bn:00021492n bn:00021497n bn:00062899n bn:00013235n
68,n,cooc,,programme,programma,Programm,0.222,2,bn:00021492n bn:00013235n
69,n,cooc,,policy,politica,Politik,0.22,1,bn:00063329n
1,n,cooc,WEAK,action,azione,Wirkung,,,
2,n,cooc,WEAK,approach,accesso,Ansatz,,,
3,n,cooc,WEAK,assessment,valutazione,Feststellung,,,
4,n,cooc,WEAK,capability,capacità,Potential,,,
5,n,cooc,WEAK,center,centro,Schwerpunkt,,,
6,n,cooc,WEAK,centre,centro,Schwerpunkt,,,
7,n,cooc,WEAK,collision,contrasto,Konflikt,,,
8,n,cooc,WEAK,complaint,malattia,Beschwerde,,,
9,n,cooc,WEAK,conflict,lotta,Konflikt,,,
10,n,cooc,WEAK,culture,educazione,Kultur,,,
11,n,cooc,WEAK,demand,ricerca,Frage,,,
12,n,cooc,WEAK,device,progetto,Mittel,,,
13,n,cooc,WEAK,drug,medicina,Medikament,,,
14,n,cooc,WEAK,establishment,azienda,Haus,,,
15,n,cooc,WEAK,examination,controllo,Untersuchung,,,
16,n,cooc,WEAK,feed,alimentazione,Versorgung,,,
17,n,cooc,WEAK,government,ministero,Verwaltung,,,
18,n,cooc,WEAK,guidance,direzione,Beratung,,,
19,n,cooc,WEAK,identification,identificazione,Erkennung,,,
20,n,cooc,WEAK,line,comunicazione,Linie,,,
21,n,cooc,WEAK,maintenance,manutenzione,Pflege,,,
22,n,cooc,WEAK,message,comunicazione,Information,,,
23,n,cooc,WEAK,plan,piano,Konzept,,,
24,n,cooc,WEAK,plot,piano,Handlung,,,
25,n,cooc,WEAK,project,progetto,Referat,,,
26,n,cooc,WEAK,purpose,fine,Zweck,,,
27,n,cooc,WEAK,rehabilitation,reinserimento,Rehabilitation,,,
28,n,cooc,WEAK,relief,soccorso,Linderung,,,
29,n,cooc,WEAK,removal,rimozione,Beseitigung,,,
30,n,cooc,WEAK,response,risposta,Reaktion,,,
31,n,cooc,WEAK,safeguard,salvaguardia,Schutz,,,
32,n,cooc,WEAK,scheme,sistema,Programm,,,
33,n,cooc,WEAK,section,sezione,Abteilung,,,
34,n,cooc,WEAK,service,servizio,Aufgabe,,,
35,n,cooc,WEAK,settlement,soluzione,Beilegung,,,
36,n,cooc,WEAK,shop,reparto,Handlung,,,
37,n,cooc,WEAK,study,ricerca,Untersuchung,,,
38,n,cooc,WEAK,substance,sostanza,Gewicht,,,
39,n,cooc,WEAK,support,supporto,Förderung,,,
40,n,cooc,WEAK,unit,unità,Abteilung,,,
1,adj,cooc,,secondary,secondario,sekundär,0.569,0,
2,adj,cooc,,primary,primario,primär,0.561,0,
3,adj,cooc,,cardiovascular,cardiovascolare,kardiovaskulär,0.512,0,
4,adj,cooc,,effective,efficace,wirksam,0.461,1,bn:00102038a
5,adj,cooc,,important,importante,wichtig,0.295,0,
6,adj,cooc,,essential,essenziale,wesentlich,0.266,0,
7,adj,cooc,,helpful,utile,hilfreich,0.262,1,bn:00104094a
8,adj,cooc,,possible,possibile,möglich,0.229,1,bn:00108830a
9,adj,cooc,,significant,importante,wichtig,0.225,0,
10,adj,cooc,,feasible,possibile,möglich,0.222,0,
11,adj,cooc,,early,precoce,früh,0.218,0,
12,adj,cooc,,efficient,efficiente,effizient,0.186,1,bn:00102049a
13,adj,cooc,,necessary,necessario,notwendig,0.152,1,bn:00107182a
14,adj,cooc,,useful,utile,nützlich,0.143,0,
1,adj,cooc,WEAK,big,grande,wichtig,,,
2,adj,cooc,WEAK,close,rigoroso,konsequent,,,
3,adj,cooc,WEAK,fundamental,fondamentale,grundsätzlich,,,
4,adj,cooc,WEAK,great,grande,stark,,,
5,adj,cooc,WEAK,heavy,grande,stark,,,
6,adj,cooc,WEAK,high,grande,stark,,,
7,adj,cooc,WEAK,large,grande,stark,,,
8,adj,cooc,WEAK,nice,accurato,gut,,,
9,adj,cooc,WEAK,perfect,vero,ideal,,,
10,adj,cooc,WEAK,regular,corretto,regelmäßig,,,
11,adj,cooc,WEAK,relative,relativo,bezüglich,,,
12,adj,cooc,WEAK,relevant,relativo,zuständig,,,
13,adj,cooc,WEAK,simple,semplice,natürlich,,,
14,adj,cooc,WEAK,sound,efficace,vernünftig,,,
15,adj,cooc,WEAK,stiff,difficile,stark,,,
16,adj,cooc,WEAK,strong,grande,stark,,,
17,adj,cooc,WEAK,wide,grande,umfassend,,,
1,v,cooc,,reinforce,rafforzare,verstärken,0.326,0,
2,v,cooc,,strengthen,rafforzare,stärken,0.317,1,bn:00083317v
3,v,cooc,,emphasize,enfatizzare,betonen,0.317,2,bn:00082195v bn:00087572v
4,v,cooc,,aim,mirare,zielen,0.313,0,
5,v,cooc,,light,illuminare,beleuchten,0.311,1,bn:00089584v
6,v,cooc,,promote,promuovere,fördern,0.283,0,
7,v,cooc,,save,salvare,sparen,0.274,0,
8,v,cooc,,emphasise,enfatizzare,betonen,0.274,2,bn:00082195v bn:00087572v
9,v,cooc,,advise,consigliare,beraten,0.271,0,
10,v,cooc,,cut,ridurre,senken,0.271,0,
11,v,cooc,,intensify,intensificare,intensivieren,0.268,0,
12,v,cooc,,represent,rappresentare,darstellen,0.266,1,bn:00083187v
13,v,cooc,,avoid,evitare,vermeiden,0.261,1,bn:00082958v
14,v,cooc,,serve,servire,dienen,0.257,1,bn:00082867v
15,v,cooc,,safeguard,salvaguardare,schützen,0.254,0,
16,v,cooc,,depict,rappresentare,darstellen,0.25,1,bn:00086611v
17,v,cooc,,pass,passare,bestehen,0.248,1,bn:00090590v
18,v,cooc,,aid,aiutare,helfen,0.244,1,bn:00082481v
19,v,cooc,,improve,migliorare,verbessern,0.241,1,bn:00082573v
20,v,cooc,,include,includere,einschließen,0.238,1,bn:00089662v
21,v,cooc,,operate,operare,arbeiten,0.236,0,
22,v,cooc,,integrate,integrare,integrieren,0.235,1,bn:00089803v
23,v,cooc,,grasp,comprendere,begreifen,0.234,1,bn:00082727v
24,v,cooc,,pop,mettere,stecken,0.227,0,
25,v,cooc,,protect,salvaguardare,schützen,0.226,0,
26,v,cooc,,require,richiedere,erfordern,0.225,0,
27,v,cooc,,concern,riguardare,betreffen,0.223,1,bn:00083240v
28,v,cooc,,insert,inserire,einsetzen,0.223,1,bn:00087681v
29,v,cooc,,coordinate,coordinare,koordinieren,0.223,0,
30,v,cooc,,ensure,garantire,gewährleisten,0.222,1,bn:00082812v
31,v,cooc,,assure,assicurare,sicherstellen,0.22,1,bn:00082812v
32,v,cooc,,practice,praticare,praktizieren,0.216,0,
33,v,cooc,,hamper,ostacolare,behindern,0.21,0,
34,v,cooc,,constitute,costituire,bilden,0.209,1,bn:00083187v
35,v,cooc,,handle,trattare,behandeln,0.209,0,
36,v,cooc,,offer,offrire,bieten,0.206,0,
37,v,cooc,,call,chiamare,aufrufen,0.205,0,
38,v,cooc,,allow,consentire,zulassen,0.205,0,
39,v,cooc,,fail,fallire,scheitern,0.203,1,bn:00087967v
40,v,cooc,,cost,costare,kosten,0.203,0,
41,v,cooc,,gamble,giocare,spielen,0.202,1,bn:00088669v
42,v,cooc,,hinder,ostacolare,behindern,0.2,0,
43,v,cooc,,tuck,mettere,stecken,0.198,0,
44,v,cooc,,establish,stabilire,etablieren,0.197,0,
45,v,cooc,,develop,sviluppare,entwickeln,0.196,1,bn:00086745v
46,v,cooc,,impede,ostacolare,behindern,0.195,1,bn:00083630v
47,v,cooc,,work,funzionare,arbeiten,0.19,0,
48,v,cooc,,reduce,ridurre,reduzieren,0.187,0,
49,v,cooc,,guarantee,garantire,gewährleisten,0.186,0,
50,v,cooc,,optimize,ottimizzare,optimieren,0.185,1,bn:00091184v
51,v,cooc,,optimise,ottimizzare,optimieren,0.184,1,bn:00091184v
52,v,cooc,,follow,perseguire,verfolgen,0.18,0,
53,v,cooc,,pursue,perseguire,verfolgen,0.18,0,
54,v,cooc,,place,mettere,legen,0.179,1,bn:00090224v
55,v,cooc,,form,costituire,bilden,0.174,0,
56,v,cooc,,begin,iniziare,beginnen,0.173,2,bn:00083340v bn:00083342v
57,v,cooc,,consider,considerare,berücksichtigen,0.171,0,
58,v,cooc,,assist,aiutare,helfen,0.17,1,bn:00082481v
59,v,cooc,,mean,dire,bedeuten,0.169,1,bn:00089805v
60,v,cooc,,recommend,raccomandare,empfehlen,0.167,0,
61,v,cooc,,practise,praticare,praktizieren,0.167,0,
62,v,cooc,,provide,offrire,bieten,0.157,0,
63,v,cooc,,exist,esistere,bestehen,0.152,1,bn:00083184v
64,v,cooc,,stay,rimanere,bleiben,0.134,3,bn:00091562v bn:00092756v bn:00085719v
65,v,cooc,,deem,ritenere,erachten,0.127,0,
66,v,cooc,,give,dare,geben,0.121,2,bn:00088815v bn:00088825v
67,v,cooc,,put,mettere,setzen,0.119,0,
68,v,cooc,,remain,rimanere,bleiben,0.117,3,bn:00091562v bn:00092756v bn:00085719v
69,v,cooc,,do,fare,tun,0.116,1,bn:00082286v
1,v,cooc,WEAK,achieve,ottenere,erreichen,,,
2,v,cooc,WEAK,add,aumentare,ergänzen,,,
3,v,cooc,WEAK,address,indirizzare,ansprechen,,,
4,v,cooc,WEAK,adopt,adottare,annehmen,,,
5,v,cooc,WEAK,advance,avanzare,voranbringen,,,
6,v,cooc,WEAK,amend,correggere,ergänzen,,,
7,v,cooc,WEAK,appear,apparire,wirken,,,
8,v,cooc,WEAK,apply,applicare,anwenden,,,
9,v,cooc,WEAK,arrange,organizzare,gestalten,,,
10,v,cooc,WEAK,base,basare,basieren,,,
11,v,cooc,WEAK,be,diventare,liegen,,,
12,v,cooc,WEAK,become,diventare,stehen,,,
13,v,cooc,WEAK,block,ostacolare,nehmen,,,
14,v,cooc,WEAK,boost,incentivare,stärken,,,
15,v,cooc,WEAK,carry,portare,tragen,,,
16,v,cooc,WEAK,center,centrare,konzentrieren,,,
17,v,cooc,WEAK,clear,realizzare,räumen,,,
18,v,cooc,WEAK,close,finire,schließen,,,
19,v,cooc,WEAK,comprise,comprendere,umfassen,,,
20,v,cooc,WEAK,conclude,finire,schließen,,,
21,v,cooc,WEAK,conduct,dirigere,leiten,,,
22,v,cooc,WEAK,confront,affrontare,begegnen,,,
23,v,cooc,WEAK,connect,collegare,vermitteln,,,
24,v,cooc,WEAK,contain,contenere,beinhalten,,,
25,v,cooc,WEAK,control,dirigere,regeln,,,
26,v,cooc,WEAK,cover,comprendere,abdecken,,,
27,v,cooc,WEAK,cross,passare,setzen,,,
28,v,cooc,WEAK,cure,trattare,helfen,,,
29,v,cooc,WEAK,design,ideare,konzipieren,,,
30,v,cooc,WEAK,detect,rivelare,wahrnehmen,,,
31,v,cooc,WEAK,discuss,trattare,diskutieren,,,
32,v,cooc,WEAK,draw,emettere,beziehen,,,
33,v,cooc,WEAK,drop,cadere,nachlassen,,,
34,v,cooc,WEAK,effect,effettuare,bewirken,,,
35,v,cooc,WEAK,enable,permettere,ermöglichen,,,
36,v,cooc,WEAK,enact,rappresentare,spielen,,,
37,v,cooc,WEAK,encompass,contenere,umfassen,,,
38,v,cooc,WEAK,encourage,incoraggiare,fördern,,,
39,v,cooc,WEAK,end,finire,beschließen,,,
40,v,cooc,WEAK,enforce,applicare,durchführen,,,
41,v,cooc,WEAK,enhance,accrescere,verbessern,,,
42,v,cooc,WEAK,enter,entrare,eingehen,,,
43,v,cooc,WEAK,expand,sviluppare,erweitern,,,
44,v,cooc,WEAK,extend,offrire,erweitern,,,
45,v,cooc,WEAK,face,affrontare,begegnen,,,
46,v,cooc,WEAK,facilitate,facilitare,ermöglichen,,,
47,v,cooc,WEAK,fall,cadere,liegen,,,
48,v,cooc,WEAK,fill,occupare,einnehmen,,,
49,v,cooc,WEAK,find,considerare,vermitteln,,,
50,v,cooc,WEAK,fit,adeguare,entsprechen,,,
51,v,cooc,WEAK,fix,stabilire,regeln,,,
52,v,cooc,WEAK,foster,favorire,fördern,,,
53,v,cooc,WEAK,get,ottenere,kommen,,,
54,v,cooc,WEAK,guide,dirigere,leiten,,,
55,v,cooc,WEAK,have,disporre,nehmen,,,
56,v,cooc,WEAK,hold,contenere,greifen,,,
57,v,cooc,WEAK,implement,realizzare,durchführen,,,
58,v,cooc,WEAK,incorporate,includere,integrieren,,,
59,v,cooc,WEAK,increase,aumentare,verstärken,,,
60,v,cooc,WEAK,institute,stabilire,einleiten,,,
61,v,cooc,WEAK,introduce,iniziare,einführen,,,
62,v,cooc,WEAK,involve,comportare,umfassen,,,
63,v,cooc,WEAK,issue,emettere,ausgeben,,,
64,v,cooc,WEAK,keep,continuare,bleiben,,,
65,v,cooc,WEAK,launch,varare,einführen,,,
66,v,cooc,WEAK,lie,rimanere,liegen,,,
67,v,cooc,WEAK,look,sembrare,aussehen,,,
68,v,cooc,WEAK,maintain,sostenere,betreiben,,,
69,v,cooc,WEAK,make,fare,geben,,,
70,v,cooc,WEAK,manage,gestire,leiten,,,
71,v,cooc,WEAK,meet,conoscere,entsprechen,,,
72,v,cooc,WEAK,move,portare,setzen,,,
73,v,cooc,WEAK,name,denominare,benennen,,,
74,v,cooc,WEAK,need,occorrere,brauchen,,,
75,v,cooc,WEAK,obtain,ottenere,erzielen,,,
76,v,cooc,WEAK,occupy,occupare,einnehmen,,,
77,v,cooc,WEAK,open,cominciare,eröffnen,,,
78,v,cooc,WEAK,organise,organizzare,ausrichten,,,
79,v,cooc,WEAK,patronize,patrocinare,unterstützen,,,
80,v,cooc,WEAK,pay,rendere,zahlen,,,
81,v,cooc,WEAK,plan,pianificare,vorsehen,,,
82,v,cooc,WEAK,present,offrire,vorstellen,,,
83,v,cooc,WEAK,prevent,evitare,verhindern,,,
84,v,cooc,WEAK,produce,operare,bewirken,,,
85,v,cooc,WEAK,push,imporre,forcieren,,,
86,v,cooc,WEAK,raise,aumentare,heben,,,
87,v,cooc,WEAK,reach,ottenere,erreichen,,,
88,v,cooc,WEAK,recognize,conoscere,erkennen,,,
89,v,cooc,WEAK,refer,riguardare,hinweisen,,,
90,v,cooc,WEAK,regard,considerare,ansehen,,,
91,v,cooc,WEAK,remove,andare,ausbauen,,,
92,v,cooc,WEAK,rest,appoggiare,liegen,,,
93,v,cooc,WEAK,reveal,rivelare,eröffnen,,,
94,v,cooc,WEAK,run,funzionare,durchführen,,,
95,v,cooc,WEAK,say,dire,heißen,,,
96,v,cooc,WEAK,seem,sembrare,wirken,,,
97,v,cooc,WEAK,send,venire,richten,,,
98,v,cooc,WEAK,set,stabilire,setzen,,,
99,v,cooc,WEAK,show,apparire,aufzeigen,,,
100,v,cooc,WEAK,sit,rappresentare,setzen,,,
101,v,cooc,WEAK,sound,sembrare,messen,,,
102,v,cooc,WEAK,sponsor,patrocinare,fördern,,,
103,v,cooc,WEAK,stand,restare,stehen,,,
104,v,cooc,WEAK,support,sostenere,unterstützen,,,
105,v,cooc,WEAK,tackle,affrontare,angehen,,,
106,v,cooc,WEAK,teach,insegnare,geben,,,
107,v,cooc,WEAK,touch,riguardare,erreichen,,,
108,v,cooc,WEAK,train,orientare,schulen,,,
109,v,cooc,WEAK,turn,diventare,wenden,,,
110,v,cooc,WEAK,undertake,intraprendere,übernehmen,,,
111,v,cooc,WEAK,urge,raccomandare,betonen,,,
112,v,cooc,WEAK,use,servire,verwenden,,,
113,v,cooc,WEAK,wait,servire,stehen,,,
114,v,cooc,WEAK,wear,portare,tragen,,,
115,v,cooc,WEAK,yield,dare,tragen,,,
