idx_group,pos,rel,weak,lex_en,lex_it,lex_de,score,bs_count,babel_synsets
0,n,head,,milliliter cubic_centimetre millilitre,millilitro ml centimetro_cubo,Milliliter Kubikzentimeter,,1,bn:00016913n
1,n,sim,,100mls,100ml,100ml,0.167,0,
2,n,sim,,deciliter,decilitro,Deziliter,0.16,1,bn:00025699n
3,n,sim,,500ml,500ml,500ml,0.155,0,
4,n,sim,,decilitre,decilitro,Deziliter,0.14,1,bn:00025699n
5,n,sim,,100ml,100ml,100ml,0.137,0,
6,n,sim,,liter,litro,Liter,0.127,1,bn:00024266n
7,n,sim,,100millilitres,100ml,100ml,0.108,0,
8,n,sim,,teaspoon,cucchiaino,Teelöffel,0.104,1,bn:00076327n
9,n,sim,,teaspoonful,cucchiaino,Teelöffel,0.101,0,
10,n,sim,,litre,litro,Liter,0.098,1,bn:00024266n
11,n,sim,,tablespoon,cucchiaio,Esslöffel,0.097,0,
12,n,sim,,tablespoonful,cucchiaio,Esslöffel,0.091,0,
13,n,sim,,tsp,cucchiaino,Teelöffel,0.09,0,
14,n,sim,,tbsp,cucchiaio,Esslöffel,0.084,0,
15,n,sim,,100g,100g,100g,0.077,0,
16,n,sim,,gulp,sorso,Schluck,0.075,0,
17,n,sim,,hectolitre,ettolitro,Hektoliter,0.075,1,bn:00043503n
18,n,sim,,drop,goccia,Tropfen,0.072,1,bn:00028709n
19,n,sim,,g,g,G,0.06,13,bn:00072493n bn:00036961n bn:00036958n bn:00036957n bn:00040795n bn:00000010n bn:00036960n bn:00041648n bn:00022035n bn:00026299n bn:00036959n bn:00026300n bn:00036962n
1,n,cooc,,water,acqua,Wasser,0.266,3,bn:00080561n bn:00061253n bn:00042379n
1,v,cooc,,add,aggiungere,hinzufügen,0.242,1,bn:00082318v
1,v,cooc,WEAK,take,impiegare,einnehmen,,,
