idx_group,pos,rel,weak,lex_en,lex_it,lex_de,score,bs_count,babel_synsets
0,n,head,,educatee student pupil,allievo studente alunno,Studentin Schüler Hochschülerin,,1,bn:00029806n
1,n,sim,,child,bambino,Kind,0.497,1,bn:00018345n
2,n,sim,,teacher,insegnante,Lehrer,0.487,2,bn:00076289n bn:00046958n
3,n,sim,,school,scuola,Schule,0.458,3,bn:00069620n bn:00069619n bn:00069625n
4,n,sim,,kid,bambino,Kind,0.454,1,bn:00018345n
5,n,sim,,employee,dipendente,Mitarbeiter,0.446,1,bn:14292888n
6,n,sim,,woman,donna,Frau,0.445,2,bn:00001530n bn:00034016n
7,n,sim,,member,membro,Mitglied,0.44,2,bn:00034004n bn:00054277n
8,n,sim,,people,gente,Leute,0.44,1,bn:00061450n
9,n,sim,,person,persona,Person,0.44,4,bn:00046516n bn:00061715n bn:00044576n bn:00061714n
10,n,sim,,group,gruppo,Gruppe,0.439,4,bn:00041943n bn:00018111n bn:00073698n bn:00041942n
11,n,sim,,participant,partecipante,Teilnehmer,0.439,1,bn:00060799n
12,n,sim,,boy,ragazzo,Junge,0.426,1,bn:00012569n
13,n,sim,,family,famiglia,Familie,0.426,2,bn:00032893n bn:00032896n
14,n,sim,,citizen,cittadino,Bürger,0.425,1,bn:15489147n
15,n,sim,,class,classe,Klasse,0.421,6,bn:00016733n bn:00019478n bn:00019482n bn:00019483n bn:00019479n bn:00019477n
16,n,sim,,girl,ragazza,Mädchen,0.413,1,bn:00034453n
17,n,sim,,man,uomo,Mann,0.402,1,bn:00001533n
18,n,sim,,client,cliente,Kunde,0.4,1,bn:00019763n
19,n,sim,,player,giocatore,Spieler,0.399,1,bn:00060799n
20,n,sim,,customer,cliente,Kunde,0.397,1,bn:00019763n
21,n,sim,,friend,amico,Freund,0.395,2,bn:00036538n bn:00002956n
22,n,sim,,team,squadra,Team,0.395,2,bn:00030339n bn:00073699n
23,n,sim,,company,azienda,Firma,0.394,4,bn:00073910n bn:00022811n bn:00021286n bn:00014160n
24,n,sim,,individual,individuo,Person,0.394,1,bn:00046516n
25,n,sim,,community,comunità,Gemeinde,0.391,0,
26,n,sim,,course,corso,Kurs,0.386,2,bn:00019479n bn:00019477n
27,n,sim,,patient,paziente,Patient,0.385,2,bn:00061017n bn:00001742n
28,n,sim,,artist,artista,Künstler,0.384,1,bn:00006182n
29,n,sim,,doctor,medico,Arzt,0.375,1,bn:00027976n
30,n,sim,,organization,organizzazione,Organisation,0.372,5,bn:00059482n bn:00005863n bn:00059480n bn:00059483n bn:00001423n
31,n,sim,,project,progetto,Projekt,0.372,1,bn:00064665n
32,n,sim,,partner,partner,Partner,0.368,6,bn:00060821n bn:00010161n bn:00020592n bn:00028157n bn:00006531n bn:00060819n
33,n,sim,,practice,pratica,Praxis,0.368,2,bn:00063990n bn:00063989n
34,n,sim,,staff,personale,Personal,0.365,0,
35,n,sim,,work,lavoro,Arbeit,0.363,5,bn:00081569n bn:00030616n bn:00030625n bn:00081570n bn:00014138n
36,n,sim,,club,club,Verein,0.362,1,bn:00020039n
37,n,sim,,idea,idea,Idee,0.361,1,bn:00045800n
38,n,sim,,student,studente,Student,0.361,3,bn:00079004n bn:00012135n bn:00029806n
39,n,sim,,interest,interesse,Interesse,0.36,6,bn:00047081n bn:00047077n bn:00047080n bn:00047083n bn:00021556n bn:00047079n
40,n,sim,,program,programma,Programm,0.36,4,bn:00062899n bn:00013235n bn:00021497n bn:00021492n
41,n,sim,,attendee,partecipante,Teilnehmer,0.359,0,
42,n,sim,,subject,soggetto,Thema,0.357,2,bn:00045803n bn:00074900n
43,n,sim,,population,popolazione,Bevölkerung,0.355,1,bn:00063596n
44,n,sim,,type,genere,Art,0.355,0,
45,n,sim,,colleague,collega,Kollege,0.354,1,bn:00020621n
46,n,sim,,society,società,Gesellschaft,0.354,2,bn:00072566n bn:00020039n
47,n,sim,,audience,pubblico,Publikum,0.351,1,bn:00007096n
48,n,sim,,development,sviluppo,Entwicklung,0.351,1,bn:07804057n
49,n,sim,,folk,gente,Leute,0.35,0,
50,n,sim,,example,esempio,Beispiel,0.349,3,bn:00016401n bn:00032099n bn:00032100n
51,n,sim,,event,evento,Veranstaltung,0.348,1,bn:14035017n
52,n,sim,,author,autore,Autor,0.347,1,bn:00007287n
53,n,sim,,country,paese,Land,0.347,2,bn:00023235n bn:00023236n
54,n,sim,,female,donna,Frau,0.346,2,bn:00001530n bn:00034016n
55,n,sim,,visitor,visitatore,Gast,0.345,1,bn:00080115n
56,n,sim,,mother,madre,Mutter,0.344,2,bn:00058313n bn:00034027n
57,n,sim,,question,domanda,Frage,0.344,1,bn:00047208n
58,n,sim,,experience,esperienza,Erfahrung,0.343,2,bn:00032306n bn:00032307n
59,n,sim,,institution,istituzione,Institution,0.343,2,bn:00031641n bn:00046954n
60,n,sim,,job,lavoro,Arbeit,0.343,4,bn:00030616n bn:00030625n bn:00018756n bn:00014138n
61,n,sim,,activity,attività,Aktivität,0.342,2,bn:00001128n bn:00001174n
62,n,sim,,language,lingua,Sprache,0.342,2,bn:00049910n bn:00077565n
63,n,sim,,physician,medico,Arzt,0.342,1,bn:00027976n
64,n,sim,,way,modo,Weg,0.342,1,bn:00033729n
65,n,sim,,knowledge,conoscenza,Wissen,0.339,1,bn:00020452n
66,n,sim,,adult,adulto,Erwachsene,0.336,1,bn:00001525n
67,n,sim,,case,caso,Fall,0.336,3,bn:00016403n bn:00016402n bn:00016411n
68,n,sim,,service,servizio,Dienst,0.334,1,bn:00070651n
69,n,sim,,state,stato,Staat,0.334,3,bn:00064914n bn:00023235n bn:00023236n
70,n,sim,,city,città,Stadt,0.332,1,bn:00019319n
71,n,sim,,field,campo,Bereich,0.332,0,
72,n,sim,,part,parte,Teil,0.332,1,bn:00021395n
73,n,sim,,government,governo,Regierung,0.331,1,bn:00001426n
74,n,sim,,public,pubblico,Öffentlichkeit,0.331,1,bn:00063584n
75,n,sim,,performer,artista,Künstler,0.33,0,
76,n,sim,,training,formazione,Ausbildung,0.328,1,bn:00041853n
77,n,sim,,expert,esperto,Experte,0.327,1,bn:00032322n
78,n,sim,,police,polizia,Polizei,0.326,1,bn:00022026n
79,n,sim,,father,padre,Vater,0.325,3,bn:00019003n bn:00033779n bn:00009616n
80,n,sim,,world,mondo,Welt,0.324,3,bn:00029424n bn:00045153n bn:00022991n
81,n,sim,,generation,generazione,Generation,0.321,4,bn:00037681n bn:00037676n bn:00020407n bn:00037677n
82,n,sim,,authority,autorità,Behörde,0.317,0,
83,n,sim,,policy,politica,Politik,0.316,1,bn:00063329n
84,n,sim,,reader,lettore,Leser,0.315,2,bn:00050484n bn:00066368n
85,n,sim,,couple,coppia,Paar,0.314,3,bn:00012596n bn:00023268n bn:00012597n
86,n,sim,,number,numero,Zahl,0.314,3,bn:00058285n bn:00058287n bn:00058290n
87,n,sim,,area,settore,Bereich,0.313,1,bn:00003268n
88,n,sim,,bank,banca,Bank,0.313,4,bn:00008364n bn:00008371n bn:00008367n bn:00008370n
89,n,sim,,culture,cultura,Kultur,0.312,1,bn:00024369n
90,n,sim,,sector,settore,Bereich,0.312,0,
91,n,sim,,college,università,Hochschule,0.311,0,
92,n,sim,,entrepreneur,imprenditore,Unternehmer,0.311,2,bn:00009631n bn:00031011n
93,n,sim,,force,forza,Kraft,0.309,2,bn:00035768n bn:00035767n
94,n,sim,,resident,residente,Einwohner,0.309,1,bn:03269301n
95,n,sim,,guest,ospite,Gast,0.306,1,bn:00042091n
96,n,sim,,time,tempo,Zeit,0.306,2,bn:00077270n bn:00076545n
97,n,sim,,church,chiesa,Kirche,0.305,2,bn:00018995n bn:00018819n
98,n,sim,,day,giorno,Tag,0.303,5,bn:00025422n bn:00000086n bn:00025424n bn:00025419n bn:00025417n
99,n,sim,,scientist,scienziato,Wissenschaftler,0.303,1,bn:00069680n
100,n,sim,,enterprise,impresa,Unternehmen,0.302,7,bn:00073910n bn:00014137n bn:00030751n bn:00022811n bn:00021286n bn:00031008n bn:00014160n
101,n,sim,,home,casa,Haus,0.302,2,bn:00044994n bn:00000356n
102,n,sim,,house,casa,Haus,0.302,4,bn:00000356n bn:00045000n bn:00044994n bn:00029305n
103,n,sim,,wife,moglie,Frau,0.301,1,bn:00053531n
104,n,sim,,worker,lavoratore,Arbeitnehmer,0.3,0,
105,n,sim,,movement,movimento,Bewegung,0.299,3,bn:00056030n bn:00036632n bn:00056029n
106,n,sim,,book,libro,Buch,0.297,2,bn:00012059n bn:00012066n
107,n,sim,,researcher,ricercatore,Forscher,0.297,1,bn:00047356n
108,n,sim,,week,settimana,Woche,0.294,1,bn:00043484n
109,n,sim,,organisation,organizzazione,Organisation,0.293,5,bn:00059482n bn:00005863n bn:00059480n bn:00059483n bn:00001423n
110,n,sim,,fan,fan,Fan,0.292,6,bn:00013648n bn:00001806n bn:00001805n bn:00033599n bn:00012974n bn:00033600n
111,n,sim,,personnel,personale,Personal,0.292,0,
112,n,sim,,dog,cane,Hund,0.29,1,bn:00015267n
113,n,sim,,son,figlio,Sohn,0.289,1,bn:00051877n
114,n,sim,,supporter,tifoso,Fan,0.288,0,
115,n,sim,,user,utente,Benutzer,0.286,1,bn:00079373n
116,n,sim,,president,presidente,Präsident,0.285,2,bn:00017517n bn:00064234n
117,n,sim,,administration,amministrazione,Verwaltung,0.284,5,bn:00001424n bn:00027355n bn:00001422n bn:00053116n bn:00001423n
118,n,sim,,driver,autista,Fahrer,0.284,1,bn:00028795n
119,n,sim,,journalist,giornalista,Journalist,0.283,1,bn:00048461n
120,n,sim,,market,mercato,Markt,0.28,3,bn:00053458n bn:00053459n bn:00053461n
121,n,sim,,character,personaggio,Charakter,0.279,0,
122,n,sim,,association,associazione,Verein,0.278,2,bn:00020039n bn:00006539n
123,n,sim,,art,arte,Kunst,0.276,3,bn:00005928n bn:00005926n bn:00005927n
124,n,sim,,story,racconto,Geschichte,0.276,1,bn:00056857n
125,n,sim,,undertaking,impresa,Unternehmen,0.276,0,
126,n,sim,,politician,politico,Politiker,0.274,1,bn:00063277n
127,n,sim,,candidate,candidato,Kandidat,0.268,1,bn:00015205n
128,n,sim,,athlete,atleta,Athlet,0.263,1,bn:00006747n
129,n,sim,,musician,musicista,Musiker,0.262,1,bn:00046975n
130,n,sim,,coach,allenatore,Trainer,0.261,3,bn:00020119n bn:00077924n bn:00020120n
131,n,sim,,consumer,consumatore,Konsument,0.26,1,bn:00022095n
132,n,sim,,trainer,allenatore,Trainer,0.26,3,bn:00020119n bn:00077924n bn:00020120n
133,n,sim,,viewer,spettatore,Zuschauer,0.26,1,bn:00051972n
134,n,sim,,volunteer,volontario,Freiwillige,0.26,0,
135,n,sim,,associate,socio,Partner,0.259,2,bn:00006531n bn:00060819n
136,n,sim,,month,mese,Monat,0.259,2,bn:00014710n bn:00055794n
137,n,sim,,university,università,Universität,0.257,3,bn:00069619n bn:00000568n bn:00079152n
138,n,sim,,husband,marito,Mann,0.252,2,bn:00045106n bn:00010161n
139,n,sim,,representative,rappresentante,Vertreter,0.25,0,
140,n,sim,,manager,gestore,Manager,0.248,2,bn:00020119n bn:00027366n
141,n,sim,,study,studio,Lernen,0.247,0,
142,n,sim,,venture,impresa,Unternehmen,0.246,4,bn:00073910n bn:00022811n bn:00021286n bn:00014160n
143,n,sim,,victim,vittima,Opfer,0.245,2,bn:00079940n bn:00016592n
144,n,sim,,lady,signora,Dame,0.244,3,bn:00025097n bn:00001530n bn:00049667n
145,n,sim,,national,cittadino,Staatsbürger,0.243,0,
146,n,sim,,teenager,adolescente,Teenager,0.243,1,bn:00001480n
147,n,sim,,crew,equipaggio,Mannschaft,0.241,0,
148,n,sim,,professor,professore,Professor,0.239,2,bn:00064601n bn:00046958n
149,n,sim,,daughter,figlia,Tochter,0.236,1,bn:00025364n
150,n,sim,,educator,educatore,Erzieher,0.236,1,bn:00046958n
151,n,sim,,graduate,laureato,Absolvent,0.236,0,
152,n,sim,,actor,attore,Schauspieler,0.233,1,bn:00001176n
153,n,sim,,economy,economia,Wirtschaft,0.233,1,bn:00029678n
154,n,sim,,brother,fratello,Bruder,0.232,2,bn:00013371n bn:00011357n
155,n,sim,,soldier,soldato,Soldat,0.232,3,bn:00080510n bn:00072698n bn:00013585n
156,n,sim,,tourist,turista,Tourist,0.232,1,bn:00044419n
157,n,sim,,writer,scrittore,Schriftsteller,0.232,1,bn:00007287n
158,n,sim,,animal,animale,Tier,0.231,1,bn:00004222n
159,n,sim,,executive,dirigente,Führungskraft,0.229,0,
160,n,sim,,officer,ufficiale,Offizier,0.229,1,bn:00054972n
161,n,sim,,teaching,insegnamento,Unterricht,0.224,1,bn:00026980n
162,n,sim,,building,edificio,Gebäude,0.223,1,bn:00013722n
163,n,sim,,establishment,stabilimento,Einrichtung,0.223,0,
164,n,sim,,nurse,infermiere,Krankenschwester,0.222,2,bn:00058325n bn:00056797n
165,n,sim,,applicant,richiedente,Bewerber,0.221,1,bn:00005091n
166,n,sim,,initiative,iniziativa,Initiative,0.221,2,bn:00034797n bn:00031009n
167,n,sim,,pilot,pilota,Pilot,0.221,2,bn:00002306n bn:00062422n
168,n,sim,,industry,industria,Industrie,0.216,1,bn:00046576n
169,n,sim,,baby,bambino,Baby,0.215,3,bn:00007630n bn:00007646n bn:00008252n
170,n,sim,,investor,investitore,Investor,0.213,1,bn:00047367n
171,n,sim,,trainee,apprendista,Praktikant,0.213,0,
172,n,sim,,owner,proprietario,Besitzer,0.211,1,bn:00059954n
173,n,sim,,pupil,allievo,Schüler,0.211,2,bn:00065253n bn:00029806n
174,n,sim,,voter,elettore,Wähler,0.211,1,bn:00030122n
175,n,sim,,motorist,automobilista,Autofahrer,0.208,2,bn:00007382n bn:00028795n
176,n,sim,,activist,attivista,Aktivist,0.207,2,bn:00001171n bn:00001170n
177,n,sim,,judge,giudice,Richter,0.205,1,bn:00048488n
178,n,sim,,engineer,ingegnere,Ingenieur,0.201,1,bn:00005106n
179,n,sim,,traveler,viaggiatore,Reisende,0.198,1,bn:25263452n
180,n,sim,,farmer,agricoltore,Bauer,0.197,1,bn:00033687n
181,n,sim,,minister,ministro,Minister,0.197,3,bn:00024459n bn:00041200n bn:00027288n
182,n,sim,,follower,discepolo,Schüler,0.195,0,
183,n,sim,,traveller,viaggiatore,Reisende,0.192,1,bn:25263452n
184,n,sim,,disciple,discepolo,Schüler,0.19,0,
185,n,sim,,refugee,rifugiato,Flüchtling,0.19,1,bn:00066857n
186,n,sim,,relative,parente,Verwandte,0.188,1,bn:00066996n
187,n,sim,,passenger,passeggero,Passagier,0.185,1,bn:00060894n
188,n,sim,,lawyer,avvocato,Rechtsanwalt,0.183,2,bn:00007051n bn:00008722n
189,n,sim,,american,americano,Amerikaner,0.182,0,
190,n,sim,,priest,sacerdote,Priester,0.182,3,bn:00033777n bn:00019727n bn:00064346n
191,n,sim,,singer,cantante,Sänger,0.182,2,bn:00071731n bn:00071734n
192,n,sim,,photographer,fotografo,Fotograf,0.176,1,bn:00050680n
193,n,sim,,christian,cristiano,Christ,0.174,2,bn:00018818n bn:00037764n
194,n,sim,,director,direttore,Regisseur,0.174,0,
195,n,sim,,sister,sorella,Schwester,0.174,2,bn:00071838n bn:00058313n
196,n,sim,,dancer,ballerino,Tänzer,0.173,2,bn:00025153n bn:00025154n
197,n,sim,,inhabitant,abitante,Einwohner,0.173,1,bn:00026239n
198,n,sim,,apprentice,apprendista,Lehrling,0.171,1,bn:00005137n
199,n,sim,,assistant,assistente,Helfer,0.171,1,bn:00006523n
200,n,sim,,manufacturer,fabbricante,Hersteller,0.171,1,bn:00052911n
201,n,sim,,smes,pmi,Kmu,0.17,0,
202,n,sim,,fisherman,pescatore,Fischer,0.167,1,bn:00034854n
203,n,sim,,producer,produttore,Produzent,0.166,1,bn:03927465n
204,n,sim,,pensioner,pensionato,Rentner,0.163,1,bn:00061410n
205,n,sim,,scholar,studioso,Gelehrte,0.161,0,
206,n,sim,,specialist,specialista,Spezialist,0.161,1,bn:00073206n
207,n,sim,,delegation,delegazione,Delegation,0.151,2,bn:00026026n bn:00021019n
208,n,sim,,minority,minoranza,Minderheit,0.148,1,bn:00055208n
209,n,sim,,roma,roma,Roma,0.144,3,bn:00015556n bn:00011815n bn:00068210n
210,n,sim,,competitor,concorrente,Wettbewerber,0.139,0,
211,n,sim,,learning,apprendimento,Lernen,0.129,1,bn:17277242n
212,n,sim,,shareholder,azionista,Aktionär,0.121,1,bn:00070914n
213,n,sim,,retailer,rivenditore,Einzelhändler,0.119,0,
214,n,sim,,mobility,mobilità,Mobilität,0.116,1,bn:00766961n
1,n,sim,WEAK,academic,universitario,Akademiker,,,
2,n,sim,WEAK,action,opera,Aktion,,,
3,n,sim,WEAK,adolescent,adolescente,Jugendliche,,,
4,n,sim,WEAK,agency,agenzia,Kraft,,,
5,n,sim,WEAK,agent,agente,Vertreter,,,
6,n,sim,WEAK,body,corpo,Mensch,,,
7,n,sim,WEAK,boss,dirigente,Senior,,,
8,n,sim,WEAK,brand,marchio,Mal,,,
9,n,sim,WEAK,business,azienda,Unternehmen,,,
10,n,sim,WEAK,caregiver,assistente,Betreuer,,,
11,n,sim,WEAK,center,centro,Platz,,,
12,n,sim,WEAK,centre,centro,Platz,,,
13,n,sim,WEAK,contestant,concorrente,Kandidat,,,
14,n,sim,WEAK,contractor,contraente,Unternehmer,,,
15,n,sim,WEAK,department,ufficio,Bereich,,,
16,n,sim,WEAK,distributor,distributore,Vertreter,,,
17,n,sim,WEAK,district,quartiere,Kreis,,,
18,n,sim,WEAK,education,istruzione,Ausbildung,,,
19,n,sim,WEAK,employment,occupazione,Arbeit,,,
20,n,sim,WEAK,entity,entità,Ding,,,
21,n,sim,WEAK,facility,infrastruttura,Einrichtung,,,
22,n,sim,WEAK,fellow,compagno,Mann,,,
23,n,sim,WEAK,figure,figura,Zahl,,,
24,n,sim,WEAK,firm,impresa,Firma,,,
25,n,sim,WEAK,foreigner,straniero,Ausländer,,,
26,n,sim,WEAK,form,figura,Form,,,
27,n,sim,WEAK,foundation,fondazione,Grund,,,
28,n,sim,WEAK,grant,contributo,Unterstützung,,,
29,n,sim,WEAK,guy,individuo,Junge,,,
30,n,sim,WEAK,holder,titolare,Besitzer,,,
31,n,sim,WEAK,household,famiglia,Haus,,,
32,n,sim,WEAK,human,essere,Mensch,,,
33,n,sim,WEAK,infant,bimbo,Säugling,,,
34,n,sim,WEAK,inmate,paziente,Insasse,,,
35,n,sim,WEAK,intermediary,intermediario,Aktionär,,,
36,n,sim,WEAK,investment,investimento,Einsatz,,,
37,n,sim,WEAK,law,diritto,Regel,,,
38,n,sim,WEAK,local,locale,Einheimische,,,
39,n,sim,WEAK,lover,appassionato,Freund,,,
40,n,sim,WEAK,maker,costruttore,Hersteller,,,
41,n,sim,WEAK,management,direzione,Verwaltung,,,
42,n,sim,WEAK,master,maestro,Herr,,,
43,n,sim,WEAK,medium,ambiente,Medium,,,
44,n,sim,WEAK,mind,mente,Meinung,,,
45,n,sim,WEAK,minor,minorenne,Minderjährige,,,
46,n,sim,WEAK,model,esempio,Modell,,,
47,n,sim,WEAK,municipality,comune,Gemeinde,,,
48,n,sim,WEAK,nation,nazione,Volk,,,
49,n,sim,WEAK,office,ufficio,Stelle,,,
50,n,sim,WEAK,official,funzionario,Beamte,,,
51,n,sim,WEAK,operator,operatore,Unternehmer,,,
52,n,sim,WEAK,opportunity,modo,Möglichkeit,,,
53,n,sim,WEAK,order,ordine,Reihe,,,
54,n,sim,WEAK,paper,documento,Arbeit,,,
55,n,sim,WEAK,partnership,associazione,Paar,,,
56,n,sim,WEAK,party,partito,Partei,,,
57,n,sim,WEAK,performance,spettacolo,Leistung,,,
58,n,sim,WEAK,place,sito,Platz,,,
59,n,sim,WEAK,plan,programma,Konzept,,,
60,n,sim,WEAK,poet,poeta,Sänger,,,
61,n,sim,WEAK,point,senso,Stelle,,,
62,n,sim,WEAK,power,forza,Leistung,,,
63,n,sim,WEAK,practitioner,medico,Zahnarzt,,,
64,n,sim,WEAK,principal,capitale,Klient,,,
65,n,sim,WEAK,prisoner,detenuto,Gefangene,,,
66,n,sim,WEAK,problem,difficoltà,Problem,,,
67,n,sim,WEAK,product,genere,Produkt,,,
68,n,sim,WEAK,professional,professionista,Profi,,,
69,n,sim,WEAK,self,individuo,Seite,,,
70,n,sim,WEAK,sibling,fratello,Geschwister,,,
71,n,sim,WEAK,side,parte,Seite,,,
72,n,sim,WEAK,skill,arte,Fähigkeit,,,
73,n,sim,WEAK,speaker,interlocutore,Referent,,,
74,n,sim,WEAK,system,rete,System,,,
75,n,sim,WEAK,test,prova,Arbeit,,,
76,n,sim,WEAK,trader,commerciante,Unternehmer,,,
77,n,sim,WEAK,tutor,docente,Lehrer,,,
78,n,sim,WEAK,union,unione,Verein,,,
79,n,sim,WEAK,unit,gruppo,Teil,,,
80,n,sim,WEAK,use,utenza,Einsatz,,,
81,n,sim,WEAK,vessel,nave,Fahrzeug,,,
82,n,sim,WEAK,youngster,giovane,Junge,,,
83,n,sim,WEAK,youth,giovane,Jugend,,,
1,n,cooc,,school,scuola,Schule,0.623,3,bn:00069620n bn:00069619n bn:00069625n
2,n,cooc,,teacher,insegnante,Lehrer,0.549,2,bn:00076289n bn:00046958n
3,n,cooc,,category,categoria,Kategorie,0.52,1,bn:00016733n
4,n,cooc,,professor,professore,Professor,0.519,2,bn:00064601n bn:00046958n
5,n,cooc,,volunteer,volontario,Freiwillige,0.518,0,
6,n,cooc,,mobility,mobilità,Mobilität,0.517,1,bn:00766961n
7,n,cooc,,lecturer,docente,Dozent,0.508,1,bn:00050485n
8,n,cooc,,graduate,laureato,Absolvent,0.506,0,
9,n,cooc,,union,unione,Union,0.496,6,bn:00079093n bn:00021881n bn:00058032n bn:00079077n bn:00021127n bn:00079094n
10,n,cooc,,colleague,collega,Kollege,0.492,1,bn:00020621n
11,n,cooc,,researcher,ricercatore,Forscher,0.485,1,bn:00047356n
12,n,cooc,,professional,professionista,Professional,0.481,3,bn:00064610n bn:00032322n bn:00064500n
13,n,cooc,,college,università,College,0.469,0,
14,n,cooc,,class,classe,Klasse,0.467,6,bn:00016733n bn:00019478n bn:00019482n bn:00019483n bn:00019479n bn:00019477n
15,n,cooc,,transportation,trasporto,Transport,0.467,3,bn:00022381n bn:00071122n bn:00022379n
16,n,cooc,,student,studente,Student,0.466,3,bn:00079004n bn:00012135n bn:00029806n
17,n,cooc,,staff,personale,Personal,0.458,0,
18,n,cooc,,pensioner,pensionato,Rentner,0.454,1,bn:00061410n
19,n,cooc,,need,bisogno,Bedürfnis,0.448,1,bn:00026107n
20,n,cooc,,family,famiglia,Familie,0.441,2,bn:00032893n bn:00032896n
21,n,cooc,,athlete,atleta,Sportler,0.439,1,bn:00006747n
22,n,cooc,,personnel,personale,Personal,0.438,0,
23,n,cooc,,friend,amico,Freund,0.437,2,bn:00036538n bn:00002956n
24,n,cooc,,training,formazione,Ausbildung,0.434,1,bn:00041853n
25,n,cooc,,citizen,cittadino,Bürger,0.432,1,bn:15489147n
26,n,cooc,,collaborator,collaboratore,Mitarbeiter,0.43,0,
27,n,cooc,,disciple,discepolo,Schüler,0.428,0,
28,n,cooc,,fee,tassa,Beitrag,0.421,0,
29,n,cooc,,employee,dipendente,Mitarbeiter,0.42,1,bn:14292888n
30,n,cooc,,adult,adulto,Erwachsene,0.418,1,bn:00001525n
31,n,cooc,,worker,lavoratore,Arbeitnehmer,0.417,0,
32,n,cooc,,degree,grado,Abschluss,0.416,0,
33,n,cooc,,ratio,rapporto,Verhältnis,0.416,1,bn:00066247n
34,n,cooc,,pupil,allievo,Schüler,0.414,2,bn:00065253n bn:00029806n
35,n,cooc,,child,bambino,Kind,0.41,1,bn:00018345n
36,n,cooc,,university,università,Universität,0.41,3,bn:00069619n bn:00000568n bn:00079152n
37,n,cooc,,competition,concorso,Wettbewerb,0.407,2,bn:00021338n bn:00021339n
38,n,cooc,,visitor,visitatore,Gast,0.402,1,bn:00080115n
39,n,cooc,,learning,apprendimento,Lernen,0.4,1,bn:17277242n
40,n,cooc,,association,associazione,Verein,0.399,2,bn:00020039n bn:00006539n
41,n,cooc,,group,gruppo,Gruppe,0.399,4,bn:00041943n bn:00018111n bn:00073698n bn:00041942n
42,n,cooc,,exam,esame,Prüfung,0.395,0,
43,n,cooc,,week,settimana,Woche,0.395,1,bn:00043484n
44,n,cooc,,year,anno,Jahr,0.395,3,bn:00081857n bn:00078738n bn:00006662n
45,n,cooc,,assistant,assistente,Assistentin,0.391,0,
46,n,cooc,,scientist,scienziato,Wissenschaftler,0.391,1,bn:00069680n
47,n,cooc,,aid,aiuto,Hilfe,0.388,2,bn:00002155n bn:00055177n
48,n,cooc,,return,ritorno,Rückkehr,0.388,1,bn:00044531n
49,n,cooc,,patient,paziente,Patient,0.385,2,bn:00061017n bn:00001742n
50,n,cooc,,number,numero,Anzahl,0.383,1,bn:00034394n
51,n,cooc,,kid,bambino,Kind,0.382,1,bn:00018345n
52,n,cooc,,representative,rappresentante,Vertreter,0.38,0,
53,n,cooc,,successor,successore,Nachfolger,0.38,3,bn:00043556n bn:00067171n bn:00075028n
54,n,cooc,,tourist,turista,Tourist,0.379,1,bn:00044419n
55,n,cooc,,artist,artista,Künstler,0.377,1,bn:00006182n
56,n,cooc,,transport,trasporto,Transport,0.377,5,bn:00022381n bn:00071122n bn:00022379n bn:00029691n bn:00078046n
57,n,cooc,,work,lavoro,Arbeit,0.367,5,bn:00081569n bn:00030616n bn:00030625n bn:00081570n bn:00014138n
58,n,cooc,,exchange,scambio,Austausch,0.363,2,bn:00032127n bn:00032125n
59,n,cooc,,help,aiuto,Hilfe,0.361,3,bn:00002155n bn:00055177n bn:00006523n
60,n,cooc,,doctor,medico,Ärztin,0.359,1,bn:00027976n
61,n,cooc,,lesson,lezione,Unterricht,0.356,1,bn:00050793n
62,n,cooc,,time,tempo,Zeit,0.355,2,bn:00077270n bn:00076545n
63,n,cooc,,trainee,apprendista,Praktikant,0.352,0,
64,n,cooc,,day,giornata,Tag,0.351,1,bn:00025419n
65,n,cooc,,master,master,Meister,0.351,1,bn:00052017n
66,n,cooc,,educator,educatore,Erzieher,0.35,1,bn:00046958n
67,n,cooc,,outcome,risultato,Ergebnis,0.347,2,bn:00021961n bn:00034520n
68,n,cooc,,apprentice,apprendista,Lehrling,0.337,1,bn:00005137n
69,n,cooc,,person,persona,Person,0.337,4,bn:00046516n bn:00061715n bn:00044576n bn:00061714n
70,n,cooc,,project,progetto,Projekt,0.335,1,bn:00064665n
71,n,cooc,,member,membro,Mitglied,0.331,2,bn:00034004n bn:00054277n
72,n,cooc,,boy,ragazzo,Junge,0.327,1,bn:00012569n
73,n,cooc,,faculty,facoltà,Fakultät,0.327,1,bn:00032685n
74,n,cooc,,subject,tema,Thema,0.327,2,bn:00045803n bn:00074900n
75,n,cooc,,follower,seguace,Nachfolger,0.326,0,
76,n,cooc,,result,risultato,Ergebnis,0.322,3,bn:00021961n bn:00004452n bn:00034520n
77,n,cooc,,average,media,Durchschnitt,0.316,2,bn:00007449n bn:00005677n
78,n,cooc,,public,pubblico,Publikum,0.306,2,bn:00063584n bn:00007096n
79,n,cooc,,route,percorso,Weg,0.297,1,bn:00067975n
80,n,cooc,,middle,mezzo,Hälfte,0.296,0,
81,n,cooc,,occasion,occasione,Gelegenheit,0.293,1,bn:00058538n
82,n,cooc,,lawyer,avvocato,Anwalt,0.292,2,bn:00007051n bn:00008722n
83,n,cooc,,job,lavoro,Job,0.272,4,bn:00030616n bn:00030625n bn:00018756n bn:00014138n
84,n,cooc,,institution,istituzione,Einrichtung,0.264,1,bn:27269439n
85,n,cooc,,place,posto,Platz,0.249,1,bn:00062699n
86,n,cooc,,roll,ruolo,Rolle,0.241,0,
87,n,cooc,,society,società,Verein,0.234,1,bn:00020039n
88,n,cooc,,woman,donna,Frau,0.207,2,bn:00001530n bn:00034016n
1,n,cooc,WEAK,academic,accademico,Wissenschaftler,,,
2,n,cooc,WEAK,access,ingresso,Zugang,,,
3,n,cooc,WEAK,achievement,risultato,Leistung,,,
4,n,cooc,WEAK,act,numero,Urkunde,,,
5,n,cooc,WEAK,affair,relazione,Geschichte,,,
6,n,cooc,WEAK,area,area,Raum,,,
7,n,cooc,WEAK,assessment,tassa,Bewertung,,,
8,n,cooc,WEAK,associate,socio,Kollege,,,
9,n,cooc,WEAK,attendance,presenza,Teilnahme,,,
10,n,cooc,WEAK,body,corpo,Organ,,,
11,n,cooc,WEAK,business,azienda,Unternehmen,,,
12,n,cooc,WEAK,card,scheda,Karte,,,
13,n,cooc,WEAK,center,mezzo,Platz,,,
14,n,cooc,WEAK,chamber,aula,Raum,,,
15,n,cooc,WEAK,charter,carta,Urkunde,,,
16,n,cooc,WEAK,companion,compagno,Begleitung,,,
17,n,cooc,WEAK,course,corso,Platz,,,
18,n,cooc,WEAK,creation,creazione,Erzeugnis,,,
19,n,cooc,WEAK,education,istruzione,Bildung,,,
20,n,cooc,WEAK,entrance,ingresso,Zugang,,,
21,n,cooc,WEAK,event,prova,Fall,,,
22,n,cooc,WEAK,fan,appassionato,Fächer,,,
23,n,cooc,WEAK,fellow,compagno,Mann,,,
24,n,cooc,WEAK,flat,casa,Wohnung,,,
25,n,cooc,WEAK,form,scheda,Klasse,,,
26,n,cooc,WEAK,governor,amministratore,Direktor,,,
27,n,cooc,WEAK,grad,grado,Absolvent,,,
28,n,cooc,WEAK,grade,grado,Klasse,,,
29,n,cooc,WEAK,grant,borsa,Stipendium,,,
30,n,cooc,WEAK,home,casa,Ziel,,,
31,n,cooc,WEAK,infant,bimbo,Kind,,,
32,n,cooc,WEAK,junior,giovane,Grundschüler,,,
33,n,cooc,WEAK,leader,dirigente,Kopf,,,
34,n,cooc,WEAK,learner,allievo,Lernende,,,
35,n,cooc,WEAK,level,grado,Stufe,,,
36,n,cooc,WEAK,life,durata,Leben,,,
37,n,cooc,WEAK,management,quadro,Leitung,,,
38,n,cooc,WEAK,mistress,maestra,Lehrerin,,,
39,n,cooc,WEAK,movement,movimento,Beförderung,,,
40,n,cooc,WEAK,organisation,organizzazione,Unternehmen,,,
41,n,cooc,WEAK,organization,organizzazione,Unternehmen,,,
42,n,cooc,WEAK,people,pubblico,Leute,,,
43,n,cooc,WEAK,performance,svolgimento,Leistung,,,
44,n,cooc,WEAK,principal,protagonista,Direktor,,,
45,n,cooc,WEAK,progress,corso,Fortschritt,,,
46,n,cooc,WEAK,proportion,misura,Anteil,,,
47,n,cooc,WEAK,reader,lettore,Dozent,,,
48,n,cooc,WEAK,reception,ricevimento,Aufnahme,,,
49,n,cooc,WEAK,residence,residenza,Aufenthalt,,,
50,n,cooc,WEAK,scheme,progetto,Programm,,,
51,n,cooc,WEAK,scholar,studioso,Schüler,,,
52,n,cooc,WEAK,schooling,istruzione,Ausbildung,,,
53,n,cooc,WEAK,schoolmaster,maestro,Lehrer,,,
54,n,cooc,WEAK,score,punto,Ergebnis,,,
55,n,cooc,WEAK,section,sezione,Teil,,,
56,n,cooc,WEAK,size,misura,Stärke,,,
57,n,cooc,WEAK,standard,base,Niveau,,,
58,n,cooc,WEAK,study,ricerca,Studie,,,
59,n,cooc,WEAK,success,risultato,Erfolg,,,
60,n,cooc,WEAK,survey,esame,Umfrage,,,
61,n,cooc,WEAK,tutor,docente,Lehrer,,,
62,n,cooc,WEAK,unit,gruppo,Teil,,,
63,n,cooc,WEAK,youngster,giovane,Junge,,,
64,n,cooc,WEAK,youth,giovane,Jugend,,,
1,adj,cooc,,interested,interessato,interessiert,0.577,1,bn:00105275a
2,adj,cooc,,young,giovane,jung,0.528,1,bn:00104589a
3,adj,cooc,,proud,fiero,stolz,0.508,1,bn:00109157a
4,adj,cooc,,disabled,disabile,behindert,0.504,0,
5,adj,cooc,,foreign,straniero,ausländisch,0.497,0,
6,adj,cooc,,present,presente,anwesend,0.468,0,
7,adj,cooc,,muslim,musulmano,muslimisch,0.448,1,bn:00105464a
8,adj,cooc,,egyptian,egiziano,ägyptisch,0.446,1,bn:00102059a
9,adj,cooc,,sick,malato,schlecht,0.443,0,
10,adj,cooc,,male,maschio,männlich,0.423,1,bn:00106354a
11,adj,cooc,,jewish,ebreo,jüdisch,0.42,1,bn:00105531a
12,adj,cooc,,eager,desideroso,eifrig,0.418,0,
13,adj,cooc,,chinese,cinese,chinesisch,0.416,1,bn:00099614a
14,adj,cooc,,affected,affetto,betroffen,0.411,0,
15,adj,cooc,,needy,bisognoso,bedürftig,0.406,0,
16,adj,cooc,,motivated,motivato,motiviert,0.404,0,
17,adj,cooc,,bulgarian,bulgaro,bulgarisch,0.401,1,bn:00099000a
18,adj,cooc,,blind,cieco,blind,0.377,1,bn:00098562a
19,adj,cooc,,turkish,turco,türkisch,0.372,1,bn:00112187a
20,adj,cooc,,ill,malato,schlecht,0.37,0,
21,adj,cooc,,deaf,sordo,gehörlos,0.367,1,bn:00100975a
22,adj,cooc,,numerous,numeroso,zahlreich,0.355,1,bn:00105858a
23,adj,cooc,,american,americano,amerikanisch,0.352,1,bn:00096963a
24,adj,cooc,,gifted,dotato,begabt,0.349,1,bn:00103580a
25,adj,cooc,,indian,indiano,indisch,0.327,0,
26,adj,cooc,,iranian,iraniano,iranisch,0.326,1,bn:00105412a
27,adj,cooc,,wide,lontano,weit,0.306,0,
28,adj,cooc,,average,medio,durchschnittlich,0.297,1,bn:00097859a
29,adj,cooc,,austrian,austriaco,österreichisch,0.273,1,bn:00097788a
30,adj,cooc,,attentive,attento,aufmerksam,0.269,0,
31,adj,cooc,,syrian,siriano,syrisch,0.268,0,
32,adj,cooc,,weak,debole,schwach,0.242,1,bn:00113737a
33,adj,cooc,,responsible,responsabile,zuständig,0.24,0,
1,adj,cooc,WEAK,able,capace,begabt,,,
2,adj,cooc,WEAK,aged,anziano,alt,,,
3,adj,cooc,WEAK,apt,pronto,begabt,,,
4,adj,cooc,WEAK,big,forte,weit,,,
5,adj,cooc,WEAK,bright,brillante,intelligent,,,
6,adj,cooc,WEAK,capable,capace,gut,,,
7,adj,cooc,WEAK,close,fedele,knapp,,,
8,adj,cooc,WEAK,competent,competente,zuständig,,,
9,adj,cooc,WEAK,current,presente,aktuell,,,
10,adj,cooc,WEAK,good,bravo,gut,,,
11,adj,cooc,WEAK,indigent,povero,bedürftig,,,
12,adj,cooc,WEAK,individual,singolo,einzeln,,,
13,adj,cooc,WEAK,keen,appassionato,begeistert,,,
14,adj,cooc,WEAK,live,vivo,lebend,,,
15,adj,cooc,WEAK,low,piccolo,schwach,,,
16,adj,cooc,WEAK,off,lontano,schlecht,,,
17,adj,cooc,WEAK,old,anziano,alt,,,
18,adj,cooc,WEAK,poor,povero,schlecht,,,
19,adj,cooc,WEAK,primary,elementare,hauptsächlich,,,
20,adj,cooc,WEAK,prospective,potenziale,zukünftig,,,
21,adj,cooc,WEAK,qualified,qualificato,ausgebildet,,,
22,adj,cooc,WEAK,skilled,esperto,ausgebildet,,,
23,adj,cooc,WEAK,smart,brillante,intelligent,,,
24,adj,cooc,WEAK,special,particolare,speziell,,,
25,adj,cooc,WEAK,talented,valente,talentiert,,,
26,adj,cooc,WEAK,uncomfortable,disagiato,verlegen,,,
27,adj,cooc,WEAK,willing,volenteroso,bereitwillig,,,
1,v,cooc,,learn,imparare,lernen,0.647,1,bn:00082281v
2,v,cooc,,enroll,iscrivere,einschreiben,0.58,0,
3,v,cooc,,help,aiutare,helfen,0.555,1,bn:00082481v
4,v,cooc,,receive,ricevere,erhalten,0.526,1,bn:00089246v
5,v,cooc,,engage,impegnare,engagieren,0.504,0,
6,v,cooc,,prepare,preparare,vorbereiten,0.496,1,bn:00088250v
7,v,cooc,,complete,completare,absolvieren,0.491,0,
8,v,cooc,,choose,scegliere,wählen,0.489,1,bn:00084931v
9,v,cooc,,welcome,accogliere,begrüßen,0.489,1,bn:00092491v
10,v,cooc,,work,lavorare,arbeiten,0.488,1,bn:00095812v
11,v,cooc,,study,studiare,studieren,0.486,2,bn:00090266v bn:00094501v
12,v,cooc,,ask,chiedere,fragen,0.483,1,bn:00082819v
13,v,cooc,,educate,educare,erziehen,0.481,0,
14,v,cooc,,motivate,motivare,motivieren,0.475,1,bn:00082313v
15,v,cooc,,visit,visitare,besuchen,0.474,2,bn:00084390v bn:00093433v
16,v,cooc,,take,prendere,nehmen,0.472,3,bn:00085689v bn:00088762v bn:00094731v
17,v,cooc,,participate,partecipare,teilnehmen,0.469,1,bn:00091451v
18,v,cooc,,wish,desiderare,wünschen,0.46,0,
19,v,cooc,,get,ottenere,erhalten,0.458,0,
20,v,cooc,,assist,assistere,helfen,0.454,1,bn:00082481v
21,v,cooc,,accommodate,ospitare,unterbringen,0.451,1,bn:00082218v
22,v,cooc,,read,leggere,lesen,0.449,1,bn:00092426v
23,v,cooc,,develop,sviluppare,entwickeln,0.448,1,bn:00086745v
24,v,cooc,,feel,sentire,fühlen,0.445,0,
25,v,cooc,,enrol,iscrivere,einschreiben,0.44,0,
26,v,cooc,,write,scrivere,schreiben,0.439,2,bn:00093281v bn:00094109v
27,v,cooc,,acquire,acquisire,erwerben,0.437,1,bn:00082280v
28,v,cooc,,spend,trascorrere,verbringen,0.437,1,bn:00091458v
29,v,cooc,,want,desiderare,wünschen,0.435,0,
30,v,cooc,,explore,esplorare,erkunden,0.427,0,
31,v,cooc,,understand,capire,verstehen,0.423,1,bn:00082727v
32,v,cooc,,benefit,beneficiare,profitieren,0.418,1,bn:00083413v
33,v,cooc,,find,trovare,finden,0.418,2,bn:00088204v bn:00084231v
34,v,cooc,,achieve,raggiungere,erreichen,0.414,1,bn:00082226v
35,v,cooc,,bring,portare,bringen,0.413,1,bn:00084058v
36,v,cooc,,present,presentare,präsentieren,0.413,1,bn:00086557v
37,v,cooc,,drop,cadere,fallen,0.412,0,
38,v,cooc,,gather,riunire,sammeln,0.41,0,
39,v,cooc,,inform,informare,informieren,0.41,1,bn:00082416v
40,v,cooc,,obtain,ottenere,erhalten,0.409,0,
41,v,cooc,,sit,sedere,sitzen,0.409,0,
42,v,cooc,,accompany,accompagnare,begleiten,0.408,1,bn:00082222v
43,v,cooc,,create,creare,schaffen,0.407,1,bn:00086009v
44,v,cooc,,force,costringere,zwingen,0.407,0,
45,v,cooc,,injure,ferire,verletzen,0.407,0,
46,v,cooc,,abuse,maltrattare,missbrauchen,0.406,0,
47,v,cooc,,know,sapere,wissen,0.403,1,bn:00085261v
48,v,cooc,,build,costruire,bauen,0.401,1,bn:00084198v
49,v,cooc,,protest,protestare,protestieren,0.401,0,
50,v,cooc,,show,mostrare,zeigen,0.401,2,bn:00086567v bn:00086557v
51,v,cooc,,guide,guidare,führen,0.398,0,
52,v,cooc,,return,tornare,zurückkehren,0.398,1,bn:00092969v
53,v,cooc,,practice,praticare,üben,0.396,0,
54,v,cooc,,report,riportare,melden,0.396,0,
55,v,cooc,,recruit,reclutare,anwerben,0.391,0,
56,v,cooc,,decide,decidere,entscheiden,0.389,2,bn:00086370v bn:00082354v
57,v,cooc,,discuss,discutere,diskutieren,0.387,0,
58,v,cooc,,try,tentare,versuchen,0.385,2,bn:00087731v bn:00082844v
59,v,cooc,,recognize,riconoscere,erkennen,0.382,1,bn:00086904v
60,v,cooc,,stay,rimanere,bleiben,0.382,3,bn:00085719v bn:00091562v bn:00092756v
61,v,cooc,,die,morire,sterben,0.38,1,bn:00084343v
62,v,cooc,,practise,praticare,üben,0.378,0,
63,v,cooc,,protect,proteggere,schützen,0.377,1,bn:00090041v
64,v,cooc,,use,utilizzare,verwenden,0.377,1,bn:00082705v
65,v,cooc,,reach,raggiungere,erreichen,0.375,2,bn:00082226v bn:00082901v
66,v,cooc,,advise,avvisare,beraten,0.374,0,
67,v,cooc,,encounter,incontrare,begegnen,0.374,1,bn:00085339v
68,v,cooc,,conduct,condurre,führen,0.371,0,
69,v,cooc,,travel,viaggiare,reisen,0.37,2,bn:00089993v bn:00089951v
70,v,cooc,,catch,prendere,nehmen,0.368,0,
71,v,cooc,,complain,lamentare,beschweren,0.366,0,
72,v,cooc,,belong,appartenere,gehören,0.363,0,
73,v,cooc,,carry,trasportare,tragen,0.363,1,bn:00084554v
74,v,cooc,,earn,meritare,verdienen,0.363,0,
75,v,cooc,,ensure,garantire,gewährleisten,0.36,1,bn:00082812v
76,v,cooc,,enjoy,godere,genießen,0.359,2,bn:00087646v bn:00083145v
77,v,cooc,,listen,ascoltare,hören,0.359,3,bn:00089295v bn:00090400v bn:00089280v
78,v,cooc,,greet,salutare,begrüßen,0.357,0,
79,v,cooc,,wear,indossare,tragen,0.357,1,bn:00083227v
80,v,cooc,,praise,lodare,loben,0.353,0,
81,v,cooc,,accept,accettare,annehmen,0.351,1,bn:00082198v
82,v,cooc,,live,vivere,leben,0.35,2,bn:00087441v bn:00083191v
83,v,cooc,,abduct,rapire,entführen,0.348,1,bn:00082131v
84,v,cooc,,interest,interessare,interessieren,0.345,0,
85,v,cooc,,display,mostrare,zeigen,0.343,1,bn:00086557v
86,v,cooc,,prevent,impedire,verhindern,0.341,2,bn:00090033v bn:00088454v
87,v,cooc,,attain,raggiungere,erreichen,0.339,2,bn:00082226v bn:00082901v
88,v,cooc,,coach,allenare,trainieren,0.339,0,
89,v,cooc,,enter,entrare,eintreten,0.336,1,bn:00085363v
90,v,cooc,,kidnap,rapire,entführen,0.335,1,bn:00082131v
91,v,cooc,,organise,organizzare,organisieren,0.334,0,
92,v,cooc,,consider,considerare,berücksichtigen,0.333,0,
93,v,cooc,,move,spostare,bewegen,0.333,1,bn:00088912v
94,v,cooc,,discover,scoprire,entdecken,0.331,2,bn:00086935v bn:00086936v
95,v,cooc,,tell,dire,sagen,0.331,1,bn:00093287v
96,v,cooc,,construct,costruire,bauen,0.33,1,bn:00084198v
97,v,cooc,,introduce,introdurre,einführen,0.33,0,
98,v,cooc,,make,fare,machen,0.33,3,bn:00084198v bn:00086008v bn:00086013v
99,v,cooc,,sing,cantare,singen,0.33,1,bn:00093758v
100,v,cooc,,seek,cercare,suchen,0.329,1,bn:00090460v
101,v,cooc,,recognise,riconoscere,erkennen,0.326,1,bn:00086904v
102,v,cooc,,come,venire,kommen,0.324,1,bn:00085335v
103,v,cooc,,demonstrate,dimostrare,zeigen,0.324,2,bn:00086567v bn:00086557v
104,v,cooc,,miss,perdere,fehlen,0.321,0,
105,v,cooc,,perceive,percepire,wahrnehmen,0.319,1,bn:00085496v
106,v,cooc,,indicate,mostrare,zeigen,0.316,1,bn:00086557v
107,v,cooc,,follow,seguire,verfolgen,0.315,0,
108,v,cooc,,molest,molestare,belästigen,0.315,1,bn:00083426v
109,v,cooc,,think,pensare,denken,0.314,3,bn:00084733v bn:00089105v bn:00083370v
110,v,cooc,,send,inviare,schicken,0.313,1,bn:00093485v
111,v,cooc,,kill,uccidere,töten,0.309,1,bn:00090098v
112,v,cooc,,fall,cadere,fallen,0.308,2,bn:00087976v bn:00087979v
113,v,cooc,,place,mettere,legen,0.305,1,bn:00090224v
114,v,cooc,,leave,lasciare,verlassen,0.302,1,bn:00087845v
115,v,cooc,,mean,dire,bedeuten,0.302,1,bn:00089805v
116,v,cooc,,play,suonare,spielen,0.301,1,bn:00091713v
117,v,cooc,,give,dare,geben,0.296,2,bn:00088815v bn:00088825v
118,v,cooc,,design,progettare,entwerfen,0.294,0,
119,v,cooc,,remain,rimanere,bleiben,0.291,3,bn:00085719v bn:00091562v bn:00092756v
120,v,cooc,,survey,esaminare,untersuchen,0.288,0,
121,v,cooc,,master,padroneggiare,meistern,0.286,0,
122,v,cooc,,say,dire,sagen,0.286,1,bn:00093287v
123,v,cooc,,put,mettere,setzen,0.285,0,
124,v,cooc,,start,iniziare,beginnen,0.281,2,bn:00083342v bn:00083340v
125,v,cooc,,behave,agire,handeln,0.278,0,
126,v,cooc,,warn,avvertire,warnen,0.278,0,
127,v,cooc,,see,vedere,sehen,0.273,2,bn:00093430v bn:00092443v
128,v,cooc,,win,vincere,gewinnen,0.27,2,bn:00095777v bn:00084086v
129,v,cooc,,arrive,arrivare,ankommen,0.269,2,bn:00082788v bn:00082790v
130,v,cooc,,deserve,meritare,verdienen,0.269,0,
131,v,cooc,,answer,rispondere,beantworten,0.268,0,
132,v,cooc,,include,includere,einbeziehen,0.267,0,
133,v,cooc,,begin,iniziare,beginnen,0.258,2,bn:00083342v bn:00083340v
134,v,cooc,,compare,confrontare,vergleichen,0.256,1,bn:00085450v
135,v,cooc,,act,agire,handeln,0.25,0,
136,v,cooc,,qualify,qualificare,qualifizieren,0.247,0,
137,v,cooc,,plant,mettere,setzen,0.239,0,
138,v,cooc,,slap,schiaffeggiare,schlagen,0.23,0,
139,v,cooc,,examine,esaminare,untersuchen,0.227,1,bn:00087787v
140,v,cooc,,remind,ricordare,erinnern,0.221,0,
141,v,cooc,,exempt,esonerare,befreien,0.197,0,
142,v,cooc,,do,fare,tun,0.191,1,bn:00082286v
143,v,cooc,,safeguard,salvaguardare,sichern,0.169,0,
144,v,cooc,,pass,passare,passieren,0.165,1,bn:00091307v
145,v,cooc,,keep,tenere,halten,0.163,0,
146,v,cooc,,hold,tenere,halten,0.158,1,bn:00089385v
147,v,cooc,,recall,ricordare,erinnern,0.139,0,
148,v,cooc,,base,fondare,gründen,0.102,0,
1,v,cooc,WEAK,accord,concordare,gewähren,,,
2,v,cooc,WEAK,address,indirizzare,ansprechen,,,
3,v,cooc,WEAK,admit,ammettere,zulassen,,,
4,v,cooc,WEAK,affect,interessare,beeinflussen,,,
5,v,cooc,WEAK,allocate,distribuire,vergeben,,,
6,v,cooc,WEAK,allow,lasciare,zulassen,,,
7,v,cooc,WEAK,appear,presentare,scheinen,,,
8,v,cooc,WEAK,apply,applicare,verwenden,,,
9,v,cooc,WEAK,appreciate,apprezzare,erkennen,,,
10,v,cooc,WEAK,assault,aggredire,überfallen,,,
11,v,cooc,WEAK,assign,trasferire,vergeben,,,
12,v,cooc,WEAK,assure,garantire,sichern,,,
13,v,cooc,WEAK,attack,aggredire,überfallen,,,
14,v,cooc,WEAK,attend,assistere,besuchen,,,
15,v,cooc,WEAK,attract,attirare,ansprechen,,,
16,v,cooc,WEAK,be,diventare,liegen,,,
17,v,cooc,WEAK,bear,sostenere,tragen,,,
18,v,cooc,WEAK,become,diventare,stehen,,,
19,v,cooc,WEAK,challenge,sfidare,fordern,,,
20,v,cooc,WEAK,charge,accusare,laden,,,
21,v,cooc,WEAK,collect,percepire,sammeln,,,
22,v,cooc,WEAK,compete,gareggiare,teilnehmen,,,
23,v,cooc,WEAK,concern,interessare,betreffen,,,
24,v,cooc,WEAK,connect,collegare,vermitteln,,,
25,v,cooc,WEAK,continue,continuare,aufgreifen,,,
26,v,cooc,WEAK,contribute,collaborare,beitragen,,,
27,v,cooc,WEAK,cover,comprendere,erfassen,,,
28,v,cooc,WEAK,demand,chiedere,verlangen,,,
29,v,cooc,WEAK,deny,contestare,verweigern,,,
30,v,cooc,WEAK,discipline,punire,ausbilden,,,
31,v,cooc,WEAK,donate,donare,schenken,,,
32,v,cooc,WEAK,dress,preparare,gestalten,,,
33,v,cooc,WEAK,eat,consumare,essen,,,
34,v,cooc,WEAK,employ,usare,beschäftigen,,,
35,v,cooc,WEAK,encourage,incoraggiare,fördern,,,
36,v,cooc,WEAK,enthuse,entusiasmare,schwärmen,,,
37,v,cooc,WEAK,expand,sviluppare,erweitern,,,
38,v,cooc,WEAK,expect,contare,erwarten,,,
39,v,cooc,WEAK,expel,espellere,entlassen,,,
40,v,cooc,WEAK,experience,sperimentare,erleben,,,
41,v,cooc,WEAK,express,esprimere,äußern,,,
42,v,cooc,WEAK,face,affrontare,begegnen,,,
43,v,cooc,WEAK,fail,bocciare,streiken,,,
44,v,cooc,WEAK,finish,finire,absolvieren,,,
45,v,cooc,WEAK,gain,ottenere,gewinnen,,,
46,v,cooc,WEAK,go,partire,gehen,,,
47,v,cooc,WEAK,graduate,laureare,absolvieren,,,
48,v,cooc,WEAK,grant,dare,gewähren,,,
49,v,cooc,WEAK,grasp,comprendere,erfassen,,,
50,v,cooc,WEAK,have,disporre,machen,,,
51,v,cooc,WEAK,house,alloggiare,beherbergen,,,
52,v,cooc,WEAK,identify,individuare,erkennen,,,
53,v,cooc,WEAK,improve,perfezionare,verbessern,,,
54,v,cooc,WEAK,increase,crescere,erhöhen,,,
55,v,cooc,WEAK,instruct,istruire,unterrichten,,,
56,v,cooc,WEAK,integrate,completare,einbinden,,,
57,v,cooc,WEAK,intend,intendere,vorsehen,,,
58,v,cooc,WEAK,invite,invitare,laden,,,
59,v,cooc,WEAK,involve,coinvolgere,betreffen,,,
60,v,cooc,WEAK,join,aderire,teilnehmen,,,
61,v,cooc,WEAK,lead,portare,führen,,,
62,v,cooc,WEAK,let,lasciare,lassen,,,
63,v,cooc,WEAK,look,dimostrare,sehen,,,
64,v,cooc,WEAK,meet,soddisfare,treffen,,,
65,v,cooc,WEAK,need,volere,brauchen,,,
66,v,cooc,WEAK,offer,presentare,bieten,,,
67,v,cooc,WEAK,perform,eseguire,leisten,,,
68,v,cooc,WEAK,permit,ammettere,erlauben,,,
69,v,cooc,WEAK,plan,progettare,planen,,,
70,v,cooc,WEAK,promote,proteggere,fördern,,,
71,v,cooc,WEAK,provide,dotare,bieten,,,
72,v,cooc,WEAK,punish,punire,quälen,,,
73,v,cooc,WEAK,pursue,proseguire,verfolgen,,,
74,v,cooc,WEAK,raise,coltivare,erhöhen,,,
75,v,cooc,WEAK,realise,realizzare,erkennen,,,
76,v,cooc,WEAK,recite,recitare,sprechen,,,
77,v,cooc,WEAK,refer,sottoporre,übergeben,,,
78,v,cooc,WEAK,refuse,respingere,verweigern,,,
79,v,cooc,WEAK,regard,considerare,betreffen,,,
80,v,cooc,WEAK,register,registrare,anmelden,,,
81,v,cooc,WEAK,remember,ricordare,merken,,,
82,v,cooc,WEAK,require,chiedere,benötigen,,,
83,v,cooc,WEAK,respect,rispettare,würdigen,,,
84,v,cooc,WEAK,respond,rispondere,reagieren,,,
85,v,cooc,WEAK,run,correre,starten,,,
86,v,cooc,WEAK,school,addestrare,schulen,,,
87,v,cooc,WEAK,score,vincere,zählen,,,
88,v,cooc,WEAK,secure,garantire,sichern,,,
89,v,cooc,WEAK,select,selezionare,wählen,,,
90,v,cooc,WEAK,share,dividere,teilen,,,
91,v,cooc,WEAK,skip,marinare,schwänzen,,,
92,v,cooc,WEAK,speak,dire,sprechen,,,
93,v,cooc,WEAK,succeed,riuscire,gelingen,,,
94,v,cooc,WEAK,suffer,subire,leiden,,,
95,v,cooc,WEAK,support,sostenere,unterstützen,,,
96,v,cooc,WEAK,teach,istruire,lehren,,,
97,v,cooc,WEAK,test,sperimentare,testen,,,
98,v,cooc,WEAK,train,formare,trainieren,,,
99,v,cooc,WEAK,transfer,trasferire,übergeben,,,
100,v,cooc,WEAK,transport,trasportare,befördern,,,
101,v,cooc,WEAK,treat,considerare,bearbeiten,,,
102,v,cooc,WEAK,undergo,subire,erfahren,,,
103,v,cooc,WEAK,undertake,intraprendere,übernehmen,,,
104,v,cooc,WEAK,urge,sollecitare,betonen,,,
105,v,cooc,WEAK,walk,percorrere,gehen,,,
