idx_group,pos,rel,weak,lex_en,lex_it,lex_de,score,bs_count,babel_synsets
0,n,head,,part component portion,parte componente,Teil,,1,bn:00021395n
1,n,sim,,experience,esperienza,Erfahrung,0.425,2,bn:00032307n bn:00032306n
2,n,sim,,material,materiale,Material,0.422,3,bn:00053801n bn:00053803n bn:00053802n
3,n,sim,,function,funzione,Funktion,0.418,3,bn:00036822n bn:00036821n bn:00036825n
4,n,sim,,case,caso,Fall,0.416,3,bn:00016411n bn:00016402n bn:00016403n
5,n,sim,,structure,struttura,Struktur,0.415,1,bn:00022071n
6,n,sim,,world,mondo,Welt,0.411,3,bn:00045153n bn:00022991n bn:00029424n
7,n,sim,,life,vita,Leben,0.408,4,bn:00051045n bn:00051054n bn:00002761n bn:00051047n
8,n,sim,,day,giorno,Tag,0.407,5,bn:00000086n bn:00025424n bn:00025422n bn:00025417n bn:00025419n
9,n,sim,,activity,attività,Aktivität,0.404,2,bn:00001128n bn:00001174n
10,n,sim,,example,esempio,Beispiel,0.401,3,bn:00016401n bn:00032100n bn:00032099n
11,n,sim,,element,elemento,Element,0.4,6,bn:00021396n bn:00030301n bn:00018105n bn:00030299n bn:00030300n bn:00021394n
12,n,sim,,movement,movimento,Bewegung,0.4,3,bn:00056029n bn:00056030n bn:00036632n
13,n,sim,,home,casa,Haus,0.399,2,bn:00044994n bn:00000356n
14,n,sim,,story,storia,Geschichte,0.398,2,bn:00056857n bn:00000738n
15,n,sim,,house,casa,Haus,0.397,4,bn:00044994n bn:00000356n bn:00045000n bn:00029305n
16,n,sim,,year,anno,Jahr,0.397,3,bn:00006662n bn:00081857n bn:00078738n
17,n,sim,,technology,tecnologia,Technik,0.396,1,bn:16856297n
18,n,sim,,time,tempo,Zeit,0.396,2,bn:00076545n bn:00077270n
19,n,sim,,field,campo,Feld,0.392,4,bn:00006752n bn:00034267n bn:00034265n bn:00034273n
20,n,sim,,thing,cosa,Sache,0.392,2,bn:00001734n bn:00076925n
21,n,sim,,work,lavoro,Arbeit,0.39,5,bn:00030625n bn:00081570n bn:00081569n bn:00030616n bn:00014138n
22,n,sim,,city,città,Stadt,0.389,1,bn:00019319n
23,n,sim,,space,spazio,Raum,0.389,2,bn:00053830n bn:00046665n
24,n,sim,,size,dimensione,Größe,0.388,1,bn:15234561n
25,n,sim,,way,modo,Weg,0.387,1,bn:00033729n
26,n,sim,,production,produzione,Produktion,0.386,4,bn:00064594n bn:00064592n bn:00064590n bn:00059790n
27,n,sim,,class,classe,Klasse,0.385,6,bn:00019478n bn:00019483n bn:00019482n bn:00019479n bn:00019477n bn:00016733n
28,n,sim,,light,luce,Licht,0.384,3,bn:00045956n bn:00051109n bn:00051108n
29,n,sim,,history,storia,Geschichte,0.382,4,bn:00044267n bn:00044270n bn:00000738n bn:00044268n
30,n,sim,,place,posto,Platz,0.381,1,bn:00062699n
31,n,sim,,system,sistema,System,0.379,7,bn:00005863n bn:00075761n bn:00075759n bn:00075762n bn:00075763n bn:00075760n bn:00069580n
32,n,sim,,move,movimento,Bewegung,0.377,1,bn:00056029n
33,n,sim,,image,immagine,Bild,0.376,2,bn:00045970n bn:00045972n
34,n,sim,,piece,pezzo,Stück,0.375,2,bn:00062297n bn:00062299n
35,n,sim,,practice,pratica,Praxis,0.375,2,bn:00063989n bn:00063990n
36,n,sim,,water,acqua,Wasser,0.374,3,bn:00080561n bn:00042379n bn:00061253n
37,n,sim,,course,corso,Kurs,0.373,2,bn:00019479n bn:00019477n
38,n,sim,,page,pagina,Seite,0.371,1,bn:00060158n
39,n,sim,,project,progetto,Projekt,0.37,1,bn:00064665n
40,n,sim,,feature,caratteristica,Merkmal,0.369,1,bn:00065538n
41,n,sim,,development,sviluppo,Entwicklung,0.368,1,bn:07804057n
42,n,sim,,job,lavoro,Arbeit,0.368,4,bn:00030625n bn:00018756n bn:00030616n bn:00014138n
43,n,sim,,side,lato,Seite,0.368,2,bn:00032604n bn:00071433n
44,n,sim,,state,stato,Staat,0.368,3,bn:00023235n bn:00023236n bn:00064914n
45,n,sim,,family,famiglia,Familie,0.367,2,bn:00032896n bn:00032893n
46,n,sim,,object,oggetto,Objekt,0.367,4,bn:00058445n bn:00058442n bn:00058443n bn:00002179n
47,n,sim,,country,paese,Land,0.366,2,bn:00023235n bn:00023236n
48,n,sim,,group,gruppo,Gruppe,0.366,4,bn:00073698n bn:00041942n bn:00041943n bn:00018111n
49,n,sim,,hand,mano,Hand,0.366,3,bn:00025555n bn:00042761n bn:00042759n
50,n,sim,,model,modello,Modell,0.365,7,bn:00033735n bn:00022071n bn:00032101n bn:00032100n bn:00036197n bn:00055448n bn:00055447n
51,n,sim,,product,prodotto,Produkt,0.365,4,bn:00064584n bn:00054416n bn:00064585n bn:00053827n
52,n,sim,,service,servizio,Dienst,0.365,1,bn:00070651n
53,n,sim,,relationship,rapporto,Beziehung,0.364,1,bn:00033359n
54,n,sim,,school,scuola,Schule,0.364,3,bn:00069620n bn:00069625n bn:00069619n
55,n,sim,,environment,ambiente,Umgebung,0.362,1,bn:00031075n
56,n,sim,,process,processo,Verfahren,0.362,1,bn:00064536n
57,n,sim,,building,costruzione,Gebäude,0.361,1,bn:00013722n
58,n,sim,,number,numero,Anzahl,0.361,1,bn:00034394n
59,n,sim,,result,risultato,Ergebnis,0.361,3,bn:00021961n bn:00004452n bn:00034520n
60,n,sim,,site,luogo,Standort,0.359,1,bn:00051760n
61,n,sim,,area,zona,Bereich,0.358,1,bn:00082076n
62,n,sim,,aspect,aspetto,Aspekt,0.358,1,bn:00006385n
63,n,sim,,event,evento,Veranstaltung,0.358,1,bn:14035017n
64,n,sim,,idea,idea,Idee,0.358,1,bn:00045800n
65,n,sim,,point,punto,Punkt,0.358,4,bn:00063214n bn:00036777n bn:00063223n bn:00063218n
66,n,sim,,person,persona,Person,0.357,4,bn:00061714n bn:00044576n bn:00061715n bn:00046516n
67,n,sim,,week,settimana,Woche,0.357,1,bn:00043484n
68,n,sim,,line,linea,Linie,0.356,4,bn:00051289n bn:00014165n bn:00014457n bn:00051294n
69,n,sim,,energy,energia,Energie,0.355,1,bn:00030820n
70,n,sim,,form,forma,Form,0.354,11,bn:00035908n bn:00035915n bn:00021751n bn:00035907n bn:00026512n bn:00035912n bn:00003882n bn:00035911n bn:00035909n bn:00035913n bn:00016529n
71,n,sim,,program,programma,Programm,0.354,4,bn:00062899n bn:00013235n bn:00021497n bn:00021492n
72,n,sim,,end,fine,Ende,0.353,3,bn:00030719n bn:00019919n bn:00030722n
73,n,sim,,game,gioco,Spiel,0.353,2,bn:00037180n bn:00037182n
74,n,sim,,plan,piano,Plan,0.353,3,bn:00069579n bn:00026536n bn:00062759n
75,n,sim,,future,futuro,Zukunft,0.352,2,bn:00036941n bn:00036942n
76,n,sim,,man,uomo,Mann,0.352,1,bn:00001533n
77,n,sim,,tool,strumento,Instrument,0.352,3,bn:00077585n bn:00046962n bn:00023662n
78,n,sim,,action,azione,Aktion,0.35,0,
79,n,sim,,language,linguaggio,Sprache,0.35,2,bn:00077565n bn:00049910n
80,n,sim,,technique,tecnica,Technik,0.35,1,bn:16282150n
81,n,sim,,market,mercato,Markt,0.349,3,bn:00053459n bn:00053461n bn:00053458n
82,n,sim,,spot,posto,Stelle,0.349,1,bn:00062699n
83,n,sim,,change,cambiamento,Änderung,0.348,1,bn:00003125n
84,n,sim,,method,metodo,Verfahren,0.348,1,bn:00054625n
85,n,sim,,application,applicazione,Anwendung,0.347,2,bn:00005095n bn:00005094n
86,n,sim,,company,azienda,Firma,0.347,4,bn:00021286n bn:00022811n bn:00014160n bn:00073910n
87,n,sim,,force,forza,Kraft,0.347,2,bn:00035767n bn:00035768n
88,n,sim,,location,posizione,Lage,0.347,1,bn:00051760n
89,n,sim,,play,gioco,Spiel,0.347,2,bn:00007800n bn:00037180n
90,n,sim,,style,stile,Art,0.347,0,
91,n,sim,,woman,donna,Frau,0.346,2,bn:00001530n bn:00034016n
92,n,sim,,book,libro,Buch,0.345,2,bn:00012066n bn:00012059n
93,n,sim,,step,passo,Schritt,0.345,2,bn:00054018n bn:00025152n
94,n,sim,,bit,pezzo,Stück,0.344,0,
95,n,sim,,child,bambino,Kind,0.344,1,bn:00018345n
96,n,sim,,organization,organizzazione,Organisation,0.344,5,bn:00005863n bn:00059480n bn:00059483n bn:00001423n bn:00059482n
97,n,sim,,right,diritto,Recht,0.343,1,bn:00067807n
98,n,sim,,hour,ora,Stunde,0.342,1,bn:00000127n
99,n,sim,,choice,scelta,Wahl,0.341,3,bn:00018660n bn:00018661n bn:00003132n
100,n,sim,,policy,politica,Politik,0.341,1,bn:00063329n
101,n,sim,,instance,esempio,Beispiel,0.34,3,bn:00016401n bn:00032100n bn:00032099n
102,n,sim,,member,membro,Mitglied,0.34,2,bn:00034004n bn:00054277n
103,n,sim,,value,valore,Wert,0.34,5,bn:00079511n bn:00079509n bn:00079508n bn:00029680n bn:00058151n
104,n,sim,,nature,natura,Natur,0.339,3,bn:00057016n bn:00075760n bn:00057017n
105,n,sim,,record,registrazione,Aufnahme,0.339,0,
106,n,sim,,theme,tema,Thema,0.339,3,bn:00074900n bn:00045803n bn:00056025n
107,n,sim,,concept,concetto,Konzept,0.338,1,bn:00021547n
108,n,sim,,position,posizione,Position,0.338,10,bn:00063704n bn:00054979n bn:00007048n bn:00063708n bn:00062704n bn:00061746n bn:00063706n bn:00063703n bn:00063707n bn:00010073n
109,n,sim,,solution,soluzione,Lösung,0.338,1,bn:00072760n
110,n,sim,,role,ruolo,Rolle,0.337,1,bn:00068130n
111,n,sim,,condition,condizione,Bedingung,0.336,1,bn:00021649n
112,n,sim,,measure,misura,Maßnahme,0.336,0,
113,n,sim,,success,successo,Erfolg,0.336,1,bn:00075023n
114,n,sim,,word,parola,Wort,0.336,1,bn:00081546n
115,n,sim,,half,mezzo,Hälfte,0.335,1,bn:00042601n
116,n,sim,,shape,forma,Form,0.335,5,bn:00035908n bn:00021751n bn:00003882n bn:00035909n bn:00016529n
117,n,sim,,moment,momento,Moment,0.334,5,bn:00055597n bn:00046942n bn:00010728n bn:00077679n bn:00055596n
118,n,sim,,performance,prestazione,Leistung,0.334,1,bn:00016286n
119,n,sim,,operation,funzionamento,Betrieb,0.333,0,
120,n,sim,,unit,unità,Einheit,0.332,1,bn:00079106n
121,n,sim,,cost,costo,Kosten,0.331,1,bn:00022995n
122,n,sim,,problem,problema,Problem,0.331,3,bn:00064527n bn:00048242n bn:00064526n
123,n,sim,,sector,settore,Sektor,0.331,1,bn:11333488n
124,n,sim,,center,centro,Zentrum,0.33,2,bn:00017130n bn:00017123n
125,n,sim,,section,sezione,Abschnitt,0.33,1,bn:00070190n
126,n,sim,,strength,forza,Kraft,0.33,1,bn:00074615n
127,n,sim,,use,uso,Verwendung,0.33,1,bn:00030627n
128,n,sim,,cluster,gruppo,Gruppe,0.329,0,
129,n,sim,,question,domanda,Frage,0.329,1,bn:00047208n
130,n,sim,,subject,soggetto,Thema,0.329,2,bn:00074900n bn:00045803n
131,n,sim,,expansion,sviluppo,Entwicklung,0.328,0,
132,n,sim,,pattern,modello,Modell,0.328,0,
133,n,sim,,picture,immagine,Bild,0.328,2,bn:00032381n bn:00045970n
134,n,sim,,characteristic,caratteristica,Merkmal,0.327,2,bn:00017762n bn:00065538n
135,n,sim,,control,controllo,Kontrolle,0.327,1,bn:17607444n
136,n,sim,,management,gestione,Verwaltung,0.327,2,bn:00027355n bn:00053116n
137,n,sim,,team,squadra,Team,0.327,2,bn:00030339n bn:00073699n
138,n,sim,,device,dispositivo,Gerät,0.325,1,bn:00026716n
139,n,sim,,quality,qualità,Qualität,0.325,2,bn:00014731n bn:00065538n
140,n,sim,,series,serie,Serie,0.325,5,bn:00070613n bn:00070597n bn:00070611n bn:00070609n bn:00031227n
141,n,sim,,skill,arte,Kunst,0.325,1,bn:00000725n
142,n,sim,,support,supporto,Unterstützung,0.324,2,bn:00075332n bn:00075331n
143,n,sim,,interest,interesse,Interesse,0.323,6,bn:00047077n bn:00047081n bn:00047079n bn:00021556n bn:00047080n bn:00047083n
144,n,sim,,network,rete,Netzwerk,0.322,4,bn:00057379n bn:00024712n bn:00021488n bn:00054497n
145,n,sim,,region,regione,Region,0.322,2,bn:00005515n bn:00066884n
146,n,sim,,topic,argomento,Thema,0.322,1,bn:00074900n
147,n,sim,,organisation,organizzazione,Organisation,0.32,5,bn:00005863n bn:00059480n bn:00059483n bn:00001423n bn:00059482n
148,n,sim,,basis,base,Grundlage,0.319,1,bn:00008786n
149,n,sim,,centre,centro,Zentrum,0.319,2,bn:00017130n bn:00017123n
150,n,sim,,information,informazione,Information,0.318,2,bn:00046698n bn:00046705n
151,n,sim,,objective,obiettivo,Ziel,0.318,1,bn:00002179n
152,n,sim,,report,relazione,Bericht,0.318,1,bn:00067181n
153,n,sim,,deal,accordo,Abkommen,0.317,1,bn:00008568n
154,n,sim,,month,mese,Monat,0.316,2,bn:00055794n bn:00014710n
155,n,sim,,customer,cliente,Kunde,0.315,1,bn:00019763n
156,n,sim,,category,categoria,Kategorie,0.314,1,bn:00016733n
157,n,sim,,establishment,istituzione,Einrichtung,0.314,0,
158,n,sim,,figure,numero,Zahl,0.314,0,
159,n,sim,,undertaking,impresa,Unternehmen,0.313,0,
160,n,sim,,content,contenuto,Inhalt,0.312,2,bn:00022154n bn:00022153n
161,n,sim,,decision,decisione,Entscheidung,0.312,3,bn:00003132n bn:00018661n bn:00025693n
162,n,sim,,order,ordine,Auftrag,0.312,1,bn:00059311n
163,n,sim,,power,potere,Leistung,0.312,0,
164,n,sim,,proposal,proposta,Vorschlag,0.311,1,bn:03851567n
165,n,sim,,target,obiettivo,Ziel,0.311,1,bn:00002179n
166,n,sim,,implementation,realizzazione,Durchführung,0.31,0,
167,n,sim,,installation,impianto,Anlage,0.31,1,bn:00046934n
168,n,sim,,institution,istituzione,Einrichtung,0.309,1,bn:27269439n
169,n,sim,,instrument,strumento,Instrument,0.309,6,bn:00046965n bn:00023662n bn:00046964n bn:00077585n bn:00046961n bn:00046962n
170,n,sim,,heart,cuore,Herz,0.308,3,bn:00043383n bn:00001744n bn:00012289n
171,n,sim,,range,serie,Reihe,0.307,0,
172,n,sim,,regulation,regolamento,Verordnung,0.307,1,bn:00059436n
173,n,sim,,usage,uso,Verwendung,0.307,1,bn:00030627n
174,n,sim,,outcome,risultato,Ergebnis,0.306,2,bn:00021961n bn:00034520n
175,n,sim,,situation,situazione,Situation,0.306,3,bn:00071858n bn:00071869n bn:00063707n
176,n,sim,,requirement,requisito,Anforderung,0.305,1,bn:00064181n
177,n,sim,,term,termine,Begriff,0.305,1,bn:00076590n
178,n,sim,,car,auto,Auto,0.304,1,bn:00007309n
179,n,sim,,length,pezzo,Stück,0.304,0,
180,n,sim,,procedure,procedura,Verfahren,0.304,1,bn:00064536n
181,n,sim,,assessment,valutazione,Bewertung,0.303,0,
182,n,sim,,direction,direzione,Richtung,0.303,1,bn:00027353n
183,n,sim,,law,diritto,Recht,0.303,1,bn:00048655n
184,n,sim,,plant,impianto,Anlage,0.302,1,bn:00046568n
185,n,sim,,mean,mezzo,Mittel,0.301,0,
186,n,sim,,security,sicurezza,Sicherheit,0.3,2,bn:00068799n bn:00070219n
187,n,sim,,rule,regola,Regel,0.299,2,bn:00064192n bn:00066933n
188,n,sim,,supply,fornitura,Angebot,0.299,1,bn:00064922n
189,n,sim,,analysis,analisi,Analyse,0.298,1,bn:00003794n
190,n,sim,,commission,commissione,Kommission,0.297,1,bn:06245657n
191,n,sim,,selection,scelta,Wahl,0.297,2,bn:00018660n bn:00018661n
192,n,sim,,price,prezzo,Preis,0.296,2,bn:00025083n bn:00022996n
193,n,sim,,government,governo,Regierung,0.295,1,bn:00001426n
194,n,sim,,union,unione,Union,0.293,6,bn:00079093n bn:00079077n bn:00079094n bn:00058032n bn:00021881n bn:00021127n
195,n,sim,,document,documento,Dokument,0.291,2,bn:00028018n bn:00028015n
196,n,sim,,contribution,contributo,Beitrag,0.29,1,bn:00022272n
197,n,sim,,authority,autorità,Behörde,0.289,0,
198,n,sim,,period,periodo,Zeit,0.289,0,
199,n,sim,,agreement,accordo,Vereinbarung,0.288,1,bn:00002086n
200,n,sim,,amount,importo,Menge,0.288,0,
201,n,sim,,expenditure,spesa,Kosten,0.288,0,
202,n,sim,,sale,vendita,Verkauf,0.288,2,bn:00068929n bn:00068918n
203,n,sim,,substance,sostanza,Stoff,0.287,1,bn:00018096n
204,n,sim,,communication,comunicazione,Mitteilung,0.286,0,
205,n,sim,,community,comunità,Gemeinschaft,0.286,1,bn:00021248n
206,n,sim,,definition,definizione,Definition,0.286,2,bn:00025929n bn:00025928n
207,n,sim,,protection,protezione,Schutz,0.286,2,bn:00064838n bn:00071020n
208,n,sim,,string,serie,Reihe,0.286,0,
209,n,sim,,principle,principio,Grundsatz,0.282,2,bn:00064077n bn:00064428n
210,n,sim,,component,componente,Bestandteil,0.281,1,bn:00021396n
211,n,sim,,evaluation,valutazione,Beurteilung,0.281,1,bn:00031973n
212,n,sim,,obligation,obbligo,Verpflichtung,0.281,1,bn:00029239n
213,n,sim,,worth,valore,Wert,0.281,1,bn:00029680n
214,n,sim,,fact,fatto,Umstand,0.28,0,
215,n,sim,,programme,programma,Programm,0.28,2,bn:00021492n bn:00013235n
216,n,sim,,zone,zona,Bereich,0.28,1,bn:00082076n
217,n,sim,,arrangement,accordo,Vereinbarung,0.279,1,bn:04094003n
218,n,sim,,effect,effetto,Wirkung,0.276,1,bn:00021961n
219,n,sim,,safety,sicurezza,Sicherheit,0.276,2,bn:00068799n bn:00070219n
220,n,sim,,ratio,rapporto,Verhältnis,0.275,1,bn:00066247n
221,n,sim,,participation,partecipazione,Beteiligung,0.273,1,bn:00030844n
222,n,sim,,criterion,criterio,Kriterium,0.271,2,bn:00023854n bn:00023853n
223,n,sim,,risk,rischio,Risiko,0.271,1,bn:00030747n
224,n,sim,,season,stagione,Saison,0.271,2,bn:00070056n bn:00072547n
225,n,sim,,claim,richiesta,Anspruch,0.27,1,bn:00019405n
226,n,sim,,aid,aiuto,Hilfe,0.268,2,bn:00055177n bn:00002155n
227,n,sim,,reason,motivo,Grund,0.268,3,bn:00041881n bn:00016851n bn:00066443n
228,n,sim,,evolution,evoluzione,Entwicklung,0.267,0,
229,n,sim,,account,conto,Rechnung,0.266,1,bn:00000746n
230,n,sim,,rate,prezzo,Preis,0.266,0,
231,n,sim,,sum,quantità,Betrag,0.266,0,
232,n,sim,,partner,partner,Partner,0.265,6,bn:00006531n bn:00010161n bn:00060819n bn:00028157n bn:00020592n bn:00060821n
233,n,sim,,sample,campione,Beispiel,0.265,0,
234,n,sim,,producer,produttore,Hersteller,0.264,1,bn:03927465n
235,n,sim,,list,lista,Liste,0.263,2,bn:00023140n bn:00051508n
236,n,sim,,quantity,quantità,Menge,0.26,2,bn:00003603n bn:00065553n
237,n,sim,,contract,contratto,Auftrag,0.258,0,
238,n,sim,,payment,pagamento,Zahlung,0.257,1,bn:00061119n
239,n,sim,,statement,dichiarazione,Erklärung,0.257,0,
240,n,sim,,vehicle,veicolo,Fahrzeug,0.257,1,bn:00079675n
241,n,sim,,improvement,miglioramento,Verbesserung,0.256,1,bn:00046191n
242,n,sim,,investment,investimento,Investition,0.254,1,bn:00047358n
243,n,sim,,output,produzione,Ausgabe,0.25,0,
244,n,sim,,treatment,trattamento,Behandlung,0.25,3,bn:00047235n bn:00076843n bn:00042823n
245,n,sim,,valuation,valutazione,Bewertung,0.25,1,bn:18019567n
246,n,sim,,declaration,dichiarazione,Erklärung,0.248,0,
247,n,sim,,examination,esame,Prüfung,0.248,1,bn:00032095n
248,n,sim,,consideration,considerazione,Berücksichtigung,0.247,0,
249,n,sim,,import,importazione,Einfuhr,0.245,1,bn:00046137n
250,n,sim,,modification,modifica,Änderung,0.245,2,bn:00003125n bn:00001410n
251,n,sim,,utilisation,utilizzo,Verwendung,0.242,1,bn:00030627n
252,n,sim,,third,terzo,Drittel,0.24,2,bn:00058990n bn:00076946n
253,n,sim,,review,revisione,Überprüfung,0.237,0,
254,n,sim,,monitoring,monitoraggio,Überwachung,0.235,1,bn:00055682n
255,n,sim,,assistance,assistenza,Hilfe,0.23,1,bn:00002155n
256,n,sim,,cooperation,collaborazione,Zusammenarbeit,0.23,1,bn:00022452n
257,n,sim,,significance,significato,Bedeutung,0.22,1,bn:00046139n
258,n,sim,,financing,finanziamento,Finanzierung,0.215,2,bn:00034545n bn:00034524n
259,n,sim,,exception,eccezione,Ausnahme,0.209,1,bn:00032118n
260,n,sim,,importance,importanza,Bedeutung,0.203,0,
261,n,sim,,funding,finanziamento,Finanzierung,0.202,1,bn:00034545n
262,n,sim,,scope,portata,Umfang,0.2,0,
263,n,sim,,calculation,calcolo,Berechnung,0.191,2,bn:00014688n bn:00014689n
1,n,sim,WEAK,acquisition,acquisto,Annahme,,,
2,n,sim,WEAK,act,atto,Werk,,,
3,n,sim,WEAK,adjustment,registrazione,Anpassung,,,
4,n,sim,WEAK,agency,ufficio,Agentur,,,
5,n,sim,WEAK,agent,rappresentante,Mittel,,,
6,n,sim,WEAK,allowance,riduzione,Beihilfe,,,
7,n,sim,WEAK,array,insieme,Feld,,,
8,n,sim,WEAK,article,capo,Artikel,,,
9,n,sim,WEAK,average,media,Mittel,,,
10,n,sim,WEAK,bar,misura,Stück,,,
11,n,sim,WEAK,base,base,Unterlage,,,
12,n,sim,WEAK,benefit,beneficio,Leistung,,,
13,n,sim,WEAK,board,consiglio,Ausschuss,,,
14,n,sim,WEAK,body,corpo,Organ,,,
15,n,sim,WEAK,bottom,fondo,Ende,,,
16,n,sim,WEAK,branch,sezione,Gebiet,,,
17,n,sim,WEAK,bulk,massa,Menge,,,
18,n,sim,WEAK,business,azienda,Unternehmen,,,
19,n,sim,WEAK,call,motivo,Gespräch,,,
20,n,sim,WEAK,capacity,capacità,Leistung,,,
21,n,sim,WEAK,cell,nucleo,Element,,,
22,n,sim,WEAK,character,carattere,Person,,,
23,n,sim,WEAK,charge,carico,Berechnung,,,
24,n,sim,WEAK,circle,ambiente,Kreis,,,
25,n,sim,WEAK,circumstance,condizione,Umstand,,,
26,n,sim,WEAK,classification,classificazione,Bestimmung,,,
27,n,sim,WEAK,combination,associazione,Verbindung,,,
28,n,sim,WEAK,commitment,impegno,Verpflichtung,,,
29,n,sim,WEAK,configuration,configurazione,Form,,,
30,n,sim,WEAK,connection,relazione,Verbindung,,,
31,n,sim,WEAK,construction,costruzione,Anlage,,,
32,n,sim,WEAK,creation,creazione,Erzeugnis,,,
33,n,sim,WEAK,cycle,periodo,Kreis,,,
34,n,sim,WEAK,datum,dato,Datum,,,
35,n,sim,WEAK,degree,livello,Schritt,,,
36,n,sim,WEAK,demand,domanda,Anforderung,,,
37,n,sim,WEAK,depth,fondo,Höhe,,,
38,n,sim,WEAK,description,descrizione,Art,,,
39,n,sim,WEAK,design,disegno,Plan,,,
40,n,sim,WEAK,detail,dettaglio,Angabe,,,
41,n,sim,WEAK,distribution,distribuzione,Ausgabe,,,
42,n,sim,WEAK,duty,obbligo,Dienst,,,
43,n,sim,WEAK,effort,sforzo,Leistung,,,
44,n,sim,WEAK,entitlement,diritto,Anspruch,,,
45,n,sim,WEAK,entity,entità,Objekt,,,
46,n,sim,WEAK,entry,voce,Artikel,,,
47,n,sim,WEAK,equipment,apparecchiatura,Gerät,,,
48,n,sim,WEAK,estimate,valutazione,Angebot,,,
49,n,sim,WEAK,evidence,prova,Material,,,
50,n,sim,WEAK,existence,esistenza,Leben,,,
51,n,sim,WEAK,expense,spesa,Ausgabe,,,
52,n,sim,WEAK,extension,interno,Frist,,,
53,n,sim,WEAK,extent,limite,Umfang,,,
54,n,sim,WEAK,facility,infrastruttura,Einrichtung,,,
55,n,sim,WEAK,factor,fattore,Moment,,,
56,n,sim,WEAK,fee,quota,Preis,,,
57,n,sim,WEAK,file,pratica,Liste,,,
58,n,sim,WEAK,formation,formazione,Entwicklung,,,
59,n,sim,WEAK,frame,struttura,Rahmen,,,
60,n,sim,WEAK,framework,contesto,Rahmen,,,
61,n,sim,WEAK,generation,generazione,Entwicklung,,,
62,n,sim,WEAK,good,bene,Wert,,,
63,n,sim,WEAK,grant,contributo,Förderung,,,
64,n,sim,WEAK,ground,terra,Grund,,,
65,n,sim,WEAK,growth,crescita,Entwicklung,,,
66,n,sim,WEAK,head,capo,Stück,,,
67,n,sim,WEAK,identification,documento,Feststellung,,,
68,n,sim,WEAK,ingredient,elemento,Bestandteil,,,
69,n,sim,WEAK,input,ingresso,Beitrag,,,
70,n,sim,WEAK,instalment,quota,Folge,,,
71,n,sim,WEAK,issue,problema,Ausgabe,,,
72,n,sim,WEAK,item,voce,Artikel,,,
73,n,sim,WEAK,key,chiave,Lösung,,,
74,n,sim,WEAK,kind,tipo,Art,,,
75,n,sim,WEAK,land,terra,Land,,,
76,n,sim,WEAK,level,livello,Höhe,,,
77,n,sim,WEAK,liability,responsabilità,Verpflichtung,,,
78,n,sim,WEAK,limit,limite,Frist,,,
79,n,sim,WEAK,load,carico,Menge,,,
80,n,sim,WEAK,lot,partita,Menge,,,
81,n,sim,WEAK,map,piano,Karte,,,
82,n,sim,WEAK,mass,massa,Menge,,,
83,n,sim,WEAK,matter,materia,Sache,,,
84,n,sim,WEAK,measurement,misura,Größe,,,
85,n,sim,WEAK,mechanism,meccanismo,Werk,,,
86,n,sim,WEAK,medium,mezzo,Medium,,,
87,n,sim,WEAK,mind,spirito,Sinn,,,
88,n,sim,WEAK,mode,modo,Art,,,
89,n,sim,WEAK,name,nome,Name,,,
90,n,sim,WEAK,night,sera,Nacht,,,
91,n,sim,WEAK,offering,offerta,Opfer,,,
92,n,sim,WEAK,office,ufficio,Stelle,,,
93,n,sim,WEAK,opening,apertura,Anfang,,,
94,n,sim,WEAK,opportunity,modo,Möglichkeit,,,
95,n,sim,WEAK,option,scelta,Möglichkeit,,,
96,n,sim,WEAK,panel,quadro,Feld,,,
97,n,sim,WEAK,paper,documento,Arbeit,,,
98,n,sim,WEAK,part,parte,Rolle,,,
99,n,sim,WEAK,party,partito,Partei,,,
100,n,sim,WEAK,passage,passaggio,Stelle,,,
101,n,sim,WEAK,path,via,Weg,,,
102,n,sim,WEAK,people,famiglia,Leute,,,
103,n,sim,WEAK,phase,fase,Abschnitt,,,
104,n,sim,WEAK,player,attore,Spieler,,,
105,n,sim,WEAK,portion,parte,Abschnitt,,,
106,n,sim,WEAK,possibility,caso,Möglichkeit,,,
107,n,sim,WEAK,presentation,rappresentazione,Vorstellung,,,
108,n,sim,WEAK,profit,beneficio,Erfolg,,,
109,n,sim,WEAK,proof,prova,Prüfung,,,
110,n,sim,WEAK,property,proprietà,Objekt,,,
111,n,sim,WEAK,proportion,misura,Anteil,,,
112,n,sim,WEAK,provision,fornitura,Bestimmung,,,
113,n,sim,WEAK,purpose,fine,Zweck,,,
114,n,sim,WEAK,quarter,parte,Seite,,,
115,n,sim,WEAK,reference,riferimento,Stelle,,,
116,n,sim,WEAK,resource,risorsa,Mittel,,,
117,n,sim,WEAK,respect,rispetto,Beziehung,,,
118,n,sim,WEAK,return,ritorno,Wahl,,,
119,n,sim,WEAK,ring,rete,Gruppe,,,
120,n,sim,WEAK,root,inizio,Lösung,,,
121,n,sim,WEAK,round,serie,Kreis,,,
122,n,sim,WEAK,schedule,programma,Plan,,,
123,n,sim,WEAK,scheme,schema,Programm,,,
124,n,sim,WEAK,segment,parte,Abschnitt,,,
125,n,sim,WEAK,sequence,ordine,Folge,,,
126,n,sim,WEAK,set,insieme,Reihe,,,
127,n,sim,WEAK,setting,ambiente,Rahmen,,,
128,n,sim,WEAK,share,quota,Anteil,,,
129,n,sim,WEAK,sign,indicazione,Mal,,,
130,n,sim,WEAK,sort,tipo,Art,,,
131,n,sim,WEAK,stage,fase,Abschnitt,,,
132,n,sim,WEAK,standard,norma,Anspruch,,,
133,n,sim,WEAK,stock,azione,Anteil,,,
134,n,sim,WEAK,study,studio,Untersuchung,,,
135,n,sim,WEAK,task,lavoro,Aufgabe,,,
136,n,sim,WEAK,test,prova,Prüfung,,,
137,n,sim,WEAK,tip,consiglio,Ende,,,
138,n,sim,WEAK,top,vertice,Höhe,,,
139,n,sim,WEAK,trade,settore,Handel,,,
140,n,sim,WEAK,transaction,operazione,Geschäft,,,
141,n,sim,WEAK,transfer,trasferimento,Verbindung,,,
142,n,sim,WEAK,trend,corso,Entwicklung,,,
143,n,sim,WEAK,type,tipo,Art,,,
144,n,sim,WEAK,volume,volume,Band,,,
145,n,sim,WEAK,weight,peso,Bedeutung,,,
146,n,sim,WEAK,whole,insieme,Einheit,,,
1,n,cooc,,equipment,apparecchiatura,Ausrüstung,0.539,1,bn:00031322n
2,n,cooc,,ii,ii,Ii,0.513,2,bn:00068672n bn:00000075n
3,n,cooc,,manufacturing,produzione,Herstellung,0.509,1,bn:00064594n
4,n,cooc,,certificate,certificato,Bescheinigung,0.505,1,bn:04514649n
5,n,cooc,,production,produzione,Produktion,0.49,4,bn:00064594n bn:00064592n bn:00064590n bn:00059790n
6,n,cooc,,b,b,B,0.489,13,bn:00010708n bn:00007595n bn:00006880n bn:00007598n bn:00035081n bn:00007594n bn:00010731n bn:00007821n bn:00007596n bn:00071394n bn:00007599n bn:00014365n bn:00007597n
7,n,cooc,,body,corpo,Körper,0.47,1,bn:00011744n
8,n,cooc,,part,parte,Teil,0.47,1,bn:00021395n
9,n,cooc,,manufacture,produzione,Herstellung,0.467,0,
10,n,cooc,,time,tempo,Zeit,0.466,2,bn:00076545n bn:00077270n
11,n,cooc,,safety,sicurezza,Sicherheit,0.465,2,bn:00068799n bn:00070219n
12,n,cooc,,seat,seggio,Sitz,0.465,0,
13,n,cooc,,project,progetto,Projekt,0.46,1,bn:00064665n
14,n,cooc,,sale,vendita,Verkauf,0.457,2,bn:00068929n bn:00068918n
15,n,cooc,,replacement,ricambio,Ersatz,0.453,2,bn:00067169n bn:00067170n
16,n,cooc,,portion,parte,Teil,0.452,1,bn:00021395n
17,n,cooc,,auto,auto,Auto,0.447,2,bn:00007309n bn:00007366n
18,n,cooc,,system,sistema,System,0.447,7,bn:00005863n bn:00075761n bn:00075759n bn:00075762n bn:00075763n bn:00075760n bn:00069580n
19,n,cooc,,device,dispositivo,Gerät,0.444,1,bn:00026716n
20,n,cooc,,characteristic,caratteristica,Merkmal,0.443,2,bn:00017762n bn:00065538n
21,n,cooc,,territory,territorio,Gebiet,0.443,0,
22,n,cooc,,way,modo,Weg,0.442,1,bn:00033729n
23,n,cooc,,europe,europa,Europa,0.439,2,bn:00031896n bn:00021127n
24,n,cooc,,labor,lavoro,Arbeit,0.439,1,bn:00049570n
25,n,cooc,,component,componente,Komponente,0.436,1,bn:00021396n
26,n,cooc,,plane,piano,Flugzeug,0.436,0,
27,n,cooc,,solution,soluzione,Lösung,0.435,1,bn:00072760n
28,n,cooc,,trail,sentiero,Weg,0.434,1,bn:00077905n
29,n,cooc,,gear,ingranaggio,Ausrüstung,0.433,0,
30,n,cooc,,story,storia,Geschichte,0.433,2,bn:00056857n bn:00000738n
31,n,cooc,,car,auto,Auto,0.432,1,bn:00007309n
32,n,cooc,,chapter,capitolo,Kapitel,0.432,1,bn:00182115n
33,n,cooc,,end,fine,Ende,0.432,3,bn:00030719n bn:00019919n bn:00030722n
34,n,cooc,,job,lavoro,Arbeit,0.426,4,bn:00030625n bn:00018756n bn:00030616n bn:00014138n
35,n,cooc,,material,materiale,Material,0.426,3,bn:00053801n bn:00053803n bn:00053802n
36,n,cooc,,fact,fatto,Umstand,0.424,0,
37,n,cooc,,description,descrizione,Bezeichnung,0.421,0,
38,n,cooc,,life,vita,Leben,0.421,4,bn:00051045n bn:00051054n bn:00002761n bn:00051047n
39,n,cooc,,book,libro,Buch,0.42,2,bn:00012066n bn:00012059n
40,n,cooc,,engine,motore,Motor,0.42,2,bn:00056041n bn:00030850n
41,n,cooc,,vehicle,veicolo,Fahrzeug,0.418,1,bn:00079675n
42,n,cooc,,work,lavoro,Arbeit,0.417,5,bn:00030625n bn:00081570n bn:00081569n bn:00030616n bn:00014138n
43,n,cooc,,rate,prezzo,Preis,0.416,0,
44,n,cooc,,piece,pezzo,Stück,0.415,2,bn:00062297n bn:00062299n
45,n,cooc,,machine,macchina,Maschine,0.412,1,bn:00026716n
46,n,cooc,,motor,motore,Motor,0.412,2,bn:00056041n bn:00030850n
47,n,cooc,,case,caso,Fall,0.411,3,bn:00016411n bn:00016402n bn:00016403n
48,n,cooc,,problem,problema,Problem,0.411,3,bn:00064527n bn:00048242n bn:00064526n
49,n,cooc,,year,anno,Jahr,0.411,3,bn:00006662n bn:00081857n bn:00078738n
50,n,cooc,,payment,pagamento,Zahlung,0.409,1,bn:00061119n
51,n,cooc,,plant,impianto,Pflanze,0.408,0,
52,n,cooc,,cost,costo,Kosten,0.407,1,bn:00022995n
53,n,cooc,,ingredient,ingrediente,Zutat,0.407,1,bn:00034946n
54,n,cooc,,assembly,assemblea,Montage,0.406,0,
55,n,cooc,,exchange,cambio,Austausch,0.406,1,bn:00032127n
56,n,cooc,,instrument,strumento,Instrument,0.406,6,bn:00046965n bn:00023662n bn:00046964n bn:00077585n bn:00046961n bn:00046962n
57,n,cooc,,module,modulo,Modul,0.406,1,bn:00055499n
58,n,cooc,,season,stagione,Saison,0.406,2,bn:00070056n bn:00072547n
59,n,cooc,,tool,strumento,Werkzeug,0.406,2,bn:00077585n bn:00023662n
60,n,cooc,,feature,caratteristica,Merkmal,0.404,1,bn:00065538n
61,n,cooc,,game,gioco,Spiel,0.404,2,bn:00037180n bn:00037182n
62,n,cooc,,region,regione,Region,0.404,2,bn:00005515n bn:00066884n
63,n,cooc,,country,paese,Land,0.401,2,bn:00023235n bn:00023236n
64,n,cooc,,standard,norma,Norm,0.401,0,
65,n,cooc,,price,prezzo,Preis,0.4,2,bn:00025083n bn:00022996n
66,n,cooc,,island,isola,Insel,0.398,1,bn:00047612n
67,n,cooc,,lay-out,disposizione,Anordnung,0.398,0,
68,n,cooc,,state,stato,Zustand,0.398,4,bn:03347921n bn:02108701n bn:02220665n bn:17345320n
69,n,cooc,,fruit,frutto,Frucht,0.395,1,bn:00036686n
70,n,cooc,,head,capo,Kopf,0.393,1,bn:00015784n
71,n,cooc,,side,lato,Seite,0.393,2,bn:00032604n bn:00071433n
72,n,cooc,,sample,campione,Beispiel,0.391,0,
73,n,cooc,,software,software,Software,0.391,1,bn:00021497n
74,n,cooc,,product,prodotto,Produkt,0.39,4,bn:00064584n bn:00054416n bn:00064585n bn:00053827n
75,n,cooc,,section,sezione,Abschnitt,0.388,1,bn:00070190n
76,n,cooc,,application,applicazione,Anwendung,0.387,2,bn:00005095n bn:00005094n
77,n,cooc,,function,funzione,Funktion,0.387,3,bn:00036822n bn:00036821n bn:00036825n
78,n,cooc,,question,domanda,Frage,0.387,1,bn:00047208n
79,n,cooc,,result,risultato,Ergebnis,0.386,3,bn:00021961n bn:00004452n bn:00034520n
80,n,cooc,,program,programma,Programm,0.383,4,bn:00062899n bn:00013235n bn:00021497n bn:00021492n
81,n,cooc,,appliance,apparecchio,Gerät,0.382,0,
82,n,cooc,,number,numero,Anzahl,0.376,1,bn:00034394n
83,n,cooc,,area,zona,Bereich,0.375,1,bn:00082076n
84,n,cooc,,people,gente,Leute,0.375,1,bn:00061450n
85,n,cooc,,item,articolo,Artikel,0.373,0,
86,n,cooc,,bit,pezzo,Stück,0.371,0,
87,n,cooc,,government,governo,Regierung,0.371,1,bn:00001426n
88,n,cooc,,functionality,funzionalità,Funktion,0.369,0,
89,n,cooc,,process,processo,Verfahren,0.369,1,bn:00064536n
90,n,cooc,,opening,inizio,Beginn,0.367,0,
91,n,cooc,,paragraph,paragrafo,Absatz,0.366,1,bn:00060556n
92,n,cooc,,point,punto,Punkt,0.366,4,bn:00063214n bn:00036777n bn:00063223n bn:00063218n
93,n,cooc,,frame,telaio,Rahmen,0.365,1,bn:00036189n
94,n,cooc,,use,impiego,Verwendung,0.365,1,bn:00030627n
95,n,cooc,,type,genere,Art,0.362,0,
96,n,cooc,,group,gruppo,Gruppe,0.361,4,bn:00073698n bn:00041942n bn:00041943n bn:00018111n
97,n,cooc,,connection,collegamento,Verbindung,0.36,2,bn:00021901n bn:00021912n
98,n,cooc,,district,zona,Gebiet,0.358,0,
99,n,cooc,,load,peso,Last,0.358,0,
100,n,cooc,,aspect,aspetto,Aspekt,0.357,1,bn:00006385n
101,n,cooc,,market,mercato,Markt,0.357,3,bn:00053459n bn:00053461n bn:00053458n
102,n,cooc,,thing,cosa,Sache,0.357,2,bn:00001734n bn:00076925n
103,n,cooc,,day,giorno,Tag,0.356,5,bn:00000086n bn:00025424n bn:00025422n bn:00025417n bn:00025419n
104,n,cooc,,organ,organo,Organ,0.356,4,bn:00059458n bn:00059460n bn:00030157n bn:00059461n
105,n,cooc,,series,serie,Serie,0.356,5,bn:00070613n bn:00070597n bn:00070611n bn:00070609n bn:00031227n
106,n,cooc,,world,mondo,Welt,0.356,3,bn:00045153n bn:00022991n bn:00029424n
107,n,cooc,,article,articolo,Artikel,0.352,2,bn:00006121n bn:00006124n
108,n,cooc,,land,paese,Land,0.35,2,bn:00023235n bn:00023236n
109,n,cooc,,layout,disposizione,Anordnung,0.349,0,
110,n,cooc,,evening,serata,Abend,0.347,0,
111,n,cooc,,[number],numero,Anzahl,0.343,0,
112,n,cooc,,basis,base,Grundlage,0.343,1,bn:00008786n
113,n,cooc,,street,strada,Straße,0.341,2,bn:00074595n bn:00067975n
114,n,cooc,,position,posizione,Position,0.34,10,bn:00063704n bn:00054979n bn:00007048n bn:00063708n bn:00062704n bn:00061746n bn:00063706n bn:00063703n bn:00063707n bn:00010073n
115,n,cooc,,element,elemento,Element,0.339,6,bn:00021396n bn:00030301n bn:00018105n bn:00030299n bn:00030300n bn:00021394n
116,n,cooc,,interaction,interazione,Zusammenspiel,0.339,0,
117,n,cooc,,operation,funzionamento,Betrieb,0.336,0,
118,n,cooc,,list,lista,Liste,0.335,2,bn:00023140n bn:00051508n
119,n,cooc,,individual,individuo,Person,0.334,1,bn:00046516n
120,n,cooc,,road,strada,Straße,0.332,1,bn:00067975n
121,n,cooc,,period,periodo,Zeit,0.331,0,
122,n,cooc,,zone,zona,Bereich,0.32,1,bn:00082076n
123,n,cooc,,employee,dipendente,Mitarbeiter,0.315,1,bn:14292888n
124,n,cooc,,location,posizione,Position,0.315,0,
125,n,cooc,,marketplace,mercato,Marktplatz,0.312,1,bn:00053461n
126,n,cooc,,ratio,rapporto,Verhältnis,0.306,1,bn:00066247n
1,n,cooc,WEAK,aeroplane,unità,Flugzeug,,,
2,n,cooc,WEAK,amount,quota,Menge,,,
3,n,cooc,WEAK,asset,attività,Vermögenswert,,,
4,n,cooc,WEAK,availability,disponibilità,Flüssigkeit,,,
5,n,cooc,WEAK,avenue,strada,Weg,,,
6,n,cooc,WEAK,bearing,posizione,Bedeutung,,,
7,n,cooc,WEAK,board,consiglio,Aufsichtsrat,,,
8,n,cooc,WEAK,bottom,fondo,Ende,,,
9,n,cooc,WEAK,business,azienda,Unternehmen,,,
10,n,cooc,WEAK,cable,cavo,Leitung,,,
11,n,cooc,WEAK,cell,nucleo,Element,,,
12,n,cooc,WEAK,center,centro,Mittelpunkt,,,
13,n,cooc,WEAK,circuit,circuito,Bereich,,,
14,n,cooc,WEAK,circumstance,condizione,Umstand,,,
15,n,cooc,WEAK,classification,classifica,Bestimmung,,,
16,n,cooc,WEAK,combination,associazione,Verbindung,,,
17,n,cooc,WEAK,company,azienda,Gesellschaft,,,
18,n,cooc,WEAK,concern,interesse,Bedeutung,,,
19,n,cooc,WEAK,configuration,configurazione,Form,,,
20,n,cooc,WEAK,contract,accordo,Vertrag,,,
21,n,cooc,WEAK,control,verifica,Kontrolle,,,
22,n,cooc,WEAK,count,titolo,Ergebnis,,,
23,n,cooc,WEAK,course,corso,Lauf,,,
24,n,cooc,WEAK,datum,dato,Grundlage,,,
25,n,cooc,WEAK,deal,accordo,Menge,,,
26,n,cooc,WEAK,design,progettazione,Zeichnung,,,
27,n,cooc,WEAK,display,mostra,Anzeige,,,
28,n,cooc,WEAK,duty,servizio,Aufgabe,,,
29,n,cooc,WEAK,event,caso,Ereignis,,,
30,n,cooc,WEAK,expense,spesa,Ausgabe,,,
31,n,cooc,WEAK,face,aspetto,Fläche,,,
32,n,cooc,WEAK,fee,quota,Preis,,,
33,n,cooc,WEAK,file,pratica,Liste,,,
34,n,cooc,WEAK,fitting,misura,Einbau,,,
35,n,cooc,WEAK,flight,volo,Zug,,,
36,n,cooc,WEAK,form,modulo,Form,,,
37,n,cooc,WEAK,framework,struttura,Rahmen,,,
38,n,cooc,WEAK,front,prospetto,Vorderteil,,,
39,n,cooc,WEAK,fun,gioco,Spaß,,,
40,n,cooc,WEAK,fund,fondo,Kapital,,,
41,n,cooc,WEAK,grade,anno,Stufe,,,
42,n,cooc,WEAK,ground,suolo,Grund,,,
43,n,cooc,WEAK,half,mezzo,Seite,,,
44,n,cooc,WEAK,house,pubblico,Vorstellung,,,
45,n,cooc,WEAK,indication,indice,Anzeige,,,
46,n,cooc,WEAK,instance,caso,Beispiel,,,
47,n,cooc,WEAK,investment,impiego,Anlage,,,
48,n,cooc,WEAK,kit,kit,Satz,,,
49,n,cooc,WEAK,liability,disposizione,Schuld,,,
50,n,cooc,WEAK,line,serie,Leitung,,,
51,n,cooc,WEAK,lot,partita,Menge,,,
52,n,cooc,WEAK,machinery,macchina,Apparat,,,
53,n,cooc,WEAK,marking,marcatura,Bezeichnung,,,
54,n,cooc,WEAK,mechanism,meccanismo,Werk,,,
55,n,cooc,WEAK,meeting,assemblea,Sitzung,,,
56,n,cooc,WEAK,mode,modo,Art,,,
57,n,cooc,WEAK,mould,stampo,Form,,,
58,n,cooc,WEAK,object,fine,Objekt,,,
59,n,cooc,WEAK,origin,principio,Anfang,,,
60,n,cooc,WEAK,pack,banda,Spiel,,,
61,n,cooc,WEAK,party,partito,Partei,,,
62,n,cooc,WEAK,phase,fase,Stufe,,,
63,n,cooc,WEAK,place,posizione,Platz,,,
64,n,cooc,WEAK,prise,azione,Preis,,,
65,n,cooc,WEAK,prize,azione,Preis,,,
66,n,cooc,WEAK,producer,produttore,Regisseur,,,
67,n,cooc,WEAK,property,proprietà,Objekt,,,
68,n,cooc,WEAK,provision,approvvigionamento,Bestimmung,,,
69,n,cooc,WEAK,purpose,fine,Zweck,,,
70,n,cooc,WEAK,quarter,parte,Seite,,,
71,n,cooc,WEAK,record,disco,Aufnahme,,,
72,n,cooc,WEAK,relation,rapporto,Verbindung,,,
73,n,cooc,WEAK,repair,ricambio,Reparatur,,,
74,n,cooc,WEAK,restoration,restituzione,Erneuerung,,,
75,n,cooc,WEAK,revenue,reddito,Nutzung,,,
76,n,cooc,WEAK,roof,volta,Dach,,,
77,n,cooc,WEAK,root,inizio,Lösung,,,
78,n,cooc,WEAK,score,punto,Ergebnis,,,
79,n,cooc,WEAK,segment,parte,Abschnitt,,,
80,n,cooc,WEAK,sequence,ordine,Folge,,,
81,n,cooc,WEAK,service,servizio,Leistung,,,
82,n,cooc,WEAK,setup,situazione,Apparat,,,
83,n,cooc,WEAK,share,quota,Teil,,,
84,n,cooc,WEAK,shop,lavoro,Handlung,,,
85,n,cooc,WEAK,size,misura,Umfang,,,
86,n,cooc,WEAK,sizes,misura,Umfang,,,
87,n,cooc,WEAK,step,misura,Stufe,,,
88,n,cooc,WEAK,structure,struttura,Gebäude,,,
89,n,cooc,WEAK,summary,prospetto,Zusammenfassung,,,
90,n,cooc,WEAK,supply,domanda,Lieferung,,,
91,n,cooc,WEAK,table,prospetto,Tabelle,,,
92,n,cooc,WEAK,team,squadra,Gruppe,,,
93,n,cooc,WEAK,testing,analisi,Prüfung,,,
94,n,cooc,WEAK,tip,consiglio,Ende,,,
95,n,cooc,WEAK,transmission,cambio,Übertragung,,,
96,n,cooc,WEAK,unit,unità,Anlage,,,
97,n,cooc,WEAK,variance,variazione,Unterschied,,,
98,n,cooc,WEAK,vessel,nave,Fahrzeug,,,
99,n,cooc,WEAK,ware,merce,Ware,,,
100,n,cooc,WEAK,wire,filo,Leitung,,,
101,n,cooc,WEAK,word,termine,Wort,,,
102,n,cooc,WEAK,yield,produzione,Ergebnis,,,
1,adj,cooc,,large,grande,groß,0.697,1,bn:00098342a
2,adj,cooc,,big,grande,groß,0.678,1,bn:00098342a
3,adj,cooc,,major,grande,groß,0.673,0,
4,adj,cooc,,great,grande,groß,0.655,0,
5,adj,cooc,,essential,essenziale,wesentlich,0.634,0,
6,adj,cooc,,integral,integrante,integral,0.58,0,
7,adj,cooc,,important,importante,wichtig,0.567,0,
8,adj,cooc,,small,piccolo,klein,0.545,0,
9,adj,cooc,,good,buono,gut,0.544,2,bn:00103672a bn:00103677a
10,adj,cooc,,central,centrale,zentral,0.511,0,
11,adj,cooc,,considerable,notevole,erheblich,0.508,0,
12,adj,cooc,,different,diverso,verschieden,0.506,0,
13,adj,cooc,,high,alto,groß,0.492,0,
14,adj,cooc,,corresponding,corrispondente,entsprechend,0.475,0,
15,adj,cooc,,short,piccolo,klein,0.472,0,
16,adj,cooc,,equal,uguale,gleich,0.469,0,
17,adj,cooc,,active,attivo,aktiv,0.462,3,bn:00096385a bn:00096384a bn:00096392a
18,adj,cooc,,certain,certo,bestimmt,0.458,0,
19,adj,cooc,,pursuant,secondo,entsprechend,0.457,0,
20,adj,cooc,,eastern,orientale,östlich,0.455,1,bn:00101967a
21,adj,cooc,,identical,identico,gleich,0.455,0,
22,adj,cooc,,pivotal,centrale,zentral,0.453,0,
23,adj,cooc,,significant,significativo,signifikant,0.445,0,
24,adj,cooc,,introductory,introduttivo,einleitend,0.443,0,
25,adj,cooc,,electrical,elettrico,elektrisch,0.442,2,bn:00102086a bn:00102083a
26,adj,cooc,,sizable,considerevole,beträchtlich,0.438,0,
27,adj,cooc,,sizeable,considerevole,beträchtlich,0.425,0,
28,adj,cooc,,separate,separato,getrennt,0.416,1,bn:00103316a
29,adj,cooc,,distinct,distinto,verschieden,0.414,0,
30,adj,cooc,,hard,difficile,schwer,0.413,1,bn:00101358a
31,adj,cooc,,accessible,accessibile,zugänglich,0.41,0,
32,adj,cooc,,new,nuovo,neu,0.409,1,bn:00107267a
33,adj,cooc,,visible,visibile,sichtbar,0.408,0,
34,adj,cooc,,relevant,pertinente,relevant,0.406,1,bn:00109659a
35,adj,cooc,,difficult,difficile,schwierig,0.399,1,bn:00101358a
36,adj,cooc,,relative,relativo,relativ,0.394,0,
37,adj,cooc,,interesting,interessante,interessant,0.389,1,bn:00105276a
38,adj,cooc,,edible,commestibile,essbar,0.388,1,bn:00100064a
39,adj,cooc,,effective,effettivo,tatsächlich,0.388,0,
40,adj,cooc,,clear,chiaro,klar,0.387,1,bn:00099803a
41,adj,cooc,,indispensable,indispensabile,unverzichtbar,0.38,0,
42,adj,cooc,,public,pubblico,öffentlich,0.377,1,bn:00109211a
43,adj,cooc,,cylindrical,cilindrico,zylindrisch,0.375,0,
44,adj,cooc,,tough,difficile,schwer,0.375,0,
45,adj,cooc,,negligible,trascurabile,unerheblich,0.369,0,
46,adj,cooc,,old,vecchio,alt,0.367,2,bn:00104306a bn:00107786a
47,adj,cooc,,correct,giusto,genau,0.364,0,
48,adj,cooc,,fine,bello,gut,0.364,0,
49,adj,cooc,,residual,residuo,restlich,0.363,0,
50,adj,cooc,,regular,fisso,fest,0.359,0,
51,adj,cooc,,solid,solido,fest,0.35,1,bn:00103937a
52,adj,cooc,,stable,solido,fest,0.348,0,
53,adj,cooc,,beautiful,bello,schön,0.347,1,bn:00098171a
54,adj,cooc,,long,lungo,lang,0.347,1,bn:00106124a
55,adj,cooc,,defective,difettoso,defekt,0.345,0,
56,adj,cooc,,nice,bello,schön,0.333,0,
57,adj,cooc,,faulty,difettoso,defekt,0.332,0,
58,adj,cooc,,east,orientale,östlich,0.325,0,
59,adj,cooc,,wide,ampio,breit,0.24,1,bn:00098887a
1,adj,cooc,WEAK,available,disponibile,zugänglich,,,
2,adj,cooc,WEAK,back,posteriore,rückwärtig,,,
3,adj,cooc,WEAK,bad,difettoso,schwer,,,
4,adj,cooc,WEAK,basic,fondamentale,tragend,,,
5,adj,cooc,WEAK,common,comune,allgemein,,,
6,adj,cooc,WEAK,concerned,interessato,betroffen,,,
7,adj,cooc,WEAK,critical,critico,entscheidend,,,
8,adj,cooc,WEAK,crucial,critico,entscheidend,,,
9,adj,cooc,WEAK,deep,profondo,groß,,,
10,adj,cooc,WEAK,early,primo,früh,,,
11,adj,cooc,WEAK,fair,giusto,schön,,,
12,adj,cooc,WEAK,first,primo,ursprünglich,,,
13,adj,cooc,WEAK,free,gratuito,beweglich,,,
14,adj,cooc,WEAK,full,pieno,groß,,,
15,adj,cooc,WEAK,functional,funzionale,praktisch,,,
16,adj,cooc,WEAK,fundamental,fondamentale,wesentlich,,,
17,adj,cooc,WEAK,goodly,bello,beträchtlich,,,
18,adj,cooc,WEAK,heavy,forte,schwer,,,
19,adj,cooc,WEAK,hefty,forte,schwer,,,
20,adj,cooc,WEAK,individual,singolo,einzeln,,,
21,adj,cooc,WEAK,late,ultimo,spät,,,
22,adj,cooc,WEAK,left,sinistro,übrig,,,
23,adj,cooc,WEAK,likely,facile,wahrscheinlich,,,
24,adj,cooc,WEAK,low,basso,gering,,,
25,adj,cooc,WEAK,main,principale,tragend,,,
26,adj,cooc,WEAK,mechanical,meccanico,mechanisch,,,
27,adj,cooc,WEAK,minor,minore,gering,,,
28,adj,cooc,WEAK,natural,naturale,selbstverständlich,,,
29,adj,cooc,WEAK,northern,settentrionale,nördlich,,,
30,adj,cooc,WEAK,obvious,evidente,selbstverständlich,,,
31,adj,cooc,WEAK,open,libero,zugänglich,,,
32,adj,cooc,WEAK,original,originale,ursprünglich,,,
33,adj,cooc,WEAK,positive,positivo,bestimmt,,,
34,adj,cooc,WEAK,predominant,prevalente,überwiegend,,,
35,adj,cooc,WEAK,primary,principale,ursprünglich,,,
36,adj,cooc,WEAK,prominent,importante,vorstehend,,,
37,adj,cooc,WEAK,proper,giusto,wirklich,,,
38,adj,cooc,WEAK,ready,pronto,klar,,,
39,adj,cooc,WEAK,real,vero,wirklich,,,
40,adj,cooc,WEAK,rear,posteriore,rückwärtig,,,
41,adj,cooc,WEAK,similar,simile,gleich,,,
42,adj,cooc,WEAK,single,singolo,einzeln,,,
43,adj,cooc,WEAK,south,meridionale,südlich,,,
44,adj,cooc,WEAK,southern,meridionale,südlich,,,
45,adj,cooc,WEAK,spare,libero,übrig,,,
46,adj,cooc,WEAK,specific,specifico,genau,,,
47,adj,cooc,WEAK,straight,giusto,klar,,,
48,adj,cooc,WEAK,strong,forte,fest,,,
49,adj,cooc,WEAK,substantial,sostanziale,wesentlich,,,
50,adj,cooc,WEAK,thin,leggero,mager,,,
51,adj,cooc,WEAK,tiny,piccolo,winzig,,,
52,adj,cooc,WEAK,true,vero,wirklich,,,
53,adj,cooc,WEAK,useful,utile,praktisch,,,
54,adj,cooc,WEAK,valuable,ricco,wertvoll,,,
55,adj,cooc,WEAK,variable,variabile,unterschiedlich,,,
56,adj,cooc,WEAK,various,vario,verschieden,,,
57,adj,cooc,WEAK,vast,ampio,weit,,,
58,adj,cooc,WEAK,weak,debole,mager,,,
59,adj,cooc,WEAK,western,occidentale,westlich,,,
1,v,cooc,,take,prendere,nehmen,0.619,3,bn:00088762v bn:00094731v bn:00085689v
2,v,cooc,,do,fare,tun,0.551,1,bn:00082286v
3,v,cooc,,make,fare,machen,0.535,3,bn:00086013v bn:00084198v bn:00086008v
4,v,cooc,,constitute,costituire,bilden,0.516,1,bn:00083187v
5,v,cooc,,form,formare,bilden,0.506,1,bn:00088490v
6,v,cooc,,play,giocare,spielen,0.489,2,bn:00091711v bn:00091708v
7,v,cooc,,represent,rappresentare,darstellen,0.482,1,bn:00083187v
8,v,cooc,,occupy,occupare,besetzen,0.478,0,
9,v,cooc,,devote,dedicare,widmen,0.477,1,bn:00085427v
10,v,cooc,,dedicate,dedicare,widmen,0.475,2,bn:00086428v bn:00085427v
11,v,cooc,,remain,rimanere,bleiben,0.475,3,bn:00091562v bn:00092756v bn:00085719v
12,v,cooc,,contain,contenere,enthalten,0.468,1,bn:00083225v
13,v,cooc,,assemble,assemblare,zusammensetzen,0.464,0,
14,v,cooc,,cover,coprire,decken,0.464,2,bn:00085917v bn:00084032v
15,v,cooc,,spend,trascorrere,verbringen,0.464,1,bn:00091458v
16,v,cooc,,donate,donare,spenden,0.46,1,bn:00087156v
17,v,cooc,,feel,sentire,fühlen,0.456,0,
18,v,cooc,,monitor,controllare,kontrollieren,0.454,0,
19,v,cooc,,replace,sostituire,ersetzen,0.453,2,bn:00092817v bn:00087802v
20,v,cooc,,remove,rimuovere,entfernen,0.448,0,
21,v,cooc,,separate,separare,trennen,0.447,0,
22,v,cooc,,contribute,contribuire,beitragen,0.44,0,
23,v,cooc,,sense,percepire,fühlen,0.44,0,
24,v,cooc,,miss,perdere,verpassen,0.438,0,
25,v,cooc,,treat,trattare,behandeln,0.438,1,bn:00084532v
26,v,cooc,,regard,considerare,betrachten,0.437,0,
27,v,cooc,,lose,perdere,verlieren,0.436,2,bn:00090489v bn:00090486v
28,v,cooc,,locate,individuare,finden,0.433,0,
29,v,cooc,,invest,investire,investieren,0.432,1,bn:00085429v
30,v,cooc,,repay,rimborsare,zurückzahlen,0.431,0,
31,v,cooc,,approve,omologare,genehmigen,0.43,0,
32,v,cooc,,serve,servire,dienen,0.43,1,bn:00082867v
33,v,cooc,,transfer,trasferire,übertragen,0.428,1,bn:00095085v
34,v,cooc,,specify,specificare,angeben,0.427,0,
35,v,cooc,,consider,considerare,betrachten,0.426,0,
36,v,cooc,,include,includere,umfassen,0.424,0,
37,v,cooc,,supply,fornire,liefern,0.424,0,
38,v,cooc,,retain,conservare,behalten,0.42,1,bn:00089386v
39,v,cooc,,sell,vendere,verkaufen,0.42,1,bn:00093472v
40,v,cooc,,act,agire,handeln,0.418,0,
41,v,cooc,,move,spostare,bewegen,0.418,1,bn:00088912v
42,v,cooc,,reject,rifiutare,ablehnen,0.417,1,bn:00086390v
43,v,cooc,,report,riportare,berichten,0.416,0,
44,v,cooc,,answer,rispondere,antworten,0.415,2,bn:00082646v bn:00092421v
45,v,cooc,,belong,appartenere,gehören,0.415,0,
46,v,cooc,,fulfil,soddisfare,erfüllen,0.415,0,
47,v,cooc,,receive,ricevere,erhalten,0.415,1,bn:00089246v
48,v,cooc,,find,trovare,finden,0.41,2,bn:00088204v bn:00084231v
49,v,cooc,,get,ottenere,erhalten,0.409,0,
50,v,cooc,,cut,tagliare,schneiden,0.407,1,bn:00086178v
51,v,cooc,,coincide,corrispondere,übereinstimmen,0.406,0,
52,v,cooc,,think,pensare,denken,0.403,3,bn:00083370v bn:00084733v bn:00089105v
53,v,cooc,,convey,trasmettere,übertragen,0.402,0,
54,v,cooc,,accept,accettare,akzeptieren,0.401,3,bn:00082197v bn:00082201v bn:00082198v
55,v,cooc,,go,andare,gehen,0.401,2,bn:00086600v bn:00088629v
56,v,cooc,,obtain,ottenere,erhalten,0.401,0,
57,v,cooc,,authorise,autorizzare,genehmigen,0.399,0,
58,v,cooc,,import,importare,einführen,0.399,1,bn:00089626v
59,v,cooc,,stay,rimanere,bleiben,0.399,3,bn:00091562v bn:00092756v bn:00085719v
60,v,cooc,,handle,trattare,behandeln,0.398,0,
61,v,cooc,,fall,cadere,fallen,0.397,2,bn:00087979v bn:00087976v
62,v,cooc,,add,aggiungere,hinzufügen,0.396,1,bn:00082318v
63,v,cooc,,connect,collegare,verbinden,0.396,1,bn:00085623v
64,v,cooc,,refund,rimborsare,erstatten,0.396,0,
65,v,cooc,,use,utilizzare,verwenden,0.396,1,bn:00082705v
66,v,cooc,,combine,combinare,verbinden,0.395,1,bn:00085314v
67,v,cooc,,damage,danneggiare,beschädigen,0.394,1,bn:00086494v
68,v,cooc,,come,venire,kommen,0.393,1,bn:00085335v
69,v,cooc,,pertain,riguardare,betreffen,0.387,1,bn:00083240v
70,v,cooc,,exclude,escludere,ausschließen,0.386,0,
71,v,cooc,,fabricate,fabbricare,herstellen,0.386,0,
72,v,cooc,,lack,mancare,fehlen,0.386,1,bn:00090161v
73,v,cooc,,absorb,assorbire,aufnehmen,0.385,0,
74,v,cooc,,link,collegare,verbinden,0.385,1,bn:00085623v
75,v,cooc,,produce,produrre,produzieren,0.385,3,bn:00086013v bn:00084198v bn:00084082v
76,v,cooc,,see,vedere,sehen,0.385,2,bn:00092443v bn:00093430v
77,v,cooc,,live,vivere,leben,0.383,2,bn:00087441v bn:00083191v
78,v,cooc,,recognise,riconoscere,anerkennen,0.382,0,
79,v,cooc,,check,controllare,prüfen,0.381,0,
80,v,cooc,,close,chiudere,schließen,0.381,1,bn:00085162v
81,v,cooc,,work,lavorare,arbeiten,0.381,1,bn:00095812v
82,v,cooc,,describe,descrivere,beschreiben,0.378,1,bn:00082233v
83,v,cooc,,associate,associare,verbinden,0.377,0,
84,v,cooc,,assign,assegnare,zuordnen,0.376,0,
85,v,cooc,,correspond,corrispondere,entsprechen,0.376,1,bn:00082477v
86,v,cooc,,present,presentare,präsentieren,0.375,1,bn:00086557v
87,v,cooc,,purchase,acquistare,kaufen,0.375,1,bn:00084331v
88,v,cooc,,couple,associare,verbinden,0.374,0,
89,v,cooc,,accord,accordare,gewähren,0.373,0,
90,v,cooc,,want,desiderare,wünschen,0.373,0,
91,v,cooc,,buy,acquistare,kaufen,0.372,1,bn:00084331v
92,v,cooc,,destroy,distruggere,zerstören,0.369,2,bn:00086699v bn:00086698v
93,v,cooc,,function,funzionare,funktionieren,0.367,1,bn:00088629v
94,v,cooc,,modify,modificare,ändern,0.367,1,bn:00082553v
95,v,cooc,,perform,svolgere,ausführen,0.367,0,
96,v,cooc,,develop,sviluppare,entwickeln,0.366,1,bn:00086745v
97,v,cooc,,satisfy,soddisfare,erfüllen,0.366,0,
98,v,cooc,,acquire,acquisire,erwerben,0.365,1,bn:00082280v
99,v,cooc,,depict,rappresentare,darstellen,0.365,1,bn:00086611v
100,v,cooc,,rotate,ruotare,drehen,0.365,0,
101,v,cooc,,write,scrivere,schreiben,0.365,2,bn:00093281v bn:00094109v
102,v,cooc,,exhibit,esibire,ausstellen,0.364,0,
103,v,cooc,,finish,finire,beenden,0.364,1,bn:00085475v
104,v,cooc,,keep,mantenere,halten,0.364,0,
105,v,cooc,,read,leggere,lesen,0.364,1,bn:00092426v
106,v,cooc,,hit,colpire,treffen,0.363,0,
107,v,cooc,,mix,mescolare,mischen,0.363,3,bn:00082565v bn:00090871v bn:00083597v
108,v,cooc,,require,richiedere,erfordern,0.363,0,
109,v,cooc,,behave,agire,handeln,0.362,0,
110,v,cooc,,examine,esaminare,prüfen,0.362,0,
111,v,cooc,,influence,influenzare,beeinflussen,0.362,1,bn:00082304v
112,v,cooc,,decline,rifiutare,ablehnen,0.361,1,bn:00086390v
113,v,cooc,,recognize,riconoscere,anerkennen,0.361,0,
114,v,cooc,,fulfill,soddisfare,erfüllen,0.359,0,
115,v,cooc,,exist,esistere,bestehen,0.358,1,bn:00083184v
116,v,cooc,,record,registrare,aufnehmen,0.358,0,
117,v,cooc,,build,costruire,bauen,0.357,1,bn:00084198v
118,v,cooc,,understand,capire,verstehen,0.357,1,bn:00082727v
119,v,cooc,,determine,determinare,bestimmen,0.355,0,
120,v,cooc,,wish,desiderare,wünschen,0.355,0,
121,v,cooc,,arrive,arrivare,ankommen,0.354,2,bn:00082790v bn:00082788v
122,v,cooc,,leave,lasciare,verlassen,0.354,1,bn:00087845v
123,v,cooc,,declare,dichiarare,erklären,0.353,1,bn:00086380v
124,v,cooc,,dominate,dominare,beherrschen,0.353,1,bn:00087152v
125,v,cooc,,operate,operare,arbeiten,0.352,0,
126,v,cooc,,believe,credere,glauben,0.351,4,bn:00083372v bn:00083370v bn:00083369v bn:00089105v
127,v,cooc,,construct,costruire,bauen,0.351,1,bn:00084198v
128,v,cooc,,seem,sembrare,scheinen,0.351,1,bn:00082690v
129,v,cooc,,introduce,introdurre,einführen,0.35,0,
130,v,cooc,,give,dare,geben,0.349,2,bn:00088815v bn:00088825v
131,v,cooc,,withdraw,prelevare,zurücktreten,0.348,0,
132,v,cooc,,own,possedere,besitzen,0.347,1,bn:00089241v
133,v,cooc,,know,sapere,wissen,0.346,1,bn:00085261v
134,v,cooc,,provide,fornire,liefern,0.346,0,
135,v,cooc,,show,mostrare,zeigen,0.345,2,bn:00086567v bn:00086557v
136,v,cooc,,decrease,diminuire,abnehmen,0.344,0,
137,v,cooc,,touch,toccare,berühren,0.344,1,bn:00095040v
138,v,cooc,,count,contare,zählen,0.343,0,
139,v,cooc,,complete,completare,abschließen,0.342,0,
140,v,cooc,,follow,seguire,folgen,0.341,1,bn:00088020v
141,v,cooc,,maintain,mantenere,halten,0.341,0,
142,v,cooc,,reveal,rivelare,zeigen,0.341,0,
143,v,cooc,,inspect,ispezionare,prüfen,0.34,0,
144,v,cooc,,wear,indossare,tragen,0.34,1,bn:00083227v
145,v,cooc,,expose,esporre,aussetzen,0.338,1,bn:00087013v
146,v,cooc,,overlay,ricoprire,bedecken,0.336,0,
147,v,cooc,,ensure,garantire,gewährleisten,0.335,1,bn:00082812v
148,v,cooc,,guarantee,garantire,garantieren,0.333,1,bn:00082877v
149,v,cooc,,terminate,terminare,beenden,0.333,1,bn:00087608v
150,v,cooc,,justify,giustificare,begründen,0.332,0,
151,v,cooc,,mean,dire,bedeuten,0.331,1,bn:00089805v
152,v,cooc,,appear,apparire,erscheinen,0.33,2,bn:00082691v bn:00082690v
153,v,cooc,,reach,raggiungere,erreichen,0.328,2,bn:00082901v bn:00082226v
154,v,cooc,,shift,spostare,verschieben,0.328,1,bn:00086987v
155,v,cooc,,react,reagire,reagieren,0.325,0,
156,v,cooc,,exceed,superare,überschreiten,0.322,0,
157,v,cooc,,accommodate,ospitare,unterbringen,0.319,1,bn:00082218v
158,v,cooc,,begin,iniziare,beginnen,0.318,2,bn:00083342v bn:00083340v
159,v,cooc,,start,iniziare,beginnen,0.317,2,bn:00083342v bn:00083340v
160,v,cooc,,facilitate,facilitare,erleichtern,0.316,1,bn:00082531v
161,v,cooc,,number,contare,zählen,0.316,0,
162,v,cooc,,bring,portare,bringen,0.315,1,bn:00084058v
163,v,cooc,,order,ordinare,bestellen,0.311,0,
164,v,cooc,,display,mostrare,zeigen,0.309,1,bn:00086557v
165,v,cooc,,relate,raccontare,erzählen,0.302,0,
166,v,cooc,,indicate,indicare,zeigen,0.298,0,
167,v,cooc,,drive,guidare,fahren,0.294,2,bn:00087328v bn:00087327v
168,v,cooc,,allow,consentire,zulassen,0.288,0,
169,v,cooc,,last,durare,dauern,0.284,1,bn:00087620v
170,v,cooc,,ride,guidare,fahren,0.275,2,bn:00093014v bn:00093019v
171,v,cooc,,reduce,ridurre,reduzieren,0.274,0,
172,v,cooc,,return,tornare,zurückgeben,0.274,0,
173,v,cooc,,arrange,disporre,veranlassen,0.265,0,
174,v,cooc,,place,mettere,legen,0.263,1,bn:00090224v
175,v,cooc,,mark,segnare,markieren,0.258,0,
176,v,cooc,,benefit,beneficiare,profitieren,0.234,1,bn:00083413v
177,v,cooc,,call,chiamare,nennen,0.234,1,bn:00084385v
178,v,cooc,,put,mettere,setzen,0.232,0,
179,v,cooc,,shrink,ridurre,abnehmen,0.222,0,
1,v,cooc,WEAK,affect,interessare,beeinflussen,,,
2,v,cooc,WEAK,affix,attaccare,anbringen,,,
3,v,cooc,WEAK,aim,puntare,zielen,,,
4,v,cooc,WEAK,allocate,assegnare,vergeben,,,
5,v,cooc,WEAK,allot,assegnare,verteilen,,,
6,v,cooc,WEAK,analyse,analizzare,zerlegen,,,
7,v,cooc,WEAK,analyze,analizzare,zerlegen,,,
8,v,cooc,WEAK,annul,annullare,aufheben,,,
9,v,cooc,WEAK,apply,applicare,anwenden,,,
10,v,cooc,WEAK,arise,derivare,entstehen,,,
11,v,cooc,WEAK,assess,valutare,feststellen,,,
12,v,cooc,WEAK,assume,assumere,übernehmen,,,
13,v,cooc,WEAK,attach,fissare,befestigen,,,
14,v,cooc,WEAK,attribute,attribuire,zurechnen,,,
15,v,cooc,WEAK,balance,saldare,abschließen,,,
16,v,cooc,WEAK,base,fondare,basieren,,,
17,v,cooc,WEAK,be,diventare,liegen,,,
18,v,cooc,WEAK,bear,sopportare,tragen,,,
19,v,cooc,WEAK,become,diventare,stehen,,,
20,v,cooc,WEAK,bind,legare,verbinden,,,
21,v,cooc,WEAK,blend,fondere,mischen,,,
22,v,cooc,WEAK,block,sbarrare,sperren,,,
23,v,cooc,WEAK,book,riservare,buchen,,,
24,v,cooc,WEAK,break,interrompere,brechen,,,
25,v,cooc,WEAK,calculate,valutare,berechnen,,,
26,v,cooc,WEAK,capture,prendere,erfassen,,,
27,v,cooc,WEAK,carry,portare,tragen,,,
28,v,cooc,WEAK,cause,determinare,verursachen,,,
29,v,cooc,WEAK,cede,cedere,abtreten,,,
30,v,cooc,WEAK,change,modificare,wechseln,,,
31,v,cooc,WEAK,characterize,caratterizzare,prägen,,,
32,v,cooc,WEAK,claim,vantare,beanspruchen,,,
33,v,cooc,WEAK,classify,classificare,bestimmen,,,
34,v,cooc,WEAK,collapse,crollare,zerbrechen,,,
35,v,cooc,WEAK,collect,raccogliere,einnehmen,,,
36,v,cooc,WEAK,communicate,comunicare,übertragen,,,
37,v,cooc,WEAK,compose,comporre,zusammensetzen,,,
38,v,cooc,WEAK,comprise,comprendere,umfassen,,,
39,v,cooc,WEAK,concern,interessare,betreffen,,,
40,v,cooc,WEAK,conclude,concludere,abschließen,,,
41,v,cooc,WEAK,consult,interpellare,konsultieren,,,
42,v,cooc,WEAK,consume,distruggere,verbrauchen,,,
43,v,cooc,WEAK,control,controllare,steuern,,,
44,v,cooc,WEAK,cost,venire,kosten,,,
45,v,cooc,WEAK,counter,annullare,antworten,,,
46,v,cooc,WEAK,crack,cedere,brechen,,,
47,v,cooc,WEAK,create,costruire,schaffen,,,
48,v,cooc,WEAK,cross,attraversare,überschreiten,,,
49,v,cooc,WEAK,deal,trattare,geben,,,
50,v,cooc,WEAK,deduct,dedurre,abziehen,,,
51,v,cooc,WEAK,defer,rimettere,verschieben,,,
52,v,cooc,WEAK,define,determinare,definieren,,,
53,v,cooc,WEAK,deliver,rimettere,liefern,,,
54,v,cooc,WEAK,demolish,smontare,zerstören,,,
55,v,cooc,WEAK,derive,derivare,schließen,,,
56,v,cooc,WEAK,design,progettare,planen,,,
57,v,cooc,WEAK,designate,designare,bestimmen,,,
58,v,cooc,WEAK,detect,individuare,ermitteln,,,
59,v,cooc,WEAK,differentiate,differenziare,trennen,,,
60,v,cooc,WEAK,direct,orientare,richten,,,
61,v,cooc,WEAK,disclose,rilevare,eröffnen,,,
62,v,cooc,WEAK,dissolve,sciogliere,lösen,,,
63,v,cooc,WEAK,distribute,assegnare,verteilen,,,
64,v,cooc,WEAK,divide,ripartire,teilen,,,
65,v,cooc,WEAK,dress,rivestire,gestalten,,,
66,v,cooc,WEAK,earmark,destinare,vorsehen,,,
67,v,cooc,WEAK,eliminate,eliminare,ausschalten,,,
68,v,cooc,WEAK,emit,sviluppare,abgeben,,,
69,v,cooc,WEAK,employ,impiegare,beschäftigen,,,
70,v,cooc,WEAK,enable,permettere,ermöglichen,,,
71,v,cooc,WEAK,enclose,includere,hinzufügen,,,
72,v,cooc,WEAK,encompass,contenere,umfassen,,,
73,v,cooc,WEAK,encourage,incoraggiare,unterstützen,,,
74,v,cooc,WEAK,engage,impegnare,beteiligen,,,
75,v,cooc,WEAK,enhance,aumentare,heben,,,
76,v,cooc,WEAK,entitle,intitolare,berechtigen,,,
77,v,cooc,WEAK,execute,interpretare,ausführen,,,
78,v,cooc,WEAK,explain,esporre,erklären,,,
79,v,cooc,WEAK,explore,analizzare,untersuchen,,,
80,v,cooc,WEAK,export,esportare,ausführen,,,
81,v,cooc,WEAK,express,esprimere,abgeben,,,
82,v,cooc,WEAK,extend,offrire,ausdehnen,,,
83,v,cooc,WEAK,extract,estrarre,gewinnen,,,
84,v,cooc,WEAK,fail,mancare,aussetzen,,,
85,v,cooc,WEAK,feature,caratterizzare,vorkommen,,,
86,v,cooc,WEAK,fight,combattere,angehen,,,
87,v,cooc,WEAK,figure,raffigurare,glauben,,,
88,v,cooc,WEAK,fill,occupare,füllen,,,
89,v,cooc,WEAK,fit,convenire,passen,,,
90,v,cooc,WEAK,fix,fissare,befestigen,,,
91,v,cooc,WEAK,focus,concentrare,konzentrieren,,,
92,v,cooc,WEAK,gain,ottenere,gewinnen,,,
93,v,cooc,WEAK,gauge,valutare,prüfen,,,
94,v,cooc,WEAK,generate,generare,verursachen,,,
95,v,cooc,WEAK,grow,crescere,entstehen,,,
96,v,cooc,WEAK,happen,verificare,geschehen,,,
97,v,cooc,WEAK,have,disporre,besitzen,,,
98,v,cooc,WEAK,head,puntare,gehen,,,
99,v,cooc,WEAK,help,favorire,beitragen,,,
100,v,cooc,WEAK,hide,nascondere,bergen,,,
101,v,cooc,WEAK,hold,contenere,halten,,,
102,v,cooc,WEAK,house,alloggiare,unterbringen,,,
103,v,cooc,WEAK,identify,identificare,bestimmen,,,
104,v,cooc,WEAK,ignore,ignorare,übergehen,,,
105,v,cooc,WEAK,implement,realizzare,durchführen,,,
106,v,cooc,WEAK,improve,migliorare,heben,,,
107,v,cooc,WEAK,incorporate,incorporare,aufnehmen,,,
108,v,cooc,WEAK,increase,aumentare,steigen,,,
109,v,cooc,WEAK,inhabit,occupare,leben,,,
110,v,cooc,WEAK,install,installare,anbringen,,,
111,v,cooc,WEAK,intend,intendere,bestimmen,,,
112,v,cooc,WEAK,involve,coinvolgere,umfassen,,,
113,v,cooc,WEAK,isolate,isolare,abschneiden,,,
114,v,cooc,WEAK,joint,unire,verbinden,,,
115,v,cooc,WEAK,label,classificare,markieren,,,
116,v,cooc,WEAK,land,cadere,landen,,,
117,v,cooc,WEAK,lay,disporre,legen,,,
118,v,cooc,WEAK,lead,portare,führen,,,
119,v,cooc,WEAK,learn,sapere,lernen,,,
120,v,cooc,WEAK,let,lasciare,lassen,,,
121,v,cooc,WEAK,lie,rimanere,liegen,,,
122,v,cooc,WEAK,list,elencare,aufnehmen,,,
123,v,cooc,WEAK,look,sembrare,aussehen,,,
124,v,cooc,WEAK,manage,gestire,steuern,,,
125,v,cooc,WEAK,manufacture,produrre,fertigen,,,
126,v,cooc,WEAK,match,combinare,entsprechen,,,
127,v,cooc,WEAK,meet,soddisfare,treffen,,,
128,v,cooc,WEAK,mold,formare,prägen,,,
129,v,cooc,WEAK,mount,montare,anbringen,,,
130,v,cooc,WEAK,need,mancare,brauchen,,,
131,v,cooc,WEAK,occur,presentare,auftreten,,,
132,v,cooc,WEAK,offer,offrire,bringen,,,
133,v,cooc,WEAK,offset,compensare,wettmachen,,,
134,v,cooc,WEAK,originate,provenire,entstehen,,,
135,v,cooc,WEAK,overlook,trascurare,übersehen,,,
136,v,cooc,WEAK,owe,dovere,verdanken,,,
137,v,cooc,WEAK,pass,passare,gehen,,,
138,v,cooc,WEAK,pay,pagare,zahlen,,,
139,v,cooc,WEAK,penetrate,comprendere,ziehen,,,
140,v,cooc,WEAK,please,soddisfare,gefallen,,,
141,v,cooc,WEAK,position,posizionare,anlegen,,,
142,v,cooc,WEAK,predominate,prevalere,herrschen,,,
143,v,cooc,WEAK,preserve,conservare,erhalten,,,
144,v,cooc,WEAK,print,pubblicare,abziehen,,,
145,v,cooc,WEAK,process,trattare,entwickeln,,,
146,v,cooc,WEAK,procure,ottenere,erwerben,,,
147,v,cooc,WEAK,project,progettare,planen,,,
148,v,cooc,WEAK,protect,proteggere,sichern,,,
149,v,cooc,WEAK,qualify,qualificare,berechtigen,,,
150,v,cooc,WEAK,quote,riportare,nennen,,,
151,v,cooc,WEAK,range,variare,reichen,,,
152,v,cooc,WEAK,rate,valutare,rechnen,,,
153,v,cooc,WEAK,rebuild,ricostruire,aufbauen,,,
154,v,cooc,WEAK,recoup,rimborsare,wettmachen,,,
155,v,cooc,WEAK,recover,recuperare,gewinnen,,,
156,v,cooc,WEAK,register,registrare,eintragen,,,
157,v,cooc,WEAK,reinforce,rafforzare,stützen,,,
158,v,cooc,WEAK,remit,rimettere,vergeben,,,
159,v,cooc,WEAK,render,rendere,machen,,,
160,v,cooc,WEAK,repair,riparare,beheben,,,
161,v,cooc,WEAK,reserve,riservare,buchen,,,
162,v,cooc,WEAK,rest,rimanere,liegen,,,
163,v,cooc,WEAK,result,derivare,entstehen,,,
164,v,cooc,WEAK,rise,salire,steigen,,,
165,v,cooc,WEAK,run,funzionare,laufen,,,
166,v,cooc,WEAK,say,dire,sprechen,,,
167,v,cooc,WEAK,secure,garantire,sichern,,,
168,v,cooc,WEAK,set,fissare,setzen,,,
169,v,cooc,WEAK,share,partecipare,teilen,,,
170,v,cooc,WEAK,ship,spedire,setzen,,,
171,v,cooc,WEAK,shoot,riprendere,drehen,,,
172,v,cooc,WEAK,signal,indicare,ankündigen,,,
173,v,cooc,WEAK,skip,trascurare,übergehen,,,
174,v,cooc,WEAK,sound,suonare,klingen,,,
175,v,cooc,WEAK,step,andare,treten,,,
176,v,cooc,WEAK,stick,attaccare,halten,,,
177,v,cooc,WEAK,store,depositare,lagern,,,
178,v,cooc,WEAK,subject,sottoporre,unterziehen,,,
179,v,cooc,WEAK,suffer,subire,leiden,,,
180,v,cooc,WEAK,supplement,integrare,ergänzen,,,
181,v,cooc,WEAK,support,sostenere,unterstützen,,,
182,v,cooc,WEAK,surround,limitare,umfassen,,,
183,v,cooc,WEAK,tell,dire,erzählen,,,
184,v,cooc,WEAK,test,testare,prüfen,,,
185,v,cooc,WEAK,translate,interpretare,übertragen,,,
186,v,cooc,WEAK,try,verificare,versuchen,,,
187,v,cooc,WEAK,turn,diventare,drehen,,,
188,v,cooc,WEAK,undergo,subire,erfahren,,,
189,v,cooc,WEAK,unite,unire,verbinden,,,
190,v,cooc,WEAK,utilize,utilizzare,nutzen,,,
191,v,cooc,WEAK,value,valutare,achten,,,
192,v,cooc,WEAK,vary,variare,abweichen,,,
193,v,cooc,WEAK,wait,servire,warten,,,
194,v,cooc,WEAK,watch,osservare,sehen,,,
195,v,cooc,WEAK,withhold,rifiutare,vorenthalten,,,
196,v,cooc,WEAK,yield,cedere,ergeben,,,
