idx_group,pos,rel,weak,lex_en,lex_it,lex_de,score,bs_count,babel_synsets
0,n,head,,flora plant plant_life,flora vegetale pianta,Pflanze Pflanzenart Pflanzenreich,,1,bn:00035324n
1,n,sim,,tree,albero,Baum,0.463,1,bn:00078131n
2,n,sim,,animal,animale,Tier,0.435,1,bn:00004222n
3,n,sim,,fauna,fauna,Fauna,0.39,3,bn:00004234n bn:00033822n bn:00004222n
4,n,sim,,flower,fiore,Blume,0.368,2,bn:00035378n bn:00011422n
5,n,sim,,material,materiale,Material,0.368,3,bn:00053801n bn:00053802n bn:00053803n
6,n,sim,,leaf,foglia,Blatt,0.358,1,bn:00035596n
7,n,sim,,building,edificio,Gebäude,0.357,1,bn:00013722n
8,n,sim,,fish,pesce,Fisch,0.351,3,bn:00062612n bn:00034817n bn:00034816n
9,n,sim,,structure,struttura,Struktur,0.35,1,bn:00022071n
10,n,sim,,product,prodotto,Produkt,0.349,4,bn:00064584n bn:00053827n bn:00054416n bn:00064585n
11,n,sim,,body,corpo,Körper,0.348,1,bn:00011744n
12,n,sim,,environment,ambiente,Umwelt,0.348,1,bn:00031075n
13,n,sim,,water,acqua,Wasser,0.347,3,bn:00061253n bn:00080561n bn:00042379n
14,n,sim,,food,cibo,Essen,0.343,2,bn:00035649n bn:00035650n
15,n,sim,,machine,macchina,Maschine,0.342,1,bn:00026716n
16,n,sim,,garden,giardino,Garten,0.341,1,bn:00037300n
17,n,sim,,production,produzione,Produktion,0.338,4,bn:00059790n bn:00064594n bn:00064590n bn:00064592n
18,n,sim,,property,proprietà,Eigenschaft,0.333,1,bn:00064752n
19,n,sim,,dog,cane,Hund,0.33,1,bn:00015267n
20,n,sim,,form,forma,Form,0.33,11,bn:00026512n bn:00003882n bn:00035911n bn:00035912n bn:00035907n bn:00035915n bn:00016529n bn:00035913n bn:00021751n bn:00035908n bn:00035909n
21,n,sim,,object,oggetto,Objekt,0.33,4,bn:00058442n bn:00058445n bn:00058443n bn:00002179n
22,n,sim,,soil,suolo,Boden,0.328,1,bn:00041883n
23,n,sim,,unit,unità,Einheit,0.327,1,bn:00079106n
24,n,sim,,element,elemento,Element,0.326,6,bn:00030299n bn:00021396n bn:00018105n bn:00021394n bn:00030300n bn:00030301n
25,n,sim,,energy,energia,Energie,0.326,1,bn:00030820n
26,n,sim,,oil,olio,Öl,0.326,1,bn:00058732n
27,n,sim,,culture,cultura,Kultur,0.325,1,bn:00024369n
28,n,sim,,variety,varietà,Vielfalt,0.324,1,bn:00027862n
29,n,sim,,installation,impianto,Anlage,0.323,1,bn:00046934n
30,n,sim,,field,campo,Feld,0.321,4,bn:00034267n bn:00034273n bn:00034265n bn:00006752n
31,n,sim,,source,fonte,Quelle,0.321,2,bn:00046702n bn:00009635n
32,n,sim,,market,mercato,Markt,0.319,3,bn:00053461n bn:00053458n bn:00053459n
33,n,sim,,cell,cellula,Zelle,0.318,2,bn:00014536n bn:00017027n
34,n,sim,,area,zona,Bereich,0.317,1,bn:00082076n
35,n,sim,,system,sistema,System,0.317,7,bn:00069580n bn:00005863n bn:00075760n bn:00075761n bn:00075763n bn:00075762n bn:00075759n
36,n,sim,,model,modello,Modell,0.314,7,bn:00032101n bn:00033735n bn:00055447n bn:00032100n bn:00022071n bn:00055448n bn:00036197n
37,n,sim,,piece,pezzo,Stück,0.314,2,bn:00062297n bn:00062299n
38,n,sim,,individual,individuo,Person,0.311,1,bn:00046516n
39,n,sim,,root,radice,Wurzel,0.31,4,bn:00008793n bn:00068246n bn:00009635n bn:00068247n
40,n,sim,,world,terra,Welt,0.31,2,bn:00029424n bn:00045153n
41,n,sim,,population,popolazione,Bevölkerung,0.309,1,bn:00063596n
42,n,sim,,car,auto,Auto,0.308,1,bn:00007309n
43,n,sim,,group,gruppo,Gruppe,0.307,4,bn:00073698n bn:00041942n bn:00018111n bn:00041943n
44,n,sim,,component,componente,Komponente,0.306,1,bn:00021396n
45,n,sim,,state,stato,Zustand,0.306,4,bn:02220665n bn:02108701n bn:03347921n bn:17345320n
46,n,sim,,subject,soggetto,Gegenstand,0.305,1,bn:00074900n
47,n,sim,,family,famiglia,Familie,0.304,2,bn:00032893n bn:00032896n
48,n,sim,,movement,movimento,Bewegung,0.304,3,bn:00036632n bn:00056029n bn:00056030n
49,n,sim,,size,dimensione,Größe,0.304,1,bn:15234561n
50,n,sim,,condition,condizione,Zustand,0.303,1,bn:13935995n
51,n,sim,,light,luce,Licht,0.303,3,bn:00051108n bn:00051109n bn:00045956n
52,n,sim,,quality,qualità,Qualität,0.303,2,bn:00065538n bn:00014731n
53,n,sim,,technology,tecnologia,Technologie,0.302,1,bn:00005105n
54,n,sim,,company,azienda,Firma,0.301,4,bn:00014160n bn:00073910n bn:00021286n bn:00022811n
55,n,sim,,organization,organizzazione,Organisation,0.301,5,bn:00059483n bn:00005863n bn:00001423n bn:00059480n bn:00059482n
56,n,sim,,vegetation,vegetazione,Vegetation,0.301,3,bn:00035324n bn:00012321n bn:00079674n
57,n,sim,,thing,cosa,Sache,0.299,2,bn:00076925n bn:00001734n
58,n,sim,,zone,zona,Bereich,0.299,1,bn:00082076n
59,n,sim,,line,linea,Reihe,0.298,1,bn:00051290n
60,n,sim,,substance,sostanza,Substanz,0.298,3,bn:00074985n bn:00018096n bn:00017124n
61,n,sim,,art,arte,Kunst,0.297,3,bn:00005926n bn:00005928n bn:00005927n
62,n,sim,,pattern,modello,Modell,0.297,0,
63,n,sim,,bloom,fiore,Blüte,0.296,2,bn:00035378n bn:00011422n
64,n,sim,,district,zona,Gebiet,0.296,0,
65,n,sim,,feature,caratteristica,Eigenschaft,0.296,0,
66,n,sim,,resource,risorsa,Ressource,0.296,1,bn:00067352n
67,n,sim,,people,gente,Leute,0.295,1,bn:00061450n
68,n,sim,,use,uso,Anwendung,0.294,1,bn:00030627n
69,n,sim,,image,immagine,Bild,0.293,2,bn:00045972n bn:00045970n
70,n,sim,,child,bambino,Kind,0.292,1,bn:00018345n
71,n,sim,,country,paese,Land,0.29,2,bn:00023236n bn:00023235n
72,n,sim,,party,gruppo,Gruppe,0.29,0,
73,n,sim,,society,società,Gesellschaft,0.29,2,bn:00072566n bn:00020039n
74,n,sim,,person,persona,Person,0.287,4,bn:00044576n bn:00046516n bn:00061714n bn:00061715n
75,n,sim,,tool,strumento,Instrument,0.287,3,bn:00046962n bn:00077585n bn:00023662n
76,n,sim,,woman,donna,Frau,0.286,2,bn:00034016n bn:00001530n
77,n,sim,,side,lato,Seite,0.283,2,bn:00071433n bn:00032604n
78,n,sim,,situation,situazione,Situation,0.283,3,bn:00071869n bn:00063707n bn:00071858n
79,n,sim,,terrain,terreno,Boden,0.283,0,
80,n,sim,,bird,uccello,Vogel,0.281,1,bn:00010605n
81,n,sim,,device,dispositivo,Gerät,0.276,1,bn:00026716n
82,n,sim,,vehicle,veicolo,Fahrzeug,0.273,1,bn:00079675n
83,n,sim,,surroundings,ambiente,Umgebung,0.272,1,bn:00031075n
84,n,sim,,site,luogo,Standort,0.271,1,bn:00051760n
85,n,sim,,woodland,bosco,Wald,0.271,1,bn:00035869n
86,n,sim,,good,bene,Gut,0.27,1,bn:00021045n
87,n,sim,,blossom,fiore,Blüte,0.268,2,bn:00035378n bn:00011422n
88,n,sim,,patient,paziente,Patient,0.268,2,bn:00001742n bn:00061017n
89,n,sim,,island,isola,Insel,0.265,1,bn:00047612n
90,n,sim,,lot,lotto,Menge,0.265,0,
91,n,sim,,space,spazio,Raum,0.265,2,bn:00046665n bn:00053830n
92,n,sim,,herb,erba,Kraut,0.262,1,bn:00043776n
93,n,sim,,organism,organismo,Organismus,0.262,1,bn:00009677n
94,n,sim,,biodiversity,biodiversità,Biodiversität,0.261,1,bn:00010523n
95,n,sim,,organisation,organizzazione,Organisation,0.261,5,bn:00059483n bn:00005863n bn:00001423n bn:00059480n bn:00059482n
96,n,sim,,community,comunità,Gemeinschaft,0.26,1,bn:00021248n
97,n,sim,,activity,attività,Aktivität,0.259,2,bn:00001128n bn:00001174n
98,n,sim,,region,regione,Region,0.259,2,bn:00005515n bn:00066884n
99,n,sim,,ecosystem,ecosistema,Ökosystem,0.254,1,bn:00029687n
100,n,sim,,network,rete,Netzwerk,0.254,4,bn:00057379n bn:00021488n bn:00054497n bn:00024712n
101,n,sim,,instrument,strumento,Instrument,0.252,6,bn:00046961n bn:00046962n bn:00046964n bn:00077585n bn:00023662n bn:00046965n
102,n,sim,,place,luogo,Ort,0.252,2,bn:00062699n bn:00051760n
103,n,sim,,institution,istituzione,Institution,0.249,2,bn:00031641n bn:00046954n
104,n,sim,,landscape,paesaggio,Landschaft,0.249,1,bn:01321349n
105,n,sim,,shop,negozio,Geschäft,0.249,1,bn:00071215n
106,n,sim,,species,specie,Spezies,0.249,1,bn:00073210n
107,n,sim,,economy,economia,Wirtschaft,0.244,1,bn:00029678n
108,n,sim,,meat,carne,Fleisch,0.244,1,bn:00054026n
109,n,sim,,requirement,condizione,Bedingung,0.243,0,
110,n,sim,,spot,luogo,Stelle,0.243,1,bn:00062699n
111,n,sim,,value,valore,Wert,0.243,5,bn:00079508n bn:00079509n bn:00029680n bn:00058151n bn:00079511n
112,n,sim,,church,chiesa,Kirche,0.242,2,bn:00018995n bn:00018819n
113,n,sim,,event,evento,Ereignis,0.241,2,bn:00032021n bn:00032022n
114,n,sim,,brand,marchio,Marke,0.239,1,bn:00012758n
115,n,sim,,power,energia,Leistung,0.237,1,bn:00063941n
116,n,sim,,agent,agente,Mittel,0.236,0,
117,n,sim,,sector,settore,Sektor,0.236,1,bn:11333488n
118,n,sim,,class,classe,Klasse,0.235,6,bn:00019482n bn:00016733n bn:00019483n bn:00019478n bn:00019477n bn:00019479n
119,n,sim,,computer,computer,Computer,0.233,3,bn:00014691n bn:00054739n bn:00021464n
120,n,sim,,health,salute,Gesundheit,0.233,1,bn:00043358n
121,n,sim,,cuisine,cucina,Küche,0.232,2,bn:00037474n bn:00024323n
122,n,sim,,practice,pratica,Praktik,0.232,1,bn:03930390n
123,n,sim,,quantity,quantità,Menge,0.23,2,bn:00065553n bn:00003603n
124,n,sim,,habitat,habitat,Lebensraum,0.229,1,bn:00042409n
125,n,sim,,countryside,campagna,Landschaft,0.228,0,
126,n,sim,,establishment,stabilimento,Einrichtung,0.228,0,
127,n,sim,,forest,foresta,Wald,0.228,1,bn:00035868n
128,n,sim,,industry,industria,Industrie,0.226,1,bn:00046576n
129,n,sim,,craft,arte,Kunst,0.225,0,
130,n,sim,,remnant,resto,Rest,0.221,1,bn:00050539n
131,n,sim,,estate,proprietà,Eigentum,0.218,0,
132,n,sim,,store,negozio,Laden,0.216,3,bn:00071215n bn:00012452n bn:00067417n
133,n,sim,,vessel,nave,Schiff,0.214,2,bn:00079862n bn:00071103n
134,n,sim,,equipment,apparecchiatura,Ausrüstung,0.203,1,bn:00031322n
135,n,sim,,infrastructure,infrastruttura,Infrastruktur,0.203,2,bn:00008794n bn:00046727n
136,n,sim,,ship,nave,Schiff,0.201,1,bn:00071103n
137,n,sim,,expanse,distesa,Fläche,0.196,0,
138,n,sim,,measure,misura,Maßnahme,0.194,0,
139,n,sim,,stock,stock,Bestand,0.194,0,
140,n,sim,,eco-system,ecosistema,Ökosystem,0.193,0,
141,n,sim,,grass,erba,Gras,0.193,2,bn:00041433n bn:00015287n
142,n,sim,,sample,campione,Probe,0.19,1,bn:00069078n
143,n,sim,,alga,alga,Alge,0.188,1,bn:00002671n
144,n,sim,,microorganism,microrganismo,Mikroorganismus,0.188,1,bn:00054731n
145,n,sim,,waste,rifiuto,Abfall,0.188,3,bn:00080543n bn:00035670n bn:00068465n
146,n,sim,,village,villaggio,Dorf,0.187,1,bn:00042729n
147,n,sim,,gas,gas,Gas,0.186,8,bn:00037457n bn:00000632n bn:00037382n bn:00037384n bn:00031987n bn:00037383n bn:00035120n bn:00037385n
148,n,sim,,investment,investimento,Investition,0.185,1,bn:00047358n
149,n,sim,,worker,lavoratore,Arbeitnehmer,0.184,0,
150,n,sim,,farmer,agricoltore,Bauer,0.181,1,bn:00033687n
151,n,sim,,fungus,fungo,Pilz,0.181,1,bn:00036863n
152,n,sim,,diversity,diversità,Vielfalt,0.18,1,bn:00027862n
153,n,sim,,drug,farmaco,Droge,0.179,1,bn:00028872n
154,n,sim,,mammal,mammifero,Säugetier,0.179,1,bn:00053079n
155,n,sim,,bio-diversity,biodiversità,Biodiversität,0.172,0,
156,n,sim,,insect,insetto,Insekt,0.172,1,bn:00046870n
157,n,sim,,critter,creatura,Lebewesen,0.168,0,
158,n,sim,,shrub,arbusto,Strauch,0.165,1,bn:00014095n
159,n,sim,,transport,trasporto,Verkehr,0.162,1,bn:01731490n
160,n,sim,,agriculture,agricoltura,Landwirtschaft,0.161,1,bn:00002096n
161,n,sim,,micro-organism,microrganismo,Mikroorganismus,0.159,0,
162,n,sim,,producer,produttore,Erzeuger,0.159,0,
163,n,sim,,farming,agricoltura,Landwirtschaft,0.155,1,bn:00002096n
164,n,sim,,category,categoria,Kategorie,0.154,1,bn:00016733n
165,n,sim,,trade,commercio,Handel,0.153,2,bn:00008735n bn:00077860n
166,n,sim,,tradition,tradizione,Tradition,0.153,2,bn:00077883n bn:00024592n
167,n,sim,,mineral,minerale,Mineral,0.152,1,bn:00055124n
168,n,sim,,contract,appalto,Auftrag,0.148,0,
169,n,sim,,creature,creatura,Kreatur,0.148,1,bn:04855730n
170,n,sim,,import,importazione,Einfuhr,0.148,1,bn:00046137n
171,n,sim,,aircraft,aeromobile,Flugzeug,0.147,1,bn:00002275n
172,n,sim,,export,esportazione,Ausfuhr,0.145,1,bn:00032363n
173,n,sim,,packaging,imballaggio,Verpackung,0.145,1,bn:00060114n
174,n,sim,,coral,corallo,Koralle,0.143,1,bn:00022559n
175,n,sim,,birdlife,avifauna,Vogelwelt,0.142,0,
176,n,sim,,document,documento,Dokument,0.141,2,bn:00028015n bn:00028018n
177,n,sim,,employment,occupazione,Beschäftigung,0.138,3,bn:00030625n bn:00030616n bn:00014138n
178,n,sim,,origin,origine,Herkunft,0.138,0,
179,n,sim,,characteristic,caratteristica,Merkmal,0.136,2,bn:00065538n bn:00017762n
180,n,sim,,bacterium,batterio,Bakterium,0.132,0,
181,n,sim,,specimen,campione,Probe,0.119,1,bn:00073223n
182,n,sim,,bee,ape,Biene,0.118,2,bn:00004906n bn:00009524n
183,n,sim,,breed,razza,Rasse,0.118,2,bn:00012986n bn:00065801n
184,n,sim,,civilization,civiltà,Zivilisation,0.118,1,bn:00019384n
185,n,sim,,parasite,parassita,Parasit,0.117,1,bn:00060618n
186,n,sim,,artefact,manufatto,Artefakt,0.108,1,bn:00005956n
187,n,sim,,oak,quercia,Eiche,0.106,1,bn:00058399n
188,n,sim,,tortoise,tartaruga,Schildkröte,0.096,1,bn:00077694n
1,n,sim,WEAK,action,opera,Aktion,,,
2,n,sim,WEAK,agency,opera,Kraft,,,
3,n,sim,WEAK,arrangement,organizzazione,Einrichtung,,,
4,n,sim,WEAK,asset,attività,Vermögenswert,,,
5,n,sim,WEAK,bar,misura,Stück,,,
6,n,sim,WEAK,base,centro,Boden,,,
7,n,sim,WEAK,branch,ramo,Gebiet,,,
8,n,sim,WEAK,business,azienda,Geschäft,,,
9,n,sim,WEAK,capacity,proprietà,Leistung,,,
10,n,sim,WEAK,case,fatto,Fall,,,
11,n,sim,WEAK,change,resto,Veränderung,,,
12,n,sim,WEAK,colony,colonia,Volk,,,
13,n,sim,WEAK,construction,costruzione,Anlage,,,
14,n,sim,WEAK,consumer,utente,Verbraucher,,,
15,n,sim,WEAK,content,quantità,Inhalt,,,
16,n,sim,WEAK,customer,tipo,Kunde,,,
17,n,sim,WEAK,emission,emissione,Abgabe,,,
18,n,sim,WEAK,engine,motore,Maschine,,,
19,n,sim,WEAK,enterprise,impresa,Betrieb,,,
20,n,sim,WEAK,entity,ente,Wesen,,,
21,n,sim,WEAK,facility,infrastruttura,Einrichtung,,,
22,n,sim,WEAK,factory,stabilimento,Werk,,,
23,n,sim,WEAK,farm,fattoria,Landwirtschaft,,,
24,n,sim,WEAK,feed,alimentazione,Essen,,,
25,n,sim,WEAK,firm,impresa,Firma,,,
26,n,sim,WEAK,force,arma,Kraft,,,
27,n,sim,WEAK,fuel,carburante,Nahrung,,,
28,n,sim,WEAK,generation,età,Generation,,,
29,n,sim,WEAK,ground,terra,Boden,,,
30,n,sim,WEAK,growth,produzione,Entwicklung,,,
31,n,sim,WEAK,hall,palazzo,Essen,,,
32,n,sim,WEAK,holding,patrimonio,Land,,,
33,n,sim,WEAK,home,abitazione,Haus,,,
34,n,sim,WEAK,house,abitazione,Haus,,,
35,n,sim,WEAK,human,essere,Mensch,,,
36,n,sim,WEAK,issue,emissione,Lieferung,,,
37,n,sim,WEAK,item,voce,Stück,,,
38,n,sim,WEAK,job,occupazione,Arbeit,,,
39,n,sim,WEAK,kind,tipo,Art,,,
40,n,sim,WEAK,land,terra,Land,,,
41,n,sim,WEAK,medium,mezzo,Medium,,,
42,n,sim,WEAK,member,elemento,Teilnehmer,,,
43,n,sim,WEAK,number,quantità,Zahl,,,
44,n,sim,WEAK,orchard,frutteto,Garten,,,
45,n,sim,WEAK,order,assetto,Auftrag,,,
46,n,sim,WEAK,park,parco,Anlage,,,
47,n,sim,WEAK,part,pezzo,Teil,,,
48,n,sim,WEAK,plan,piano,Vorhaben,,,
49,n,sim,WEAK,plantation,piantagione,Kultur,,,
50,n,sim,WEAK,point,senso,Stelle,,,
51,n,sim,WEAK,policy,politica,Praktik,,,
52,n,sim,WEAK,position,luogo,Position,,,
53,n,sim,WEAK,process,sistema,Prozess,,,
54,n,sim,WEAK,produce,produzione,Erzeugnis,,,
55,n,sim,WEAK,project,piano,Projekt,,,
56,n,sim,WEAK,range,campo,Reihe,,,
57,n,sim,WEAK,rate,tariffa,Klasse,,,
58,n,sim,WEAK,record,documento,Aufnahme,,,
59,n,sim,WEAK,room,ambiente,Raum,,,
60,n,sim,WEAK,scenery,scenario,Landschaft,,,
61,n,sim,WEAK,scheme,sistema,Projekt,,,
62,n,sim,WEAK,section,settore,Teil,,,
63,n,sim,WEAK,seed,seme,Keim,,,
64,n,sim,WEAK,set,gruppo,Reihe,,,
65,n,sim,WEAK,share,quota,Teil,,,
66,n,sim,WEAK,sport,gioco,Sport,,,
67,n,sim,WEAK,staff,corpo,Personal,,,
68,n,sim,WEAK,standard,livello,Norm,,,
69,n,sim,WEAK,supply,alimentazione,Lieferung,,,
70,n,sim,WEAK,tax,peso,Steuer,,,
71,n,sim,WEAK,team,nucleo,Gruppe,,,
72,n,sim,WEAK,tract,distesa,Gebiet,,,
73,n,sim,WEAK,treasure,tesoro,Kostbarkeit,,,
74,n,sim,WEAK,type,tipo,Art,,,
75,n,sim,WEAK,undertaking,impresa,Betrieb,,,
76,n,sim,WEAK,user,utente,Verbraucher,,,
77,n,sim,WEAK,vista,veduta,Bild,,,
78,n,sim,WEAK,volume,volume,Band,,,
79,n,sim,WEAK,wildlife,natura,Tierwelt,,,
80,n,sim,WEAK,work,opera,Arbeit,,,
1,n,cooc,,flower,fiore,Blume,0.559,2,bn:00035378n bn:00011422n
2,n,cooc,,bloom,fiore,Blüte,0.543,2,bn:00035378n bn:00011422n
3,n,cooc,,root,radice,Wurzel,0.536,4,bn:00008793n bn:00068246n bn:00009635n bn:00068247n
4,n,cooc,,animal,animale,Tier,0.532,1,bn:00004222n
5,n,cooc,,herb,erba,Kraut,0.53,1,bn:00043776n
6,n,cooc,,leaf,foglia,Blatt,0.529,1,bn:00035596n
7,n,cooc,,tree,albero,Baum,0.515,1,bn:00078131n
8,n,cooc,,shrub,arbusto,Strauch,0.512,1,bn:00014095n
9,n,cooc,,cannabis,canapa,Cannabis,0.51,1,bn:00015286n
10,n,cooc,,mineral,minerale,Mineral,0.498,1,bn:00055124n
11,n,cooc,,grass,erba,Gras,0.489,2,bn:00041433n bn:00015287n
12,n,cooc,,fish,pesce,Fisch,0.488,3,bn:00062612n bn:00034817n bn:00034816n
13,n,cooc,,marijuana,marijuana,Marihuana,0.485,3,bn:00015289n bn:00028270n bn:00015287n
14,n,cooc,,bird,uccello,Vogel,0.48,1,bn:00010605n
15,n,cooc,,cultivation,coltivazione,Anbau,0.479,1,bn:00024361n
16,n,cooc,,fungus,fungo,Pilz,0.478,1,bn:00036863n
17,n,cooc,,vegetation,vegetazione,Vegetation,0.475,3,bn:00035324n bn:00012321n bn:00079674n
18,n,cooc,,alga,alga,Alge,0.467,1,bn:00002671n
19,n,cooc,,soil,suolo,Boden,0.466,1,bn:00041883n
20,n,cooc,,micro-organism,microrganismo,Mikroorganismus,0.465,0,
21,n,cooc,,microorganism,microrganismo,Mikroorganismus,0.456,1,bn:00054731n
22,n,cooc,,material,materiale,Material,0.455,3,bn:00053801n bn:00053802n bn:00053803n
23,n,cooc,,nursery,vivaio,Baumschule,0.453,1,bn:15900382n
24,n,cooc,,stone,pietra,Stein,0.449,2,bn:00068045n bn:00068046n
25,n,cooc,,pollen,polline,Blütenstaub,0.448,1,bn:00063372n
26,n,cooc,,water,acqua,Wasser,0.447,3,bn:00061253n bn:00080561n bn:00042379n
27,n,cooc,,habitat,habitat,Lebensraum,0.446,1,bn:00042409n
28,n,cooc,,garden,giardino,Garten,0.443,1,bn:00037300n
29,n,cooc,,beast,animale,Tier,0.442,1,bn:00004222n
30,n,cooc,,variety,varietà,Vielfalt,0.442,1,bn:00027862n
31,n,cooc,,fruit,frutta,Obst,0.441,1,bn:14220451n
32,n,cooc,,extract,estratto,Extrakt,0.437,0,
33,n,cooc,,insect,insetto,Insekt,0.436,1,bn:00046870n
34,n,cooc,,tuber,tubero,Knolle,0.432,1,bn:00078524n
35,n,cooc,,species,specie,Art,0.43,1,bn:00073210n
36,n,cooc,,property,proprietà,Eigenschaft,0.427,1,bn:00064752n
37,n,cooc,,bacterium,batterio,Bakterie,0.426,0,
38,n,cooc,,bush,cespuglio,Busch,0.425,1,bn:00014095n
39,n,cooc,,breeding,allevamento,Züchtung,0.424,1,bn:00012994n
40,n,cooc,,lawn,prato,Rasen,0.414,1,bn:00050284n
41,n,cooc,,meat,carne,Fleisch,0.411,1,bn:00054026n
42,n,cooc,,pot,vaso,Topf,0.41,0,
43,n,cooc,,secretion,secrezione,Absonderung,0.408,0,
44,n,cooc,,ingredient,ingrediente,Bestandteil,0.406,1,bn:00034946n
45,n,cooc,,bark,corteccia,Rinde,0.403,1,bn:00008594n
46,n,cooc,,substance,sostanza,Substanz,0.402,3,bn:00074985n bn:00018096n bn:00017124n
47,n,cooc,,creature,essere,Wesen,0.4,0,
48,n,cooc,,landscape,paesaggio,Landschaft,0.399,1,bn:01321349n
49,n,cooc,,oil,olio,Öl,0.398,1,bn:00058732n
50,n,cooc,,capacity,proprietà,Eigenschaft,0.397,0,
51,n,cooc,,terrain,terreno,Boden,0.394,0,
52,n,cooc,,furniture,arredo,Möbel,0.39,0,
53,n,cooc,,cereal,cereale,Getreide,0.385,2,bn:00017323n bn:00017324n
54,n,cooc,,potato,patata,Kartoffel,0.385,1,bn:00047481n
55,n,cooc,,moss,muschio,Moos,0.381,1,bn:00055981n
56,n,cooc,,specimen,campione,Probe,0.381,1,bn:00073223n
57,n,cooc,,mushroom,fungo,Pilz,0.378,0,
58,n,cooc,,rock,roccia,Felsen,0.378,1,bn:13886970n
59,n,cooc,,weed,erbaccia,Unkraut,0.378,1,bn:00080809n
60,n,cooc,,spice,spezia,Gewürz,0.374,1,bn:00073330n
61,n,cooc,,organism,organismo,Organismus,0.371,1,bn:00009677n
62,n,cooc,,lichen,lichene,Flechte,0.369,1,bn:00051000n
63,n,cooc,,type,tipo,Typ,0.369,0,
64,n,cooc,,food,cibo,Lebensmittel,0.364,1,bn:00035650n
65,n,cooc,,protection,protezione,Schutz,0.364,2,bn:00064838n bn:00071020n
66,n,cooc,,scenery,paesaggio,Landschaft,0.364,0,
67,n,cooc,,woodland,bosco,Wald,0.36,1,bn:00035869n
68,n,cooc,,biodiversity,biodiversità,Artenvielfalt,0.357,1,bn:00010523n
69,n,cooc,,palm,palma,Palme,0.357,1,bn:00060306n
70,n,cooc,,berry,bacca,Beere,0.352,1,bn:00010066n
71,n,cooc,,vegetable,verdura,Gemüse,0.35,2,bn:00079666n bn:00079663n
72,n,cooc,,being,essere,Wesen,0.325,0,
73,n,cooc,,height,altezza,Höhe,0.322,1,bn:00043544n
74,n,cooc,,bio-diversity,biodiversità,Artenvielfalt,0.32,0,
75,n,cooc,,cover,copertura,Deckung,0.318,1,bn:00023350n
76,n,cooc,,nature,natura,Natur,0.315,3,bn:00075760n bn:00057017n bn:00057016n
77,n,cooc,,climate,clima,Klima,0.313,1,bn:00019780n
78,n,cooc,,health,salute,Gesundheit,0.31,1,bn:00043358n
79,n,cooc,,conservation,conservazione,Erhaltung,0.308,0,
80,n,cooc,,forest,foresta,Wald,0.307,1,bn:00035868n
81,n,cooc,,ecosystem,ecosistema,Ökosystem,0.305,1,bn:00029687n
82,n,cooc,,site,luogo,Standort,0.299,1,bn:00051760n
83,n,cooc,,risk,rischio,Risiko,0.296,1,bn:00030747n
84,n,cooc,,heritage,patrimonio,Erbgut,0.294,0,
85,n,cooc,,population,popolazione,Population,0.293,2,bn:00063595n bn:00063596n
86,n,cooc,,oxygen,ossigeno,Sauerstoff,0.29,1,bn:00006912n
87,n,cooc,,plant,pianta,Pflanze,0.29,1,bn:00035324n
88,n,cooc,,countryside,campagna,Landschaft,0.287,0,
89,n,cooc,,earth,terra,Erde,0.285,5,bn:00029424n bn:00029427n bn:00029425n bn:00028934n bn:00029429n
90,n,cooc,,environment,ambiente,Umwelt,0.28,1,bn:00031075n
91,n,cooc,,part,parte,Teil,0.276,1,bn:00021395n
92,n,cooc,,pond,laghetto,Teich,0.272,1,bn:00063508n
93,n,cooc,,branch,ramo,Ast,0.268,2,bn:00051218n bn:00012738n
94,n,cooc,,refuge,rifugio,Zuflucht,0.267,2,bn:00066856n bn:00006678n
95,n,cooc,,waterfall,cascata,Wasserfall,0.264,1,bn:00032830n
96,n,cooc,,place,luogo,Platz,0.262,2,bn:00062699n bn:00051760n
97,n,cooc,,sanctuary,rifugio,Zuflucht,0.262,2,bn:00066856n bn:00006678n
98,n,cooc,,product,prodotto,Produkt,0.258,4,bn:00064584n bn:00053827n bn:00054416n bn:00064585n
99,n,cooc,,wood,legno,Holz,0.242,1,bn:00081492n
100,n,cooc,,element,elemento,Element,0.233,6,bn:00030299n bn:00021396n bn:00018105n bn:00021394n bn:00030300n bn:00030301n
101,n,cooc,,measure,misura,Maßnahme,0.222,0,
102,n,cooc,,aspect,aspetto,Aussehen,0.213,0,
103,n,cooc,,condition,condizione,Zustand,0.208,1,bn:13935995n
104,n,cooc,,zone,zona,Bereich,0.185,1,bn:00082076n
105,n,cooc,,island,isola,Insel,0.176,1,bn:00047612n
106,n,cooc,,survey,esame,Untersuchung,0.164,0,
107,n,cooc,,lake,lago,See,0.157,1,bn:00049709n
108,n,cooc,,history,storia,Geschichte,0.124,4,bn:00000738n bn:00044268n bn:00044270n bn:00044267n
109,n,cooc,,area,zona,Bereich,0.117,1,bn:00082076n
1,n,cooc,WEAK,article,condizione,Gegenstand,,,
2,n,cooc,WEAK,bug,insetto,Käfer,,,
3,n,cooc,WEAK,bulb,bulbo,Knolle,,,
4,n,cooc,WEAK,certificate,diploma,Gutachten,,,
5,n,cooc,WEAK,check,ostacolo,Prüfung,,,
6,n,cooc,WEAK,company,associazione,Gemeinschaft,,,
7,n,cooc,WEAK,compound,composto,Zusammensetzung,,,
8,n,cooc,WEAK,corn,cereale,Mais,,,
9,n,cooc,WEAK,digestion,digestione,Verarbeitung,,,
10,n,cooc,WEAK,equipment,materiale,Zubehör,,,
11,n,cooc,WEAK,establishment,costituzione,Haus,,,
12,n,cooc,WEAK,floor,terra,Boden,,,
13,n,cooc,WEAK,fountain,fontana,Ursprung,,,
14,n,cooc,WEAK,greenery,verdura,Grün,,,
15,n,cooc,WEAK,ground,terra,Boden,,,
16,n,cooc,WEAK,growth,produzione,Wachstum,,,
17,n,cooc,WEAK,holding,patrimonio,Land,,,
18,n,cooc,WEAK,house,tetto,Haus,,,
19,n,cooc,WEAK,human,essere,Mensch,,,
20,n,cooc,WEAK,land,terra,Land,,,
21,n,cooc,WEAK,list,catalogo,Liste,,,
22,n,cooc,WEAK,manufacturing,produzione,Erzeugung,,,
23,n,cooc,WEAK,matter,materia,Thema,,,
24,n,cooc,WEAK,operation,funzionalità,Betrieb,,,
25,n,cooc,WEAK,organisation,organismo,Gliederung,,,
26,n,cooc,WEAK,organization,organismo,Gliederung,,,
27,n,cooc,WEAK,origin,radice,Herkunft,,,
28,n,cooc,WEAK,page,facciata,Blatt,,,
29,n,cooc,WEAK,point,motivo,Stelle,,,
30,n,cooc,WEAK,process,processo,Verlauf,,,
31,n,cooc,WEAK,production,produzione,Erzeugung,,,
32,n,cooc,WEAK,record,atto,Liste,,,
33,n,cooc,WEAK,right,diritto,Anspruch,,,
34,n,cooc,WEAK,sea,mare,See,,,
35,n,cooc,WEAK,seed,seme,Samenkorn,,,
36,n,cooc,WEAK,seedling,piantina,Setzling,,,
37,n,cooc,WEAK,source,fonte,Ursprung,,,
38,n,cooc,WEAK,system,sistema,Systematik,,,
39,n,cooc,WEAK,tobacco,tabacco,Kraut,,,
40,n,cooc,WEAK,trial,processo,Prüfung,,,
41,n,cooc,WEAK,varieties,varietà,Sorten,,,
42,n,cooc,WEAK,wildlife,natura,Tierwelt,,,
1,adj,cooc,,exotic,esotico,exotisch,0.554,1,bn:00096774a
2,adj,cooc,,endemic,endemico,endemisch,0.541,1,bn:00102208a
3,adj,cooc,,tropical,tropicale,tropisch,0.53,1,bn:00112137a
4,adj,cooc,,native,nativo,heimisch,0.529,0,
5,adj,cooc,,perennial,perenne,mehrjährig,0.529,0,
6,adj,cooc,,susceptible,suscettibile,anfällig,0.525,0,
7,adj,cooc,,aquatic,acquatico,aquatisch,0.51,0,
8,adj,cooc,,toxic,tossico,giftig,0.507,0,
9,adj,cooc,,rare,raro,selten,0.504,0,
10,adj,cooc,,ornamental,ornamentale,dekorativ,0.5,0,
11,adj,cooc,,poisonous,velenoso,giftig,0.486,0,
12,adj,cooc,,evergreen,sempreverde,immergrün,0.478,1,bn:00102465a
13,adj,cooc,,edible,commestibile,essbar,0.476,1,bn:00100064a
14,adj,cooc,,aromatic,aromatico,aromatisch,0.472,0,
15,adj,cooc,,healthy,sano,gesund,0.471,1,bn:00104025a
16,adj,cooc,,mediterranean,mediterraneo,mediterran,0.461,1,bn:00106560a
17,adj,cooc,,indigenous,indigeno,einheimisch,0.453,0,
18,adj,cooc,,herbaceous,erbaceo,krautig,0.451,0,
19,adj,cooc,,tall,alto,hoch,0.45,1,bn:00111630a
20,adj,cooc,,vigorous,vigoroso,kräftig,0.449,0,
21,adj,cooc,,young,giovane,jung,0.449,1,bn:00104589a
22,adj,cooc,,hardy,resistente,winterhart,0.439,0,
23,adj,cooc,,alpine,alpino,alpin,0.438,0,
24,adj,cooc,,lush,lussureggiante,üppig,0.435,0,
25,adj,cooc,,green,verde,grün,0.427,1,bn:00100914a
26,adj,cooc,,sensitive,delicato,empfindlich,0.421,0,
27,adj,cooc,,complete,intero,ganz,0.417,0,
28,adj,cooc,,whole,intero,ganz,0.417,0,
29,adj,cooc,,terrestrial,terrestre,terrestrisch,0.413,0,
30,adj,cooc,,suitable,adatto,geeignet,0.411,1,bn:00111427a
31,adj,cooc,,altered,alterato,verändert,0.409,0,
32,adj,cooc,,high,alto,hoch,0.407,1,bn:00104162a
33,adj,cooc,,typical,tipico,typisch,0.406,1,bn:00112216a
34,adj,cooc,,resistant,resistente,resistent,0.403,0,
35,adj,cooc,,new,fresco,frisch,0.402,0,
36,adj,cooc,,rich,ricco,reich,0.399,1,bn:00096612a
37,adj,cooc,,luxuriant,lussureggiante,üppig,0.396,0,
38,adj,cooc,,mature,maturo,reif,0.385,1,bn:00103083a
39,adj,cooc,,wild,selvaggio,wild,0.38,3,bn:00113870a bn:00113316a bn:00102901a
40,adj,cooc,,eligible,idoneo,geeignet,0.379,0,
41,adj,cooc,,wet,fresco,frisch,0.373,0,
42,adj,cooc,,appropriate,adatto,geeignet,0.365,1,bn:00111427a
43,adj,cooc,,protected,protetto,geschützt,0.365,0,
44,adj,cooc,,bushy,cespuglioso,buschig,0.362,0,
45,adj,cooc,,small,piccolo,wenig,0.352,0,
46,adj,cooc,,subtropical,subtropicale,subtropisch,0.35,1,bn:00110397a
47,adj,cooc,,common,comune,verbreitet,0.347,0,
48,adj,cooc,,beautiful,bello,schön,0.334,1,bn:00098171a
49,adj,cooc,,diverse,diverso,unterschiedlich,0.324,1,bn:00101629a
50,adj,cooc,,specified,specificato,angegeben,0.312,0,
51,adj,cooc,,characteristic,caratteristico,charakteristisch,0.296,1,bn:00099532a
52,adj,cooc,,distinct,diverso,verschieden,0.295,0,
53,adj,cooc,,delicate,delicato,empfindlich,0.286,1,bn:00101123a
54,adj,cooc,,harmful,dannoso,schädlich,0.286,1,bn:00100884a
55,adj,cooc,,identical,uguale,gleich,0.247,0,
56,adj,cooc,,different,diverso,verschieden,0.234,0,
57,adj,cooc,,unique,unico,einzigartig,0.232,1,bn:00110682a
58,adj,cooc,,equal,uguale,gleich,0.205,0,
1,adj,cooc,WEAK,abundant,abbondante,reich,,,
2,adj,cooc,WEAK,alive,vivo,lebend,,,
3,adj,cooc,WEAK,big,grande,hoch,,,
4,adj,cooc,WEAK,conventional,comune,konventionell,,,
5,adj,cooc,WEAK,costly,prezioso,reich,,,
6,adj,cooc,WEAK,dead,perfetto,tot,,,
7,adj,cooc,WEAK,dry,secco,vertrocknet,,,
8,adj,cooc,WEAK,feasible,possibile,geeignet,,,
9,adj,cooc,WEAK,flourishing,rigoglioso,blühend,,,
10,adj,cooc,WEAK,great,grande,schön,,,
11,adj,cooc,WEAK,important,importante,hoch,,,
12,adj,cooc,WEAK,individual,singolo,einzeln,,,
13,adj,cooc,WEAK,intact,intatto,ganz,,,
14,adj,cooc,WEAK,large,grande,hoch,,,
15,adj,cooc,WEAK,liable,soggetto,anfällig,,,
16,adj,cooc,WEAK,likely,facile,geeignet,,,
17,adj,cooc,WEAK,live,vivo,lebend,,,
18,adj,cooc,WEAK,local,locale,einheimisch,,,
19,adj,cooc,WEAK,magnificent,maestoso,prächtig,,,
20,adj,cooc,WEAK,other,diverso,sonstig,,,
21,adj,cooc,WEAK,prone,facile,anfällig,,,
22,adj,cooc,WEAK,ready,pronto,reif,,,
23,adj,cooc,WEAK,short,piccolo,hoch,,,
24,adj,cooc,WEAK,similar,simile,gleich,,,
25,adj,cooc,WEAK,specific,specifico,bestimmt,,,
26,adj,cooc,WEAK,tough,resistente,robust,,,
27,adj,cooc,WEAK,unusual,insolito,selten,,,
28,adj,cooc,WEAK,useful,utile,wertvoll,,,
29,adj,cooc,WEAK,varied,vario,unterschiedlich,,,
1,v,cooc,,grow,crescere,wachsen,0.615,0,
2,v,cooc,,flower,fiorire,blühen,0.526,1,bn:00083646v
3,v,cooc,,bloom,fiorire,blühen,0.514,1,bn:00083646v
4,v,cooc,,water,annaffiare,gießen,0.51,0,
5,v,cooc,,thrive,prosperare,gedeihen,0.497,1,bn:00088347v
6,v,cooc,,produce,produrre,produzieren,0.485,3,bn:00084082v bn:00084198v bn:00086013v
7,v,cooc,,cultivate,coltivare,pflegen,0.482,0,
8,v,cooc,,need,necessitare,brauchen,0.481,0,
9,v,cooc,,flourish,fiorire,blühen,0.476,0,
10,v,cooc,,breed,allevare,züchten,0.466,1,bn:00084034v
11,v,cooc,,absorb,assorbire,absorbieren,0.465,1,bn:00082177v
12,v,cooc,,blossom,fiorire,blühen,0.462,1,bn:00083646v
13,v,cooc,,protect,proteggere,schützen,0.449,1,bn:00090041v
14,v,cooc,,infest,infestare,befallen,0.445,0,
15,v,cooc,,own,possedere,besitzen,0.438,1,bn:00089241v
16,v,cooc,,manufacture,produrre,herstellen,0.436,0,
17,v,cooc,,tolerate,tollerare,vertragen,0.436,0,
18,v,cooc,,contain,contenere,enthalten,0.432,1,bn:00083225v
19,v,cooc,,evolve,sviluppare,entwickeln,0.432,0,
20,v,cooc,,prune,potare,beschneiden,0.43,0,
21,v,cooc,,extract,estrarre,extrahieren,0.427,0,
22,v,cooc,,damage,danneggiare,beschädigen,0.426,1,bn:00086494v
23,v,cooc,,prefer,preferire,bevorzugen,0.424,1,bn:00091949v
24,v,cooc,,harvest,raccogliere,ernten,0.422,1,bn:00088884v
25,v,cooc,,develop,sviluppare,entwickeln,0.416,1,bn:00086745v
26,v,cooc,,possess,possedere,besitzen,0.416,1,bn:00089241v
27,v,cooc,,handle,trattare,behandeln,0.414,0,
28,v,cooc,,harm,danneggiare,schaden,0.413,0,
29,v,cooc,,dry,essiccare,trocknen,0.407,1,bn:00087401v
30,v,cooc,,form,formare,bilden,0.407,1,bn:00088490v
31,v,cooc,,eat,mangiare,essen,0.405,2,bn:00087461v bn:00087460v
32,v,cooc,,reach,raggiungere,erreichen,0.403,2,bn:00082226v bn:00082901v
33,v,cooc,,suffer,soffrire,leiden,0.4,1,bn:00082138v
34,v,cooc,,use,utilizzare,verwenden,0.399,1,bn:00082705v
35,v,cooc,,die,morire,sterben,0.392,1,bn:00084343v
36,v,cooc,,uproot,sradicare,ausrotten,0.391,1,bn:00087712v
37,v,cooc,,propagate,propagare,verbreiten,0.388,1,bn:00084119v
38,v,cooc,,survive,sopravvivere,überleben,0.388,1,bn:00087617v
39,v,cooc,,belong,appartenere,gehören,0.387,0,
40,v,cooc,,cut,tagliare,schneiden,0.386,1,bn:00086178v
41,v,cooc,,infect,infettare,infizieren,0.386,0,
42,v,cooc,,buy,acquistare,kaufen,0.385,1,bn:00084331v
43,v,cooc,,regenerate,rigenerare,regenerieren,0.385,0,
44,v,cooc,,sprout,germogliare,sprießen,0.385,0,
45,v,cooc,,achieve,raggiungere,erreichen,0.381,1,bn:00082226v
46,v,cooc,,purchase,acquistare,kaufen,0.38,1,bn:00084331v
47,v,cooc,,destroy,distruggere,zerstören,0.379,2,bn:00086698v bn:00086699v
48,v,cooc,,wilt,appassire,welken,0.379,0,
49,v,cooc,,live,vivere,leben,0.378,2,bn:00087441v bn:00083191v
50,v,cooc,,pollinate,impollinare,bestäuben,0.375,0,
51,v,cooc,,remove,rimuovere,entfernen,0.371,0,
52,v,cooc,,treat,trattare,behandeln,0.369,1,bn:00084532v
53,v,cooc,,generate,generare,erzeugen,0.368,0,
54,v,cooc,,nourish,nutrire,ernähren,0.367,2,bn:00091098v bn:00088084v
55,v,cooc,,help,aiutare,helfen,0.365,1,bn:00082481v
56,v,cooc,,choose,scegliere,auswählen,0.364,1,bn:00084931v
57,v,cooc,,modify,modificare,verändern,0.363,1,bn:00082553v
58,v,cooc,,kill,uccidere,töten,0.361,1,bn:00090098v
59,v,cooc,,fertilize,fertilizzare,düngen,0.359,0,
60,v,cooc,,select,selezionare,auswählen,0.357,1,bn:00084931v
61,v,cooc,,consume,consumare,verbrauchen,0.356,0,
62,v,cooc,,admire,ammirare,bewundern,0.355,1,bn:00082368v
63,v,cooc,,collect,raccogliere,sammeln,0.354,1,bn:00082246v
64,v,cooc,,expose,esporre,aussetzen,0.351,1,bn:00087013v
65,v,cooc,,know,conoscere,wissen,0.349,1,bn:00085261v
66,v,cooc,,spread,diffondere,verbreiten,0.348,2,bn:00084119v bn:00093332v
67,v,cooc,,identify,identificare,identifizieren,0.347,1,bn:00089574v
68,v,cooc,,top,superare,übersteigen,0.347,0,
69,v,cooc,,shed,perdere,verlieren,0.346,0,
70,v,cooc,,harbor,ospitare,beherbergen,0.335,0,
71,v,cooc,,observe,osservare,beobachten,0.335,0,
72,v,cooc,,harbour,ospitare,beherbergen,0.334,0,
73,v,cooc,,import,importare,einführen,0.331,1,bn:00089626v
74,v,cooc,,burn,bruciare,verbrennen,0.326,0,
75,v,cooc,,disturb,disturbare,stören,0.325,0,
76,v,cooc,,replace,sostituire,ersetzen,0.325,2,bn:00087802v bn:00092817v
77,v,cooc,,eradicate,sradicare,ausrotten,0.324,1,bn:00087712v
78,v,cooc,,disrupt,disturbare,stören,0.323,0,
79,v,cooc,,feed,alimentare,füttern,0.323,2,bn:00091098v bn:00088084v
80,v,cooc,,wither,appassire,verdorren,0.316,0,
81,v,cooc,,displace,spostare,verdrängen,0.311,1,bn:00087012v
82,v,cooc,,photograph,fotografare,fotografieren,0.306,1,bn:00091585v
83,v,cooc,,stimulate,stimolare,anregen,0.298,0,
84,v,cooc,,spot,riconoscere,erkennen,0.295,1,bn:00086904v
85,v,cooc,,constitute,costituire,bilden,0.294,1,bn:00083187v
86,v,cooc,,ensure,garantire,gewährleisten,0.29,1,bn:00082812v
87,v,cooc,,show,mostrare,zeigen,0.285,2,bn:00086567v bn:00086557v
88,v,cooc,,discover,scoprire,entdecken,0.28,2,bn:00086936v bn:00086935v
89,v,cooc,,include,includere,einschließen,0.278,1,bn:00089662v
90,v,cooc,,reduce,ridurre,verringern,0.276,0,
91,v,cooc,,display,mostrare,zeigen,0.275,1,bn:00086557v
92,v,cooc,,start,iniziare,beginnen,0.275,2,bn:00083342v bn:00083340v
93,v,cooc,,allow,consentire,zulassen,0.274,0,
94,v,cooc,,begin,iniziare,beginnen,0.274,2,bn:00083342v bn:00083340v
95,v,cooc,,satisfy,soddisfare,erfüllen,0.266,0,
96,v,cooc,,maintain,mantenere,pflegen,0.264,0,
97,v,cooc,,safeguard,salvaguardare,sichern,0.264,0,
98,v,cooc,,survey,esaminare,untersuchen,0.262,0,
99,v,cooc,,inhibit,inibire,hemmen,0.26,0,
100,v,cooc,,increase,aumentare,erhöhen,0.258,1,bn:00089667v
101,v,cooc,,put,mettere,setzen,0.256,0,
102,v,cooc,,stop,smettere,stoppen,0.256,0,
103,v,cooc,,carry,trasportare,tragen,0.254,1,bn:00084554v
104,v,cooc,,exist,esistere,existieren,0.251,1,bn:00083184v
105,v,cooc,,prove,provare,nachweisen,0.251,0,
106,v,cooc,,disappear,scomparire,verschwinden,0.25,1,bn:00086880v
107,v,cooc,,enrich,arricchire,anreichern,0.248,0,
108,v,cooc,,influence,influenzare,beeinflussen,0.248,1,bn:00082304v
109,v,cooc,,commence,cominciare,beginnen,0.247,2,bn:00083342v bn:00083340v
110,v,cooc,,specify,specificare,angeben,0.246,0,
111,v,cooc,,find,trovare,finden,0.244,2,bn:00084231v bn:00088204v
112,v,cooc,,discharge,soddisfare,erfüllen,0.238,0,
113,v,cooc,,serve,servire,dienen,0.238,1,bn:00082867v
114,v,cooc,,mean,dire,bedeuten,0.236,1,bn:00089805v
115,v,cooc,,do,fare,tun,0.235,1,bn:00082286v
116,v,cooc,,fulfil,soddisfare,erfüllen,0.233,0,
117,v,cooc,,mutate,cambiare,verändern,0.232,0,
118,v,cooc,,supply,fornire,liefern,0.23,0,
119,v,cooc,,threaten,minacciare,drohen,0.229,1,bn:00087612v
120,v,cooc,,receive,ricevere,erhalten,0.228,1,bn:00089246v
121,v,cooc,,preserve,preservare,erhalten,0.215,2,bn:00083242v bn:00085644v
122,v,cooc,,offer,offrire,bieten,0.213,0,
123,v,cooc,,remain,rimanere,bleiben,0.206,3,bn:00091562v bn:00085719v bn:00092756v
124,v,cooc,,introduce,introdurre,einführen,0.194,0,
125,v,cooc,,keep,tenere,halten,0.184,0,
126,v,cooc,,get,ottenere,erhalten,0.182,0,
127,v,cooc,,make,fare,machen,0.174,3,bn:00084198v bn:00086013v bn:00086008v
128,v,cooc,,obtain,ottenere,erhalten,0.173,0,
129,v,cooc,,tuck,mettere,stecken,0.173,0,
130,v,cooc,,appear,apparire,auftreten,0.17,0,
131,v,cooc,,dominate,dominare,dominieren,0.17,0,
132,v,cooc,,explore,esplorare,erkunden,0.165,0,
133,v,cooc,,document,documentare,dokumentieren,0.156,1,bn:00087137v
134,v,cooc,,mention,menzionare,nennen,0.155,0,
135,v,cooc,,create,creare,schaffen,0.154,1,bn:00086009v
136,v,cooc,,represent,rappresentare,darstellen,0.153,1,bn:00083187v
137,v,cooc,,contribute,contribuire,beitragen,0.145,0,
138,v,cooc,,exceed,superare,überschreiten,0.14,0,
139,v,cooc,,depict,rappresentare,darstellen,0.138,1,bn:00086611v
140,v,cooc,,come,venire,kommen,0.134,1,bn:00085335v
1,v,cooc,WEAK,abandon,lasciare,aussetzen,,,
2,v,cooc,WEAK,acquire,acquistare,gelangen,,,
3,v,cooc,WEAK,adjust,regolare,anziehen,,,
4,v,cooc,WEAK,adorn,parare,schmücken,,,
5,v,cooc,WEAK,affect,interessare,beeinflussen,,,
6,v,cooc,WEAK,apply,riguardare,anwenden,,,
7,v,cooc,WEAK,appreciate,apprezzare,erkennen,,,
8,v,cooc,WEAK,attack,attaccare,befallen,,,
9,v,cooc,WEAK,authorise,autorizzare,zulassen,,,
10,v,cooc,WEAK,be,diventare,liegen,,,
11,v,cooc,WEAK,bear,sopportare,tragen,,,
12,v,cooc,WEAK,become,diventare,stehen,,,
13,v,cooc,WEAK,build,fare,bauen,,,
14,v,cooc,WEAK,call,considerare,nennen,,,
15,v,cooc,WEAK,cause,produrre,verursachen,,,
16,v,cooc,WEAK,cease,smettere,beenden,,,
17,v,cooc,WEAK,characterise,caratterizzare,prägen,,,
18,v,cooc,WEAK,characterize,caratterizzare,prägen,,,
19,v,cooc,WEAK,close,concludere,vorziehen,,,
20,v,cooc,WEAK,comprise,comprendere,umfassen,,,
21,v,cooc,WEAK,conserve,conservare,erhalten,,,
22,v,cooc,WEAK,construct,fare,bauen,,,
23,v,cooc,WEAK,cost,costare,kommen,,,
24,v,cooc,WEAK,cover,comprendere,abdecken,,,
25,v,cooc,WEAK,crop,raccogliere,tragen,,,
26,v,cooc,WEAK,deal,trattare,geben,,,
27,v,cooc,WEAK,decay,marcire,absterben,,,
28,v,cooc,WEAK,derive,derivare,übernehmen,,,
29,v,cooc,WEAK,diversify,diversificare,variieren,,,
30,v,cooc,WEAK,emit,emettere,verströmen,,,
31,v,cooc,WEAK,employ,impiegare,beschäftigen,,,
32,v,cooc,WEAK,enhance,aumentare,verbessern,,,
33,v,cooc,WEAK,enjoy,godere,besitzen,,,
34,v,cooc,WEAK,enter,entrare,eingehen,,,
35,v,cooc,WEAK,equip,fornire,bestücken,,,
36,v,cooc,WEAK,establish,istituire,etablieren,,,
37,v,cooc,WEAK,exhibit,esibire,zeigen,,,
38,v,cooc,WEAK,expand,sviluppare,ausdehnen,,,
39,v,cooc,WEAK,expect,prevedere,erwarten,,,
40,v,cooc,WEAK,fall,cadere,liegen,,,
41,v,cooc,WEAK,feature,caratterizzare,vorkommen,,,
42,v,cooc,WEAK,ferment,fermentare,ausreifen,,,
43,v,cooc,WEAK,fill,occupare,erfüllen,,,
44,v,cooc,WEAK,fit,adattare,passen,,,
45,v,cooc,WEAK,fix,fissare,regeln,,,
46,v,cooc,WEAK,fly,trasportare,führen,,,
47,v,cooc,WEAK,graft,innestare,übertragen,,,
48,v,cooc,WEAK,hang,attaccare,hängen,,,
49,v,cooc,WEAK,have,disporre,besitzen,,,
50,v,cooc,WEAK,hire,assumere,verleihen,,,
51,v,cooc,WEAK,impoverish,impoverire,schwächen,,,
52,v,cooc,WEAK,incorporate,includere,aufnehmen,,,
53,v,cooc,WEAK,inhabit,occupare,leben,,,
54,v,cooc,WEAK,install,insediare,einsetzen,,,
55,v,cooc,WEAK,intend,intendere,bestimmen,,,
56,v,cooc,WEAK,involve,richiedere,umfassen,,,
57,v,cooc,WEAK,leave,lasciare,lassen,,,
58,v,cooc,WEAK,license,autorizzare,zulassen,,,
59,v,cooc,WEAK,lift,rubare,ziehen,,,
60,v,cooc,WEAK,link,legare,verbinden,,,
61,v,cooc,WEAK,list,elencare,aufnehmen,,,
62,v,cooc,WEAK,locate,situare,finden,,,
63,v,cooc,WEAK,look,sembrare,aussehen,,,
64,v,cooc,WEAK,market,comprare,verkaufen,,,
65,v,cooc,WEAK,meet,soddisfare,treffen,,,
66,v,cooc,WEAK,mix,mescolare,mengen,,,
67,v,cooc,WEAK,move,spostare,gehen,,,
68,v,cooc,WEAK,occupy,occupare,beschäftigen,,,
69,v,cooc,WEAK,occur,presentare,auftreten,,,
70,v,cooc,WEAK,open,sbocciare,beginnen,,,
71,v,cooc,WEAK,operate,agire,betreiben,,,
72,v,cooc,WEAK,originate,provenire,entstehen,,,
73,v,cooc,WEAK,overgrow,ricoprire,überwuchern,,,
74,v,cooc,WEAK,place,mettere,platzieren,,,
75,v,cooc,WEAK,plan,disegnare,vorsehen,,,
76,v,cooc,WEAK,plant,piantare,pflanzen,,,
77,v,cooc,WEAK,pose,creare,stellen,,,
78,v,cooc,WEAK,process,trattare,verarbeiten,,,
79,v,cooc,WEAK,prolong,allungare,ausdehnen,,,
80,v,cooc,WEAK,propose,presentare,vorschlagen,,,
81,v,cooc,WEAK,provide,fornire,bieten,,,
82,v,cooc,WEAK,qualify,autorizzare,bestimmen,,,
83,v,cooc,WEAK,rebuild,ricostruire,aufbauen,,,
84,v,cooc,WEAK,recover,ritrovare,gewinnen,,,
85,v,cooc,WEAK,register,indicare,registrieren,,,
86,v,cooc,WEAK,regulate,regolare,regeln,,,
87,v,cooc,WEAK,release,rilasciare,lösen,,,
88,v,cooc,WEAK,render,rendere,machen,,,
89,v,cooc,WEAK,require,richiedere,benötigen,,,
90,v,cooc,WEAK,restore,ripristinare,herstellen,,,
91,v,cooc,WEAK,result,derivare,entstehen,,,
92,v,cooc,WEAK,root,radicare,wurzeln,,,
93,v,cooc,WEAK,run,andare,führen,,,
94,v,cooc,WEAK,say,dire,heißen,,,
95,v,cooc,WEAK,schedule,fissare,vorsehen,,,
96,v,cooc,WEAK,screen,selezionare,schützen,,,
97,v,cooc,WEAK,seize,sequestrare,beschlagnahmen,,,
98,v,cooc,WEAK,sell,cedere,verkaufen,,,
99,v,cooc,WEAK,sit,resistere,setzen,,,
100,v,cooc,WEAK,situate,situare,legen,,,
101,v,cooc,WEAK,slate,stroncare,vorschlagen,,,
102,v,cooc,WEAK,spray,irrorare,sprühen,,,
103,v,cooc,WEAK,spring,saltare,entstehen,,,
104,v,cooc,WEAK,stand,sopportare,stehen,,,
105,v,cooc,WEAK,stem,derivare,eindämmen,,,
106,v,cooc,WEAK,study,studiare,untersuchen,,,
107,v,cooc,WEAK,subject,sottoporre,unterziehen,,,
108,v,cooc,WEAK,support,appoggiare,tragen,,,
109,v,cooc,WEAK,suppress,soffocare,unterdrücken,,,
110,v,cooc,WEAK,surround,contornare,umgeben,,,
111,v,cooc,WEAK,sustain,mantenere,erhalten,,,
112,v,cooc,WEAK,synthesize,sintetizzare,verbinden,,,
113,v,cooc,WEAK,take,assumere,nehmen,,,
114,v,cooc,WEAK,test,provare,untersuchen,,,
115,v,cooc,WEAK,transform,trasformare,umwandeln,,,
116,v,cooc,WEAK,upgrade,incrementare,verbessern,,,
117,v,cooc,WEAK,upset,sconvolgere,mitnehmen,,,
118,v,cooc,WEAK,utilize,utilizzare,nutzen,,,
119,v,cooc,WEAK,vary,modificare,variieren,,,
120,v,cooc,WEAK,waste,perdere,verkümmern,,,
121,v,cooc,WEAK,yield,cedere,liefern,,,
