idx_group,pos,rel,weak,lex_en,lex_it,lex_de,score,bs_count,babel_synsets
0,n,head,,country area,superficie località zona,Flächeninhalt Fläche,,1,bn:00005513n
1,n,sim,,site,luogo,Standort,0.406,1,bn:00051760n
2,n,sim,,region,regione,Region,0.401,2,bn:00005515n bn:00066884n
3,n,sim,,state,stato,Zustand,0.4,4,bn:03347921n bn:02108701n bn:02220665n bn:17345320n
4,n,sim,,city,città,Stadt,0.399,1,bn:00019319n
5,n,sim,,space,spazio,Raum,0.394,2,bn:00053830n bn:00046665n
6,n,sim,,field,campo,Feld,0.384,4,bn:00006752n bn:00034267n bn:00034265n bn:00034273n
7,n,sim,,structure,struttura,Struktur,0.379,1,bn:00022071n
8,n,sim,,territory,territorio,Gebiet,0.375,0,
9,n,sim,,building,edificio,Gebäude,0.373,1,bn:00013722n
10,n,sim,,level,livello,Ebene,0.373,0,
11,n,sim,,area,zona,Bereich,0.366,1,bn:00082076n
12,n,sim,,market,mercato,Markt,0.365,3,bn:00053459n bn:00053461n bn:00053458n
13,n,sim,,community,comunità,Gemeinde,0.364,0,
14,n,sim,,part,parte,Teil,0.364,1,bn:00021395n
15,n,sim,,place,posto,Platz,0.364,1,bn:00062699n
16,n,sim,,system,sistema,System,0.364,7,bn:00005863n bn:00075761n bn:00075759n bn:00075762n bn:00075763n bn:00075760n bn:00069580n
17,n,sim,,country,paese,Land,0.363,2,bn:00023235n bn:00023236n
18,n,sim,,surface,superficie,Oberfläche,0.363,1,bn:21705848n
19,n,sim,,center,centro,Zentrum,0.36,2,bn:00017130n bn:00017123n
20,n,sim,,line,linea,Linie,0.36,4,bn:00051289n bn:00014165n bn:00014457n bn:00051294n
21,n,sim,,location,posizione,Lage,0.36,1,bn:00051760n
22,n,sim,,street,strada,Straße,0.36,2,bn:00074595n bn:00067975n
23,n,sim,,world,mondo,Welt,0.359,3,bn:00045153n bn:00022991n bn:00029424n
24,n,sim,,town,città,Stadt,0.35,1,bn:00077775n
25,n,sim,,company,azienda,Firma,0.347,4,bn:00021286n bn:00022811n bn:00014160n bn:00073910n
26,n,sim,,group,gruppo,Gruppe,0.346,4,bn:00073698n bn:00041942n bn:00041943n bn:00018111n
27,n,sim,,school,scuola,Schule,0.345,3,bn:00069620n bn:00069625n bn:00069619n
28,n,sim,,activity,attività,Aktivität,0.343,2,bn:00001128n bn:00001174n
29,n,sim,,home,casa,Haus,0.343,2,bn:00044994n bn:00000356n
30,n,sim,,water,acqua,Wasser,0.334,3,bn:00080561n bn:00042379n bn:00061253n
31,n,sim,,room,camera,Zimmer,0.333,1,bn:00068233n
32,n,sim,,service,servizio,Dienst,0.333,1,bn:00070651n
33,n,sim,,house,casa,Haus,0.332,4,bn:00044994n bn:00000356n bn:00045000n bn:00029305n
34,n,sim,,project,progetto,Projekt,0.332,1,bn:00064665n
35,n,sim,,range,serie,Reihe,0.332,0,
36,n,sim,,centre,centro,Zentrum,0.331,2,bn:00017130n bn:00017123n
37,n,sim,,society,società,Gesellschaft,0.33,2,bn:00020039n bn:00072566n
38,n,sim,,institution,istituzione,Einrichtung,0.329,1,bn:27269439n
39,n,sim,,unit,unità,Einheit,0.329,1,bn:00079106n
40,n,sim,,road,strada,Straße,0.328,1,bn:00067975n
41,n,sim,,number,numero,Anzahl,0.327,1,bn:00034394n
42,n,sim,,case,caso,Fall,0.324,3,bn:00016411n bn:00016402n bn:00016403n
43,n,sim,,thing,cosa,Sache,0.324,2,bn:00001734n bn:00076925n
44,n,sim,,zone,zona,Bereich,0.324,1,bn:00082076n
45,n,sim,,environment,ambiente,Umwelt,0.323,1,bn:00031075n
46,n,sim,,position,posizione,Position,0.322,10,bn:00063704n bn:00054979n bn:00007048n bn:00063708n bn:00062704n bn:00061746n bn:00063706n bn:00063703n bn:00063707n bn:00010073n
47,n,sim,,practice,pratica,Praxis,0.322,2,bn:00063989n bn:00063990n
48,n,sim,,point,punto,Punkt,0.32,4,bn:00063214n bn:00036777n bn:00063223n bn:00063218n
49,n,sim,,way,modo,Weg,0.32,1,bn:00033729n
50,n,sim,,neighborhood,quartiere,Umgebung,0.318,0,
51,n,sim,,work,lavoro,Arbeit,0.318,5,bn:00030625n bn:00081570n bn:00081569n bn:00030616n bn:00014138n
52,n,sim,,condition,condizione,Zustand,0.316,1,bn:13935995n
53,n,sim,,spot,posto,Stelle,0.316,1,bn:00062699n
54,n,sim,,product,prodotto,Produkt,0.312,4,bn:00064584n bn:00054416n bn:00064585n bn:00053827n
55,n,sim,,program,programma,Programm,0.312,4,bn:00062899n bn:00013235n bn:00021497n bn:00021492n
56,n,sim,,application,applicazione,Anwendung,0.311,2,bn:00005095n bn:00005094n
57,n,sim,,plan,piano,Plan,0.311,3,bn:00069579n bn:00026536n bn:00062759n
58,n,sim,,model,modello,Modell,0.31,7,bn:00033735n bn:00022071n bn:00032101n bn:00032100n bn:00036197n bn:00055448n bn:00055447n
59,n,sim,,side,lato,Seite,0.31,2,bn:00032604n bn:00071433n
60,n,sim,,station,stazione,Station,0.31,1,bn:00074049n
61,n,sim,,development,sviluppo,Entwicklung,0.308,1,bn:07804057n
62,n,sim,,material,materiale,Material,0.308,3,bn:00053801n bn:00053803n bn:00053802n
63,n,sim,,situation,situazione,Situation,0.308,3,bn:00071858n bn:00071869n bn:00063707n
64,n,sim,,light,luce,Licht,0.306,3,bn:00045956n bn:00051109n bn:00051108n
65,n,sim,,network,rete,Netzwerk,0.305,4,bn:00057379n bn:00024712n bn:00021488n bn:00054497n
66,n,sim,,idea,idea,Idee,0.303,1,bn:00045800n
67,n,sim,,family,famiglia,Familie,0.302,2,bn:00032896n bn:00032893n
68,n,sim,,performance,prestazione,Leistung,0.302,1,bn:00016286n
69,n,sim,,culture,cultura,Kultur,0.3,1,bn:00024369n
70,n,sim,,park,parco,Park,0.3,3,bn:00021051n bn:00060690n bn:00015795n
71,n,sim,,size,dimensione,Größe,0.3,1,bn:15234561n
72,n,sim,,value,valore,Wert,0.299,5,bn:00079511n bn:00079509n bn:00079508n bn:00029680n bn:00058151n
73,n,sim,,base,base,Basis,0.298,9,bn:00008870n bn:00008916n bn:00008790n bn:00008789n bn:00008786n bn:00008781n bn:00008791n bn:00035744n bn:00008782n
74,n,sim,,form,forma,Form,0.298,11,bn:00035908n bn:00035915n bn:00021751n bn:00035907n bn:00026512n bn:00035912n bn:00003882n bn:00035911n bn:00035909n bn:00035913n bn:00016529n
75,n,sim,,car,auto,Auto,0.296,1,bn:00007309n
76,n,sim,,sector,settore,Sektor,0.296,1,bn:11333488n
77,n,sim,,image,immagine,Bild,0.295,2,bn:00045970n bn:00045972n
78,n,sim,,table,tavola,Tisch,0.295,2,bn:00075813n bn:00075814n
79,n,sim,,use,uso,Nutzung,0.295,1,bn:00030627n
80,n,sim,,wall,parete,Wand,0.293,2,bn:00060663n bn:00080386n
81,n,sim,,event,evento,Veranstaltung,0.292,1,bn:14035017n
82,n,sim,,programme,programma,Programm,0.292,2,bn:00021492n bn:00013235n
83,n,sim,,instrument,strumento,Instrument,0.291,6,bn:00046965n bn:00023662n bn:00046964n bn:00077585n bn:00046961n bn:00046962n
84,n,sim,,object,oggetto,Objekt,0.291,4,bn:00058445n bn:00058442n bn:00058443n bn:00002179n
85,n,sim,,job,lavoro,Arbeit,0.29,4,bn:00030625n bn:00018756n bn:00030616n bn:00014138n
86,n,sim,,function,funzione,Funktion,0.289,3,bn:00036822n bn:00036821n bn:00036825n
87,n,sim,,operation,funzionamento,Betrieb,0.289,0,
88,n,sim,,property,proprietà,Eigenschaft,0.288,1,bn:00064752n
89,n,sim,,resource,risorsa,Ressource,0.288,1,bn:00067352n
90,n,sim,,island,isola,Insel,0.287,1,bn:00047612n
91,n,sim,,measure,misura,Maßnahme,0.287,0,
92,n,sim,,population,popolazione,Bevölkerung,0.287,1,bn:00063596n
93,n,sim,,economy,economia,Wirtschaft,0.286,1,bn:00029678n
94,n,sim,,security,sicurezza,Sicherheit,0.284,2,bn:00068799n bn:00070219n
95,n,sim,,village,villaggio,Dorf,0.283,1,bn:00042729n
96,n,sim,,camp,campo,Lager,0.282,2,bn:00010805n bn:00015041n
97,n,sim,,organization,organizzazione,Organisation,0.282,5,bn:00005863n bn:00059480n bn:00059483n bn:00001423n bn:00059482n
98,n,sim,,pattern,modello,Modell,0.282,0,
99,n,sim,,body,corpo,Körper,0.281,1,bn:00011744n
100,n,sim,,process,processo,Verfahren,0.281,1,bn:00064536n
101,n,sim,,rule,regola,Regel,0.281,2,bn:00064192n bn:00066933n
102,n,sim,,element,elemento,Element,0.28,6,bn:00021396n bn:00030301n bn:00018105n bn:00030299n bn:00030300n bn:00021394n
103,n,sim,,plant,pianta,Pflanze,0.28,1,bn:00035324n
104,n,sim,,production,produzione,Produktion,0.28,4,bn:00064594n bn:00064592n bn:00064590n bn:00059790n
105,n,sim,,solution,soluzione,Lösung,0.28,1,bn:00072760n
106,n,sim,,route,percorso,Strecke,0.278,0,
107,n,sim,,future,futuro,Zukunft,0.277,2,bn:00036941n bn:00036942n
108,n,sim,,time,tempo,Zeit,0.277,2,bn:00076545n bn:00077270n
109,n,sim,,person,persona,Person,0.275,4,bn:00061714n bn:00044576n bn:00061715n bn:00046516n
110,n,sim,,shop,negozio,Geschäft,0.275,1,bn:00071215n
111,n,sim,,amount,importo,Menge,0.274,0,
112,n,sim,,tree,albero,Baum,0.273,1,bn:00078131n
113,n,sim,,vehicle,veicolo,Fahrzeug,0.273,1,bn:00079675n
114,n,sim,,power,potenza,Leistung,0.272,1,bn:00063941n
115,n,sim,,citizen,cittadino,Bürger,0.271,1,bn:15489147n
116,n,sim,,feature,caratteristica,Eigenschaft,0.271,0,
117,n,sim,,subject,oggetto,Gegenstand,0.27,1,bn:00074900n
118,n,sim,,church,chiesa,Kirche,0.269,2,bn:00018819n bn:00018995n
119,n,sim,,device,dispositivo,Gerät,0.267,1,bn:00026716n
120,n,sim,,objective,obiettivo,Ziel,0.266,1,bn:00002179n
121,n,sim,,section,sezione,Abschnitt,0.266,1,bn:00070190n
122,n,sim,,movement,movimento,Bewegung,0.265,3,bn:00056029n bn:00056030n bn:00036632n
123,n,sim,,lot,lotto,Menge,0.262,0,
124,n,sim,,piece,pezzo,Stück,0.262,2,bn:00062297n bn:00062299n
125,n,sim,,article,articolo,Gegenstand,0.261,0,
126,n,sim,,people,gente,Leute,0.261,1,bn:00061450n
127,n,sim,,design,design,Design,0.26,11,bn:00002178n bn:00026535n bn:00021551n bn:00026538n bn:00056023n bn:00045772n bn:00026536n bn:00026537n bn:00045963n bn:00011593n bn:00028639n
128,n,sim,,machine,macchina,Maschine,0.26,1,bn:00026716n
129,n,sim,,component,componente,Komponente,0.259,1,bn:00021396n
130,n,sim,,right,diritto,Recht,0.259,1,bn:00067807n
131,n,sim,,result,risultato,Ergebnis,0.258,3,bn:00021961n bn:00004452n bn:00034520n
132,n,sim,,infrastructure,infrastruttura,Infrastruktur,0.257,2,bn:00046727n bn:00008794n
133,n,sim,,quality,qualità,Qualität,0.257,2,bn:00014731n bn:00065538n
134,n,sim,,cost,costo,Kosten,0.256,1,bn:00022995n
135,n,sim,,path,sentiero,Weg,0.255,1,bn:15485216n
136,n,sim,,worker,lavoratore,Arbeitnehmer,0.255,0,
137,n,sim,,action,azione,Aktion,0.254,0,
138,n,sim,,vessel,nave,Schiff,0.254,2,bn:00079862n bn:00071103n
139,n,sim,,bank,banca,Bank,0.253,4,bn:00008367n bn:00008364n bn:00008371n bn:00008370n
140,n,sim,,window,finestra,Fenster,0.253,2,bn:00081285n bn:00081292n
141,n,sim,,control,controllo,Kontrolle,0.252,1,bn:17607444n
142,n,sim,,law,diritto,Recht,0.251,1,bn:00048655n
143,n,sim,,technology,tecnologia,Technologie,0.251,1,bn:00005105n
144,n,sim,,track,pista,Strecke,0.25,0,
145,n,sim,,undertaking,impresa,Unternehmen,0.25,0,
146,n,sim,,establishment,stabilimento,Einrichtung,0.249,0,
147,n,sim,,problem,problema,Problem,0.249,3,bn:00064527n bn:00048242n bn:00064526n
148,n,sim,,interest,interesse,Interesse,0.248,6,bn:00047077n bn:00047081n bn:00047079n bn:00021556n bn:00047080n bn:00047083n
149,n,sim,,period,periodo,Zeit,0.247,0,
150,n,sim,,club,club,Verein,0.246,1,bn:00020039n
151,n,sim,,investment,investimento,Investition,0.246,1,bn:00047358n
152,n,sim,,order,ordine,Auftrag,0.246,1,bn:00059311n
153,n,sim,,store,negozio,Laden,0.246,3,bn:00012452n bn:00071215n bn:00067417n
154,n,sim,,platform,piattaforma,Plattform,0.243,1,bn:00062900n
155,n,sim,,method,metodo,Verfahren,0.242,1,bn:00054625n
156,n,sim,,basis,base,Basis,0.239,9,bn:00008870n bn:00008790n bn:00008789n bn:00008786n bn:00008781n bn:00008916n bn:00035744n bn:00008791n bn:00008782n
157,n,sim,,procedure,procedura,Verfahren,0.239,1,bn:00064536n
158,n,sim,,organisation,organizzazione,Organisation,0.238,5,bn:00005863n bn:00059480n bn:00059483n bn:00001423n bn:00059482n
159,n,sim,,management,gestione,Verwaltung,0.237,2,bn:00027355n bn:00053116n
160,n,sim,,restaurant,ristorante,Restaurant,0.237,1,bn:00029545n
161,n,sim,,quantity,quantità,Menge,0.236,2,bn:00003603n bn:00065553n
162,n,sim,,fund,fondo,Fonds,0.235,0,
163,n,sim,,hotel,albergo,Hotel,0.232,1,bn:00044967n
164,n,sim,,list,elenco,Liste,0.232,2,bn:00023140n bn:00051508n
165,n,sim,,individual,individuo,Person,0.23,1,bn:00046516n
166,n,sim,,standard,norma,Norm,0.229,0,
167,n,sim,,administration,amministrazione,Verwaltung,0.228,5,bn:00001422n bn:00001423n bn:00001424n bn:00053116n bn:00027355n
168,n,sim,,nature,natura,Natur,0.228,3,bn:00057016n bn:00075760n bn:00057017n
169,n,sim,,term,termine,Begriff,0.228,1,bn:00076590n
170,n,sim,,requirement,requisito,Anforderung,0.226,1,bn:00064181n
171,n,sim,,staff,personale,Personal,0.225,0,
172,n,sim,,expenditure,spesa,Kosten,0.221,0,
173,n,sim,,transport,trasporto,Verkehr,0.221,1,bn:01731490n
174,n,sim,,customer,cliente,Kunde,0.22,1,bn:00019763n
175,n,sim,,regulation,regolamento,Verordnung,0.219,1,bn:00059436n
176,n,sim,,airport,aeroporto,Flughafen,0.218,1,bn:00001676n
177,n,sim,,principle,principio,Grundsatz,0.218,2,bn:00064077n bn:00064428n
178,n,sim,,contract,contratto,Auftrag,0.217,0,
179,n,sim,,client,cliente,Kunde,0.216,1,bn:00019763n
180,n,sim,,criterion,criterio,Kriterium,0.216,2,bn:00023854n bn:00023853n
181,n,sim,,good,bene,Gut,0.216,1,bn:00021045n
182,n,sim,,document,documento,Dokument,0.214,2,bn:00028018n bn:00028015n
183,n,sim,,protection,protezione,Schutz,0.214,2,bn:00064838n bn:00071020n
184,n,sim,,resident,residente,Einwohner,0.214,1,bn:03269301n
185,n,sim,,enterprise,impresa,Unternehmen,0.213,7,bn:00021286n bn:00014137n bn:00030751n bn:00022811n bn:00031008n bn:00073910n bn:00014160n
186,n,sim,,payment,pagamento,Zahlung,0.213,1,bn:00061119n
187,n,sim,,obligation,obbligo,Verpflichtung,0.208,1,bn:00029239n
188,n,sim,,provision,fornitura,Versorgung,0.208,1,bn:00064922n
189,n,sim,,contribution,contributo,Beitrag,0.206,1,bn:00022272n
190,n,sim,,risk,rischio,Risiko,0.206,1,bn:00030747n
191,n,sim,,stock,stock,Lager,0.204,1,bn:00047332n
192,n,sim,,import,importazione,Einfuhr,0.203,1,bn:00046137n
193,n,sim,,capacity,capacità,Kapazität,0.201,1,bn:00005193n
194,n,sim,,price,prezzo,Preis,0.201,2,bn:00025083n bn:00022996n
195,n,sim,,sale,vendita,Verkauf,0.201,2,bn:00068929n bn:00068918n
196,n,sim,,circumstance,circostanza,Umstand,0.2,2,bn:00019219n bn:00019218n
197,n,sim,,financing,finanziamento,Finanzierung,0.2,2,bn:00034545n bn:00034524n
198,n,sim,,export,esportazione,Ausfuhr,0.199,1,bn:00032363n
199,n,sim,,producer,produttore,Hersteller,0.198,1,bn:03927465n
200,n,sim,,treatment,trattamento,Behandlung,0.194,3,bn:00047235n bn:00076843n bn:00042823n
201,n,sim,,factor,fattore,Faktor,0.193,2,bn:00046695n bn:00021394n
202,n,sim,,fact,fatto,Umstand,0.191,0,
203,n,sim,,food,alimento,Lebensmittel,0.191,1,bn:00035650n
204,n,sim,,supply,fornitura,Versorgung,0.19,2,bn:00075322n bn:00064922n
205,n,sim,,category,categoria,Kategorie,0.188,1,bn:00016733n
206,n,sim,,brand,marchio,Marke,0.187,1,bn:00012758n
207,n,sim,,trade,commercio,Handel,0.177,2,bn:00077860n bn:00008735n
208,n,sim,,scope,ambito,Umfang,0.161,0,
209,n,sim,,transaction,transazione,Transaktion,0.156,2,bn:03557679n bn:01650764n
1,n,sim,WEAK,account,deposito,Darstellung,,,
2,n,sim,WEAK,agreement,contratto,Vereinbarung,,,
3,n,sim,WEAK,aid,aiuto,Förderung,,,
4,n,sim,WEAK,arrangement,disposizione,Vereinbarung,,,
5,n,sim,WEAK,asset,attività,Vermögenswert,,,
6,n,sim,WEAK,authority,autorità,Stelle,,,
7,n,sim,WEAK,bar,bar,Stück,,,
8,n,sim,WEAK,block,blocco,Stein,,,
9,n,sim,WEAK,board,bordo,Platte,,,
10,n,sim,WEAK,business,azienda,Unternehmen,,,
11,n,sim,WEAK,campaign,campagna,Aktion,,,
12,n,sim,WEAK,change,resto,Änderung,,,
13,n,sim,WEAK,class,classe,Kategorie,,,
14,n,sim,WEAK,commission,autorizzazione,Auftrag,,,
15,n,sim,WEAK,course,campo,Kurs,,,
16,n,sim,WEAK,court,castello,Hof,,,
17,n,sim,WEAK,datum,dato,Datum,,,
18,n,sim,WEAK,deal,quantità,Abkommen,,,
19,n,sim,WEAK,department,ufficio,Bereich,,,
20,n,sim,WEAK,district,quartiere,Kreis,,,
21,n,sim,WEAK,effect,risultato,Auswirkung,,,
22,n,sim,WEAK,effort,costo,Leistung,,,
23,n,sim,WEAK,employment,occupazione,Arbeit,,,
24,n,sim,WEAK,end,termine,Zweck,,,
25,n,sim,WEAK,entity,entità,Objekt,,,
26,n,sim,WEAK,equipment,attrezzatura,Gerät,,,
27,n,sim,WEAK,experience,esperienza,Praxis,,,
28,n,sim,WEAK,facility,infrastruttura,Einrichtung,,,
29,n,sim,WEAK,firm,impresa,Firma,,,
30,n,sim,WEAK,framework,contesto,Rahmen,,,
31,n,sim,WEAK,game,gioco,Satz,,,
32,n,sim,WEAK,generation,età,Erzeugung,,,
33,n,sim,WEAK,government,governo,Verwaltung,,,
34,n,sim,WEAK,ground,terra,Boden,,,
35,n,sim,WEAK,growth,crescita,Entwicklung,,,
36,n,sim,WEAK,hall,palazzo,Halle,,,
37,n,sim,WEAK,head,individuo,Stück,,,
38,n,sim,WEAK,hour,ora,Zeit,,,
39,n,sim,WEAK,issue,problema,Ausgabe,,,
40,n,sim,WEAK,item,voce,Punkt,,,
41,n,sim,WEAK,land,terra,Land,,,
42,n,sim,WEAK,man,uomo,Stein,,,
43,n,sim,WEAK,matter,materia,Sache,,,
44,n,sim,WEAK,mechanism,meccanismo,Werk,,,
45,n,sim,WEAK,medium,mezzo,Medium,,,
46,n,sim,WEAK,member,elemento,Mitglied,,,
47,n,sim,WEAK,money,moneta,Geld,,,
48,n,sim,WEAK,office,ufficio,Stelle,,,
49,n,sim,WEAK,opportunity,modo,Möglichkeit,,,
50,n,sim,WEAK,option,scelta,Möglichkeit,,,
51,n,sim,WEAK,page,facciata,Seite,,,
52,n,sim,WEAK,party,gruppo,Partei,,,
53,n,sim,WEAK,policy,politica,Regel,,,
54,n,sim,WEAK,province,provincia,Land,,,
55,n,sim,WEAK,purpose,risultato,Zweck,,,
56,n,sim,WEAK,question,domanda,Sache,,,
57,n,sim,WEAK,rate,tasso,Preis,,,
58,n,sim,WEAK,record,documento,Platte,,,
59,n,sim,WEAK,report,servizio,Liste,,,
60,n,sim,WEAK,role,parte,Rolle,,,
61,n,sim,WEAK,scene,luogo,Bild,,,
62,n,sim,WEAK,scheme,sistema,Programm,,,
63,n,sim,WEAK,set,insieme,Satz,,,
64,n,sim,WEAK,setting,ambiente,Rahmen,,,
65,n,sim,WEAK,share,quota,Anteil,,,
66,n,sim,WEAK,stage,fase,Stufe,,,
67,n,sim,WEAK,step,misura,Schritt,,,
68,n,sim,WEAK,study,ricerca,Untersuchung,,,
69,n,sim,WEAK,support,supporto,Förderung,,,
70,n,sim,WEAK,team,squadra,Gruppe,,,
71,n,sim,WEAK,type,tipo,Art,,,
72,n,sim,WEAK,union,unione,Verbindung,,,
1,n,cooc,,resident,abitante,Einwohner,0.59,2,bn:03269301n bn:14483122n
2,n,cooc,,forest,foresta,Wald,0.536,1,bn:00035868n
3,n,cooc,,state,stato,Zustand,0.492,4,bn:03347921n bn:02108701n bn:02220665n bn:17345320n
4,n,cooc,,chamber,camera,Raum,0.49,1,bn:00068233n
5,n,cooc,,parking,parcheggio,Parkplatz,0.483,2,bn:00060698n bn:00015795n
6,n,cooc,,part,parte,Teil,0.479,1,bn:00021395n
7,n,cooc,,subject,oggetto,Gegenstand,0.471,1,bn:00074900n
8,n,cooc,,resource,risorsa,Ressource,0.468,1,bn:00067352n
9,n,cooc,,close,fine,Ende,0.461,2,bn:00019919n bn:00019918n
10,n,cooc,,quantity,quantità,Menge,0.454,2,bn:00003603n bn:00065553n
11,n,cooc,,point,punto,Punkt,0.451,4,bn:00063214n bn:00036777n bn:00063223n bn:00063218n
12,n,cooc,,region,regione,Bereich,0.451,0,
13,n,cooc,,number,numero,Anzahl,0.45,1,bn:00034394n
14,n,cooc,,control,controllo,Kontrolle,0.448,1,bn:17607444n
15,n,cooc,,territory,territorio,Gebiet,0.448,0,
16,n,cooc,,average,media,Durchschnitt,0.446,2,bn:00007449n bn:00005677n
17,n,cooc,,trail,sentiero,Weg,0.446,1,bn:00077905n
18,n,cooc,,activity,attività,Tätigkeit,0.443,1,bn:15840810n
19,n,cooc,,building,edificio,Gebäude,0.438,1,bn:00013722n
20,n,cooc,,place,luogo,Platz,0.437,2,bn:00062699n bn:00051760n
21,n,cooc,,volume,volume,Volumen,0.434,1,bn:00080229n
22,n,cooc,,lot,lotto,Menge,0.431,0,
23,n,cooc,,culture,coltura,Kultur,0.426,0,
24,n,cooc,,south,sud,Süden,0.425,2,bn:00029053n bn:00073013n
25,n,cooc,,line,linea,Linie,0.423,4,bn:00051289n bn:00014165n bn:00014457n bn:00051294n
26,n,cooc,,park,parco,Park,0.423,3,bn:00021051n bn:00060690n bn:00015795n
27,n,cooc,,population,popolazione,Bevölkerung,0.423,1,bn:00063596n
28,n,cooc,,space,spazio,Raum,0.421,2,bn:00053830n bn:00046665n
29,n,cooc,,variety,varietà,Vielfalt,0.417,1,bn:00027862n
30,n,cooc,,farmer,agricoltore,Landwirt,0.415,1,bn:00033687n
31,n,cooc,,site,luogo,Standort,0.415,1,bn:00051760n
32,n,cooc,,stock,stock,Bestand,0.414,0,
33,n,cooc,,field,campo,Feld,0.413,4,bn:00006752n bn:00034267n bn:00034265n bn:00034273n
34,n,cooc,,location,posizione,Lage,0.411,1,bn:00051760n
35,n,cooc,,track,pista,Strecke,0.406,0,
36,n,cooc,,producer,produttore,Erzeuger,0.404,0,
37,n,cooc,,regulation,regola,Regel,0.403,2,bn:00064192n bn:00066933n
38,n,cooc,,home,casa,Haus,0.401,2,bn:00044994n bn:00000356n
39,n,cooc,,protection,protezione,Schutz,0.401,2,bn:00064838n bn:00071020n
40,n,cooc,,zone,zona,Bereich,0.401,1,bn:00082076n
41,n,cooc,,rule,regola,Regel,0.4,2,bn:00064192n bn:00066933n
42,n,cooc,,road,strada,Straße,0.398,1,bn:00067975n
43,n,cooc,,room,camera,Zimmer,0.396,1,bn:00068233n
44,n,cooc,,spot,spot,Stelle,0.392,1,bn:00062699n
45,n,cooc,,route,percorso,Strecke,0.391,0,
46,n,cooc,,radius,raggio,Radius,0.389,4,bn:00065967n bn:00065966n bn:00065772n bn:00065969n
47,n,cooc,,street,strada,Straße,0.388,2,bn:00074595n bn:00067975n
48,n,cooc,,terrain,terreno,Gelände,0.388,0,
49,n,cooc,,house,casa,Haus,0.387,4,bn:00044994n bn:00000356n bn:00045000n bn:00029305n
50,n,cooc,,length,lunghezza,Länge,0.381,2,bn:00027749n bn:00050662n
51,n,cooc,,hand,mano,Hand,0.378,3,bn:00025555n bn:00042761n bn:00042759n
52,n,cooc,,situation,situazione,Lage,0.378,1,bn:00071869n
53,n,cooc,,water,acqua,Wasser,0.377,3,bn:00080561n bn:00042379n bn:00061253n
54,n,cooc,,family,casa,Haus,0.374,0,
55,n,cooc,,perimeter,perimetro,Umfang,0.371,1,bn:27268059n
56,n,cooc,,floor,piano,Boden,0.37,0,
57,n,cooc,,town,città,Stadt,0.369,1,bn:00077775n
58,n,cooc,,estate,proprietà,Eigentum,0.361,0,
59,n,cooc,,measure,misura,Maßnahme,0.358,0,
60,n,cooc,,report,rapporto,Meldung,0.358,1,bn:00067181n
61,n,cooc,,area,zona,Bereich,0.355,1,bn:00082076n
62,n,cooc,,lake,lago,See,0.353,1,bn:00049709n
63,n,cooc,,height,altezza,Höhe,0.35,1,bn:00043544n
64,n,cooc,,system,sistema,Anlage,0.347,0,
65,n,cooc,,weight,peso,Gewicht,0.345,1,bn:00080831n
66,n,cooc,,ownership,proprietà,Eigentum,0.344,0,
67,n,cooc,,year,anno,Jahr,0.343,3,bn:00006662n bn:00081857n bn:00078738n
68,n,cooc,,city,città,Stadt,0.342,1,bn:00019319n
69,n,cooc,,body,corpo,Körper,0.339,1,bn:00011744n
70,n,cooc,,plan,piano,Plan,0.331,3,bn:00069579n bn:00026536n bn:00062759n
71,n,cooc,,sector,settore,Bereich,0.331,0,
72,n,cooc,,property,proprietà,Eigentum,0.327,1,bn:00009815n
73,n,cooc,,ratio,rapporto,Verhältnis,0.314,1,bn:00066247n
74,n,cooc,,office,ufficio,Büro,0.3,1,bn:00001961n
75,n,cooc,,downtown,centro,Innenstadt,0.27,2,bn:00017178n bn:00014155n
76,n,cooc,,center,centro,Mitte,0.257,2,bn:00017130n bn:00017123n
77,n,cooc,,centre,centro,Mitte,0.254,2,bn:00017130n bn:00017123n
1,n,cooc,WEAK,accommodation,alloggio,Wohnung,,,
2,n,cooc,WEAK,account,rapporto,Rechnung,,,
3,n,cooc,WEAK,action,processo,Maßnahme,,,
4,n,cooc,WEAK,address,indirizzo,Rede,,,
5,n,cooc,WEAK,age,periodo,Alter,,,
6,n,cooc,WEAK,allocation,assegnazione,Vergabe,,,
7,n,cooc,WEAK,arrangement,posizione,Bearbeitung,,,
8,n,cooc,WEAK,array,insieme,Feld,,,
9,n,cooc,WEAK,balance,proporzione,Rest,,,
10,n,cooc,WEAK,bar,bar,Tafel,,,
11,n,cooc,WEAK,base,base,Boden,,,
12,n,cooc,WEAK,bed,fondo,Beet,,,
13,n,cooc,WEAK,board,bordo,Tafel,,,
14,n,cooc,WEAK,border,confine,Rand,,,
15,n,cooc,WEAK,business,azienda,Unternehmen,,,
16,n,cooc,WEAK,capacity,proprietà,Kapazität,,,
17,n,cooc,WEAK,case,processo,Gehäuse,,,
18,n,cooc,WEAK,classification,classifica,Bestimmung,,,
19,n,cooc,WEAK,closure,fine,Stilllegung,,,
20,n,cooc,WEAK,company,azienda,Verkehr,,,
21,n,cooc,WEAK,course,corso,Platz,,,
22,n,cooc,WEAK,court,castello,Hof,,,
23,n,cooc,WEAK,district,quartiere,Kreis,,,
24,n,cooc,WEAK,establishment,stabilimento,Schaffung,,,
25,n,cooc,WEAK,farming,coltura,Landwirtschaft,,,
26,n,cooc,WEAK,focus,centro,Mittelpunkt,,,
27,n,cooc,WEAK,government,ministero,Verwaltung,,,
28,n,cooc,WEAK,ground,terra,Boden,,,
29,n,cooc,WEAK,growth,produzione,Entwicklung,,,
30,n,cooc,WEAK,habitat,ambiente,Lebensraum,,,
31,n,cooc,WEAK,hall,villa,Halle,,,
32,n,cooc,WEAK,hill,collina,Höhe,,,
33,n,cooc,WEAK,income,rendita,Erwerb,,,
34,n,cooc,WEAK,installation,insediamento,Anlage,,,
35,n,cooc,WEAK,land,terra,Boden,,,
36,n,cooc,WEAK,level,grado,Ebene,,,
37,n,cooc,WEAK,list,nota,Neigung,,,
38,n,cooc,WEAK,lobby,gruppo,Halle,,,
39,n,cooc,WEAK,local,locale,Einwohner,,,
40,n,cooc,WEAK,manufacture,produzione,Erzeugung,,,
41,n,cooc,WEAK,municipality,comune,Gemeinde,,,
42,n,cooc,WEAK,party,gruppo,Teil,,,
43,n,cooc,WEAK,people,pubblico,Bevölkerung,,,
44,n,cooc,WEAK,period,periodo,Punkt,,,
45,n,cooc,WEAK,policy,sistema,Regel,,,
46,n,cooc,WEAK,pool,piscina,See,,,
47,n,cooc,WEAK,production,produzione,Erzeugung,,,
48,n,cooc,WEAK,profile,profilo,Umriss,,,
49,n,cooc,WEAK,programme,canale,Plan,,,
50,n,cooc,WEAK,project,ricerca,Projekt,,,
51,n,cooc,WEAK,province,provincia,Bereich,,,
52,n,cooc,WEAK,provision,riserva,Bereitstellung,,,
53,n,cooc,WEAK,range,raggio,Auswahl,,,
54,n,cooc,WEAK,rate,tariffa,Höhe,,,
55,n,cooc,WEAK,reference,rapporto,Stelle,,,
56,n,cooc,WEAK,residence,residenza,Wohnung,,,
57,n,cooc,WEAK,result,effetto,Ende,,,
58,n,cooc,WEAK,return,rinvio,Ertrag,,,
59,n,cooc,WEAK,run,periodo,Strecke,,,
60,n,cooc,WEAK,scheme,sistema,Plan,,,
61,n,cooc,WEAK,sea,mare,See,,,
62,n,cooc,WEAK,service,servizio,Verkehr,,,
63,n,cooc,WEAK,shelter,asilo,Schutz,,,
64,n,cooc,WEAK,size,formato,Größe,,,
65,n,cooc,WEAK,station,stazione,Platz,,,
66,n,cooc,WEAK,strength,resistenza,Zahl,,,
67,n,cooc,WEAK,summit,vetta,Höhe,,,
68,n,cooc,WEAK,test,prova,Kontrolle,,,
69,n,cooc,WEAK,theater,teatro,Haus,,,
70,n,cooc,WEAK,trade,traffico,Gewerbe,,,
71,n,cooc,WEAK,type,tipo,Sorte,,,
72,n,cooc,WEAK,unit,gruppo,Einheit,,,
73,n,cooc,WEAK,value,prezzo,Wert,,,
74,n,cooc,WEAK,vessel,nave,Fahrzeug,,,
75,n,cooc,WEAK,way,via,Weg,,,
76,n,cooc,WEAK,work,meccanismo,Tätigkeit,,,
77,n,cooc,WEAK,yield,resa,Ertrag,,,
1,adj,cooc,,agricultural,agricolo,landwirtschaftlich,0.604,0,
2,adj,cooc,,whole,totale,gesamt,0.504,0,
3,adj,cooc,,total,totale,gesamt,0.502,0,
4,adj,cooc,,adjacent,adiacente,benachbart,0.494,1,bn:00096456a
5,adj,cooc,,suitable,adatto,geeignet,0.489,1,bn:00111427a
6,adj,cooc,,devoid,privo,leer,0.482,0,
7,adj,cooc,,urban,urbano,städtisch,0.482,0,
8,adj,cooc,,accessible,accessibile,zugänglich,0.472,0,
9,adj,cooc,,large,grande,groß,0.472,1,bn:00098342a
10,adj,cooc,,dark,buio,dunkel,0.47,1,bn:00100902a
11,adj,cooc,,overall,complessivo,gesamt,0.468,0,
12,adj,cooc,,protected,protetto,geschützt,0.455,0,
13,adj,cooc,,grey,grigio,grau,0.45,1,bn:00103764a
14,adj,cooc,,surrounding,circostante,umliegend,0.448,0,
15,adj,cooc,,gray,grigio,grau,0.44,1,bn:00103764a
16,adj,cooc,,high,alto,groß,0.438,0,
17,adj,cooc,,major,grande,groß,0.437,0,
18,adj,cooc,,wooded,boschivo,bewaldet,0.437,0,
19,adj,cooc,,apt,adatto,geeignet,0.432,0,
20,adj,cooc,,vast,vasto,weit,0.427,0,
21,adj,cooc,,small,piccolo,klein,0.426,0,
22,adj,cooc,,big,grande,groß,0.425,1,bn:00098342a
23,adj,cooc,,corresponding,corrispondente,entsprechend,0.424,0,
24,adj,cooc,,restricted,limitato,begrenzt,0.424,0,
25,adj,cooc,,great,grande,groß,0.421,0,
26,adj,cooc,,certain,certo,bestimmt,0.415,0,
27,adj,cooc,,free,libero,frei,0.412,1,bn:00103299a
28,adj,cooc,,attractive,attraente,attraktiv,0.409,1,bn:00097733a
29,adj,cooc,,sufficient,sufficiente,ausreichend,0.408,0,
30,adj,cooc,,clear,libero,frei,0.407,0,
31,adj,cooc,,eligible,idoneo,geeignet,0.407,0,
32,adj,cooc,,available,disponibile,verfügbar,0.406,0,
33,adj,cooc,,extensive,vasto,weit,0.404,0,
34,adj,cooc,,open,aperto,offen,0.398,3,bn:00107891a bn:00099186a bn:00107879a
35,adj,cooc,,visible,visibile,sichtbar,0.386,0,
36,adj,cooc,,satisfactory,sufficiente,ausreichend,0.384,0,
37,adj,cooc,,bright,luminoso,hell,0.376,0,
38,adj,cooc,,adequate,sufficiente,ausreichend,0.371,0,
39,adj,cooc,,appropriate,appropriato,geeignet,0.371,1,bn:00111427a
40,adj,cooc,,short,piccolo,klein,0.37,0,
41,adj,cooc,,positive,certo,bestimmt,0.353,0,
42,adj,cooc,,uneven,irregolare,uneben,0.353,0,
43,adj,cooc,,same,stesso,gleich,0.322,0,
44,adj,cooc,,essential,essenziale,notwendig,0.312,0,
45,adj,cooc,,identical,uguale,gleich,0.307,0,
46,adj,cooc,,possible,possibile,möglich,0.306,1,bn:00108830a
47,adj,cooc,,equal,uguale,gleich,0.263,0,
1,adj,cooc,WEAK,active,attivo,offen,,,
2,adj,cooc,WEAK,broad,ampio,weit,,,
3,adj,cooc,WEAK,clean,pulito,glatt,,,
4,adj,cooc,WEAK,common,normale,öffentlich,,,
5,adj,cooc,WEAK,complete,totale,komplett,,,
6,adj,cooc,WEAK,concerned,interessato,betroffen,,,
7,adj,cooc,WEAK,empty,libero,leer,,,
8,adj,cooc,WEAK,entire,intero,gesamt,,,
9,adj,cooc,WEAK,equivalent,equivalente,gleich,,,
10,adj,cooc,WEAK,fair,bello,hell,,,
11,adj,cooc,WEAK,flat,piatto,eben,,,
12,adj,cooc,WEAK,full,pieno,groß,,,
13,adj,cooc,WEAK,good,buono,geeignet,,,
14,adj,cooc,WEAK,huge,oceanico,riesig,,,
15,adj,cooc,WEAK,immune,esente,geschützt,,,
16,adj,cooc,WEAK,industrial,industriale,gewerblich,,,
17,adj,cooc,WEAK,like,simile,gleich,,,
18,adj,cooc,WEAK,local,urbano,kommunal,,,
19,adj,cooc,WEAK,low,basso,gering,,,
20,adj,cooc,WEAK,main,principale,tragend,,,
21,adj,cooc,WEAK,mountainous,montuoso,riesig,,,
22,adj,cooc,WEAK,natural,naturale,ursprünglich,,,
23,adj,cooc,WEAK,near,vicino,groß,,,
24,adj,cooc,WEAK,neighboring,vicino,benachbart,,,
25,adj,cooc,WEAK,next,prossimo,kommend,,,
26,adj,cooc,WEAK,other,diverso,sonstig,,,
27,adj,cooc,WEAK,particular,particolare,bestimmt,,,
28,adj,cooc,WEAK,poor,povero,gering,,,
29,adj,cooc,WEAK,present,presente,vorhanden,,,
30,adj,cooc,WEAK,similar,simile,gleich,,,
31,adj,cooc,WEAK,spacious,ampio,großzügig,,,
32,adj,cooc,WEAK,special,speciale,bestimmt,,,
33,adj,cooc,WEAK,specific,specifico,bestimmt,,,
34,adj,cooc,WEAK,wide,ampio,weit,,,
1,v,cooc,,sow,seminare,säen,0.544,0,
2,v,cooc,,serve,servire,dienen,0.525,1,bn:00082867v
3,v,cooc,,cover,coprire,decken,0.515,2,bn:00085917v bn:00084032v
4,v,cooc,,surround,circondare,umgeben,0.502,1,bn:00083797v
5,v,cooc,,hit,colpire,treffen,0.499,0,
6,v,cooc,,cultivate,coltivare,pflegen,0.488,0,
7,v,cooc,,farm,coltivare,bebauen,0.477,0,
8,v,cooc,,inhabit,abitare,leben,0.474,1,bn:00087441v
9,v,cooc,,leave,lasciare,verlassen,0.474,1,bn:00087845v
10,v,cooc,,cross,attraversare,kreuzen,0.468,0,
11,v,cooc,,strike,colpire,treffen,0.457,0,
12,v,cooc,,clean,pulire,reinigen,0.454,0,
13,v,cooc,,need,necessitare,müssen,0.454,0,
14,v,cooc,,reach,raggiungere,erreichen,0.447,2,bn:00082901v bn:00082226v
15,v,cooc,,classify,classificare,einstufen,0.441,1,bn:00082871v
16,v,cooc,,avoid,evitare,vermeiden,0.439,1,bn:00082958v
17,v,cooc,,check,controllare,überprüfen,0.438,2,bn:00084848v bn:00084865v
18,v,cooc,,connect,collegare,anschließen,0.437,0,
19,v,cooc,,control,controllare,kontrollieren,0.432,1,bn:00085404v
20,v,cooc,,define,definire,definieren,0.429,1,bn:00086465v
21,v,cooc,,inspect,controllare,überprüfen,0.429,0,
22,v,cooc,,represent,rappresentare,darstellen,0.428,1,bn:00083187v
23,v,cooc,,achieve,raggiungere,erreichen,0.426,1,bn:00082226v
24,v,cooc,,bound,limitare,begrenzen,0.426,0,
25,v,cooc,,relay,trasmettere,übertragen,0.426,0,
26,v,cooc,,characterise,caratterizzare,kennzeichnen,0.425,0,
27,v,cooc,,fulfill,soddisfare,erfüllen,0.424,0,
28,v,cooc,,treat,trattare,behandeln,0.421,1,bn:00084532v
29,v,cooc,,flood,inondare,überfluten,0.418,2,bn:00088334v bn:00086544v
30,v,cooc,,fulfil,soddisfare,erfüllen,0.418,0,
31,v,cooc,,evacuate,evacuare,räumen,0.415,0,
32,v,cooc,,monitor,controllare,kontrollieren,0.415,0,
33,v,cooc,,specify,specificare,angeben,0.414,0,
34,v,cooc,,regard,considerare,betrachten,0.413,0,
35,v,cooc,,consider,considerare,betrachten,0.411,0,
36,v,cooc,,guarantee,garantire,gewährleisten,0.41,0,
37,v,cooc,,reserve,riservare,reservieren,0.41,1,bn:00083774v
38,v,cooc,,build,edificare,bauen,0.406,1,bn:00084198v
39,v,cooc,,satisfy,soddisfare,erfüllen,0.405,0,
40,v,cooc,,irrigate,irrigare,bewässern,0.404,1,bn:00089909v
41,v,cooc,,think,riflettere,nachdenken,0.404,1,bn:00084733v
42,v,cooc,,declare,dichiarare,erklären,0.401,1,bn:00086380v
43,v,cooc,,examine,controllare,prüfen,0.401,0,
44,v,cooc,,benefit,beneficiare,nutzen,0.4,0,
45,v,cooc,,illuminate,illuminare,beleuchten,0.397,1,bn:00089584v
46,v,cooc,,restrict,limitare,beschränken,0.394,0,
47,v,cooc,,expand,estendere,erweitern,0.392,0,
48,v,cooc,,light,illuminare,beleuchten,0.392,1,bn:00089584v
49,v,cooc,,include,includere,einschließen,0.387,1,bn:00089662v
50,v,cooc,,create,creare,schaffen,0.384,1,bn:00086009v
51,v,cooc,,transfer,trasferire,übertragen,0.384,1,bn:00095085v
52,v,cooc,,exclude,escludere,ausschließen,0.383,0,
53,v,cooc,,present,presentare,präsentieren,0.383,1,bn:00086557v
54,v,cooc,,correspond,corrispondere,entsprechen,0.382,1,bn:00082477v
55,v,cooc,,calculate,calcolare,berechnen,0.381,1,bn:00084373v
56,v,cooc,,develop,sviluppare,entwickeln,0.38,1,bn:00086745v
57,v,cooc,,offer,offrire,bieten,0.377,0,
58,v,cooc,,dominate,dominare,dominieren,0.376,0,
59,v,cooc,,increase,aumentare,erhöhen,0.376,1,bn:00089667v
60,v,cooc,,locate,individuare,finden,0.376,0,
61,v,cooc,,produce,produrre,produzieren,0.376,3,bn:00086013v bn:00084198v bn:00084082v
62,v,cooc,,provide,offrire,bieten,0.375,0,
63,v,cooc,,transform,trasformare,verwandeln,0.375,1,bn:00095090v
64,v,cooc,,use,utilizzare,verwenden,0.372,1,bn:00082705v
65,v,cooc,,damage,danneggiare,beschädigen,0.371,1,bn:00086494v
66,v,cooc,,maintain,mantenere,pflegen,0.371,0,
67,v,cooc,,unite,unire,vereinen,0.371,2,bn:00082317v bn:00090746v
68,v,cooc,,constitute,costituire,bilden,0.369,1,bn:00083187v
69,v,cooc,,prohibit,vietare,verbieten,0.369,1,bn:00086877v
70,v,cooc,,ban,vietare,verbieten,0.368,0,
71,v,cooc,,pertain,riguardare,betreffen,0.368,1,bn:00083240v
72,v,cooc,,agree,concordare,zustimmen,0.367,2,bn:00082475v bn:00082480v
73,v,cooc,,extend,estendere,erweitern,0.367,1,bn:00084121v
74,v,cooc,,take,prendere,nehmen,0.366,3,bn:00088762v bn:00094731v bn:00085689v
75,v,cooc,,remain,rimanere,bleiben,0.364,3,bn:00091562v bn:00092756v bn:00085719v
76,v,cooc,,assess,accertare,feststellen,0.361,0,
77,v,cooc,,mark,contrassegnare,markieren,0.361,0,
78,v,cooc,,propose,proporre,vorschlagen,0.361,1,bn:00082417v
79,v,cooc,,live,vivere,leben,0.36,2,bn:00087441v bn:00083191v
80,v,cooc,,ensure,garantire,gewährleisten,0.359,1,bn:00082812v
81,v,cooc,,mean,dire,bedeuten,0.359,1,bn:00089805v
82,v,cooc,,change,cambiare,wechseln,0.357,1,bn:00084772v
83,v,cooc,,reduce,ridurre,reduzieren,0.357,0,
84,v,cooc,,report,segnalare,melden,0.355,0,
85,v,cooc,,describe,descrivere,beschreiben,0.351,1,bn:00082233v
86,v,cooc,,exist,esistere,bestehen,0.349,1,bn:00083184v
87,v,cooc,,assign,assegnare,zuordnen,0.348,0,
88,v,cooc,,burn,bruciare,brennen,0.344,1,bn:00084270v
89,v,cooc,,exceed,superare,überschreiten,0.344,0,
90,v,cooc,,come,venire,kommen,0.342,1,bn:00085335v
91,v,cooc,,exploit,sfruttare,ausnutzen,0.34,1,bn:00087878v
92,v,cooc,,fall,cadere,fallen,0.34,2,bn:00087979v bn:00087976v
93,v,cooc,,appear,apparire,erscheinen,0.339,2,bn:00082691v bn:00082690v
94,v,cooc,,enclose,includere,umschließen,0.337,0,
95,v,cooc,,limit,limitare,begrenzen,0.335,0,
96,v,cooc,,determine,determinare,bestimmen,0.333,0,
97,v,cooc,,record,registrare,aufnehmen,0.332,0,
98,v,cooc,,grow,crescere,wachsen,0.325,0,
99,v,cooc,,move,muovere,bewegen,0.32,0,
100,v,cooc,,belong,appartenere,gehören,0.317,0,
101,v,cooc,,go,andare,gehen,0.315,2,bn:00086600v bn:00088629v
102,v,cooc,,begin,cominciare,beginnen,0.314,2,bn:00083342v bn:00083340v
103,v,cooc,,bring,portare,bringen,0.314,1,bn:00084058v
104,v,cooc,,lose,perdere,verlieren,0.313,2,bn:00090489v bn:00090486v
105,v,cooc,,start,cominciare,beginnen,0.311,2,bn:00083342v bn:00083340v
106,v,cooc,,get,ottenere,erhalten,0.307,0,
107,v,cooc,,find,trovare,finden,0.301,2,bn:00088204v bn:00084231v
108,v,cooc,,form,formare,bilden,0.298,1,bn:00088490v
109,v,cooc,,follow,seguire,folgen,0.293,1,bn:00088020v
110,v,cooc,,put,mettere,setzen,0.29,0,
111,v,cooc,,allow,consentire,gestatten,0.287,0,
112,v,cooc,,indicate,indicare,zeigen,0.28,0,
113,v,cooc,,close,chiudere,schließen,0.279,1,bn:00085162v
114,v,cooc,,contain,contenere,enthalten,0.26,1,bn:00083225v
115,v,cooc,,cost,costare,kosten,0.253,0,
116,v,cooc,,hold,tenere,halten,0.25,1,bn:00089385v
117,v,cooc,,keep,tenere,halten,0.25,0,
118,v,cooc,,see,vedere,sehen,0.249,2,bn:00092443v bn:00093430v
119,v,cooc,,receive,ricevere,erhalten,0.238,1,bn:00089246v
120,v,cooc,,do,fare,machen,0.233,1,bn:00082286v
121,v,cooc,,measure,misurare,messen,0.23,1,bn:00090715v
122,v,cooc,,give,dare,geben,0.226,2,bn:00088815v bn:00088825v
123,v,cooc,,view,vedere,sehen,0.209,0,
124,v,cooc,,make,fare,machen,0.201,3,bn:00086013v bn:00084198v bn:00086008v
125,v,cooc,,seem,sembrare,scheinen,0.186,1,bn:00082690v
126,v,cooc,,show,mostrare,zeigen,0.181,2,bn:00086567v bn:00086557v
1,v,cooc,WEAK,accede,accedere,zustimmen,,,
2,v,cooc,WEAK,accept,accettare,übernehmen,,,
3,v,cooc,WEAK,accord,concordare,gewähren,,,
4,v,cooc,WEAK,affect,interessare,betreffen,,,
5,v,cooc,WEAK,afford,offrire,gewähren,,,
6,v,cooc,WEAK,aim,puntare,abzielen,,,
7,v,cooc,WEAK,apply,applicare,anwenden,,,
8,v,cooc,WEAK,assist,assistere,fördern,,,
9,v,cooc,WEAK,associate,associare,verkehren,,,
10,v,cooc,WEAK,attend,assistere,pflegen,,,
11,v,cooc,WEAK,be,diventare,liegen,,,
12,v,cooc,WEAK,become,diventare,stehen,,,
13,v,cooc,WEAK,border,delimitare,grenzen,,,
14,v,cooc,WEAK,call,chiamare,heißen,,,
15,v,cooc,WEAK,carry,portare,tragen,,,
16,v,cooc,WEAK,cause,provocare,bringen,,,
17,v,cooc,WEAK,clear,liberare,löschen,,,
18,v,cooc,WEAK,comb,setacciare,absuchen,,,
19,v,cooc,WEAK,comprise,comprendere,umfassen,,,
20,v,cooc,WEAK,concern,interessare,betreffen,,,
21,v,cooc,WEAK,decide,stabilire,bestimmen,,,
22,v,cooc,WEAK,decline,diminuire,sinken,,,
23,v,cooc,WEAK,decrease,diminuire,verkleinern,,,
24,v,cooc,WEAK,derive,trarre,schließen,,,
25,v,cooc,WEAK,designate,designare,bestimmen,,,
26,v,cooc,WEAK,destroy,rovinare,zerstören,,,
27,v,cooc,WEAK,divide,dividere,teilen,,,
28,v,cooc,WEAK,emerge,risultare,entstehen,,,
29,v,cooc,WEAK,enable,permettere,ermöglichen,,,
30,v,cooc,WEAK,encompass,circondare,umfassen,,,
31,v,cooc,WEAK,encourage,favorire,fördern,,,
32,v,cooc,WEAK,engage,assumere,nehmen,,,
33,v,cooc,WEAK,enjoy,godere,besitzen,,,
34,v,cooc,WEAK,enter,inserire,eintreten,,,
35,v,cooc,WEAK,establish,stabilire,schaffen,,,
36,v,cooc,WEAK,expect,contare,bekommen,,,
37,v,cooc,WEAK,explore,esplorare,untersuchen,,,
38,v,cooc,WEAK,feature,caratterizzare,vorkommen,,,
39,v,cooc,WEAK,fill,occupare,füllen,,,
40,v,cooc,WEAK,fix,fissare,befestigen,,,
41,v,cooc,WEAK,gain,ottenere,gewinnen,,,
42,v,cooc,WEAK,govern,controllare,bestimmen,,,
43,v,cooc,WEAK,grant,dare,gewähren,,,
44,v,cooc,WEAK,have,disporre,besitzen,,,
45,v,cooc,WEAK,head,puntare,gehen,,,
46,v,cooc,WEAK,help,favorire,fördern,,,
47,v,cooc,WEAK,identify,identificare,kennzeichnen,,,
48,v,cooc,WEAK,implement,attrezzare,realisieren,,,
49,v,cooc,WEAK,improve,valorizzare,erhöhen,,,
50,v,cooc,WEAK,intend,intendere,bestimmen,,,
51,v,cooc,WEAK,introduce,presentare,bringen,,,
52,v,cooc,WEAK,invade,invadere,stören,,,
53,v,cooc,WEAK,involve,coinvolgere,umfassen,,,
54,v,cooc,WEAK,join,unire,eintreten,,,
55,v,cooc,WEAK,lay,porre,legen,,,
56,v,cooc,WEAK,lead,portare,führen,,,
57,v,cooc,WEAK,lie,rimanere,liegen,,,
58,v,cooc,WEAK,list,elencare,aufnehmen,,,
59,v,cooc,WEAK,look,sembrare,aussehen,,,
60,v,cooc,WEAK,manage,riuscire,verwalten,,,
61,v,cooc,WEAK,meet,soddisfare,treffen,,,
62,v,cooc,WEAK,name,denominare,angeben,,,
63,v,cooc,WEAK,negotiate,trattare,verhandeln,,,
64,v,cooc,WEAK,notify,notificare,mitteilen,,,
65,v,cooc,WEAK,occupy,occupare,einnehmen,,,
66,v,cooc,WEAK,open,cominciare,öffnen,,,
67,v,cooc,WEAK,organise,organizzare,planen,,,
68,v,cooc,WEAK,pay,corrispondere,zahlen,,,
69,v,cooc,WEAK,perform,fare,erfüllen,,,
70,v,cooc,WEAK,place,mettere,platzieren,,,
71,v,cooc,WEAK,plan,progettare,planen,,,
72,v,cooc,WEAK,plant,piantare,pflanzen,,,
73,v,cooc,WEAK,populate,popolare,besiedeln,,,
74,v,cooc,WEAK,prepare,preparare,richten,,,
75,v,cooc,WEAK,programme,stabilire,planen,,,
76,v,cooc,WEAK,protect,proteggere,sichern,,,
77,v,cooc,WEAK,push,puntare,drücken,,,
78,v,cooc,WEAK,qualify,qualificare,bestimmen,,,
79,v,cooc,WEAK,range,variare,reichen,,,
80,v,cooc,WEAK,recover,ricoprire,gewinnen,,,
81,v,cooc,WEAK,remove,allontanare,entfernen,,,
82,v,cooc,WEAK,require,necessitare,erfordern,,,
83,v,cooc,WEAK,result,risultare,entstehen,,,
84,v,cooc,WEAK,rise,salire,steigen,,,
85,v,cooc,WEAK,ruin,rovinare,zerstören,,,
86,v,cooc,WEAK,run,funzionare,verlaufen,,,
87,v,cooc,WEAK,save,conservare,sparen,,,
88,v,cooc,WEAK,say,dire,heißen,,,
89,v,cooc,WEAK,scour,perlustrare,absuchen,,,
90,v,cooc,WEAK,search,ricercare,suchen,,,
91,v,cooc,WEAK,secure,garantire,sichern,,,
92,v,cooc,WEAK,seek,ricercare,suchen,,,
93,v,cooc,WEAK,select,selezionare,aufstellen,,,
94,v,cooc,WEAK,send,trasmettere,richten,,,
95,v,cooc,WEAK,set,fissare,setzen,,,
96,v,cooc,WEAK,settle,definire,regeln,,,
97,v,cooc,WEAK,share,dividere,teilen,,,
98,v,cooc,WEAK,sit,resistere,setzen,,,
99,v,cooc,WEAK,situate,situare,legen,,,
100,v,cooc,WEAK,spend,passare,verbrauchen,,,
101,v,cooc,WEAK,stand,resistere,stehen,,,
102,v,cooc,WEAK,stretch,tendere,dehnen,,,
103,v,cooc,WEAK,submit,presentare,abgeben,,,
104,v,cooc,WEAK,suffer,subire,dulden,,,
105,v,cooc,WEAK,supply,approvvigionare,versorgen,,,
106,v,cooc,WEAK,support,favorire,stützen,,,
107,v,cooc,WEAK,survey,sorvegliare,untersuchen,,,
108,v,cooc,WEAK,sweep,pulire,streichen,,,
109,v,cooc,WEAK,turn,trasformare,richten,,,
110,v,cooc,WEAK,undertake,assumere,übernehmen,,,
111,v,cooc,WEAK,utilise,utilizzare,nutzen,,,
112,v,cooc,WEAK,utilize,utilizzare,nutzen,,,
113,v,cooc,WEAK,vary,variare,abweichen,,,
114,v,cooc,WEAK,wait,servire,warten,,,
115,v,cooc,WEAK,want,desiderare,brauchen,,,
116,v,cooc,WEAK,witness,constatare,sehen,,,
117,v,cooc,WEAK,work,funzionare,wirken,,,
