idx_group,pos,rel,weak,lex_en,lex_it,lex_de,score,bs_count,babel_synsets
0,n,head,,communication communicating social_communication,comunicazione_sociale partecipazione comunicazione,Kommunikation,,1,bn:00021221n
1,n,sim,,perspective,prospettiva,Perspektive,0.354,1,bn:00051351n
2,n,sim,,form,forma,Form,0.337,11,bn:00026512n bn:00016529n bn:00003882n bn:00035913n bn:00035909n bn:00021751n bn:00035915n bn:00035907n bn:00035908n bn:00035912n bn:00035911n
3,n,sim,,presentation,presentazione,Präsentation,0.333,1,bn:03468279n
4,n,sim,,decision,decisione,Entscheidung,0.322,3,bn:00003132n bn:00025693n bn:00018661n
5,n,sim,,success,successo,Erfolg,0.32,1,bn:00075023n
6,n,sim,,role,ruolo,Rolle,0.316,1,bn:00068130n
7,n,sim,,pattern,modello,Modell,0.315,0,
8,n,sim,,exchange,scambio,Austausch,0.313,2,bn:00032125n bn:00032127n
9,n,sim,,training,formazione,Training,0.312,2,bn:00012992n bn:00041853n
10,n,sim,,consultation,consultazione,Konsultation,0.311,1,bn:00022092n
11,n,sim,,principle,principio,Prinzip,0.309,1,bn:00064428n
12,n,sim,,regulation,regolamento,Regelung,0.307,1,bn:00059436n
13,n,sim,,requirement,requisito,Anforderung,0.306,1,bn:00064181n
14,n,sim,,rule,regola,Regel,0.302,2,bn:00066933n bn:00064192n
15,n,sim,,kind,genere,Art,0.299,1,bn:00035907n
16,n,sim,,position,posizione,Position,0.298,10,bn:00063703n bn:00062704n bn:00061746n bn:00063704n bn:00054979n bn:00063707n bn:00010073n bn:00063708n bn:00007048n bn:00063706n
17,n,sim,,connection,collegamento,Verbindung,0.296,2,bn:00021912n bn:00021901n
18,n,sim,,collaboration,collaborazione,Zusammenarbeit,0.295,1,bn:00020128n
19,n,sim,,record,registrazione,Aufnahme,0.295,0,
20,n,sim,,question,domanda,Frage,0.294,1,bn:00047208n
21,n,sim,,relationship,rapporto,Beziehung,0.292,1,bn:00033359n
22,n,sim,,identity,identità,Identität,0.292,2,bn:00045824n bn:00045825n
23,n,sim,,group,gruppo,Gruppe,0.292,4,bn:00041943n bn:00041942n bn:00018111n bn:00073698n
24,n,sim,,enterprise,impresa,Unternehmen,0.29,7,bn:00030751n bn:00022811n bn:00014137n bn:00031008n bn:00073910n bn:00014160n bn:00021286n
25,n,sim,,aspect,aspetto,Aspekt,0.29,1,bn:00006385n
26,n,sim,,history,storia,Geschichte,0.289,4,bn:00044267n bn:00044270n bn:00000738n bn:00044268n
27,n,sim,,objective,obiettivo,Ziel,0.289,1,bn:00002179n
28,n,sim,,issue,problema,Problem,0.288,0,
29,n,sim,,engagement,impegno,Engagement,0.287,3,bn:00012127n bn:00002819n bn:00030844n
30,n,sim,,problem,problema,Problem,0.287,3,bn:00064526n bn:00048242n bn:00064527n
31,n,sim,,relation,relazione,Beziehung,0.287,1,bn:00066995n
32,n,sim,,contact,contatto,Kontakt,0.283,1,bn:00022113n
33,n,sim,,level,livello,Ebene,0.283,0,
34,n,sim,,initiative,iniziativa,Initiative,0.281,2,bn:00034797n bn:00031009n
35,n,sim,,undertaking,impresa,Unternehmen,0.281,0,
36,n,sim,,term,termine,Begriff,0.281,1,bn:00076590n
37,n,sim,,innovation,innovazione,Innovation,0.28,1,bn:00021551n
38,n,sim,,information,informazione,Information,0.279,2,bn:00046698n bn:00046705n
39,n,sim,,research,ricerca,Forschung,0.279,1,bn:00067280n
40,n,sim,,process,processo,Verfahren,0.279,1,bn:00064536n
41,n,sim,,service,servizio,Service,0.276,6,bn:00070654n bn:00070647n bn:00044916n bn:00070659n bn:00070651n bn:00070653n
42,n,sim,,representation,rappresentanza,Darstellung,0.275,0,
43,n,sim,,selection,selezione,Auswahl,0.275,2,bn:00018660n bn:00018661n
44,n,sim,,dialogue,dialogo,Dialog,0.273,3,bn:00026836n bn:00026834n bn:00026835n
45,n,sim,,proposal,proposta,Angebot,0.273,1,bn:03851567n
46,n,sim,,result,risultato,Ergebnis,0.273,3,bn:00004452n bn:00021961n bn:00034520n
47,n,sim,,policy,politica,Politik,0.272,1,bn:00063329n
48,n,sim,,exercise,esercizio,Übung,0.272,3,bn:00028736n bn:00032203n bn:00032102n
49,n,sim,,model,modello,Modell,0.271,7,bn:00032100n bn:00022071n bn:00055447n bn:00032101n bn:00055448n bn:00033735n bn:00036197n
50,n,sim,,care,cura,Pflege,0.27,1,bn:00002157n
51,n,sim,,work,lavoro,Arbeit,0.269,5,bn:00030625n bn:00014138n bn:00081569n bn:00081570n bn:00030616n
52,n,sim,,action,azione,Aktion,0.268,0,
53,n,sim,,type,genere,Art,0.267,0,
54,n,sim,,cooperation,cooperazione,Zusammenarbeit,0.266,1,bn:00022452n
55,n,sim,,use,uso,Nutzung,0.266,1,bn:00030627n
56,n,sim,,application,applicazione,Anwendung,0.266,2,bn:00005094n bn:00005095n
57,n,sim,,link,collegamento,Verbindung,0.265,2,bn:00021912n bn:00021901n
58,n,sim,,strategy,strategia,Strategie,0.264,2,bn:00069579n bn:00074558n
59,n,sim,,review,revisione,Überprüfung,0.264,0,
60,n,sim,,design,progetto,Design,0.263,0,
61,n,sim,,observation,osservazione,Überwachung,0.263,0,
62,n,sim,,assessment,valutazione,Bewertung,0.262,0,
63,n,sim,,standard,norma,Norm,0.261,0,
64,n,sim,,activity,attività,Aktivität,0.261,2,bn:00001128n bn:00001174n
65,n,sim,,competition,concorrenza,Wettbewerb,0.26,2,bn:00021339n bn:00021337n
66,n,sim,,management,gestione,Management,0.26,2,bn:00027355n bn:00053116n
67,n,sim,,project,progetto,Projekt,0.259,1,bn:00064665n
68,n,sim,,programme,programma,Programm,0.259,2,bn:00021492n bn:00013235n
69,n,sim,,change,cambiamento,Veränderung,0.258,1,bn:00003125n
70,n,sim,,message,messaggio,Nachricht,0.256,1,bn:00054523n
71,n,sim,,power,potere,Leistung,0.255,0,
72,n,sim,,system,sistema,System,0.255,7,bn:00075763n bn:00075762n bn:00005863n bn:00075759n bn:00075760n bn:00075761n bn:00069580n
73,n,sim,,experience,esperienza,Erfahrung,0.254,2,bn:00032306n bn:00032307n
74,n,sim,,contribution,contributo,Beitrag,0.254,1,bn:00022272n
75,n,sim,,measure,misura,Maßnahme,0.252,0,
76,n,sim,,publication,pubblicazione,Veröffentlichung,0.252,3,bn:00047693n bn:00065106n bn:00065108n
77,n,sim,,development,sviluppo,Entwicklung,0.25,1,bn:07804057n
78,n,sim,,provision,fornitura,Bereitstellung,0.25,0,
79,n,sim,,resolution,risoluzione,Lösung,0.249,0,
80,n,sim,,employment,occupazione,Beschäftigung,0.249,3,bn:00030625n bn:00030616n bn:00014138n
81,n,sim,,behavior,comportamento,Verhalten,0.249,2,bn:00009657n bn:00009656n
82,n,sim,,approach,approccio,Ansatz,0.249,0,
83,n,sim,,security,sicurezza,Sicherheit,0.248,2,bn:00070219n bn:00068799n
84,n,sim,,study,studio,Studie,0.247,2,bn:00071923n bn:00074790n
85,n,sim,,program,programma,Programm,0.246,4,bn:00021492n bn:00062899n bn:00013235n bn:00021497n
86,n,sim,,practice,pratica,Praxis,0.246,2,bn:00063989n bn:00063990n
87,n,sim,,act,atto,Handlung,0.245,1,bn:16082183n
88,n,sim,,interest,interesse,Interesse,0.245,6,bn:00021556n bn:00047081n bn:00047079n bn:00047077n bn:00047080n bn:00047083n
89,n,sim,,function,funzione,Funktion,0.245,3,bn:00036822n bn:00036821n bn:00036825n
90,n,sim,,analysis,analisi,Analyse,0.244,1,bn:00003794n
91,n,sim,,creation,creazione,Schaffung,0.244,0,
92,n,sim,,technology,tecnologia,Technologie,0.243,1,bn:00005105n
93,n,sim,,commitment,impegno,Engagement,0.243,1,bn:00002819n
94,n,sim,,agreement,accordo,Vereinbarung,0.243,1,bn:00002086n
95,n,sim,,infrastructure,infrastruttura,Infrastruktur,0.243,2,bn:00046727n bn:00008794n
96,n,sim,,job,lavoro,Arbeit,0.243,4,bn:00030625n bn:00030616n bn:00018756n bn:00014138n
97,n,sim,,transmission,trasmissione,Übertragung,0.242,1,bn:00078027n
98,n,sim,,matter,materia,Angelegenheit,0.242,0,
99,n,sim,,transfer,trasferimento,Übertragung,0.241,0,
100,n,sim,,support,supporto,Unterstützung,0.241,2,bn:00075332n bn:00075331n
101,n,sim,,task,compito,Aufgabe,0.241,1,bn:00018756n
102,n,sim,,health,salute,Gesundheit,0.241,1,bn:00043358n
103,n,sim,,access,accesso,Zugang,0.241,2,bn:00000666n bn:00000663n
104,n,sim,,operation,funzionamento,Betrieb,0.24,0,
105,n,sim,,opportunity,opportunità,Möglichkeit,0.239,1,bn:00017621n
106,n,sim,,tool,strumento,Instrument,0.239,3,bn:00077585n bn:00023662n bn:00046962n
107,n,sim,,procedure,procedura,Verfahren,0.239,1,bn:00064536n
108,n,sim,,movement,movimento,Bewegung,0.238,3,bn:00036632n bn:00056029n bn:00056030n
109,n,sim,,solution,soluzione,Lösung,0.238,1,bn:00072760n
110,n,sim,,capability,capacità,Fähigkeit,0.238,1,bn:00005193n
111,n,sim,,product,prodotto,Produkt,0.237,4,bn:00054416n bn:00064585n bn:00053827n bn:00064584n
112,n,sim,,resource,risorsa,Ressource,0.236,1,bn:00067352n
113,n,sim,,control,controllo,Kontrolle,0.236,1,bn:17607444n
114,n,sim,,partnership,associazione,Partnerschaft,0.236,0,
115,n,sim,,content,contenuto,Inhalt,0.236,2,bn:00022153n bn:00022154n
116,n,sim,,treatment,trattamento,Behandlung,0.235,3,bn:00047235n bn:00042823n bn:00076843n
117,n,sim,,aid,aiuto,Hilfe,0.235,2,bn:00002155n bn:00055177n
118,n,sim,,protection,protezione,Schutz,0.235,2,bn:00064838n bn:00071020n
119,n,sim,,arrangement,accordo,Vereinbarung,0.234,1,bn:04094003n
120,n,sim,,responsibility,responsabilità,Verantwortung,0.234,2,bn:00067370n bn:00029239n
121,n,sim,,establishment,istituzione,Einrichtung,0.234,0,
122,n,sim,,investment,investimento,Investition,0.233,1,bn:00047358n
123,n,sim,,response,risposta,Antwort,0.233,3,bn:00004454n bn:00004451n bn:00067180n
124,n,sim,,monitoring,monitoraggio,Überwachung,0.233,1,bn:00055682n
125,n,sim,,culture,cultura,Kultur,0.232,1,bn:00024369n
126,n,sim,,network,rete,Netzwerk,0.232,4,bn:00057379n bn:00024712n bn:00054497n bn:00021488n
127,n,sim,,distribution,distribuzione,Vertrieb,0.231,0,
128,n,sim,,integration,integrazione,Integration,0.231,4,bn:00022007n bn:00026516n bn:00047014n bn:00047010n
129,n,sim,,safety,sicurezza,Sicherheit,0.231,2,bn:00070219n bn:00068799n
130,n,sim,,transport,trasporto,Verkehr,0.231,1,bn:01731490n
131,n,sim,,structure,struttura,Struktur,0.231,1,bn:00022071n
132,n,sim,,idea,idea,Idee,0.23,1,bn:00045800n
133,n,sim,,transportation,trasporto,Verkehr,0.23,1,bn:01731490n
134,n,sim,,organisation,organizzazione,Organisation,0.23,5,bn:00059480n bn:00059483n bn:00059482n bn:00005863n bn:00001423n
135,n,sim,,instrument,strumento,Instrument,0.229,6,bn:00023662n bn:00046964n bn:00046965n bn:00046962n bn:00077585n bn:00046961n
136,n,sim,,administration,amministrazione,Verwaltung,0.229,5,bn:00001422n bn:00001424n bn:00001423n bn:00027355n bn:00053116n
137,n,sim,,growth,crescita,Wachstum,0.229,2,bn:00026697n bn:00041979n
138,n,sim,,reform,riforma,Reform,0.228,1,bn:00066830n
139,n,sim,,situation,situazione,Situation,0.228,3,bn:00071858n bn:00063707n bn:00071869n
140,n,sim,,organization,organizzazione,Organisation,0.228,5,bn:00059480n bn:00059483n bn:00059482n bn:00005863n bn:00001423n
141,n,sim,,choice,scelta,Auswahl,0.227,3,bn:00018660n bn:00003132n bn:00018661n
142,n,sim,,environment,ambiente,Umwelt,0.227,1,bn:00031075n
143,n,sim,,investigation,indagine,Untersuchung,0.226,1,bn:00047354n
144,n,sim,,discussion,discussione,Diskussion,0.226,1,bn:00027523n
145,n,sim,,assistance,assistenza,Hilfe,0.226,1,bn:00002155n
146,n,sim,,check,controllo,Kontrolle,0.225,0,
147,n,sim,,intervention,intervento,Intervention,0.225,3,bn:00047092n bn:00047061n bn:00047234n
148,n,sim,,co-operation,cooperazione,Zusammenarbeit,0.224,0,
149,n,sim,,event,evento,Ereignis,0.224,2,bn:00032021n bn:00032022n
150,n,sim,,financing,finanziamento,Finanzierung,0.223,2,bn:00034545n bn:00034524n
151,n,sim,,supply,fornitura,Versorgung,0.223,2,bn:00064922n bn:00075322n
152,n,sim,,trust,fiducia,Vertrauen,0.222,2,bn:02691972n bn:03732876n
153,n,sim,,inspection,controllo,Kontrolle,0.221,0,
154,n,sim,,funding,finanziamento,Finanzierung,0.221,1,bn:00034545n
155,n,sim,,energy,energia,Energie,0.22,1,bn:00030820n
156,n,sim,,contract,contratto,Auftrag,0.22,0,
157,n,sim,,knowledge,conoscenza,Wissen,0.219,1,bn:00020452n
158,n,sim,,ability,capacità,Fähigkeit,0.218,2,bn:00000317n bn:00005193n
159,n,sim,,internet,internet,Internet,0.217,1,bn:00024712n
160,n,sim,,staff,personale,Personal,0.217,0,
161,n,sim,,commission,commissione,Auftrag,0.215,0,
162,n,sim,,institution,istituzione,Institution,0.213,2,bn:00031641n bn:00046954n
163,n,sim,,space,spazio,Raum,0.213,2,bn:00053830n bn:00046665n
164,n,sim,,quality,qualità,Qualität,0.213,2,bn:00014731n bn:00065538n
165,n,sim,,performance,performance,Leistung,0.212,1,bn:00016286n
166,n,sim,,sector,settore,Sektor,0.211,1,bn:11333488n
167,n,sim,,promotion,promozione,Förderung,0.211,0,
168,n,sim,,recognition,riconoscimento,Anerkennung,0.211,1,bn:00066552n
169,n,sim,,capacity,capacità,Kapazität,0.209,1,bn:00005193n
170,n,sim,,production,produzione,Produktion,0.209,4,bn:00064592n bn:00064590n bn:00064594n bn:00059790n
171,n,sim,,survey,indagine,Erhebung,0.208,0,
172,n,sim,,order,ordine,Auftrag,0.208,1,bn:00059311n
173,n,sim,,participation,partecipazione,Teilnahme,0.2,1,bn:00030844n
174,n,sim,,serve,servizio,Service,0.192,1,bn:00070647n
175,n,sim,,enviro,ambiente,Umwelt,0.189,0,
176,n,sim,,stratégie,strategia,Strategie,0.161,0,
1,n,sim,WEAK,account,conto,Darstellung,,,
2,n,sim,WEAK,advice,consiglio,Beratung,,,
3,n,sim,WEAK,affair,relazione,Angelegenheit,,,
4,n,sim,WEAK,article,articolo,Beitrag,,,
5,n,sim,WEAK,association,associazione,Verbindung,,,
6,n,sim,WEAK,authority,autorità,Kompetenz,,,
7,n,sim,WEAK,benefit,beneficio,Leistung,,,
8,n,sim,WEAK,body,struttura,Gruppe,,,
9,n,sim,WEAK,business,azienda,Unternehmen,,,
10,n,sim,WEAK,call,invito,Gespräch,,,
11,n,sim,WEAK,case,caso,Sache,,,
12,n,sim,WEAK,concern,interesse,Bedeutung,,,
13,n,sim,WEAK,conclusion,conclusione,Abwicklung,,,
14,n,sim,WEAK,conversation,dialogo,Gespräch,,,
15,n,sim,WEAK,council,consiglio,Beratung,,,
16,n,sim,WEAK,datum,dato,Datum,,,
17,n,sim,WEAK,declaration,dichiarazione,Vereinbarung,,,
18,n,sim,WEAK,definition,definizione,Bedeutung,,,
19,n,sim,WEAK,demand,domanda,Anforderung,,,
20,n,sim,WEAK,device,progetto,Gerät,,,
21,n,sim,WEAK,education,istruzione,Bildung,,,
22,n,sim,WEAK,effort,sforzo,Leistung,,,
23,n,sim,WEAK,equipment,mezzo,Ausstattung,,,
24,n,sim,WEAK,evidence,prova,Material,,,
25,n,sim,WEAK,facility,infrastruttura,Einrichtung,,,
26,n,sim,WEAK,fact,fatto,Datum,,,
27,n,sim,WEAK,framework,contesto,System,,,
28,n,sim,WEAK,governance,governo,Verwaltung,,,
29,n,sim,WEAK,government,governo,Verwaltung,,,
30,n,sim,WEAK,industry,attività,Industrie,,,
31,n,sim,WEAK,instruction,istruzione,Unterricht,,,
32,n,sim,WEAK,law,legge,Regel,,,
33,n,sim,WEAK,learning,istruzione,Lernen,,,
34,n,sim,WEAK,list,lista,Programm,,,
35,n,sim,WEAK,material,materia,Material,,,
36,n,sim,WEAK,medium,mezzo,Medium,,,
37,n,sim,WEAK,meeting,riunione,Begegnung,,,
38,n,sim,WEAK,mission,missione,Aufgabe,,,
39,n,sim,WEAK,obligation,obbligo,Leistung,,,
40,n,sim,WEAK,offering,offerta,Vorstellung,,,
41,n,sim,WEAK,option,scelta,Möglichkeit,,,
42,n,sim,WEAK,paper,documento,Arbeit,,,
43,n,sim,WEAK,payment,pagamento,Leistung,,,
44,n,sim,WEAK,plan,piano,Vorhaben,,,
45,n,sim,WEAK,planning,programmazione,Planung,,,
46,n,sim,WEAK,processing,trattamento,Verarbeitung,,,
47,n,sim,WEAK,progress,corso,Fortschritt,,,
48,n,sim,WEAK,purpose,effetto,Ziel,,,
49,n,sim,WEAK,request,richiesta,Anforderung,,,
50,n,sim,WEAK,scheme,sistema,Programm,,,
51,n,sim,WEAK,section,parte,Gruppe,,,
52,n,sim,WEAK,sport,gioco,Sport,,,
53,n,sim,WEAK,statement,dichiarazione,Darstellung,,,
54,n,sim,WEAK,test,prova,Untersuchung,,,
55,n,sim,WEAK,trade,settore,Handel,,,
56,n,sim,WEAK,transaction,operazione,Geschäft,,,
57,n,sim,WEAK,treaty,accordo,Verhandlung,,,
58,n,sim,WEAK,understanding,accordo,Verständnis,,,
59,n,sim,WEAK,union,unione,Verbindung,,,
60,n,sim,WEAK,vision,visione,Vorstellung,,,
1,n,cooc,,interaction,interazione,Interaktion,0.578,1,bn:21705770n
2,n,cooc,,form,forma,Form,0.57,11,bn:00026512n bn:00016529n bn:00003882n bn:00035913n bn:00035909n bn:00021751n bn:00035915n bn:00035907n bn:00035908n bn:00035912n bn:00035911n
3,n,cooc,,transparency,trasparenza,Transparenz,0.569,1,bn:00078038n
4,n,cooc,,information,informazione,Information,0.564,2,bn:00046698n bn:00046705n
5,n,cooc,,cooperation,cooperazione,Zusammenarbeit,0.548,1,bn:00022452n
6,n,cooc,,collaboration,collaborazione,Zusammenarbeit,0.544,1,bn:00020128n
7,n,cooc,,marketing,marketing,Marketing,0.541,4,bn:00060113n bn:00053482n bn:00053481n bn:00053480n
8,n,cooc,,exchange,scambio,Austausch,0.53,2,bn:00032125n bn:00032127n
9,n,cooc,,co-operation,cooperazione,Zusammenarbeit,0.523,0,
10,n,cooc,,advertising,pubblicità,Werbung,0.523,3,bn:00001589n bn:00001227n bn:00060113n
11,n,cooc,,transportation,trasporto,Transport,0.515,3,bn:00071122n bn:00022379n bn:00022381n
12,n,cooc,,report,relazione,Bericht,0.508,1,bn:00067181n
13,n,cooc,,monitoring,monitoraggio,Überwachung,0.506,1,bn:00055682n
14,n,cooc,,technology,tecnologia,Technologie,0.503,1,bn:00005105n
15,n,cooc,,press,stampa,Presse,0.499,1,bn:00048459n
16,n,cooc,,relation,relazione,Beziehung,0.499,1,bn:00066995n
17,n,cooc,,navigation,navigazione,Navigation,0.49,4,bn:00057075n bn:00071122n bn:00057073n bn:00057074n
18,n,cooc,,surveillance,sorveglianza,Überwachung,0.487,1,bn:00075427n
19,n,cooc,,mean,mezzo,Mittel,0.48,0,
20,n,cooc,,director,direttore,Leiter,0.477,3,bn:00012295n bn:00050371n bn:00018319n
21,n,cooc,,relationship,rapporto,Beziehung,0.476,1,bn:00033359n
22,n,cooc,,transport,trasporto,Transport,0.47,5,bn:00022379n bn:00078046n bn:00029691n bn:00071122n bn:00022381n
23,n,cooc,,promotion,promozione,Förderung,0.46,0,
24,n,cooc,,consultation,consultazione,Konsultation,0.459,1,bn:00022092n
25,n,cooc,,content,contenuto,Inhalt,0.459,2,bn:00022153n bn:00022154n
26,n,cooc,,education,educazione,Bildung,0.457,1,bn:00026980n
27,n,cooc,,dissemination,diffusione,Verbreitung,0.453,1,bn:00027055n
28,n,cooc,,management,gestione,Management,0.45,2,bn:00027355n bn:00053116n
29,n,cooc,,manager,direttore,Leiter,0.447,0,
30,n,cooc,,training,formazione,Schulung,0.445,1,bn:00041853n
31,n,cooc,,contact,contatto,Kontakt,0.445,1,bn:00022113n
32,n,cooc,,creativity,creatività,Kreativität,0.445,1,bn:00023659n
33,n,cooc,,publication,pubblicazione,Veröffentlichung,0.443,3,bn:00047693n bn:00065106n bn:00065108n
34,n,cooc,,department,dipartimento,Abteilung,0.443,1,bn:00026308n
35,n,cooc,,design,design,Design,0.441,11,bn:00011593n bn:00056023n bn:00045963n bn:00026537n bn:00026538n bn:00045772n bn:00002178n bn:00021551n bn:00026536n bn:00028639n bn:00026535n
36,n,cooc,,understanding,comprensione,Verständnis,0.439,2,bn:00021432n bn:00005134n
37,n,cooc,,infrastructure,infrastruttura,Infrastruktur,0.436,2,bn:00046727n bn:00008794n
38,n,cooc,,conclusion,termine,Beendigung,0.43,0,
39,n,cooc,,visibility,visibilità,Sichtbarkeit,0.427,1,bn:00080101n
40,n,cooc,,power,potere,Energie,0.427,0,
41,n,cooc,,language,linguaggio,Sprache,0.424,2,bn:00049910n bn:00077565n
42,n,cooc,,entertainment,divertimento,Unterhaltung,0.422,1,bn:00003693n
43,n,cooc,,dialogue,dialogo,Dialog,0.422,3,bn:00026836n bn:00026834n bn:00026835n
44,n,cooc,,distribution,distribuzione,Vertrieb,0.42,0,
45,n,cooc,,documentation,documentazione,Dokumentation,0.418,2,bn:00046704n bn:00028020n
46,n,cooc,,computer,computer,Computer,0.412,3,bn:00054739n bn:00021464n bn:00014691n
47,n,cooc,,tool,strumento,Werkzeug,0.41,2,bn:00077585n bn:00023662n
48,n,cooc,,sector,settore,Sektor,0.409,1,bn:11333488n
49,n,cooc,,strategy,strategia,Strategie,0.409,2,bn:00069579n bn:00074558n
50,n,cooc,,participation,partecipazione,Beteiligung,0.407,1,bn:00030844n
51,n,cooc,,conversation,conversazione,Unterhaltung,0.406,1,bn:00022349n
52,n,cooc,,awareness,consapevolezza,Bewusstsein,0.406,1,bn:00007498n
53,n,cooc,,capability,capacità,Fähigkeit,0.406,1,bn:00005193n
54,n,cooc,,internet,internet,Internet,0.404,1,bn:00024712n
55,n,cooc,,learning,apprendimento,Lernen,0.398,1,bn:17277242n
56,n,cooc,,discussion,discussione,Diskussion,0.398,1,bn:00027523n
57,n,cooc,,behavior,comportamento,Verhalten,0.397,2,bn:00009657n bn:00009656n
58,n,cooc,,access,accesso,Zugang,0.396,2,bn:00000666n bn:00000663n
59,n,cooc,,culture,cultura,Kultur,0.389,1,bn:00024369n
60,n,cooc,,agency,agenzia,Agentur,0.387,2,bn:00001962n bn:00001961n
61,n,cooc,,presentation,presentazione,Präsentation,0.387,1,bn:03468279n
62,n,cooc,,market,mercato,Markt,0.386,3,bn:00053458n bn:00053459n bn:00053461n
63,n,cooc,,enterprise,impresa,Unternehmen,0.384,7,bn:00030751n bn:00022811n bn:00014137n bn:00031008n bn:00073910n bn:00014160n bn:00021286n
64,n,cooc,,service,servizio,Service,0.383,6,bn:00070654n bn:00070647n bn:00044916n bn:00070659n bn:00070651n bn:00070653n
65,n,cooc,,consultancy,consulenza,Beratung,0.382,1,bn:14403037n
66,n,cooc,,ability,capacità,Fähigkeit,0.378,2,bn:00000317n bn:00005193n
67,n,cooc,,development,sviluppo,Entwicklung,0.378,1,bn:07804057n
68,n,cooc,,instruction,direttiva,Anweisung,0.376,1,bn:00020945n
69,n,cooc,,security,sicurezza,Sicherheit,0.373,2,bn:00070219n bn:00068799n
70,n,cooc,,decision,decisione,Entscheidung,0.372,3,bn:00003132n bn:00025693n bn:00018661n
71,n,cooc,,technique,tecnica,Technik,0.37,1,bn:16282150n
72,n,cooc,,staff,personale,Personal,0.361,0,
73,n,cooc,,support,supporto,Unterstützung,0.36,2,bn:00075332n bn:00075331n
74,n,cooc,,behaviour,comportamento,Verhalten,0.354,2,bn:00009657n bn:00009656n
75,n,cooc,,field,campo,Feld,0.353,4,bn:00034267n bn:00034273n bn:00034265n bn:00006752n
76,n,cooc,,line,linea,Linie,0.353,4,bn:00014165n bn:00051289n bn:00014457n bn:00051294n
77,n,cooc,,commission,commissione,Auftrag,0.351,0,
78,n,cooc,,network,rete,Netzwerk,0.35,4,bn:00057379n bn:00024712n bn:00054497n bn:00021488n
79,n,cooc,,art,arte,Kunst,0.348,3,bn:00005927n bn:00005928n bn:00005926n
80,n,cooc,,action,azione,Aktion,0.347,0,
81,n,cooc,,work,lavoro,Arbeit,0.346,5,bn:00030625n bn:00014138n bn:00081569n bn:00081570n bn:00030616n
82,n,cooc,,reporting,segnalazione,Berichterstattung,0.346,0,
83,n,cooc,,customer,cliente,Kunde,0.333,1,bn:00019763n
84,n,cooc,,client,cliente,Kunde,0.329,1,bn:00019763n
85,n,cooc,,process,processo,Prozess,0.32,2,bn:00064536n bn:00062167n
86,n,cooc,,team,team,Team,0.316,4,bn:00068051n bn:00073699n bn:00030339n bn:00076303n
87,n,cooc,,activity,attività,Tätigkeit,0.312,1,bn:15840810n
88,n,cooc,,company,azienda,Firma,0.31,4,bn:00022811n bn:00073910n bn:00014160n bn:00021286n
89,n,cooc,,policy,politica,Politik,0.296,1,bn:00063329n
1,n,cooc,WEAK,affair,relazione,Sache,,,
2,n,cooc,WEAK,application,domanda,Verwendung,,,
3,n,cooc,WEAK,business,azienda,Unternehmen,,,
4,n,cooc,WEAK,campaign,campagna,Aktion,,,
5,n,cooc,WEAK,connection,relazione,Zusammenhang,,,
6,n,cooc,WEAK,control,controllo,Steuerung,,,
7,n,cooc,WEAK,datum,dato,Datum,,,
8,n,cooc,WEAK,deal,distribuzione,Teil,,,
9,n,cooc,WEAK,degree,livello,Schritt,,,
10,n,cooc,WEAK,device,dispositivo,Mittel,,,
11,n,cooc,WEAK,difficulty,ostacolo,Schwierigkeit,,,
12,n,cooc,WEAK,effort,sforzo,Unternehmen,,,
13,n,cooc,WEAK,engagement,impegno,Verpflichtung,,,
14,n,cooc,WEAK,engineering,ingegneria,Technik,,,
15,n,cooc,WEAK,facility,infrastruttura,Erleichterung,,,
16,n,cooc,WEAK,firm,impresa,Firma,,,
17,n,cooc,WEAK,function,funzione,Zweck,,,
18,n,cooc,WEAK,issue,questione,Problem,,,
19,n,cooc,WEAK,leadership,direzione,Führung,,,
20,n,cooc,WEAK,making,creazione,Herstellung,,,
21,n,cooc,WEAK,medium,mezzo,Medium,,,
22,n,cooc,WEAK,meeting,riunione,Begegnung,,,
23,n,cooc,WEAK,message,messaggio,Information,,,
24,n,cooc,WEAK,notification,notifica,Verständigung,,,
25,n,cooc,WEAK,obligation,impegno,Verpflichtung,,,
26,n,cooc,WEAK,operation,operazione,Einsatz,,,
27,n,cooc,WEAK,paper,documento,Arbeit,,,
28,n,cooc,WEAK,pattern,tipo,Modell,,,
29,n,cooc,WEAK,payment,versamento,Anweisung,,,
30,n,cooc,WEAK,plan,piano,Konzept,,,
31,n,cooc,WEAK,planning,progettazione,Planung,,,
32,n,cooc,WEAK,presence,presenza,Auftreten,,,
33,n,cooc,WEAK,raising,educazione,Aufnahme,,,
34,n,cooc,WEAK,rate,tasso,Geschwindigkeit,,,
35,n,cooc,WEAK,receipt,ricevimento,Zugang,,,
36,n,cooc,WEAK,recreation,divertimento,Sport,,,
37,n,cooc,WEAK,research,ricerca,Erforschung,,,
38,n,cooc,WEAK,resolution,decisione,Aufklärung,,,
39,n,cooc,WEAK,respect,aspetto,Beziehung,,,
40,n,cooc,WEAK,responsibility,responsabilità,Verpflichtung,,,
41,n,cooc,WEAK,route,via,Weg,,,
42,n,cooc,WEAK,signal,segnale,Zeichen,,,
43,n,cooc,WEAK,skill,arte,Fähigkeit,,,
44,n,cooc,WEAK,speech,parola,Sprache,,,
45,n,cooc,WEAK,study,studio,Studium,,,
46,n,cooc,WEAK,style,linea,Stil,,,
47,n,cooc,WEAK,text,argomento,Inhalt,,,
48,n,cooc,WEAK,trade,commercio,Verkehr,,,
49,n,cooc,WEAK,trust,società,Vertrauen,,,
50,n,cooc,WEAK,way,via,Weg,,,
1,adj,cooc,,electronic,elettronico,elektronisch,0.636,1,bn:00102099a
2,adj,cooc,,commercial,commerciale,kommerziell,0.605,0,
3,adj,cooc,,visual,visivo,visuell,0.573,0,
4,adj,cooc,,verbal,verbale,verbal,0.55,2,bn:00113550a bn:00113548a
5,adj,cooc,,effective,efficace,wirksam,0.536,1,bn:00102038a
6,adj,cooc,,audiovisual,audiovisivo,audiovisuell,0.52,0,
7,adj,cooc,,mobile,mobile,mobil,0.509,0,
8,adj,cooc,,direct,diretto,direkt,0.499,0,
9,adj,cooc,,digital,digitale,digital,0.489,1,bn:00101371a
10,adj,cooc,,interpersonal,interpersonale,zwischenmenschlich,0.487,0,
11,adj,cooc,,active,attivo,aktiv,0.474,3,bn:00096385a bn:00096392a bn:00096384a
12,adj,cooc,,official,ufficiale,dienstlich,0.468,0,
13,adj,cooc,,external,esterno,extern,0.454,0,
14,adj,cooc,,cross-cultural,interculturale,interkulturell,0.439,0,
15,adj,cooc,,intercultural,interculturale,interkulturell,0.439,0,
16,adj,cooc,,unsolicited,spontaneo,unerbeten,0.434,0,
17,adj,cooc,,written,scritto,schriftlich,0.433,0,
18,adj,cooc,,unified,unificato,einheitlich,0.423,0,
19,adj,cooc,,secure,sicuro,sicher,0.421,0,
20,adj,cooc,,efficient,efficiente,effizient,0.413,1,bn:00102049a
21,adj,cooc,,open,aperto,offen,0.404,3,bn:00107879a bn:00099186a bn:00107891a
22,adj,cooc,,serial,seriale,seriell,0.403,0,
23,adj,cooc,,clear,chiaro,klar,0.403,1,bn:00099803a
24,adj,cooc,,optical,ottico,optisch,0.401,1,bn:00107730a
25,adj,cooc,,confidential,riservato,vertraulich,0.394,1,bn:00100230a
26,adj,cooc,,transparent,trasparente,transparent,0.394,1,bn:00100744a
27,adj,cooc,,authentic,autentico,authentisch,0.392,2,bn:00101997a bn:00097793a
28,adj,cooc,,oral,orale,mündlich,0.391,0,
29,adj,cooc,,modern,moderno,modern,0.383,3,bn:00096529a bn:00106822a bn:00106831a
30,adj,cooc,,bidirectional,bidirezionale,bidirektional,0.373,1,bn:00098329a
31,adj,cooc,,quick,veloce,schnell,0.371,1,bn:00102807a
32,adj,cooc,,strategic,strategico,strategisch,0.37,1,bn:00111286a
33,adj,cooc,,global,globale,weltweit,0.367,2,bn:00100536a bn:00103624a
34,adj,cooc,,good,buono,gut,0.362,2,bn:00103677a bn:00103672a
35,adj,cooc,,bilateral,bilaterale,bilateral,0.355,2,bn:00098369a bn:00098371a
36,adj,cooc,,rapid,rapido,schnell,0.35,2,bn:00102802a bn:00109438a
37,adj,cooc,,personal,personale,persönlich,0.35,1,bn:00108488a
38,adj,cooc,,fast,veloce,schnell,0.346,4,bn:00102802a bn:00102807a bn:00102805a bn:00109438a
39,adj,cooc,,private,privato,privat,0.337,0,
40,adj,cooc,,simple,semplice,einfach,0.334,1,bn:00101973a
41,adj,cooc,,advanced,avanzato,fortgeschritten,0.334,0,
42,adj,cooc,,adequate,adeguato,angemessen,0.327,0,
43,adj,cooc,,safe,sicuro,sicher,0.312,1,bn:00110046a
44,adj,cooc,,public,pubblico,öffentlich,0.311,1,bn:00109211a
45,adj,cooc,,inadequate,insufficiente,unzureichend,0.303,0,
46,adj,cooc,,accessible,accessibile,zugänglich,0.302,0,
47,adj,cooc,,appropriate,appropriato,angemessen,0.26,1,bn:00111427a
48,adj,cooc,,informal,informale,informell,0.242,0,
1,adj,cooc,WEAK,available,disponibile,zugänglich,,,
2,adj,cooc,WEAK,close,stretto,eng,,,
3,adj,cooc,WEAK,consistent,coerente,einheitlich,,,
4,adj,cooc,WEAK,constant,costante,ständig,,,
5,adj,cooc,WEAK,hard,difficile,schlecht,,,
6,adj,cooc,WEAK,honest,sincero,ehrlich,,,
7,adj,cooc,WEAK,immediate,immediato,direkt,,,
8,adj,cooc,WEAK,integral,integrale,integriert,,,
9,adj,cooc,WEAK,internal,interno,intern,,,
10,adj,cooc,WEAK,limited,limitato,eng,,,
11,adj,cooc,WEAK,new,nuovo,modern,,,
12,adj,cooc,WEAK,poor,scarso,schlecht,,,
13,adj,cooc,WEAK,precise,preciso,klar,,,
14,adj,cooc,WEAK,present,presente,laufend,,,
15,adj,cooc,WEAK,prompt,tempestivo,schnell,,,
16,adj,cooc,WEAK,proper,corretto,echt,,,
17,adj,cooc,WEAK,reciprocal,reciproco,wechselseitig,,,
18,adj,cooc,WEAK,regular,regolare,ständig,,,
19,adj,cooc,WEAK,reliable,sicuro,zuverlässig,,,
20,adj,cooc,WEAK,smooth,regolare,reibungslos,,,
21,adj,cooc,WEAK,standard,regolare,einheitlich,,,
22,adj,cooc,WEAK,strong,forte,intensiv,,,
23,adj,cooc,WEAK,vocal,vocale,mündlich,,,
1,v,cooc,,facilitate,facilitare,erleichtern,0.533,1,bn:00082531v
2,v,cooc,,intercept,intercettare,abfangen,0.524,1,bn:00089810v
3,v,cooc,,improve,migliorare,verbessern,0.494,1,bn:00082573v
4,v,cooc,,describe,descrivere,beschreiben,0.445,1,bn:00082233v
5,v,cooc,,promote,promuovere,fördern,0.438,0,
6,v,cooc,,define,definire,definieren,0.43,1,bn:00086465v
7,v,cooc,,submit,presentare,einreichen,0.428,0,
8,v,cooc,,analyse,analizzare,analysieren,0.427,1,bn:00082596v
9,v,cooc,,function,funzionare,funktionieren,0.424,1,bn:00088629v
10,v,cooc,,handle,trattare,behandeln,0.422,0,
11,v,cooc,,simplify,semplificare,vereinfachen,0.413,1,bn:00093755v
12,v,cooc,,establish,stabilire,etablieren,0.411,0,
13,v,cooc,,study,studiare,studieren,0.41,2,bn:00090266v bn:00094501v
14,v,cooc,,ensure,garantire,gewährleisten,0.408,1,bn:00082812v
15,v,cooc,,integrate,integrare,integrieren,0.396,1,bn:00089803v
16,v,cooc,,offer,offrire,bieten,0.392,0,
17,v,cooc,,see,vedere,sehen,0.39,2,bn:00093430v bn:00092443v
18,v,cooc,,restrict,limitare,beschränken,0.389,0,
19,v,cooc,,limit,limitare,beschränken,0.388,0,
20,v,cooc,,allow,consentire,zulassen,0.386,0,
21,v,cooc,,desire,desiderare,wünschen,0.385,0,
22,v,cooc,,interrupt,interrompere,unterbrechen,0.383,0,
23,v,cooc,,revolutionize,rivoluzionare,revolutionieren,0.381,1,bn:00091355v
24,v,cooc,,require,richiedere,erfordern,0.381,0,
25,v,cooc,,strengthen,rafforzare,stärken,0.378,1,bn:00083317v
26,v,cooc,,present,presentare,vorlegen,0.378,0,
27,v,cooc,,clarify,chiarire,verdeutlichen,0.377,0,
28,v,cooc,,exclude,escludere,ausschließen,0.376,0,
29,v,cooc,,exist,sussistere,bestehen,0.374,1,bn:00083184v
30,v,cooc,,examine,esaminare,prüfen,0.374,0,
31,v,cooc,,maintain,mantenere,pflegen,0.374,0,
32,v,cooc,,associate,congiungere,verbinden,0.373,0,
33,v,cooc,,decrypt,decifrare,entschlüsseln,0.368,1,bn:00086376v
34,v,cooc,,recognise,riconoscere,erkennen,0.368,1,bn:00086904v
35,v,cooc,,transmit,trasmettere,übertragen,0.368,1,bn:00082493v
36,v,cooc,,receive,ricevere,erhalten,0.367,1,bn:00089246v
37,v,cooc,,disrupt,disturbare,stören,0.364,0,
38,v,cooc,,stress,sottolineare,betonen,0.361,1,bn:00082195v
39,v,cooc,,mediate,mediare,vermitteln,0.36,1,bn:00082748v
40,v,cooc,,prohibit,vietare,untersagen,0.358,1,bn:00086877v
41,v,cooc,,introduce,introdurre,einführen,0.355,0,
42,v,cooc,,relay,trasmettere,übertragen,0.355,0,
43,v,cooc,,understand,comprendere,verstehen,0.354,1,bn:00082727v
44,v,cooc,,cover,coprire,decken,0.354,2,bn:00084032v bn:00085917v
45,v,cooc,,coordinate,coordinare,koordinieren,0.352,0,
46,v,cooc,,aim,mirare,zielen,0.35,0,
47,v,cooc,,impede,impedire,behindern,0.348,0,
48,v,cooc,,permit,permettere,erlauben,0.346,1,bn:00082536v
49,v,cooc,,intensify,intensificare,intensivieren,0.343,0,
50,v,cooc,,explore,esplorare,erforschen,0.343,0,
51,v,cooc,,optimize,ottimizzare,optimieren,0.34,1,bn:00091184v
52,v,cooc,,increase,aumentare,erhöhen,0.339,1,bn:00089667v
53,v,cooc,,deepen,approfondire,vertiefen,0.334,1,bn:00086443v
54,v,cooc,,choose,scegliere,wählen,0.334,1,bn:00084931v
55,v,cooc,,evolve,evolvere,entwickeln,0.333,0,
56,v,cooc,,accept,accettare,annehmen,0.332,1,bn:00082198v
57,v,cooc,,prevent,impedire,verhindern,0.331,2,bn:00088454v bn:00090033v
58,v,cooc,,need,necessitare,brauchen,0.331,0,
59,v,cooc,,direct,indirizzare,leiten,0.33,0,
60,v,cooc,,convey,trasmettere,vermitteln,0.324,0,
61,v,cooc,,supply,fornire,bereitstellen,0.322,0,
62,v,cooc,,contain,contenere,enthalten,0.322,1,bn:00083225v
63,v,cooc,,communicate,comunicare,kommunizieren,0.321,1,bn:00085439v
64,v,cooc,,block,bloccare,blockieren,0.32,2,bn:00083630v bn:00083103v
65,v,cooc,,hinder,ostacolare,behindern,0.32,0,
66,v,cooc,,protect,proteggere,schützen,0.318,1,bn:00090041v
67,v,cooc,,represent,rappresentare,darstellen,0.316,1,bn:00083187v
68,v,cooc,,influence,influenzare,beeinflussen,0.316,1,bn:00082304v
69,v,cooc,,do,fare,tun,0.31,1,bn:00082286v
70,v,cooc,,prefer,preferire,bevorzugen,0.31,1,bn:00091949v
71,v,cooc,,reinforce,rafforzare,verstärken,0.309,0,
72,v,cooc,,teach,insegnare,lehren,0.308,1,bn:00089791v
73,v,cooc,,shield,proteggere,schützen,0.308,0,
74,v,cooc,,implement,realizzare,realisieren,0.307,0,
75,v,cooc,,hamper,ostacolare,behindern,0.305,0,
76,v,cooc,,develop,sviluppare,entwickeln,0.305,1,bn:00086745v
77,v,cooc,,use,utilizzare,verwenden,0.305,1,bn:00082705v
78,v,cooc,,pertain,riguardare,betreffen,0.302,1,bn:00083240v
79,v,cooc,,aid,aiutare,helfen,0.298,1,bn:00082481v
80,v,cooc,,give,dare,geben,0.298,2,bn:00088815v bn:00088825v
81,v,cooc,,constitute,costituire,bilden,0.295,1,bn:00083187v
82,v,cooc,,keep,tenere,halten,0.292,0,
83,v,cooc,,reflect,rispecchiare,reflektieren,0.289,0,
84,v,cooc,,pass,passare,passieren,0.287,1,bn:00091307v
85,v,cooc,,show,dimostrare,zeigen,0.284,2,bn:00086567v bn:00086557v
86,v,cooc,,prove,dimostrare,nachweisen,0.284,0,
87,v,cooc,,contribute,contribuire,beitragen,0.279,0,
88,v,cooc,,conduct,condurre,führen,0.277,0,
89,v,cooc,,demonstrate,dimostrare,zeigen,0.276,2,bn:00086567v bn:00086557v
90,v,cooc,,work,funzionare,arbeiten,0.275,0,
91,v,cooc,,play,giocare,spielen,0.274,2,bn:00091711v bn:00091708v
92,v,cooc,,open,aprire,öffnen,0.274,0,
93,v,cooc,,help,aiutare,helfen,0.274,1,bn:00082481v
94,v,cooc,,create,creare,schaffen,0.269,1,bn:00086009v
95,v,cooc,,include,includere,umfassen,0.262,0,
96,v,cooc,,put,mettere,setzen,0.26,0,
97,v,cooc,,lack,mancare,fehlen,0.256,1,bn:00090161v
98,v,cooc,,grow,crescere,zunehmen,0.255,0,
99,v,cooc,,make,fare,machen,0.255,3,bn:00086013v bn:00084198v bn:00086008v
100,v,cooc,,depend,dipendere,abhängen,0.25,1,bn:00086606v
101,v,cooc,,follow,seguire,folgen,0.247,1,bn:00088020v
102,v,cooc,,indicate,indicare,zeigen,0.238,0,
103,v,cooc,,characterize,caratterizzare,kennzeichnen,0.233,0,
104,v,cooc,,mean,dire,bedeuten,0.229,1,bn:00089805v
105,v,cooc,,change,cambiare,ändern,0.225,1,bn:00082553v
106,v,cooc,,achieve,raggiungere,erreichen,0.224,1,bn:00082226v
107,v,cooc,,explain,spiegare,erklären,0.211,1,bn:00087819v
108,v,cooc,,reach,raggiungere,erreichen,0.197,2,bn:00082226v bn:00082901v
109,v,cooc,,take,prendere,nehmen,0.192,3,bn:00094731v bn:00085689v bn:00088762v
110,v,cooc,,speak,parlare,sprechen,0.186,1,bn:00094090v
111,v,cooc,,remain,rimanere,bleiben,0.176,3,bn:00085719v bn:00092756v bn:00091562v
112,v,cooc,,place,mettere,legen,0.174,1,bn:00090224v
113,v,cooc,,seem,sembrare,scheinen,0.173,1,bn:00082690v
1,v,cooc,WEAK,adopt,adottare,annehmen,,,
2,v,cooc,WEAK,affect,interessare,beeinflussen,,,
3,v,cooc,WEAK,announce,annunciare,erklären,,,
4,v,cooc,WEAK,appear,apparire,scheinen,,,
5,v,cooc,WEAK,assure,assicurare,sichern,,,
6,v,cooc,WEAK,authorise,autorizzare,zulassen,,,
7,v,cooc,WEAK,base,basare,basieren,,,
8,v,cooc,WEAK,be,diventare,liegen,,,
9,v,cooc,WEAK,become,diventare,stehen,,,
10,v,cooc,WEAK,boost,incentivare,stärken,,,
11,v,cooc,WEAK,break,interrompere,brechen,,,
12,v,cooc,WEAK,build,costruire,setzen,,,
13,v,cooc,WEAK,call,richiamare,bezeichnen,,,
14,v,cooc,WEAK,cause,determinare,bewirken,,,
15,v,cooc,WEAK,challenge,contestare,fordern,,,
16,v,cooc,WEAK,concentrate,concentrare,bündeln,,,
17,v,cooc,WEAK,concern,interessare,betreffen,,,
18,v,cooc,WEAK,conclude,concludere,schließen,,,
19,v,cooc,WEAK,connect,inserire,verbinden,,,
20,v,cooc,WEAK,consider,valutare,betrachten,,,
21,v,cooc,WEAK,control,controllare,steuern,,,
22,v,cooc,WEAK,cut,tagliare,senken,,,
23,v,cooc,WEAK,deal,trattare,geben,,,
24,v,cooc,WEAK,deliver,distribuire,abgeben,,,
25,v,cooc,WEAK,design,progettare,konzipieren,,,
26,v,cooc,WEAK,disclose,rilevare,aufdecken,,,
27,v,cooc,WEAK,discuss,trattare,diskutieren,,,
28,v,cooc,WEAK,draw,ritirare,zeichnen,,,
29,v,cooc,WEAK,drive,condurre,steuern,,,
30,v,cooc,WEAK,effect,effettuare,bewirken,,,
31,v,cooc,WEAK,emerge,risultare,entstehen,,,
32,v,cooc,WEAK,enable,permettere,ermöglichen,,,
33,v,cooc,WEAK,encompass,contenere,umfassen,,,
34,v,cooc,WEAK,encourage,incoraggiare,fördern,,,
35,v,cooc,WEAK,enhance,accrescere,verbessern,,,
36,v,cooc,WEAK,execute,interpretare,durchführen,,,
37,v,cooc,WEAK,experience,sperimentare,erfahren,,,
38,v,cooc,WEAK,fail,mancare,scheitern,,,
39,v,cooc,WEAK,finalise,concludere,vollenden,,,
40,v,cooc,WEAK,focus,concentrare,fokussieren,,,
41,v,cooc,WEAK,forward,inoltrare,fördern,,,
42,v,cooc,WEAK,foster,favorire,fördern,,,
43,v,cooc,WEAK,fulfil,realizzare,entsprechen,,,
44,v,cooc,WEAK,go,partire,gehen,,,
45,v,cooc,WEAK,govern,controllare,bestimmen,,,
46,v,cooc,WEAK,happen,avvenire,geschehen,,,
47,v,cooc,WEAK,head,puntare,leiten,,,
48,v,cooc,WEAK,identify,identificare,erkennen,,,
49,v,cooc,WEAK,imply,implicare,bedeuten,,,
50,v,cooc,WEAK,intend,intendere,bestimmen,,,
51,v,cooc,WEAK,invest,rivestire,einsetzen,,,
52,v,cooc,WEAK,involve,coinvolgere,umfassen,,,
53,v,cooc,WEAK,lay,porre,legen,,,
54,v,cooc,WEAK,lead,portare,führen,,,
55,v,cooc,WEAK,link,legare,verknüpfen,,,
56,v,cooc,WEAK,list,elencare,aufnehmen,,,
57,v,cooc,WEAK,look,sembrare,sehen,,,
58,v,cooc,WEAK,manage,gestire,steuern,,,
59,v,cooc,WEAK,market,esporre,gehen,,,
60,v,cooc,WEAK,matter,importare,ausmachen,,,
61,v,cooc,WEAK,monitor,controllare,überwachen,,,
62,v,cooc,WEAK,note,constatare,beachten,,,
63,v,cooc,WEAK,occur,avvenire,auftreten,,,
64,v,cooc,WEAK,originate,provenire,entstehen,,,
65,v,cooc,WEAK,plan,progettare,vorsehen,,,
66,v,cooc,WEAK,point,puntare,zeigen,,,
67,v,cooc,WEAK,possess,possedere,beherrschen,,,
68,v,cooc,WEAK,practice,seguire,üben,,,
69,v,cooc,WEAK,precede,precedere,einleiten,,,
70,v,cooc,WEAK,proceed,cominciare,verlaufen,,,
71,v,cooc,WEAK,process,elaborare,entwickeln,,,
72,v,cooc,WEAK,propose,proporre,anregen,,,
73,v,cooc,WEAK,provide,fornire,bieten,,,
74,v,cooc,WEAK,publish,pubblicare,eröffnen,,,
75,v,cooc,WEAK,regard,riguardare,betrachten,,,
76,v,cooc,WEAK,regulate,regolare,regeln,,,
77,v,cooc,WEAK,rely,dipendere,verlassen,,,
78,v,cooc,WEAK,restore,ristabilire,herstellen,,,
79,v,cooc,WEAK,result,risultare,entstehen,,,
80,v,cooc,WEAK,say,dire,sprechen,,,
81,v,cooc,WEAK,schedule,programmare,vorsehen,,,
82,v,cooc,WEAK,secure,garantire,sichern,,,
83,v,cooc,WEAK,seek,chiedere,suchen,,,
84,v,cooc,WEAK,send,inviare,übermitteln,,,
85,v,cooc,WEAK,set,fissare,setzen,,,
86,v,cooc,WEAK,shift,cambiare,verlagern,,,
87,v,cooc,WEAK,specify,specificare,bestimmen,,,
88,v,cooc,WEAK,state,affermare,erklären,,,
89,v,cooc,WEAK,stop,fermare,halten,,,
90,v,cooc,WEAK,store,fornire,speichern,,,
91,v,cooc,WEAK,suggest,suggerire,anregen,,,
92,v,cooc,WEAK,support,sostenere,unterstützen,,,
93,v,cooc,WEAK,surround,limitare,umfassen,,,
94,v,cooc,WEAK,switch,passare,ändern,,,
95,v,cooc,WEAK,terminate,finire,abbrechen,,,
96,v,cooc,WEAK,test,provare,testen,,,
97,v,cooc,WEAK,train,puntare,trainieren,,,
98,v,cooc,WEAK,transform,trasformare,verändern,,,
99,v,cooc,WEAK,underline,sottolineare,herausstellen,,,
100,v,cooc,WEAK,underpin,sostenere,stützen,,,
101,v,cooc,WEAK,utilize,utilizzare,nutzen,,,
102,v,cooc,WEAK,value,valutare,achten,,,
