idx_group,pos,rel,weak,lex_en,lex_it,lex_de,score,bs_count,babel_synsets
0,n,head,,farmer husbandman sodbuster,agricoltore fattore contadino,Züchter Agrarier Farmer,,1,bn:00033687n
1,n,sim,,producer,produttore,Produzent,0.329,1,bn:03927465n
2,n,sim,,entrepreneur,imprenditore,Unternehmer,0.313,2,bn:00009631n bn:00031011n
3,n,sim,,consumer,consumatore,Verbraucher,0.3,1,bn:00022095n
4,n,sim,,investor,investitore,Investor,0.294,1,bn:00047367n
5,n,sim,,worker,lavoratore,Arbeiter,0.294,1,bn:04801100n
6,n,sim,,merchant,commerciante,Händler,0.287,2,bn:00054417n bn:00013282n
7,n,sim,,trader,commerciante,Händler,0.287,1,bn:00013282n
8,n,sim,,employee,dipendente,Angestellte,0.286,0,
9,n,sim,,client,cliente,Auftraggeber,0.285,0,
10,n,sim,,operator,operatore,Operator,0.285,4,bn:00053226n bn:00059143n bn:00059141n bn:00059142n
11,n,sim,,customer,cliente,Auftraggeber,0.284,0,
12,n,sim,,buyer,acquirente,Käufer,0.282,1,bn:00014332n
13,n,sim,,institution,istituzione,Institution,0.275,2,bn:00046954n bn:00031641n
14,n,sim,,owner,proprietario,Inhaber,0.274,0,
15,n,sim,,teacher,insegnante,Lehrer,0.274,2,bn:00046958n bn:00076289n
16,n,sim,,supplier,fornitore,Lieferant,0.273,2,bn:00064912n bn:00053479n
17,n,sim,,agency,agenzia,Agentur,0.272,2,bn:00001961n bn:00001962n
18,n,sim,,applicant,richiedente,Bewerber,0.27,1,bn:00005091n
19,n,sim,,user,utente,Anwender,0.266,2,bn:16060211n bn:02763770n
20,n,sim,,doctor,medico,Ärztin,0.263,1,bn:00027976n
21,n,sim,,student,studente,Student,0.263,3,bn:00012135n bn:00079004n bn:00029806n
22,n,sim,,dealer,commerciante,Händler,0.261,1,bn:00013282n
23,n,sim,,american,americano,Amerikaner,0.26,0,
24,n,sim,,holder,titolare,Halter,0.256,0,
25,n,sim,,vendor,venditore,Verkäufer,0.256,1,bn:00053479n
26,n,sim,,builder,costruttore,Bauherr,0.255,0,
27,n,sim,,manager,gestore,Manager,0.25,2,bn:00020119n bn:00027366n
28,n,sim,,adult,adulto,Erwachsene,0.246,1,bn:00001525n
29,n,sim,,collector,collezionista,Sammler,0.245,2,bn:00002013n bn:00000779n
30,n,sim,,researcher,ricercatore,Forscher,0.243,1,bn:00047356n
31,n,sim,,candidate,candidato,Kandidat,0.241,1,bn:00015205n
32,n,sim,,judge,giudice,Richter,0.237,1,bn:00048488n
33,n,sim,,landlord,proprietario,Vermieter,0.232,1,bn:00049877n
34,n,sim,,expert,esperto,Experte,0.231,1,bn:00032322n
35,n,sim,,journalist,giornalista,Journalist,0.231,1,bn:00048461n
36,n,sim,,seller,venditore,Verkäufer,0.231,1,bn:00053479n
37,n,sim,,purchaser,acquirente,Käufer,0.23,1,bn:00014332n
38,n,sim,,smes,pmi,Smes,0.229,0,
39,n,sim,,volunteer,volontario,Freiwillige,0.229,0,
40,n,sim,,artist,artista,Künstler,0.228,1,bn:00006182n
41,n,sim,,voter,elettore,Wähler,0.228,1,bn:00030122n
42,n,sim,,association,associazione,Verband,0.227,2,bn:00020039n bn:00006539n
43,n,sim,,physician,medico,Ärztin,0.226,1,bn:00027976n
44,n,sim,,scientist,scienziato,Wissenschaftler,0.226,1,bn:00069680n
45,n,sim,,photographer,fotografo,Fotograf,0.222,1,bn:00050680n
46,n,sim,,retailer,rivenditore,Einzelhändler,0.222,0,
47,n,sim,,executive,dirigente,Führungskraft,0.219,0,
48,n,sim,,husband,marito,Ehemann,0.218,2,bn:00010161n bn:00045106n
49,n,sim,,officer,ufficiale,Offizier,0.217,1,bn:00054972n
50,n,sim,,engineer,ingegnere,Ingenieur,0.214,1,bn:00005106n
51,n,sim,,colleague,collega,Kollege,0.213,1,bn:00020621n
52,n,sim,,advocate,avvocato,Anwalt,0.212,0,
53,n,sim,,exporter,esportatore,Exporteur,0.212,1,bn:00032367n
54,n,sim,,issuer,emittente,Aussteller,0.212,0,
55,n,sim,,musician,musicista,Musiker,0.212,1,bn:00046975n
56,n,sim,,hunter,cacciatore,Jäger,0.211,1,bn:16616747n
57,n,sim,,politician,politico,Politiker,0.211,1,bn:00063277n
58,n,sim,,agent,agente,Agent,0.21,4,bn:00001976n bn:00001974n bn:00001973n bn:00001975n
59,n,sim,,athlete,atleta,Athlet,0.209,1,bn:00006747n
60,n,sim,,lawyer,avvocato,Rechtsanwalt,0.207,2,bn:00007051n bn:00008722n
61,n,sim,,traveler,viaggiatore,Reisende,0.207,1,bn:25263452n
62,n,sim,,slave,schiavo,Sklave,0.206,1,bn:00072080n
63,n,sim,,publisher,editore,Verleger,0.205,1,bn:11686868n
64,n,sim,,tradesman,commerciante,Händler,0.205,1,bn:00053470n
65,n,sim,,couple,coppia,Paar,0.204,3,bn:00012596n bn:00023268n bn:00012597n
66,n,sim,,pilot,pilota,Pilot,0.197,2,bn:00062422n bn:00002306n
67,n,sim,,actor,attore,Darsteller,0.196,1,bn:00001176n
68,n,sim,,intermediary,intermediario,Vermittler,0.193,1,bn:00040836n
69,n,sim,,activist,attivista,Aktivist,0.191,2,bn:00001171n bn:00001170n
70,n,sim,,craftmaker,artigiano,Handwerker,0.187,0,
71,n,sim,,craftsperson,artigiano,Handwerker,0.186,1,bn:00006157n
72,n,sim,,fisherman,pescatore,Fischer,0.186,1,bn:00034854n
73,n,sim,,agriculturalist,agricoltore,Landwirt,0.181,0,
74,n,sim,,artificer,artigiano,Handwerker,0.18,1,bn:00006157n
75,n,sim,,burgess,cittadino,Bürgerin,0.18,1,bn:00013962n
76,n,sim,,nurse,infermiere,Krankenschwester,0.18,2,bn:00058325n bn:00056797n
77,n,sim,,boy,ragazzo,Bursche,0.176,1,bn:00012569n
78,n,sim,,tenderer,offerente,Bieter,0.173,0,
79,n,sim,,teenager,adolescente,Teenager,0.17,1,bn:00001480n
80,n,sim,,senator,senatore,Senator,0.163,1,bn:00070461n
81,n,sim,,cultivator,coltivatore,Landwirt,0.161,1,bn:00033687n
82,n,sim,,labourer,lavoratore,Arbeiter,0.161,0,
83,n,sim,,scholar,studioso,Gelehrte,0.161,0,
84,n,sim,,handicraftsmen,artigiano,Handwerker,0.157,0,
85,n,sim,,laborer,lavoratore,Arbeiter,0.155,0,
86,n,sim,,artizan,artigiano,Handwerker,0.152,0,
87,n,sim,,writer,scrittore,Schriftsteller,0.149,1,bn:00007287n
88,n,sim,,christian,cristiano,Christian,0.143,2,bn:00037764n bn:00018818n
89,n,sim,,huntsman,cacciatore,Jäger,0.142,2,bn:16515690n bn:16616747n
90,n,sim,,fighter,combattente,Kämpfer,0.136,1,bn:00009186n
91,n,sim,,craftsman,artigiano,Handwerker,0.134,1,bn:00006157n
92,n,sim,,artisan,artigiano,Handwerker,0.132,1,bn:00006157n
93,n,sim,,crafter,artigiano,Handwerker,0.132,0,
94,n,sim,,handicraftsman,artigiano,Handwerker,0.131,0,
95,n,sim,,workman,operaio,Arbeiter,0.119,0,
96,n,sim,,herder,pastore,Hirte,0.1,1,bn:00028868n
1,n,sim,WEAK,author,scrittore,Autor,,,
2,n,sim,WEAK,authority,autorità,Experte,,,
3,n,sim,WEAK,brother,fratello,Kollege,,,
4,n,sim,WEAK,carrier,vettore,Träger,,,
5,n,sim,WEAK,contractor,contraente,Unternehmer,,,
6,n,sim,WEAK,day-labourer,bracciante,Tagelöhner,,,
7,n,sim,WEAK,developer,costruttore,Entwickler,,,
8,n,sim,WEAK,driver,autista,Autofahrer,,,
9,n,sim,WEAK,establishment,stabilimento,Institution,,,
10,n,sim,WEAK,father,padre,Führer,,,
11,n,sim,WEAK,girl,ragazza,Arbeiterin,,,
12,n,sim,WEAK,grower,coltivatore,Erzeuger,,,
13,n,sim,WEAK,guy,tipo,Bursche,,,
14,n,sim,WEAK,kid,bambino,Bursche,,,
15,n,sim,WEAK,lady,signora,Adelige,,,
16,n,sim,WEAK,leader,dirigente,Führer,,,
17,n,sim,WEAK,maker,costruttore,Aussteller,,,
18,n,sim,WEAK,man,uomo,Alte,,,
19,n,sim,WEAK,manufacturer,fabbricante,Produzent,,,
20,n,sim,WEAK,master,maestro,Lehrer,,,
21,n,sim,WEAK,member,membro,Angehörige,,,
22,n,sim,WEAK,minister,pastore,Minister,,,
23,n,sim,WEAK,ngos,ong,Ngo,,,
24,n,sim,WEAK,official,funzionario,Funktionär,,,
25,n,sim,WEAK,participant,partecipante,Beteiligte,,,
26,n,sim,WEAK,partner,partner,Beteiligte,,,
27,n,sim,WEAK,party,gruppo,Beteiligte,,,
28,n,sim,WEAK,passenger,passeggero,Reisende,,,
29,n,sim,WEAK,practitioner,medico,Anwender,,,
30,n,sim,WEAK,priest,sacerdote,Geistliche,,,
31,n,sim,WEAK,professional,professionista,Profi,,,
32,n,sim,WEAK,representative,rappresentante,Abgeordnete,,,
33,n,sim,WEAK,rider,ciclista,Reiter,,,
34,n,sim,WEAK,shop-keeper,negoziante,Händler,,,
35,n,sim,WEAK,shopkeeper,negoziante,Händler,,,
36,n,sim,WEAK,speaker,interlocutore,Referent,,,
37,n,sim,WEAK,stock,azione,Zucht,,,
38,n,sim,WEAK,supporter,tifoso,Träger,,,
39,n,sim,WEAK,tourist,turista,Reisende,,,
40,n,sim,WEAK,trade,commercio,Geschäftsleute,,,
41,n,sim,WEAK,unit,unità,Verband,,,
1,n,cooc,,artificer,artigiano,Handwerker,0.564,1,bn:00006157n
2,n,cooc,,fisherman,pescatore,Fischer,0.533,1,bn:00034854n
3,n,cooc,,artizan,artigiano,Handwerker,0.517,0,
4,n,cooc,,handicraftsmen,artigiano,Handwerker,0.516,0,
5,n,cooc,,vinedresser,vignaiolo,Winzer,0.503,0,
6,n,cooc,,craftsman,artigiano,Handwerker,0.502,1,bn:00006157n
7,n,cooc,,cultivator,coltivatore,Landwirt,0.499,1,bn:00033687n
8,n,cooc,,artisan,artigiano,Handwerker,0.492,1,bn:00006157n
9,n,cooc,,huntsman,cacciatore,Jäger,0.486,2,bn:16515690n bn:16616747n
10,n,cooc,,fisher,pescatore,Fischer,0.484,1,bn:00034854n
11,n,cooc,,boor,contadino,Bauer,0.47,1,bn:00008511n
12,n,cooc,,herder,pastore,Hirte,0.467,1,bn:00028868n
13,n,cooc,,tiller,coltivatore,Bauer,0.466,0,
14,n,cooc,,collector,collettore,Sammler,0.465,1,bn:00000779n
15,n,cooc,,peasant,contadino,Bauer,0.462,2,bn:00008511n bn:00061206n
16,n,cooc,,union,unione,Union,0.458,6,bn:00079094n bn:00021881n bn:00079093n bn:00021127n bn:00058032n bn:00079077n
17,n,cooc,,pastoralist,pastore,Hirte,0.457,0,
18,n,cooc,,tradesman,commerciante,Händler,0.455,1,bn:00053470n
19,n,cooc,,miner,minatore,Bergarbeiter,0.445,1,bn:00055123n
20,n,cooc,,gardener,giardiniere,Gärtner,0.443,1,bn:00037329n
21,n,cooc,,cooperative,cooperativa,Kooperative,0.441,1,bn:00020111n
22,n,cooc,,trader,commerciante,Händler,0.441,1,bn:00013282n
23,n,cooc,,labourer,lavoratore,Arbeiter,0.432,0,
24,n,cooc,,holder,titolare,Halter,0.431,0,
25,n,cooc,,beekeeper,apicoltore,Imker,0.429,1,bn:00004898n
26,n,cooc,,environmentalist,ambientalista,Umweltschützer,0.426,1,bn:00021973n
27,n,cooc,,dealer,commerciante,Händler,0.425,1,bn:00013282n
28,n,cooc,,supplier,fornitore,Lieferant,0.423,2,bn:00064912n bn:00053479n
29,n,cooc,,hunter,cacciatore,Jäger,0.414,1,bn:16616747n
30,n,cooc,,farmworker,contadino,Bauer,0.411,0,
31,n,cooc,,farmer,agricoltore,Farmer,0.409,1,bn:00033687n
32,n,cooc,,buyer,acquirente,Käufer,0.407,1,bn:00014332n
33,n,cooc,,purchaser,acquirente,Käufer,0.402,1,bn:00014332n
34,n,cooc,,owner,proprietario,Eigentümer,0.398,1,bn:00059954n
35,n,cooc,,worker,lavoratore,Arbeiter,0.398,1,bn:04801100n
36,n,cooc,,merchant,commerciante,Händler,0.397,2,bn:00054417n bn:00013282n
37,n,cooc,,farm,fattoria,Bauernhof,0.392,1,bn:00033676n
38,n,cooc,,co-operative,cooperativa,Kooperative,0.38,0,
39,n,cooc,,laborer,lavoratore,Arbeiter,0.378,0,
40,n,cooc,,soldier,soldato,Soldat,0.378,3,bn:00013585n bn:00080510n bn:00072698n
41,n,cooc,,contractor,imprenditore,Unternehmer,0.37,0,
42,n,cooc,,vet,veterinario,Tierarzt,0.357,1,bn:00079883n
43,n,cooc,,activist,attivista,Aktivist,0.353,2,bn:00001171n bn:00001170n
44,n,cooc,,setting,ambiente,Umgebung,0.352,0,
45,n,cooc,,consumer,consumatore,Verbraucher,0.351,1,bn:00022095n
46,n,cooc,,vendor,venditore,Verkäufer,0.348,1,bn:00053479n
47,n,cooc,,premium,premio,Prämie,0.338,1,bn:00012428n
48,n,cooc,,entrepreneur,imprenditore,Unternehmer,0.336,2,bn:00009631n bn:00031011n
49,n,cooc,,producer,produttore,Produzent,0.331,1,bn:03927465n
50,n,cooc,,association,associazione,Verein,0.327,2,bn:00020039n bn:00006539n
51,n,cooc,,people,gente,Leute,0.312,1,bn:00061450n
52,n,cooc,,folk,gente,Leute,0.309,0,
53,n,cooc,,income,reddito,Einkommen,0.306,1,bn:14505599n
54,n,cooc,,authority,autorità,Behörde,0.293,0,
55,n,cooc,,application,domanda,Antrag,0.291,0,
56,n,cooc,,area,zona,Gebiet,0.288,1,bn:00082076n
57,n,cooc,,weaver,tessitore,Weber,0.284,1,bn:00080768n
58,n,cooc,,servant,servitore,Knecht,0.276,1,bn:00067423n
59,n,cooc,,woman,donna,Frau,0.273,2,bn:00001530n bn:00034016n
60,n,cooc,,representative,rappresentante,Vertreter,0.266,0,
61,n,cooc,,market,mercato,Markt,0.261,3,bn:00053459n bn:00053458n bn:00053461n
62,n,cooc,,researcher,ricercatore,Forscher,0.256,1,bn:00047356n
63,n,cooc,,scientist,scienziato,Wissenschaftler,0.254,1,bn:00069680n
64,n,cooc,,member,membro,Mitglied,0.247,2,bn:00054277n bn:00034004n
65,n,cooc,,government,governo,Regierung,0.223,1,bn:00001426n
66,n,cooc,,rule,governo,Regierung,0.208,0,
67,n,cooc,,plant,impianto,Pflanze,0.203,0,
68,n,cooc,,group,gruppo,Gruppe,0.202,4,bn:00073698n bn:00018111n bn:00041942n bn:00041943n
69,n,cooc,,household,famiglia,Haushalt,0.19,1,bn:00032892n
70,n,cooc,,means,possibilità,Möglichkeit,0.184,0,
71,n,cooc,,support,sostegno,Unterstützung,0.176,1,bn:00075331n
72,n,cooc,,training,formazione,Training,0.172,2,bn:00012992n bn:00041853n
73,n,cooc,,family,famiglia,Familie,0.159,2,bn:00032893n bn:00032896n
74,n,cooc,,aid,aiuto,Hilfe,0.131,2,bn:00055177n bn:00002155n
1,n,cooc,WEAK,access,attacco,Zugang,,,
2,n,cooc,WEAK,administration,amministrazione,Regierung,,,
3,n,cooc,WEAK,agent,agente,Vertreter,,,
4,n,cooc,WEAK,builder,costruttore,Bauarbeiter,,,
5,n,cooc,WEAK,business,azienda,Betrieb,,,
6,n,cooc,WEAK,condition,condizione,Auflage,,,
7,n,cooc,WEAK,contribution,contributo,Beihilfe,,,
8,n,cooc,WEAK,denomination,taglio,Gruppe,,,
9,n,cooc,WEAK,distributor,distributore,Vertreter,,,
10,n,cooc,WEAK,driver,automobilista,Fahrer,,,
11,n,cooc,WEAK,enterprise,impresa,Betrieb,,,
12,n,cooc,WEAK,entitlement,autorizzazione,Anspruch,,,
13,n,cooc,WEAK,form,forma,Art,,,
14,n,cooc,WEAK,generation,età,Geschlecht,,,
15,n,cooc,WEAK,grower,coltivatore,Erzeuger,,,
16,n,cooc,WEAK,hand,operaio,Hand,,,
17,n,cooc,WEAK,keeper,custode,Züchter,,,
18,n,cooc,WEAK,land,terra,Land,,,
19,n,cooc,WEAK,landscaper,giardiniere,Landschaftsarchitekt,,,
20,n,cooc,WEAK,leader,leader,Vorsitzende,,,
21,n,cooc,WEAK,maker,costruttore,Aussteller,,,
22,n,cooc,WEAK,manager,gestore,Trainer,,,
23,n,cooc,WEAK,manufacturer,industriale,Produzent,,,
24,n,cooc,WEAK,operator,operatore,Unternehmer,,,
25,n,cooc,WEAK,organisation,organizzazione,Vereinigung,,,
26,n,cooc,WEAK,payment,pagamento,Leistung,,,
27,n,cooc,WEAK,produce,produzione,Produkt,,,
28,n,cooc,WEAK,public,pubblico,Welt,,,
29,n,cooc,WEAK,region,regione,Gebiet,,,
30,n,cooc,WEAK,repayment,pagamento,Entschädigung,,,
31,n,cooc,WEAK,right,bene,Recht,,,
32,n,cooc,WEAK,scheme,sistema,Projekt,,,
33,n,cooc,WEAK,service,servizio,Leistung,,,
34,n,cooc,WEAK,shopkeeper,negoziante,Händler,,,
35,n,cooc,WEAK,slave,schiavo,Knecht,,,
36,n,cooc,WEAK,stock,base,Bestand,,,
37,n,cooc,WEAK,stockbreeder,allevatore,Viehzüchter,,,
38,n,cooc,WEAK,subsidy,sovvenzione,Beihilfe,,,
39,n,cooc,WEAK,subsistence,sussistenza,Existenz,,,
40,n,cooc,WEAK,user,utente,Verbraucher,,,
1,adj,cooc,,poor,povero,arm,0.431,1,bn:00108798a
2,adj,cooc,,responsible,responsabile,verantwortungsbewusst,0.412,0,
3,adj,cooc,,canadian,canadese,kanadisch,0.362,0,
4,adj,cooc,,ignorant,ignorante,unwissend,0.346,0,
5,adj,cooc,,white,bianco,weiß,0.342,1,bn:00113830a
6,adj,cooc,,industrious,operoso,fleißig,0.341,0,
7,adj,cooc,,small,piccolo,wenig,0.341,0,
8,adj,cooc,,well-to-do,abbiente,wohlhabend,0.336,0,
9,adj,cooc,,interested,interessato,interessiert,0.329,1,bn:00105275a
10,adj,cooc,,australian,australiano,australisch,0.32,1,bn:00097786a
11,adj,cooc,,indian,indiano,indisch,0.319,0,
12,adj,cooc,,mexican,messicano,mexikanisch,0.316,0,
13,adj,cooc,,wealthy,ricco,reich,0.316,1,bn:00096612a
14,adj,cooc,,african,africano,afrikanisch,0.312,0,
15,adj,cooc,,local,locale,lokal,0.312,1,bn:00106109a
16,adj,cooc,,palestinian,palestinese,palästinensisch,0.311,0,
17,adj,cooc,,present,presente,anwesend,0.31,0,
18,adj,cooc,,young,giovane,jung,0.31,1,bn:00104589a
19,adj,cooc,,unaware,ignaro,ahnungslos,0.309,0,
20,adj,cooc,,american,americano,amerikanisch,0.307,1,bn:00096963a
21,adj,cooc,,passionate,appassionato,leidenschaftlich,0.301,1,bn:00097467a
22,adj,cooc,,irish,irlandese,irisch,0.286,1,bn:00105419a
23,adj,cooc,,rich,ricco,reich,0.285,1,bn:00096612a
24,adj,cooc,,diligent,diligente,fleißig,0.283,0,
25,adj,cooc,,danish,danese,dänisch,0.269,1,bn:00100897a
26,adj,cooc,,furious,furibondo,wütend,0.264,0,
27,adj,cooc,,active,attivo,aktiv,0.259,3,bn:00096384a bn:00096385a bn:00096392a
28,adj,cooc,,desperate,disperato,verzweifelt,0.259,0,
29,adj,cooc,,british,britannico,britisch,0.245,1,bn:00098883a
30,adj,cooc,,honest,onesto,ehrlich,0.207,1,bn:00104302a
31,adj,cooc,,french,francese,französisch,0.198,1,bn:00103321a
32,adj,cooc,,dutch,olandese,niederländisch,0.192,1,bn:00101908a
1,adj,cooc,WEAK,affiliated,affiliato,angeschlossen,,,
2,adj,cooc,WEAK,concerned,interessato,betroffen,,,
3,adj,cooc,WEAK,conventional,comune,konventionell,,,
4,adj,cooc,WEAK,familiar,comune,bekannt,,,
5,adj,cooc,WEAK,hard-working,laborioso,fleißig,,,
6,adj,cooc,WEAK,independent,indipendente,privat,,,
7,adj,cooc,WEAK,individual,individuale,einzeln,,,
8,adj,cooc,WEAK,keen,appassionato,begeistert,,,
9,adj,cooc,WEAK,prosperous,favorevole,wohlhabend,,,
1,v,cooc,,breed,allevare,züchten,0.455,1,bn:00084034v
2,v,cooc,,cultivate,coltivare,pflegen,0.427,0,
3,v,cooc,,acquire,acquisire,erwerben,0.424,1,bn:00082280v
4,v,cooc,,import,importare,importieren,0.414,1,bn:00089626v
5,v,cooc,,sell,vendere,verkaufen,0.413,1,bn:00093472v
6,v,cooc,,favour,favorire,bevorzugen,0.399,0,
7,v,cooc,,undertake,intraprendere,unternehmen,0.392,0,
8,v,cooc,,feed,alimentare,füttern,0.386,2,bn:00091098v bn:00088084v
9,v,cooc,,harvest,raccogliere,ernten,0.385,1,bn:00088884v
10,v,cooc,,compensate,compensare,entschädigen,0.351,0,
11,v,cooc,,motivate,motivare,motivieren,0.347,1,bn:00082313v
12,v,cooc,,help,aiutare,helfen,0.346,1,bn:00082481v
13,v,cooc,,facilitate,facilitare,erleichtern,0.338,1,bn:00082531v
14,v,cooc,,force,costringere,zwingen,0.338,0,
15,v,cooc,,hop,saltare,springen,0.338,0,
16,v,cooc,,multiply,moltiplicare,vermehren,0.334,0,
17,v,cooc,,reap,raccogliere,ernten,0.332,1,bn:00088884v
18,v,cooc,,complain,lamentare,klagen,0.331,0,
19,v,cooc,,practice,praticare,praktizieren,0.331,0,
20,v,cooc,,represent,rappresentare,vertreten,0.331,0,
21,v,cooc,,induce,indurre,veranlassen,0.329,0,
22,v,cooc,,benefit,beneficiare,profitieren,0.328,1,bn:00083413v
23,v,cooc,,practise,praticare,praktizieren,0.328,0,
24,v,cooc,,prefer,preferire,bevorzugen,0.325,1,bn:00091949v
25,v,cooc,,use,utilizzare,verwenden,0.322,1,bn:00082705v
26,v,cooc,,fear,temere,fürchten,0.321,2,bn:00087284v bn:00088065v
27,v,cooc,,abandon,abbandonare,verlassen,0.317,3,bn:00082122v bn:00082118v bn:00082119v
28,v,cooc,,claim,rivendicare,behaupten,0.317,1,bn:00085016v
29,v,cooc,,protest,protestare,protestieren,0.316,0,
30,v,cooc,,fulfill,compiere,erfüllen,0.311,0,
31,v,cooc,,produce,produrre,produzieren,0.31,3,bn:00084198v bn:00086013v bn:00084082v
32,v,cooc,,retain,conservare,behalten,0.309,1,bn:00089386v
33,v,cooc,,struggle,lottare,kämpfen,0.307,1,bn:00085711v
34,v,cooc,,leave,abbandonare,verlassen,0.306,0,
35,v,cooc,,oblige,obbligare,verpflichten,0.306,0,
36,v,cooc,,supply,fornire,liefern,0.301,0,
37,v,cooc,,prepare,preparare,bereiten,0.299,0,
38,v,cooc,,compel,costringere,zwingen,0.298,0,
39,v,cooc,,implement,compiere,erfüllen,0.297,0,
40,v,cooc,,aid,aiutare,helfen,0.296,1,bn:00082481v
41,v,cooc,,commit,impegnare,verpflichten,0.296,0,
42,v,cooc,,earn,guadagnare,verdienen,0.296,3,bn:00087452v bn:00084089v bn:00082280v
43,v,cooc,,buy,acquistare,kaufen,0.294,1,bn:00084331v
44,v,cooc,,fulfil,compiere,erfüllen,0.294,0,
45,v,cooc,,reward,premiare,belohnen,0.294,0,
46,v,cooc,,locate,individuare,finden,0.292,0,
47,v,cooc,,build,costruire,bauen,0.289,1,bn:00084198v
48,v,cooc,,cause,causare,veranlassen,0.288,0,
49,v,cooc,,act,agire,handeln,0.287,0,
50,v,cooc,,reassure,rassicurare,versichern,0.286,1,bn:00092461v
51,v,cooc,,report,segnalare,melden,0.286,0,
52,v,cooc,,cut,tagliare,schneiden,0.285,1,bn:00086178v
53,v,cooc,,own,possedere,besitzen,0.285,1,bn:00089241v
54,v,cooc,,request,richiedere,bitten,0.285,0,
55,v,cooc,,assist,assistere,helfen,0.284,1,bn:00082481v
56,v,cooc,,know,sapere,wissen,0.284,1,bn:00085261v
57,v,cooc,,advise,avvisare,beraten,0.282,0,
58,v,cooc,,check,controllare,prüfen,0.281,0,
59,v,cooc,,convince,convincere,überzeugen,0.279,1,bn:00085767v
60,v,cooc,,purchase,acquistare,kaufen,0.279,1,bn:00084331v
61,v,cooc,,turn,girare,wenden,0.279,2,bn:00095233v bn:00086173v
62,v,cooc,,invest,investire,investieren,0.277,1,bn:00085429v
63,v,cooc,,spend,spendere,verbringen,0.276,0,
64,v,cooc,,play,giocare,spielen,0.275,2,bn:00091711v bn:00091708v
65,v,cooc,,kill,uccidere,töten,0.273,1,bn:00090098v
66,v,cooc,,exclude,escludere,ausschließen,0.272,0,
67,v,cooc,,commence,cominciare,beginnen,0.27,2,bn:00083342v bn:00083340v
68,v,cooc,,refuse,rifiutare,ablehnen,0.27,1,bn:00086390v
69,v,cooc,,receive,ricevere,erhalten,0.267,1,bn:00089246v
70,v,cooc,,persuade,persuadere,überzeugen,0.266,1,bn:00091565v
71,v,cooc,,maintain,mantenere,pflegen,0.265,0,
72,v,cooc,,live,vivere,leben,0.264,2,bn:00083191v bn:00087441v
73,v,cooc,,participate,partecipare,teilnehmen,0.264,1,bn:00091451v
74,v,cooc,,assure,assicurare,versichern,0.263,1,bn:00082879v
75,v,cooc,,gather,raccogliere,sammeln,0.262,0,
76,v,cooc,,labor,lavorare,arbeiten,0.262,0,
77,v,cooc,,try,tentare,versuchen,0.261,2,bn:00087731v bn:00082844v
78,v,cooc,,expect,aspettare,erwarten,0.26,1,bn:00082963v
79,v,cooc,,certify,attestare,bestätigen,0.258,0,
80,v,cooc,,ask,chiedere,fragen,0.257,1,bn:00082819v
81,v,cooc,,hope,sperare,hoffen,0.256,0,
82,v,cooc,,marry,sposare,heiraten,0.256,1,bn:00085614v
83,v,cooc,,possess,possedere,besitzen,0.256,1,bn:00089241v
84,v,cooc,,allow,consentire,erlauben,0.254,0,
85,v,cooc,,take,prendere,nehmen,0.253,3,bn:00085689v bn:00094731v bn:00088762v
86,v,cooc,,emerge,emergere,entstehen,0.249,1,bn:00087561v
87,v,cooc,,mean,dire,meinen,0.249,1,bn:00089805v
88,v,cooc,,raise,aumentare,erhöhen,0.249,0,
89,v,cooc,,choose,scegliere,wählen,0.248,1,bn:00084931v
90,v,cooc,,work,lavorare,arbeiten,0.248,1,bn:00095812v
91,v,cooc,,battle,combattere,kämpfen,0.245,1,bn:00083173v
92,v,cooc,,seek,cercare,suchen,0.245,1,bn:00090460v
93,v,cooc,,thank,ringraziare,danken,0.244,1,bn:00088854v
94,v,cooc,,fight,combattere,kämpfen,0.243,1,bn:00085711v
95,v,cooc,,look,guardare,sehen,0.241,0,
96,v,cooc,,deliver,consegnare,liefern,0.24,1,bn:00086531v
97,v,cooc,,suffer,soffrire,leiden,0.24,1,bn:00082138v
98,v,cooc,,give,dare,geben,0.233,2,bn:00088815v bn:00088825v
99,v,cooc,,name,chiamare,nennen,0.233,1,bn:00084385v
100,v,cooc,,create,creare,schaffen,0.232,1,bn:00086009v
101,v,cooc,,ensure,assicurare,sorgen,0.231,0,
102,v,cooc,,learn,imparare,lernen,0.231,1,bn:00082281v
103,v,cooc,,wait,aspettare,warten,0.231,1,bn:00089401v
104,v,cooc,,threaten,minacciare,drohen,0.229,1,bn:00087612v
105,v,cooc,,lose,perdere,verlieren,0.228,2,bn:00090486v bn:00090489v
106,v,cooc,,place,mettere,legen,0.227,1,bn:00090224v
107,v,cooc,,hit,colpire,treffen,0.226,0,
108,v,cooc,,say,dire,sagen,0.226,1,bn:00093287v
109,v,cooc,,bring,portare,bringen,0.225,1,bn:00084058v
110,v,cooc,,get,ottenere,erhalten,0.217,0,
111,v,cooc,,increase,aumentare,erhöhen,0.217,1,bn:00089667v
112,v,cooc,,protect,proteggere,schützen,0.217,1,bn:00090041v
113,v,cooc,,inform,informare,informieren,0.213,1,bn:00082416v
114,v,cooc,,keep,tenere,halten,0.213,0,
115,v,cooc,,permit,permettere,erlauben,0.21,1,bn:00082536v
116,v,cooc,,obtain,ottenere,erhalten,0.209,0,
117,v,cooc,,welcome,accogliere,begrüßen,0.209,1,bn:00092491v
118,v,cooc,,die,morire,sterben,0.207,1,bn:00084343v
119,v,cooc,,switch,passare,wechseln,0.205,0,
120,v,cooc,,save,salvare,sparen,0.204,0,
121,v,cooc,,understand,capire,verstehen,0.202,1,bn:00082727v
122,v,cooc,,attack,attaccare,angreifen,0.201,1,bn:00082838v
123,v,cooc,,prevent,prevenire,verhindern,0.199,2,bn:00090033v bn:00088454v
124,v,cooc,,tell,dire,sagen,0.199,1,bn:00093287v
125,v,cooc,,operate,operare,arbeiten,0.194,0,
126,v,cooc,,promise,promettere,versprechen,0.194,0,
127,v,cooc,,decide,decidere,entscheiden,0.193,2,bn:00082354v bn:00086370v
128,v,cooc,,find,trovare,finden,0.191,2,bn:00084231v bn:00088204v
129,v,cooc,,caution,avvertire,warnen,0.19,0,
130,v,cooc,,warn,avvertire,warnen,0.19,0,
131,v,cooc,,feel,sentire,fühlen,0.188,0,
132,v,cooc,,hold,tenere,halten,0.18,1,bn:00089385v
133,v,cooc,,do,fare,tun,0.173,1,bn:00082286v
134,v,cooc,,see,vedere,sehen,0.171,2,bn:00092443v bn:00093430v
135,v,cooc,,change,cambiare,wechseln,0.153,1,bn:00084772v
136,v,cooc,,begin,iniziare,beginnen,0.151,2,bn:00083342v bn:00083340v
137,v,cooc,,put,mettere,setzen,0.145,0,
138,v,cooc,,start,iniziare,beginnen,0.144,2,bn:00083342v bn:00083340v
139,v,cooc,,cast,lanciare,werfen,0.083,1,bn:00094934v
1,v,cooc,WEAK,adopt,adottare,annehmen,,,
2,v,cooc,WEAK,affect,interessare,treffen,,,
3,v,cooc,WEAK,allocate,assegnare,vergeben,,,
4,v,cooc,WEAK,apply,applicare,verwenden,,,
5,v,cooc,WEAK,attend,assistere,besuchen,,,
6,v,cooc,WEAK,attract,attirare,ansprechen,,,
7,v,cooc,WEAK,be,diventare,liegen,,,
8,v,cooc,WEAK,bear,sopportare,tragen,,,
9,v,cooc,WEAK,become,diventare,stehen,,,
10,v,cooc,WEAK,belong,concernere,gehören,,,
11,v,cooc,WEAK,block,bloccare,zustellen,,,
12,v,cooc,WEAK,cease,smettere,beenden,,,
13,v,cooc,WEAK,characterise,caratterizzare,beschreiben,,,
14,v,cooc,WEAK,clear,liberare,klären,,,
15,v,cooc,WEAK,concern,interessare,kümmern,,,
16,v,cooc,WEAK,connect,collegare,landen,,,
17,v,cooc,WEAK,consider,considerare,prüfen,,,
18,v,cooc,WEAK,cost,venire,kosten,,,
19,v,cooc,WEAK,cover,comprendere,decken,,,
20,v,cooc,WEAK,deal,commerciare,geben,,,
21,v,cooc,WEAK,declare,dichiarare,behaupten,,,
22,v,cooc,WEAK,deem,ritenere,befinden,,,
23,v,cooc,WEAK,demand,chiedere,verlangen,,,
24,v,cooc,WEAK,deprive,privare,ausschließen,,,
25,v,cooc,WEAK,derive,trarre,übernehmen,,,
26,v,cooc,WEAK,detect,individuare,entdecken,,,
27,v,cooc,WEAK,dig,scavare,ernten,,,
28,v,cooc,WEAK,discover,trovare,entdecken,,,
29,v,cooc,WEAK,dispossess,privare,enteignen,,,
30,v,cooc,WEAK,drive,portare,fahren,,,
31,v,cooc,WEAK,educate,istruire,informieren,,,
32,v,cooc,WEAK,effect,effettuare,erzielen,,,
33,v,cooc,WEAK,embrace,sposare,annehmen,,,
34,v,cooc,WEAK,employ,impiegare,beschäftigen,,,
35,v,cooc,WEAK,enable,permettere,ermöglichen,,,
36,v,cooc,WEAK,encounter,incontrare,finden,,,
37,v,cooc,WEAK,encourage,incoraggiare,fördern,,,
38,v,cooc,WEAK,engage,impegnare,beteiligen,,,
39,v,cooc,WEAK,enroll,iscrivere,aufnehmen,,,
40,v,cooc,WEAK,enter,entrare,eintragen,,,
41,v,cooc,WEAK,establish,stabilire,schaffen,,,
42,v,cooc,WEAK,experience,sperimentare,erleben,,,
43,v,cooc,WEAK,express,esprimere,abgeben,,,
44,v,cooc,WEAK,frustrate,deludere,verhindern,,,
45,v,cooc,WEAK,grant,dare,gewähren,,,
46,v,cooc,WEAK,grow,coltivare,wachsen,,,
47,v,cooc,WEAK,guarantee,assicurare,garantieren,,,
48,v,cooc,WEAK,have,disporre,besitzen,,,
49,v,cooc,WEAK,hurt,ferire,treffen,,,
50,v,cooc,WEAK,identify,identificare,erkennen,,,
51,v,cooc,WEAK,incur,sostenere,laufen,,,
52,v,cooc,WEAK,intend,intendere,meinen,,,
53,v,cooc,WEAK,invite,invitare,laden,,,
54,v,cooc,WEAK,involve,coinvolgere,beteiligen,,,
55,v,cooc,WEAK,lead,portare,gehen,,,
56,v,cooc,WEAK,let,permettere,lassen,,,
57,v,cooc,WEAK,make,fare,treffen,,,
58,v,cooc,WEAK,manage,gestire,schaffen,,,
59,v,cooc,WEAK,market,comprare,verkaufen,,,
60,v,cooc,WEAK,meet,soddisfare,treffen,,,
61,v,cooc,WEAK,need,volere,brauchen,,,
62,v,cooc,WEAK,notify,notificare,mitteilen,,,
63,v,cooc,WEAK,occupy,occupare,beschäftigen,,,
64,v,cooc,WEAK,offer,presentare,bieten,,,
65,v,cooc,WEAK,oppose,contrastare,ablehnen,,,
66,v,cooc,WEAK,owe,dovere,verdanken,,,
67,v,cooc,WEAK,pay,pagare,zahlen,,,
68,v,cooc,WEAK,plan,progettare,planen,,,
69,v,cooc,WEAK,plant,piantare,pflanzen,,,
70,v,cooc,WEAK,prompt,spingere,veranlassen,,,
71,v,cooc,WEAK,provide,fornire,bieten,,,
72,v,cooc,WEAK,push,spingere,treiben,,,
73,v,cooc,WEAK,realize,capire,erkennen,,,
74,v,cooc,WEAK,rear,allevare,aufziehen,,,
75,v,cooc,WEAK,record,incidere,aufnehmen,,,
76,v,cooc,WEAK,recruit,reclutare,werben,,,
77,v,cooc,WEAK,refer,sottoporre,verweisen,,,
78,v,cooc,WEAK,register,iscrivere,registrieren,,,
79,v,cooc,WEAK,release,liberare,veröffentlichen,,,
80,v,cooc,WEAK,relieve,sollevare,erleichtern,,,
81,v,cooc,WEAK,rely,dipendere,vertrauen,,,
82,v,cooc,WEAK,replace,sostituire,austauschen,,,
83,v,cooc,WEAK,require,richiedere,benötigen,,,
84,v,cooc,WEAK,reside,abitare,wohnen,,,
85,v,cooc,WEAK,respect,rispettare,achten,,,
86,v,cooc,WEAK,result,risultare,entstehen,,,
87,v,cooc,WEAK,run,gestire,laufen,,,
88,v,cooc,WEAK,select,selezionare,wählen,,,
89,v,cooc,WEAK,serve,scontare,erfüllen,,,
90,v,cooc,WEAK,set,stabilire,setzen,,,
91,v,cooc,WEAK,settle,definire,vereinbaren,,,
92,v,cooc,WEAK,situate,situare,legen,,,
93,v,cooc,WEAK,sow,seminare,anbauen,,,
94,v,cooc,WEAK,subject,sottoporre,unterwerfen,,,
95,v,cooc,WEAK,submit,presentare,abgeben,,,
96,v,cooc,WEAK,subsidise,sovvenzionare,unterstützen,,,
97,v,cooc,WEAK,subsidize,sovvenzionare,unterstützen,,,
98,v,cooc,WEAK,support,sostenere,unterstützen,,,
99,v,cooc,WEAK,surrender,cedere,übergeben,,,
100,v,cooc,WEAK,sustain,sostenere,erhalten,,,
101,v,cooc,WEAK,tax,tassare,schätzen,,,
102,v,cooc,WEAK,teach,istruire,geben,,,
103,v,cooc,WEAK,tend,pendere,pflegen,,,
104,v,cooc,WEAK,till,coltivare,bestellen,,,
105,v,cooc,WEAK,toil,faticare,arbeiten,,,
106,v,cooc,WEAK,train,addestrare,lernen,,,
107,v,cooc,WEAK,transfer,trasferire,übergeben,,,
108,v,cooc,WEAK,treat,curare,nehmen,,,
109,v,cooc,WEAK,urge,sollecitare,treiben,,,
110,v,cooc,WEAK,walk,percorrere,gehen,,,
111,v,cooc,WEAK,want,volere,wünschen,,,
112,v,cooc,WEAK,wish,volere,wünschen,,,
113,v,cooc,WEAK,woo,sollecitare,suchen,,,
