idx_group,pos,rel,weak,lex_en,lex_it,lex_de,score,bs_count,babel_synsets
0,n,head,,emotion,emozione commozione moto,Gefühl Empfindung Befinden,,1,bn:00030581n
1,n,sim,,thought,pensiero,Gedanke,0.433,0,
2,n,sim,,joy,gioia,Freude,0.409,1,bn:00048468n
3,n,sim,,consciousness,coscienza,Bewusstsein,0.406,1,bn:00007498n
4,n,sim,,sense,senso,Sinn,0.401,4,bn:00000657n bn:00070499n bn:00070498n bn:00070494n
5,n,sim,,fear,paura,Angst,0.395,1,bn:00033854n
6,n,sim,,feeling,sensazione,Gefühl,0.395,2,bn:00033963n bn:00033965n
7,n,sim,,desire,desiderio,Wunsch,0.394,1,bn:03683735n
8,n,sim,,anxiety,ansia,Angst,0.392,1,bn:00004801n
9,n,sim,,passion,passione,Leidenschaft,0.392,1,bn:00060907n
10,n,sim,,love,amore,Liebe,0.388,1,bn:00052121n
11,n,sim,,spirit,spirito,Geist,0.377,1,bn:00027551n
12,n,sim,,pain,dolore,Schmerz,0.373,2,bn:00060182n bn:00060181n
13,n,sim,,freedom,libertà,Freiheit,0.367,1,bn:00050954n
14,n,sim,,memory,memoria,Erinnerung,0.366,0,
15,n,sim,,dream,sogno,Traum,0.365,2,bn:00028658n bn:00028659n
16,n,sim,,thinking,pensiero,Denken,0.365,1,bn:00017339n
17,n,sim,,mind,mente,Geist,0.359,1,bn:00012681n
18,n,sim,,moment,momento,Moment,0.359,5,bn:00077679n bn:00055596n bn:00010728n bn:00055597n bn:00046942n
19,n,sim,,happiness,felicità,Glück,0.356,2,bn:00042905n bn:00033981n
20,n,sim,,sentiment,sentimento,Gefühl,0.356,1,bn:00033963n
21,n,sim,,nature,natura,Natur,0.354,3,bn:00057017n bn:00057016n bn:00075760n
22,n,sim,,factor,momento,Moment,0.352,0,
23,n,sim,,idea,idea,Idee,0.352,1,bn:00045800n
24,n,sim,,experience,esperienza,Erfahrung,0.351,2,bn:00032307n bn:00032306n
25,n,sim,,impression,impressione,Eindruck,0.351,1,bn:15574532n
26,n,sim,,personality,personalità,Persönlichkeit,0.35,1,bn:00061736n
27,n,sim,,reality,realtà,Wirklichkeit,0.35,1,bn:00066418n
28,n,sim,,belief,fede,Glaube,0.346,1,bn:00032768n
29,n,sim,,expression,espressione,Ausdruck,0.346,2,bn:00006386n bn:00032395n
30,n,sim,,behavior,comportamento,Verhalten,0.345,2,bn:00009657n bn:00009656n
31,n,sim,,truth,verità,Wahrheit,0.345,4,bn:00000782n bn:00076789n bn:00078460n bn:00072816n
32,n,sim,,beauty,bellezza,Schönheit,0.344,2,bn:00009439n bn:00009436n
33,n,sim,,soul,anima,Seele,0.344,1,bn:00072886n
34,n,sim,,manner,modo,Weise,0.339,0,
35,n,sim,,movement,movimento,Bewegung,0.338,3,bn:00056030n bn:00036632n bn:00056029n
36,n,sim,,character,carattere,Charakter,0.337,1,bn:00017748n
37,n,sim,,will,volontà,Wille,0.337,1,bn:00080216n
38,n,sim,,situation,situazione,Situation,0.335,3,bn:00063707n bn:00071858n bn:00071869n
39,n,sim,,faith,fede,Glaube,0.334,2,bn:00032770n bn:00032768n
40,n,sim,,perception,percezione,Wahrnehmung,0.334,2,bn:00061500n bn:00061502n
41,n,sim,,sensus,senso,Sinn,0.334,0,
42,n,sim,,behaviour,comportamento,Verhalten,0.333,2,bn:00009657n bn:00009656n
43,n,sim,,style,stile,Art,0.333,0,
44,n,sim,,knowledge,conoscenza,Wissen,0.332,1,bn:00020452n
45,n,sim,,meaning,significato,Bedeutung,0.332,2,bn:00046139n bn:00054009n
46,n,sim,,sound,suono,Ton,0.331,0,
47,n,sim,,word,parola,Wort,0.331,1,bn:00081546n
48,n,sim,,aspect,aspetto,Aspekt,0.33,1,bn:00006385n
49,n,sim,,energy,energia,Energie,0.33,1,bn:00030820n
50,n,sim,,ability,capacità,Fähigkeit,0.329,2,bn:00005193n bn:00000317n
51,n,sim,,hope,speranza,Hoffnung,0.329,2,bn:00044737n bn:00044740n
52,n,sim,,heart,cuore,Herz,0.328,3,bn:00001744n bn:00012289n bn:00043383n
53,n,sim,,representation,rappresentazione,Darstellung,0.327,1,bn:15061631n
54,n,sim,,sensation,sensazione,Empfindung,0.327,1,bn:00070494n
55,n,sim,,history,storia,Geschichte,0.326,4,bn:00000738n bn:00044267n bn:00044268n bn:00044270n
56,n,sim,,story,storia,Geschichte,0.326,2,bn:00056857n bn:00000738n
57,n,sim,,culture,cultura,Kultur,0.325,1,bn:00024369n
58,n,sim,,language,lingua,Sprache,0.324,2,bn:00049910n bn:00077565n
59,n,sim,,thing,cosa,Sache,0.324,2,bn:00001734n bn:00076925n
60,n,sim,,past,passato,Vergangenheit,0.323,1,bn:00060927n
61,n,sim,,tension,tensione,Spannung,0.323,1,bn:00076553n
62,n,sim,,voice,voce,Stimme,0.323,2,bn:00060770n bn:00062019n
63,n,sim,,awareness,consapevolezza,Bewusstsein,0.322,1,bn:00007498n
64,n,sim,,atmosphere,atmosfera,Atmosphäre,0.321,3,bn:00006803n bn:00003263n bn:00006807n
65,n,sim,,being,essere,Sein,0.32,2,bn:00009676n bn:00009677n
66,n,sim,,music,musica,Musik,0.32,2,bn:00031853n bn:00056443n
67,n,sim,,fantasy,fantasia,Fantasie,0.317,1,bn:00033644n
68,n,sim,,grief,dolore,Trauer,0.317,0,
69,n,sim,,motive,motivo,Motiv,0.317,2,bn:00056023n bn:00056024n
70,n,sim,,cause,motivo,Grund,0.316,1,bn:00016851n
71,n,sim,,image,immagine,Bild,0.316,2,bn:00045972n bn:00045970n
72,n,sim,,evolution,evoluzione,Entwicklung,0.315,0,
73,n,sim,,reason,motivo,Grund,0.314,3,bn:00041881n bn:00016851n bn:00066443n
74,n,sim,,strength,forza,Stärke,0.314,1,bn:00074615n
75,n,sim,,attitude,atteggiamento,Haltung,0.313,1,bn:00007048n
76,n,sim,,picture,immagine,Bild,0.312,2,bn:00032381n bn:00045970n
77,n,sim,,fact,fatto,Tatsache,0.311,2,bn:00032654n bn:00032655n
78,n,sim,,perspective,prospettiva,Perspektive,0.311,1,bn:00051351n
79,n,sim,,element,elemento,Element,0.31,6,bn:00030300n bn:00030301n bn:00018105n bn:00030299n bn:00021394n bn:00021396n
80,n,sim,,quality,qualità,Qualität,0.31,2,bn:00065538n bn:00014731n
81,n,sim,,fun,divertimento,Spaß,0.309,1,bn:00036813n
82,n,sim,,need,bisogno,Bedürfnis,0.306,1,bn:00026107n
83,n,sim,,tradition,tradizione,Tradition,0.306,2,bn:00077883n bn:00024592n
84,n,sim,,theme,tema,Thema,0.305,3,bn:00074900n bn:00045803n bn:00056025n
85,n,sim,,violence,violenza,Gewalt,0.305,2,bn:00035772n bn:00034115n
86,n,sim,,concept,concetto,Konzept,0.304,1,bn:00021547n
87,n,sim,,notion,concetto,Begriff,0.304,0,
88,n,sim,,color,colore,Farbe,0.302,1,bn:00020726n
89,n,sim,,difficulty,difficoltà,Schwierigkeit,0.302,1,bn:00027040n
90,n,sim,,possibility,possibilità,Möglichkeit,0.301,1,bn:00017621n
91,n,sim,,colour,colore,Farbe,0.299,1,bn:00020726n
92,n,sim,,creativity,creatività,Kreativität,0.299,1,bn:00023659n
93,n,sim,,magic,magia,Magie,0.297,2,bn:00021893n bn:00052688n
94,n,sim,,enthusiasm,entusiasmo,Begeisterung,0.296,0,
95,n,sim,,value,valore,Wert,0.296,5,bn:00079509n bn:00079508n bn:00079511n bn:00029680n bn:00058151n
96,n,sim,,vision,visione,Vision,0.293,3,bn:00071509n bn:00080106n bn:00080108n
97,n,sim,,stuff,materiale,Material,0.291,1,bn:00053801n
98,n,sim,,topic,argomento,Thema,0.29,1,bn:00074900n
99,n,sim,,identity,identità,Identität,0.288,2,bn:00045824n bn:00045825n
100,n,sim,,existence,esistenza,Existenz,0.287,1,bn:00009676n
101,n,sim,,interpretation,interpretazione,Interpretation,0.287,4,bn:00047199n bn:00047196n bn:00047198n bn:00047197n
102,n,sim,,outcome,risultato,Ergebnis,0.287,2,bn:00021961n bn:00034520n
103,n,sim,,illness,malattia,Krankheit,0.286,2,bn:00045952n bn:00027546n
104,n,sim,,mood,umore,Stimmung,0.283,1,bn:00045201n
105,n,sim,,trust,fede,Vertrauen,0.283,0,
106,n,sim,,confidence,fede,Vertrauen,0.277,0,
107,n,sim,,suffering,sofferenza,Leiden,0.276,0,
108,n,sim,,reflection,riflessione,Reflexion,0.274,4,bn:00022140n bn:00066813n bn:00066812n bn:00066810n
109,n,sim,,habit,abitudine,Gewohnheit,0.273,1,bn:00024591n
110,n,sim,,affection,affetto,Zuneigung,0.272,1,bn:00001744n
111,n,sim,,engagement,impegno,Engagement,0.27,3,bn:00012127n bn:00030844n bn:00002819n
112,n,sim,,excitement,eccitazione,Erregung,0.27,1,bn:00032145n
113,n,sim,,wealth,ricchezza,Reichtum,0.27,1,bn:00080746n
114,n,sim,,intelligence,intelligenza,Intelligenz,0.265,1,bn:00047025n
115,n,sim,,reaction,reazione,Reaktion,0.265,2,bn:00032493n bn:00018121n
116,n,sim,,motivation,motivazione,Motivation,0.262,1,bn:00056037n
117,n,sim,,narrative,narrazione,Erzählung,0.262,1,bn:00056857n
118,n,sim,,curiosity,curiosità,Neugier,0.261,1,bn:00024488n
119,n,sim,,health,salute,Gesundheit,0.261,1,bn:00043358n
120,n,sim,,mystery,mistero,Geheimnis,0.26,1,bn:00019934n
121,n,sim,,rhythm,ritmo,Rhythmus,0.26,1,bn:00009396n
122,n,sim,,interest,interesse,Interesse,0.256,6,bn:00047079n bn:00047080n bn:00047077n bn:00021556n bn:00047081n bn:00047083n
123,n,sim,,satisfaction,soddisfazione,Zufriedenheit,0.255,1,bn:00069327n
124,n,sim,,expectation,aspettativa,Erwartung,0.251,1,bn:00004639n
125,n,sim,,talent,talento,Talent,0.251,2,bn:00030806n bn:00075959n
126,n,sim,,view,vista,Blick,0.248,0,
127,n,sim,,commitment,impegno,Engagement,0.241,1,bn:00002819n
128,n,sim,,rage,rabbia,Wut,0.239,1,bn:00036910n
129,n,sim,,trait,caratteristica,Merkmal,0.238,0,
130,n,sim,,message,messaggio,Nachricht,0.236,1,bn:00054523n
131,n,sim,,characteristic,caratteristica,Merkmal,0.235,2,bn:00065538n bn:00017762n
132,n,sim,,compassion,compassione,Mitgefühl,0.23,3,bn:00021008n bn:00021318n bn:00021319n
133,n,sim,,concern,preoccupazione,Sorge,0.228,1,bn:00021556n
134,n,sim,,friendship,amicizia,Freundschaft,0.228,1,bn:00036545n
135,n,sim,,worry,preoccupazione,Sorge,0.227,1,bn:00078425n
136,n,sim,,disappointment,delusione,Enttäuschung,0.225,1,bn:00027430n
137,n,sim,,imagination,immaginazione,Phantasie,0.225,0,
138,n,sim,,evil,male,Übel,0.224,1,bn:00032050n
139,n,sim,,sadness,tristezza,Traurigkeit,0.22,2,bn:00068782n bn:00068783n
140,n,sim,,challenge,sfida,Herausforderung,0.218,1,bn:00017558n
141,n,sim,,frustration,frustrazione,Frustration,0.205,2,bn:00035584n bn:00025856n
142,n,sim,,humor,umore,Humor,0.202,3,bn:00045200n bn:00045201n bn:00011735n
143,n,sim,,disorder,confusione,Verwirrung,0.201,0,
144,n,sim,,horror,orrore,Schrecken,0.2,0,
145,n,sim,,wisdom,saggezza,Weisheit,0.2,1,bn:00069220n
146,n,sim,,insecurity,insicurezza,Unsicherheit,0.189,1,bn:00046878n
147,n,sim,,responsibility,responsabilità,Verantwortung,0.186,2,bn:00029239n bn:00067370n
148,n,sim,,hatred,odio,Hass,0.179,2,bn:00043140n bn:00004710n
149,n,sim,,confusion,confusione,Verwirrung,0.177,1,bn:00021788n
150,n,sim,,stress,stress,Belastung,0.165,3,bn:00074519n bn:00074633n bn:00072796n
151,n,sim,,noise,rumore,Geräusch,0.158,1,bn:00057863n
152,n,sim,,trauma,trauma,Trauma,0.155,3,bn:00043011n bn:00000694n bn:00065011n
153,n,sim,,empathy,empatia,Empathie,0.152,1,bn:00030588n
1,n,sim,WEAK,anger,rabbia,Verärgerung,,,
2,n,sim,WEAK,background,ambiente,Hintergrund,,,
3,n,sim,WEAK,circumstance,condizione,Umstand,,,
4,n,sim,WEAK,consequence,risultato,Folge,,,
5,n,sim,WEAK,content,concetto,Inhalt,,,
6,n,sim,WEAK,effect,risultato,Wirkung,,,
7,n,sim,WEAK,impact,impressione,Wirkung,,,
8,n,sim,WEAK,intention,idea,Absicht,,,
9,n,sim,WEAK,judgment,discernimento,Entscheidung,,,
10,n,sim,WEAK,kind,tipo,Art,,,
11,n,sim,WEAK,nostalgia,nostalgia,Sehnsucht,,,
12,n,sim,WEAK,opinion,pensiero,Meinung,,,
13,n,sim,WEAK,pleasure,divertimento,Freude,,,
14,n,sim,WEAK,purpose,risultato,Ziel,,,
15,n,sim,WEAK,response,reazione,Antwort,,,
16,n,sim,WEAK,scenario,scenario,Plan,,,
17,n,sim,WEAK,skill,arte,Fähigkeit,,,
18,n,sim,WEAK,sort,tipo,Art,,,
19,n,sim,WEAK,speech,parola,Sprache,,,
20,n,sim,WEAK,substance,sostanza,Materie,,,
21,n,sim,WEAK,symptom,segno,Erscheinung,,,
22,n,sim,WEAK,taste,gusto,Neigung,,,
23,n,sim,WEAK,trend,moda,Entwicklung,,,
24,n,sim,WEAK,type,tipo,Art,,,
25,n,sim,WEAK,understanding,intelligenza,Verständnis,,,
26,n,sim,WEAK,weakness,passione,Schwäche,,,
1,n,cooc,,feeling,sensazione,Gefühl,0.552,2,bn:00033963n bn:00033965n
2,n,cooc,,thought,pensiero,Gedanke,0.524,0,
3,n,cooc,,reaction,reazione,Reaktion,0.498,2,bn:00032493n bn:00018121n
4,n,cooc,,behaviour,comportamento,Verhalten,0.496,2,bn:00009657n bn:00009656n
5,n,cooc,,sensation,sensazione,Empfindung,0.465,1,bn:00070494n
6,n,cooc,,thinking,pensiero,Denken,0.465,1,bn:00017339n
7,n,cooc,,passion,passione,Leidenschaft,0.463,1,bn:00060907n
8,n,cooc,,tension,tensione,Spannung,0.463,1,bn:00076553n
9,n,cooc,,experience,esperienza,Erfahrung,0.459,2,bn:00032307n bn:00032306n
10,n,cooc,,desire,desiderio,Wunsch,0.457,1,bn:03683735n
11,n,cooc,,memory,memoria,Erinnerung,0.454,0,
12,n,cooc,,sentiment,sentimento,Gefühl,0.453,1,bn:00033963n
13,n,cooc,,impression,impressione,Eindruck,0.45,1,bn:15574532n
14,n,cooc,,dream,sogno,Traum,0.445,2,bn:00028658n bn:00028659n
15,n,cooc,,mind,mente,Geist,0.437,1,bn:00012681n
16,n,cooc,,heart,cuore,Herz,0.436,3,bn:00001744n bn:00012289n bn:00043383n
17,n,cooc,,behavior,comportamento,Verhalten,0.425,2,bn:00009657n bn:00009656n
18,n,cooc,,image,immagine,Bild,0.425,2,bn:00045972n bn:00045970n
19,n,cooc,,intuition,intuizione,Intuition,0.425,2,bn:00047307n bn:00045216n
20,n,cooc,,sense,senso,Sinn,0.422,4,bn:00000657n bn:00070499n bn:00070498n bn:00070494n
21,n,cooc,,pain,dolore,Schmerz,0.421,2,bn:00060182n bn:00060181n
22,n,cooc,,anger,rabbia,Zorn,0.42,2,bn:00004085n bn:00004086n
23,n,cooc,,situation,situazione,Situation,0.419,3,bn:00063707n bn:00071858n bn:00071869n
24,n,cooc,,relationship,relazione,Beziehung,0.417,2,bn:00033359n bn:00045161n
25,n,cooc,,empathy,empatia,Empathie,0.415,1,bn:00030588n
26,n,cooc,,energy,energia,Energie,0.412,1,bn:00030820n
27,n,cooc,,consciousness,consapevolezza,Bewusstsein,0.408,1,bn:00007498n
28,n,cooc,,joy,gioia,Freude,0.408,1,bn:00048468n
29,n,cooc,,fear,paura,Angst,0.407,1,bn:00033854n
30,n,cooc,,expression,espressione,Ausdruck,0.406,2,bn:00006386n bn:00032395n
31,n,cooc,,perception,percezione,Wahrnehmung,0.406,2,bn:00061500n bn:00061502n
32,n,cooc,,affection,affetto,Zuneigung,0.405,1,bn:00001744n
33,n,cooc,,atmosphere,atmosfera,Atmosphäre,0.402,3,bn:00006803n bn:00003263n bn:00006807n
34,n,cooc,,tear,lacrima,Träne,0.4,2,bn:00076312n bn:00024162n
35,n,cooc,,body,corpo,Körper,0.399,1,bn:00011744n
36,n,cooc,,moment,momento,Moment,0.396,5,bn:00077679n bn:00055596n bn:00010728n bn:00055597n bn:00046942n
37,n,cooc,,idea,idea,Idee,0.395,1,bn:00045800n
38,n,cooc,,gesture,gesto,Geste,0.386,2,bn:00040336n bn:00040335n
39,n,cooc,,conflict,conflitto,Konflikt,0.385,3,bn:00021769n bn:00009080n bn:00021766n
40,n,cooc,,cognition,cognizione,Erkenntnis,0.369,1,bn:00020452n
41,n,cooc,,picture,immagine,Bild,0.362,2,bn:00032381n bn:00045970n
42,n,cooc,,sadness,tristezza,Traurigkeit,0.361,2,bn:00068782n bn:00068783n
43,n,cooc,,grief,dolore,Trauer,0.36,0,
44,n,cooc,,humor,umorismo,Humor,0.358,4,bn:00045199n bn:00045200n bn:00045201n bn:00045202n
45,n,cooc,,sound,suono,Ton,0.358,0,
46,n,cooc,,stress,stress,Stress,0.353,7,bn:00035778n bn:00074633n bn:00035564n bn:00074634n bn:00074519n bn:00000641n bn:00072796n
47,n,cooc,,humour,umorismo,Humor,0.349,4,bn:00045199n bn:00045200n bn:00045201n bn:00045202n
48,n,cooc,,instinct,istinto,Instinkt,0.345,1,bn:00046765n
49,n,cooc,,meaning,significato,Bedeutung,0.343,2,bn:00046139n bn:00054009n
50,n,cooc,,compassion,compassione,Mitgefühl,0.337,3,bn:00021008n bn:00021318n bn:00021319n
51,n,cooc,,anxiety,ansia,Angst,0.335,1,bn:00004801n
52,n,cooc,,sympathy,simpatia,Mitgefühl,0.335,1,bn:00034003n
53,n,cooc,,imagination,immaginazione,Phantasie,0.33,0,
54,n,cooc,,need,bisogno,Bedarf,0.328,1,bn:00026107n
55,n,cooc,,story,storia,Geschichte,0.326,2,bn:00056857n bn:00000738n
56,n,cooc,,impulse,impulso,Impuls,0.325,1,bn:00015704n
57,n,cooc,,motivation,motivazione,Motivation,0.323,1,bn:00056037n
58,n,cooc,,reason,motivo,Vernunft,0.322,0,
59,n,cooc,,excitement,eccitazione,Erregung,0.318,1,bn:00032145n
60,n,cooc,,love,amore,Liebe,0.316,1,bn:00052121n
61,n,cooc,,attitude,atteggiamento,Haltung,0.314,1,bn:00007048n
62,n,cooc,,intensity,intensità,Intensität,0.311,2,bn:00047043n bn:00047042n
63,n,cooc,,drama,dramma,Drama,0.31,3,bn:00028604n bn:00028605n bn:00028606n
64,n,cooc,,pathos,pathos,Pathos,0.3,5,bn:00021008n bn:00021319n bn:00061014n bn:00061015n bn:00060907n
65,n,cooc,,understanding,comprensione,Verständnis,0.288,2,bn:00021432n bn:00005134n
66,n,cooc,,word,parola,Wort,0.288,1,bn:00081546n
67,n,cooc,,happiness,felicità,Glück,0.282,2,bn:00042905n bn:00033981n
68,n,cooc,,motive,motivo,Motiv,0.235,2,bn:00056023n bn:00056024n
1,n,cooc,WEAK,action,azione,Handeln,,,
2,n,cooc,WEAK,connection,relazione,Verbindung,,,
3,n,cooc,WEAK,depth,intensità,Tiefe,,,
4,n,cooc,WEAK,detection,scoperta,Wahrnehmung,,,
5,n,cooc,WEAK,distress,angoscia,Schmerz,,,
6,n,cooc,WEAK,intention,idea,Absicht,,,
7,n,cooc,WEAK,mood,stato,Stimmung,,,
8,n,cooc,WEAK,movement,gesto,Bewegung,,,
9,n,cooc,WEAK,nostalgia,nostalgia,Sehnsucht,,,
10,n,cooc,WEAK,opinion,pensiero,Meinung,,,
11,n,cooc,WEAK,process,sistema,Vorgang,,,
12,n,cooc,WEAK,response,reazione,Antwort,,,
13,n,cooc,WEAK,rest,quiete,Ruhe,,,
14,n,cooc,WEAK,romance,racconto,Romantik,,,
15,n,cooc,WEAK,spirit,energia,Geist,,,
16,n,cooc,WEAK,theme,motivo,Gegenstand,,,
17,n,cooc,WEAK,will,voglia,Wille,,,
1,adj,cooc,,negative,negativo,negativ,0.593,0,
2,adj,cooc,,intense,intenso,intensiv,0.525,0,
3,adj,cooc,,mixed,misto,gemischt,0.515,0,
4,adj,cooc,,positive,positivo,positiv,0.498,0,
5,adj,cooc,,strong,forte,stark,0.495,3,bn:00103195a bn:00103942a bn:00111312a
6,adj,cooc,,deep,profondo,tief,0.484,0,
7,adj,cooc,,indescribable,indescrivibile,unbeschreiblich,0.479,0,
8,adj,cooc,,uncomfortable,spiacevole,unangenehm,0.473,0,
9,adj,cooc,,profound,profondo,tief,0.459,0,
10,adj,cooc,,unpleasant,sgradevole,unangenehm,0.444,0,
11,adj,cooc,,pleasurable,piacevole,angenehm,0.432,0,
12,adj,cooc,,repressed,represso,verdrängt,0.43,0,
13,adj,cooc,,genuine,genuino,echt,0.427,0,
14,adj,cooc,,painful,doloroso,schmerzhaft,0.422,1,bn:00108168a
15,adj,cooc,,human,umano,menschlich,0.42,1,bn:00104386a
16,adj,cooc,,overwhelming,travolgente,überwältigend,0.418,0,
17,adj,cooc,,pleasant,piacevole,angenehm,0.418,1,bn:00108680a
18,adj,cooc,,incredible,incredibile,unglaublich,0.393,1,bn:00104891a
19,adj,cooc,,subjective,soggettivo,subjektiv,0.388,0,
20,adj,cooc,,true,vero,wahr,0.388,1,bn:00112146a
21,adj,cooc,,unbelievable,incredibile,unglaublich,0.386,1,bn:00104891a
22,adj,cooc,,certain,certo,sicher,0.382,1,bn:00099475a
23,adj,cooc,,high,alto,groß,0.381,0,
24,adj,cooc,,violent,violento,heftig,0.371,1,bn:00100653a
25,adj,cooc,,own,proprio,eigen,0.363,1,bn:00096707a
26,adj,cooc,,sure,certo,sicher,0.354,1,bn:00099475a
27,adj,cooc,,inner,interiore,innerlich,0.346,0,
28,adj,cooc,,aesthetic,estetico,ästhetisch,0.336,1,bn:00096583a
29,adj,cooc,,pure,puro,rein,0.334,1,bn:00109248a
30,adj,cooc,,good,buono,gut,0.323,2,bn:00103672a bn:00103677a
31,adj,cooc,,prevailing,prevalente,vorherrschend,0.319,1,bn:00101689a
32,adj,cooc,,easy,facile,leicht,0.31,1,bn:00101973a
33,adj,cooc,,unconscious,inconscio,unbewusst,0.31,0,
34,adj,cooc,,personal,personale,persönlich,0.309,1,bn:00108488a
35,adj,cooc,,predominant,prevalente,vorherrschend,0.309,1,bn:00101689a
36,adj,cooc,,vivid,vivido,lebhaft,0.307,0,
37,adj,cooc,,prevalent,prevalente,vorherrschend,0.295,1,bn:00101689a
38,adj,cooc,,subtle,sottile,subtil,0.289,1,bn:00102136a
39,adj,cooc,,similar,simile,ähnlich,0.288,2,bn:00105977a bn:00096782a
40,adj,cooc,,like,simile,ähnlich,0.286,2,bn:00105977a bn:00096782a
41,adj,cooc,,passionate,passionale,leidenschaftlich,0.284,0,
42,adj,cooc,,extreme,estremo,extrem,0.279,2,bn:00102659a bn:00102658a
43,adj,cooc,,rare,raro,selten,0.278,0,
44,adj,cooc,,spontaneous,spontaneo,spontan,0.246,1,bn:00110319a
45,adj,cooc,,different,diverso,unterschiedlich,0.227,0,
1,adj,cooc,WEAK,apparent,apparente,offenbar,,,
2,adj,cooc,WEAK,authentic,autentico,echt,,,
3,adj,cooc,WEAK,basic,fondamentale,elementar,,,
4,adj,cooc,WEAK,characteristic,proprio,eigenartig,,,
5,adj,cooc,WEAK,clear,sereno,rein,,,
6,adj,cooc,WEAK,conflicting,contrastante,widersprüchlich,,,
7,adj,cooc,WEAK,disruptive,distruttivo,störend,,,
8,adj,cooc,WEAK,distressing,doloroso,peinlich,,,
9,adj,cooc,WEAK,dominant,dominante,vorherrschend,,,
10,adj,cooc,WEAK,fresh,dolce,lebhaft,,,
11,adj,cooc,WEAK,fundamental,fondamentale,elementar,,,
12,adj,cooc,WEAK,hard,difficile,schlecht,,,
13,adj,cooc,WEAK,heartfelt,sincero,innig,,,
14,adj,cooc,WEAK,heavy,pesante,stark,,,
15,adj,cooc,WEAK,honest,sincero,ehrlich,,,
16,adj,cooc,WEAK,kind,buono,freundlich,,,
17,adj,cooc,WEAK,natural,naturale,echt,,,
18,adj,cooc,WEAK,obvious,evidente,offenbar,,,
19,adj,cooc,WEAK,other,diverso,sonstig,,,
20,adj,cooc,WEAK,plain,evidente,rein,,,
21,adj,cooc,WEAK,potent,potente,stark,,,
22,adj,cooc,WEAK,powerful,potente,stark,,,
23,adj,cooc,WEAK,present,presente,gegenwärtig,,,
24,adj,cooc,WEAK,proper,proprio,richtig,,,
25,adj,cooc,WEAK,raw,vivo,rein,,,
26,adj,cooc,WEAK,real,reale,wirklich,,,
27,adj,cooc,WEAK,sad,doloroso,schlimm,,,
28,adj,cooc,WEAK,sheer,puro,bloß,,,
29,adj,cooc,WEAK,sincere,sincero,ehrlich,,,
30,adj,cooc,WEAK,stable,stabile,sicher,,,
31,adj,cooc,WEAK,typical,tipico,echt,,,
32,adj,cooc,WEAK,universal,universale,allgemein,,,
1,v,cooc,,convey,trasmettere,vermitteln,0.587,0,
2,v,cooc,,rouse,suscitare,wecken,0.48,0,
3,v,cooc,,evoke,evocare,evozieren,0.473,0,
4,v,cooc,,arouse,suscitare,erregen,0.47,0,
5,v,cooc,,express,esprimere,ausdrücken,0.468,0,
6,v,cooc,,communicate,comunicare,mitteilen,0.466,0,
7,v,cooc,,stir,agitare,rühren,0.456,0,
8,v,cooc,,suppress,reprimere,unterdrücken,0.451,0,
9,v,cooc,,mix,mescolare,mischen,0.447,3,bn:00082565v bn:00083597v bn:00090871v
10,v,cooc,,overwhelm,sopraffare,überwältigen,0.443,1,bn:00091320v
11,v,cooc,,hide,nascondere,verstecken,0.442,2,bn:00085509v bn:00089332v
12,v,cooc,,feel,sentire,fühlen,0.436,0,
13,v,cooc,,repress,reprimere,unterdrücken,0.411,0,
14,v,cooc,,show,mostrare,zeigen,0.409,2,bn:00086557v bn:00086567v
15,v,cooc,,display,mostrare,zeigen,0.408,1,bn:00086557v
16,v,cooc,,amplify,amplificare,verstärken,0.407,0,
17,v,cooc,,capture,catturare,erfassen,0.406,0,
18,v,cooc,,trigger,innescare,auslösen,0.406,0,
19,v,cooc,,drive,guidare,fahren,0.403,2,bn:00087327v bn:00087328v
20,v,cooc,,get,arrivare,bekommen,0.401,0,
21,v,cooc,,awaken,risvegliare,wecken,0.399,1,bn:00082772v
22,v,cooc,,sense,percepire,spüren,0.388,0,
23,v,cooc,,engender,generare,erzeugen,0.387,0,
24,v,cooc,,process,elaborare,verarbeiten,0.385,0,
25,v,cooc,,generate,generare,erzeugen,0.384,0,
26,v,cooc,,describe,descrivere,beschreiben,0.383,1,bn:00082233v
27,v,cooc,,heighten,aumentare,steigern,0.381,0,
28,v,cooc,,arise,insorgere,entstehen,0.37,0,
29,v,cooc,,conceal,nascondere,verbergen,0.367,0,
30,v,cooc,,recognize,riconoscere,erkennen,0.366,1,bn:00086904v
31,v,cooc,,understand,capire,verstehen,0.362,1,bn:00082727v
32,v,cooc,,mingle,mescolare,mischen,0.356,1,bn:00082565v
33,v,cooc,,perceive,percepire,wahrnehmen,0.356,1,bn:00085496v
34,v,cooc,,overpower,sopraffare,überwältigen,0.355,1,bn:00091320v
35,v,cooc,,recognise,riconoscere,erkennen,0.354,1,bn:00086904v
36,v,cooc,,emerge,emergere,entstehen,0.351,1,bn:00087561v
37,v,cooc,,detect,scoprire,entdecken,0.348,0,
38,v,cooc,,interpret,interpretare,interpretieren,0.343,1,bn:00089838v
39,v,cooc,,master,dominare,beherrschen,0.343,0,
40,v,cooc,,regulate,regolare,regulieren,0.342,0,
41,v,cooc,,accompany,accompagnare,begleiten,0.339,1,bn:00082222v
42,v,cooc,,mirror,rispecchiare,spiegeln,0.334,0,
43,v,cooc,,influence,influenzare,beeinflussen,0.331,1,bn:00082304v
44,v,cooc,,lack,mancare,fehlen,0.327,1,bn:00090161v
45,v,cooc,,play,giocare,spielen,0.325,2,bn:00091711v bn:00091708v
46,v,cooc,,affect,influenzare,beeinflussen,0.321,0,
47,v,cooc,,guide,guidare,führen,0.321,0,
48,v,cooc,,explore,esplorare,erkunden,0.319,0,
49,v,cooc,,associate,associare,assoziieren,0.315,0,
50,v,cooc,,evolve,sviluppare,entwickeln,0.31,0,
51,v,cooc,,transform,trasformare,verwandeln,0.31,1,bn:00095090v
52,v,cooc,,flow,fluire,fließen,0.308,0,
53,v,cooc,,reflect,rispecchiare,reflektieren,0.305,0,
54,v,cooc,,disturb,disturbare,stören,0.298,0,
55,v,cooc,,choke,soffocare,ersticken,0.293,0,
56,v,cooc,,stimulate,stimolare,stimulieren,0.292,0,
57,v,cooc,,dominate,dominare,dominieren,0.288,0,
58,v,cooc,,reveal,svelare,offenbaren,0.284,0,
59,v,cooc,,explode,esplodere,explodieren,0.274,1,bn:00083680v
60,v,cooc,,incite,stimolare,anregen,0.26,0,
61,v,cooc,,intensify,intensificare,intensivieren,0.256,0,
62,v,cooc,,come,venire,kommen,0.243,1,bn:00085335v
63,v,cooc,,seem,sembrare,scheinen,0.234,1,bn:00082690v
64,v,cooc,,take,prendere,nehmen,0.23,3,bn:00094731v bn:00088762v bn:00085689v
65,v,cooc,,contain,contenere,enthalten,0.228,1,bn:00083225v
66,v,cooc,,carry,trasportare,tragen,0.226,1,bn:00084554v
67,v,cooc,,watch,osservare,beobachten,0.224,0,
68,v,cooc,,keep,mantenere,halten,0.218,0,
69,v,cooc,,read,leggere,ablesen,0.216,0,
70,v,cooc,,cause,causare,verursachen,0.209,0,
71,v,cooc,,change,cambiare,wechseln,0.193,1,bn:00084772v
72,v,cooc,,pour,versare,strömen,0.187,0,
73,v,cooc,,touch,sfiorare,berühren,0.178,0,
1,v,cooc,WEAK,acknowledge,riconoscere,bestätigen,,,
2,v,cooc,WEAK,balance,pesare,abschließen,,,
3,v,cooc,WEAK,betray,tradire,preisgeben,,,
4,v,cooc,WEAK,bury,dimenticare,verbergen,,,
5,v,cooc,WEAK,calm,placare,beruhigen,,,
6,v,cooc,WEAK,characterize,caratterizzare,prägen,,,
7,v,cooc,WEAK,consume,consumare,verarbeiten,,,
8,v,cooc,WEAK,control,controllare,steuern,,,
9,v,cooc,WEAK,cross,attraversare,setzen,,,
10,v,cooc,WEAK,depict,dipingere,darstellen,,,
11,v,cooc,WEAK,effect,determinare,bewirken,,,
12,v,cooc,WEAK,emanate,provenire,ausgehen,,,
13,v,cooc,WEAK,embody,includere,enthalten,,,
14,v,cooc,WEAK,embrace,stringere,annehmen,,,
15,v,cooc,WEAK,engage,assumere,nehmen,,,
16,v,cooc,WEAK,erupt,scoppiare,explodieren,,,
17,v,cooc,WEAK,excite,eccitare,erregen,,,
18,v,cooc,WEAK,exhibit,esibire,zeigen,,,
19,v,cooc,WEAK,experience,sperimentare,erleben,,,
20,v,cooc,WEAK,explain,esporre,erklären,,,
21,v,cooc,WEAK,fade,svanire,schwinden,,,
22,v,cooc,WEAK,fake,fingere,täuschen,,,
23,v,cooc,WEAK,fill,caricare,ausfüllen,,,
24,v,cooc,WEAK,flood,salire,überschwemmen,,,
25,v,cooc,WEAK,fly,trasportare,fliegen,,,
26,v,cooc,WEAK,follow,inseguire,folgen,,,
27,v,cooc,WEAK,go,partire,gehen,,,
28,v,cooc,WEAK,govern,governare,bestimmen,,,
29,v,cooc,WEAK,grip,stringere,ergreifen,,,
30,v,cooc,WEAK,handle,trattare,verarbeiten,,,
31,v,cooc,WEAK,identify,riconoscere,identifizieren,,,
32,v,cooc,WEAK,imagine,immaginare,annehmen,,,
33,v,cooc,WEAK,induce,indurre,bewegen,,,
34,v,cooc,WEAK,inspire,ispirare,erwecken,,,
35,v,cooc,WEAK,invest,investire,einsetzen,,,
36,v,cooc,WEAK,involve,coinvolgere,betreffen,,,
37,v,cooc,WEAK,lead,portare,führen,,,
38,v,cooc,WEAK,let,lasciare,lassen,,,
39,v,cooc,WEAK,manage,gestire,steuern,,,
40,v,cooc,WEAK,manifest,manifestare,zeigen,,,
41,v,cooc,WEAK,manipulate,manipolare,bedienen,,,
42,v,cooc,WEAK,mask,mascherare,verbergen,,,
43,v,cooc,WEAK,overcome,superare,überwältigen,,,
44,v,cooc,WEAK,overflow,traboccare,überschwemmen,,,
45,v,cooc,WEAK,overtake,sorpassare,überfallen,,,
46,v,cooc,WEAK,portray,descrivere,darstellen,,,
47,v,cooc,WEAK,prevail,prevalere,herrschen,,,
48,v,cooc,WEAK,project,progettare,projizieren,,,
49,v,cooc,WEAK,provoke,provocare,reizen,,,
50,v,cooc,WEAK,range,percorrere,reichen,,,
51,v,cooc,WEAK,regard,riguardare,betrachten,,,
52,v,cooc,WEAK,release,liberare,lösen,,,
53,v,cooc,WEAK,restrain,frenare,unterdrücken,,,
54,v,cooc,WEAK,ride,cavalcare,fahren,,,
55,v,cooc,WEAK,rise,salire,steigen,,,
56,v,cooc,WEAK,rule,governare,entscheiden,,,
57,v,cooc,WEAK,run,funzionare,starten,,,
58,v,cooc,WEAK,settle,regolare,entscheiden,,,
59,v,cooc,WEAK,shape,determinare,formen,,,
60,v,cooc,WEAK,share,partecipare,teilen,,,
61,v,cooc,WEAK,soothe,placare,beruhigen,,,
62,v,cooc,WEAK,spark,provocare,wecken,,,
63,v,cooc,WEAK,subside,calare,nachlassen,,,
64,v,cooc,WEAK,sway,influenzare,schwanken,,,
65,v,cooc,WEAK,swing,girare,schwingen,,,
66,v,cooc,WEAK,tear,strappare,reißen,,,
67,v,cooc,WEAK,tend,pendere,hegen,,,
68,v,cooc,WEAK,tie,legare,verbinden,,,
69,v,cooc,WEAK,translate,tradurre,übertragen,,,
70,v,cooc,WEAK,wash,lavare,schlagen,,,
