idx_group,pos,rel,weak,lex_en,lex_it,lex_de,score,bs_count,babel_synsets
0,n,head,,revenue_enhancement taxation tax,imposta tassa tassazione,Besteuerung Steuer,,1,bn:00067519n
1,n,sim,,fee,tassa,Gebühr,0.377,1,bn:00033939n
2,n,sim,,income,reddito,Einkommen,0.333,1,bn:14505599n
3,n,sim,,investment,investimento,Investition,0.33,1,bn:00047358n
4,n,sim,,payment,pagamento,Zahlung,0.329,1,bn:00061119n
5,n,sim,,cost,costo,Kosten,0.32,1,bn:00022995n
6,n,sim,,credit,credito,Kredit,0.313,1,bn:00023671n
7,n,sim,,loan,prestito,Darlehen,0.311,1,bn:00051693n
8,n,sim,,amount,importo,Betrag,0.309,0,
9,n,sim,,contribution,contributo,Beitrag,0.303,1,bn:00022272n
10,n,sim,,money,denaro,Geld,0.303,1,bn:00055644n
11,n,sim,,debt,debito,Schuld,0.298,1,bn:00025638n
12,n,sim,,measure,misura,Maßnahme,0.294,0,
13,n,sim,,price,prezzo,Preis,0.294,2,bn:00022996n bn:00025083n
14,n,sim,,obligation,obbligo,Verpflichtung,0.293,1,bn:00029239n
15,n,sim,,good,bene,Gut,0.289,1,bn:00021045n
16,n,sim,,resource,risorsa,Ressource,0.289,1,bn:00067352n
17,n,sim,,fund,fondo,Fonds,0.288,0,
18,n,sim,,regulation,regolamento,Verordnung,0.286,1,bn:00059436n
19,n,sim,,requirement,requisito,Anforderung,0.286,1,bn:00064181n
20,n,sim,,wage,salario,Lohn,0.282,1,bn:00029416n
21,n,sim,,sale,vendita,Verkauf,0.281,2,bn:00068929n bn:00068918n
22,n,sim,,service,servizio,Service,0.278,6,bn:00070653n bn:00044916n bn:00070647n bn:00070651n bn:00070659n bn:00070654n
23,n,sim,,agreement,accordo,Vereinbarung,0.277,1,bn:00002086n
24,n,sim,,funding,finanziamento,Finanzierung,0.277,1,bn:00034545n
25,n,sim,,taxation,tassazione,Besteuerung,0.276,1,bn:00067519n
26,n,sim,,employment,occupazione,Beschäftigung,0.275,3,bn:00030616n bn:00030625n bn:00014138n
27,n,sim,,practice,pratica,Praxis,0.275,2,bn:00063989n bn:00063990n
28,n,sim,,aid,aiuto,Hilfe,0.274,2,bn:00002155n bn:00055177n
29,n,sim,,insurance,assicurazione,Versicherung,0.274,2,bn:00046996n bn:00046396n
30,n,sim,,condition,condizione,Bedingung,0.272,1,bn:00021649n
31,n,sim,,expenditure,spesa,Aufwand,0.272,0,
32,n,sim,,interest,interesse,Interesse,0.272,6,bn:00047079n bn:00047080n bn:00047077n bn:00021556n bn:00047081n bn:00047083n
33,n,sim,,claim,richiesta,Anspruch,0.27,1,bn:00019405n
34,n,sim,,grant,sovvenzione,Zuschuss,0.269,0,
35,n,sim,,contract,contratto,Auftrag,0.268,0,
36,n,sim,,policy,politica,Politik,0.268,1,bn:00063329n
37,n,sim,,profit,profitto,Gewinn,0.267,1,bn:00029415n
38,n,sim,,authority,autorità,Behörde,0.266,0,
39,n,sim,,worker,lavoratore,Arbeitnehmer,0.266,0,
40,n,sim,,proposal,proposta,Vorschlag,0.265,1,bn:03851567n
41,n,sim,,bill,fattura,Rechnung,0.264,1,bn:00000746n
42,n,sim,,institution,istituzione,Institution,0.264,2,bn:00046954n bn:00031641n
43,n,sim,,refund,rimborso,Erstattung,0.264,1,bn:00066858n
44,n,sim,,benefit,beneficio,Vorteil,0.263,1,bn:00009905n
45,n,sim,,law,legge,Recht,0.262,2,bn:00050250n bn:00048655n
46,n,sim,,salary,stipendio,Gehalt,0.262,1,bn:00029416n
47,n,sim,,security,sicurezza,Sicherheit,0.261,2,bn:00070219n bn:00068799n
48,n,sim,,share,quota,Aktie,0.261,1,bn:00070912n
49,n,sim,,tax,imposta,Steuer,0.261,1,bn:00067519n
50,n,sim,,rule,regola,Regel,0.26,2,bn:00064192n bn:00066933n
51,n,sim,,offer,offerta,Angebot,0.258,1,bn:00010264n
52,n,sim,,plan,piano,Plan,0.258,3,bn:00069579n bn:00026536n bn:00062759n
53,n,sim,,term,termine,Begriff,0.258,1,bn:00076590n
54,n,sim,,loss,perdita,Verlust,0.257,1,bn:00052054n
55,n,sim,,decision,decisione,Entscheidung,0.256,3,bn:00018661n bn:00003132n bn:00025693n
56,n,sim,,health,salute,Gesundheit,0.256,1,bn:00043358n
57,n,sim,,right,diritto,Recht,0.256,1,bn:00067807n
58,n,sim,,status,stato,Status,0.255,2,bn:00063703n bn:00021644n
59,n,sim,,transfer,trasferimento,Übertragung,0.255,0,
60,n,sim,,capital,capitale,Kapital,0.254,1,bn:00015496n
61,n,sim,,risk,rischio,Risiko,0.253,1,bn:00030747n
62,n,sim,,value,valore,Wert,0.253,5,bn:00079509n bn:00079508n bn:00079511n bn:00029680n bn:00058151n
63,n,sim,,reform,riforma,Reform,0.252,1,bn:00066830n
64,n,sim,,supply,fornitura,Versorgung,0.251,2,bn:00064922n bn:00075322n
65,n,sim,,competition,concorrenza,Wettbewerb,0.25,2,bn:00021337n bn:00021339n
66,n,sim,,control,controllo,Kontrolle,0.25,1,bn:17607444n
67,n,sim,,financing,finanziamento,Finanzierung,0.25,2,bn:00034524n bn:00034545n
68,n,sim,,option,opzione,Option,0.25,3,bn:00003132n bn:00018661n bn:00059228n
69,n,sim,,premium,premio,Prämie,0.25,1,bn:00012428n
70,n,sim,,sector,settore,Sektor,0.249,1,bn:11333488n
71,n,sim,,allowance,indennità,Beihilfe,0.248,0,
72,n,sim,,job,lavoro,Job,0.248,4,bn:00018756n bn:00030616n bn:00030625n bn:00014138n
73,n,sim,,market,mercato,Markt,0.248,3,bn:00053459n bn:00053461n bn:00053458n
74,n,sim,,action,azione,Aktion,0.247,0,
75,n,sim,,production,produzione,Produktion,0.247,4,bn:00064592n bn:00059790n bn:00064590n bn:00064594n
76,n,sim,,activity,attività,Aktivität,0.246,2,bn:00001128n bn:00001174n
77,n,sim,,increase,aumento,Anstieg,0.245,2,bn:00041979n bn:00001294n
78,n,sim,,project,progetto,Projekt,0.245,1,bn:00064665n
79,n,sim,,purchase,acquisto,Kauf,0.245,2,bn:00065265n bn:00014334n
80,n,sim,,procedure,procedura,Verfahren,0.244,1,bn:00064536n
81,n,sim,,check,controllo,Kontrolle,0.243,0,
82,n,sim,,rent,affitto,Miete,0.243,1,bn:00067125n
83,n,sim,,corporation,società,Gesellschaft,0.242,0,
84,n,sim,,product,prodotto,Produkt,0.242,4,bn:00054416n bn:00064584n bn:00064585n bn:00053827n
85,n,sim,,restriction,restrizione,Beschränkung,0.242,1,bn:00051254n
86,n,sim,,bank,banca,Bank,0.241,4,bn:00008370n bn:00008371n bn:00008367n bn:00008364n
87,n,sim,,legislation,legislazione,Gesetzgebung,0.241,1,bn:00050587n
88,n,sim,,management,gestione,Verwaltung,0.241,2,bn:00053116n bn:00027355n
89,n,sim,,pension,pensione,Rente,0.241,0,
90,n,sim,,support,sostegno,Unterstützung,0.241,1,bn:00075331n
91,n,sim,,application,applicazione,Anwendung,0.24,2,bn:00005095n bn:00005094n
92,n,sim,,labor,lavoro,Arbeit,0.24,1,bn:00049570n
93,n,sim,,number,numero,Anzahl,0.24,1,bn:00034394n
94,n,sim,,return,rendimento,Ertrag,0.24,1,bn:00047691n
95,n,sim,,act,atto,Gesetz,0.238,0,
96,n,sim,,burden,onere,Belastung,0.238,0,
97,n,sim,,cash,cassa,Kasse,0.238,0,
98,n,sim,,enforcement,applicazione,Durchsetzung,0.238,0,
99,n,sim,,guarantee,garanzia,Garantie,0.238,2,bn:00042039n bn:00042041n
100,n,sim,,performance,prestazione,Leistung,0.238,1,bn:00016286n
101,n,sim,,assistance,assistenza,Hilfe,0.237,1,bn:00002155n
102,n,sim,,damage,danno,Schaden,0.237,1,bn:00025084n
103,n,sim,,import,importazione,Einfuhr,0.237,1,bn:00046137n
104,n,sim,,program,programma,Programm,0.237,4,bn:00062899n bn:00021492n bn:00021497n bn:00013235n
105,n,sim,,transaction,transazione,Transaktion,0.237,2,bn:03557679n bn:01650764n
106,n,sim,,circumstance,circostanza,Umstand,0.236,2,bn:00019218n bn:00019219n
107,n,sim,,environment,ambiente,Umwelt,0.236,1,bn:00031075n
108,n,sim,,commitment,impegno,Engagement,0.235,1,bn:00002819n
109,n,sim,,development,sviluppo,Entwicklung,0.234,1,bn:07804057n
110,n,sim,,economy,economia,Wirtschaft,0.234,1,bn:00029678n
111,n,sim,,fact,fatto,Umstand,0.234,0,
112,n,sim,,situation,situazione,Situation,0.234,3,bn:00063707n bn:00071858n bn:00071869n
113,n,sim,,energy,energia,Energie,0.233,1,bn:00030820n
114,n,sim,,consumer,consumatore,Verbraucher,0.232,1,bn:00022095n
115,n,sim,,employee,dipendente,Mitarbeiter,0.232,1,bn:14292888n
116,n,sim,,growth,crescita,Wachstum,0.232,2,bn:00026697n bn:00041979n
117,n,sim,,infrastructure,infrastruttura,Infrastruktur,0.232,2,bn:00046727n bn:00008794n
118,n,sim,,kind,genere,Art,0.232,1,bn:00035907n
119,n,sim,,power,energia,Macht,0.232,0,
120,n,sim,,treatment,trattamento,Behandlung,0.232,3,bn:00076843n bn:00042823n bn:00047235n
121,n,sim,,authorisation,autorizzazione,Genehmigung,0.231,0,
122,n,sim,,exemption,esenzione,Befreiung,0.231,1,bn:00032201n
123,n,sim,,result,risultato,Ergebnis,0.231,3,bn:00021961n bn:00034520n bn:00004452n
124,n,sim,,subsidy,sovvenzione,Subvention,0.231,1,bn:00074977n
125,n,sim,,consideration,considerazione,Berücksichtigung,0.23,0,
126,n,sim,,limit,limite,Grenze,0.23,1,bn:00051249n
127,n,sim,,record,registrazione,Aufnahme,0.23,0,
128,n,sim,,reduction,riduzione,Reduktion,0.23,1,bn:00066735n
129,n,sim,,sanction,sanzione,Sanktion,0.23,1,bn:00007294n
130,n,sim,,protection,protezione,Schutz,0.229,2,bn:00071020n bn:00064838n
131,n,sim,,responsibility,responsabilità,Verantwortung,0.229,2,bn:00029239n bn:00067370n
132,n,sim,,export,esportazione,Ausfuhr,0.228,1,bn:00032363n
133,n,sim,,initiative,iniziativa,Initiative,0.228,2,bn:00034797n bn:00031009n
134,n,sim,,company,azienda,Firma,0.227,4,bn:00014160n bn:00022811n bn:00073910n bn:00021286n
135,n,sim,,compensation,compensazione,Entschädigung,0.227,1,bn:00021329n
136,n,sim,,effect,effetto,Wirkung,0.227,1,bn:00021961n
137,n,sim,,transportation,trasporto,Verkehr,0.227,1,bn:01731490n
138,n,sim,,principle,principio,Grundsatz,0.225,2,bn:00064077n bn:00064428n
139,n,sim,,commission,commissione,Auftrag,0.224,0,
140,n,sim,,liability,responsabilità,Haftung,0.224,1,bn:00000751n
141,n,sim,,strategy,strategia,Strategie,0.224,2,bn:00069579n bn:00074558n
142,n,sim,,case,caso,Fall,0.223,3,bn:00016403n bn:00016411n bn:00016402n
143,n,sim,,delivery,consegna,Lieferung,0.223,1,bn:00013142n
144,n,sim,,programme,programma,Programm,0.223,2,bn:00021492n bn:00013235n
145,n,sim,,assessment,valutazione,Bewertung,0.222,0,
146,n,sim,,trade,commercio,Handel,0.221,2,bn:00008735n bn:00077860n
147,n,sim,,criterion,criterio,Kriterium,0.22,2,bn:00023853n bn:00023854n
148,n,sim,,deduction,deduzione,Abzug,0.22,1,bn:00025802n
149,n,sim,,instrument,strumento,Instrument,0.22,6,bn:00023662n bn:00046961n bn:00077585n bn:00046964n bn:00046965n bn:00046962n
150,n,sim,,training,formazione,Ausbildung,0.219,1,bn:00041853n
151,n,sim,,undertaking,impresa,Unternehmen,0.219,0,
152,n,sim,,exchange,scambio,Austausch,0.218,2,bn:00032125n bn:00032127n
153,n,sim,,order,ordine,Auftrag,0.218,1,bn:00059311n
154,n,sim,,work,lavoro,Arbeit,0.218,5,bn:00081569n bn:00030616n bn:00081570n bn:00030625n bn:00014138n
155,n,sim,,property,proprietà,Eigentum,0.217,1,bn:00009815n
156,n,sim,,document,documento,Dokument,0.216,2,bn:00028018n bn:00028015n
157,n,sim,,penalty,penalizzazione,Strafe,0.216,0,
158,n,sim,,system,sistema,System,0.215,7,bn:00075760n bn:00075763n bn:00075761n bn:00069580n bn:00005863n bn:00075759n bn:00075762n
159,n,sim,,sum,somma,Summe,0.214,3,bn:00003601n bn:00003604n bn:00001296n
160,n,sim,,distribution,distribuzione,Verteilung,0.213,1,bn:00027797n
161,n,sim,,safety,sicurezza,Sicherheit,0.213,2,bn:00070219n bn:00068799n
162,n,sim,,allocation,assegnazione,Zuweisung,0.212,1,bn:00002911n
163,n,sim,,enterprise,impresa,Unternehmen,0.212,7,bn:00014160n bn:00014137n bn:00031008n bn:00073910n bn:00021286n bn:00022811n bn:00030751n
164,n,sim,,standard,standard,Norm,0.212,1,bn:00022335n
165,n,sim,,organization,organizzazione,Organisation,0.211,5,bn:00059482n bn:00059480n bn:00005863n bn:00059483n bn:00001423n
166,n,sim,,advantage,vantaggio,Vorteil,0.209,2,bn:00001560n bn:00001559n
167,n,sim,,factor,fattore,Faktor,0.208,2,bn:00046695n bn:00021394n
168,n,sim,,investigation,indagine,Untersuchung,0.205,1,bn:00047354n
169,n,sim,,ownership,proprietà,Eigentum,0.205,0,
170,n,sim,,quality,qualità,Qualität,0.205,2,bn:00065538n bn:00014731n
171,n,sim,,saving,risparmio,Einsparung,0.204,0,
172,n,sim,,opportunity,opportunità,Möglichkeit,0.203,1,bn:00017621n
173,n,sim,,provision,fornitura,Bereitstellung,0.203,0,
174,n,sim,,harmonisation,armonizzazione,Harmonisierung,0.2,0,
175,n,sim,,planning,pianificazione,Planung,0.2,2,bn:00062795n bn:00062794n
176,n,sim,,recognition,riconoscimento,Anerkennung,0.2,1,bn:00066552n
177,n,sim,,transport,trasporto,Verkehr,0.2,1,bn:01731490n
178,n,sim,,valuation,valutazione,Bewertung,0.2,1,bn:18019567n
179,n,sim,,consumption,consumo,Verbrauch,0.199,0,
180,n,sim,,economics,economia,Wirtschaft,0.198,0,
181,n,sim,,objective,obiettivo,Ziel,0.198,1,bn:00002179n
182,n,sim,,administration,amministrazione,Verwaltung,0.197,5,bn:00027355n bn:00001424n bn:00053116n bn:00001423n bn:00001422n
183,n,sim,,emission,emissione,Emission,0.197,3,bn:00027473n bn:00030455n bn:00030565n
184,n,sim,,registration,registrazione,Registrierung,0.196,2,bn:00066905n bn:00001411n
185,n,sim,,exploitation,sfruttamento,Nutzung,0.195,0,
186,n,sim,,process,processo,Verfahren,0.195,1,bn:00064536n
187,n,sim,,nature,natura,Natur,0.192,3,bn:00057017n bn:00057016n bn:00075760n
188,n,sim,,restraint,restrizione,Beschränkung,0.192,0,
189,n,sim,,classification,classificazione,Einstufung,0.191,0,
190,n,sim,,exclusion,esclusione,Ausschluss,0.191,2,bn:00030015n bn:00053403n
191,n,sim,,establishment,istituzione,Einrichtung,0.19,0,
192,n,sim,,inflation,inflazione,Inflation,0.19,2,bn:00046675n bn:00046676n
193,n,sim,,mark,marchio,Marke,0.19,0,
194,n,sim,,structure,struttura,Struktur,0.19,1,bn:00022071n
195,n,sim,,dividend,dividendo,Dividende,0.189,1,bn:00027880n
196,n,sim,,prohibition,divieto,Verbot,0.189,1,bn:00064661n
197,n,sim,,promotion,promozione,Förderung,0.189,0,
198,n,sim,,issuance,emissione,Ausgabe,0.187,1,bn:00047687n
199,n,sim,,method,metodo,Verfahren,0.186,1,bn:00054625n
200,n,sim,,advertising,pubblicità,Werbung,0.185,3,bn:00060113n bn:00001589n bn:00001227n
201,n,sim,,operation,funzionamento,Betrieb,0.185,0,
202,n,sim,,repayment,rimborso,Rückzahlung,0.185,0,
203,n,sim,,solution,soluzione,Lösung,0.185,1,bn:00072760n
204,n,sim,,definition,definizione,Definition,0.183,2,bn:00025928n bn:00025929n
205,n,sim,,organisation,organizzazione,Organisation,0.183,5,bn:00059482n bn:00059480n bn:00005863n bn:00059483n bn:00001423n
206,n,sim,,limitation,limitazione,Einschränkung,0.182,1,bn:00051254n
207,n,sim,,intervention,intervento,Intervention,0.181,3,bn:00047234n bn:00047092n bn:00047061n
208,n,sim,,use,uso,Verwendung,0.18,1,bn:00030627n
209,n,sim,,preservation,protezione,Schutz,0.177,0,
210,n,sim,,review,revisione,Überprüfung,0.174,0,
211,n,sim,,commerce,commercio,Handel,0.172,1,bn:00020982n
212,n,sim,,equity,giustizia,Gerechtigkeit,0.172,1,bn:00048668n
213,n,sim,,possibility,possibilità,Möglichkeit,0.172,1,bn:00017621n
214,n,sim,,governance,governance,Verwaltung,0.171,1,bn:00001423n
215,n,sim,,trading,commercio,Handel,0.17,1,bn:00077860n
216,n,sim,,depreciation,ammortamento,Abschreibung,0.167,1,bn:00026392n
217,n,sim,,deficit,deficit,Defizit,0.161,2,bn:00025919n bn:00025916n
218,n,sim,,surveillance,sorveglianza,Überwachung,0.161,1,bn:00075427n
219,n,sim,,immigration,immigrazione,Einwanderung,0.16,1,bn:00046021n
220,n,sim,,marketing,commercializzazione,Vermarktung,0.16,0,
221,n,sim,,mechanism,meccanismo,Mechanismus,0.158,1,bn:00054065n
222,n,sim,,integration,integrazione,Integration,0.157,4,bn:00047014n bn:00022007n bn:00026516n bn:00047010n
223,n,sim,,procurement,approvvigionamento,Beschaffung,0.157,1,bn:00064570n
224,n,sim,,justice,giustizia,Gerechtigkeit,0.156,2,bn:00048669n bn:00048668n
225,n,sim,,utilization,utilizzo,Verwendung,0.154,1,bn:00030627n
226,n,sim,,transparency,trasparenza,Transparenz,0.153,1,bn:00078038n
227,n,sim,,restructuring,ristrutturazione,Umstrukturierung,0.152,0,
228,n,sim,,privatization,privatizzazione,Privatisierung,0.15,1,bn:00026208n
229,n,sim,,acquisition,acquisizione,Erwerb,0.149,2,bn:00001007n bn:00001005n
230,n,sim,,calculation,calcolo,Berechnung,0.149,2,bn:00014688n bn:00014689n
231,n,sim,,usage,uso,Verwendung,0.149,1,bn:00030627n
232,n,sim,,expansion,espansione,Erweiterung,0.147,0,
233,n,sim,,monitoring,monitoraggio,Überwachung,0.147,1,bn:00055682n
234,n,sim,,mobility,mobilità,Mobilität,0.146,1,bn:00766961n
235,n,sim,,competitiveness,competitività,Wettbewerbsfähigkeit,0.144,1,bn:03821700n
236,n,sim,,efficiency,efficienza,Leistungsfähigkeit,0.14,0,
237,n,sim,,evaluation,valutazione,Beurteilung,0.14,1,bn:00031973n
238,n,sim,,remuneration,compenso,Vergütung,0.137,0,
239,n,sim,,sustainability,sostenibilità,Nachhaltigkeit,0.119,1,bn:01083464n
240,n,sim,,privatisation,privatizzazione,Privatisierung,0.115,1,bn:00026208n
1,n,sim,WEAK,access,entrata,Zugang,,,
2,n,sim,WEAK,account,acconto,Konto,,,
3,n,sim,WEAK,adjustment,registrazione,Einstellung,,,
4,n,sim,WEAK,arrangement,accordo,Anordnung,,,
5,n,sim,WEAK,asset,attività,Vermögenswert,,,
6,n,sim,WEAK,audit,controllo,Revision,,,
7,n,sim,WEAK,balance,saldo,Ausgleich,,,
8,n,sim,WEAK,ban,bando,Verbot,,,
9,n,sim,WEAK,bond,vincolo,Anleihe,,,
10,n,sim,WEAK,borrowing,prestito,Anleihe,,,
11,n,sim,WEAK,budgeting,bilancio,Planung,,,
12,n,sim,WEAK,business,azienda,Unternehmen,,,
13,n,sim,WEAK,capacity,capienza,Leistung,,,
14,n,sim,WEAK,care,protezione,Versorgung,,,
15,n,sim,WEAK,change,cambio,Änderung,,,
16,n,sim,WEAK,charge,carico,Gebühr,,,
17,n,sim,WEAK,choice,selezione,Wahl,,,
18,n,sim,WEAK,collection,raccolta,Einziehung,,,
19,n,sim,WEAK,communication,comunicazione,Übertragung,,,
20,n,sim,WEAK,conduct,gestione,Verhalten,,,
21,n,sim,WEAK,coverage,copertura,Berichterstattung,,,
22,n,sim,WEAK,cut,taglio,Kürzung,,,
23,n,sim,WEAK,datum,dato,Datum,,,
24,n,sim,WEAK,deal,affare,Abkommen,,,
25,n,sim,WEAK,demand,domanda,Forderung,,,
26,n,sim,WEAK,discipline,disciplina,Ausbildung,,,
27,n,sim,WEAK,donation,offerta,Spende,,,
28,n,sim,WEAK,duty,dazio,Pflicht,,,
29,n,sim,WEAK,earnings,stipendio,Ertrag,,,
30,n,sim,WEAK,education,istruzione,Bildung,,,
31,n,sim,WEAK,effort,costo,Leistung,,,
32,n,sim,WEAK,entitlement,diritto,Anspruch,,,
33,n,sim,WEAK,entity,entità,Ding,,,
34,n,sim,WEAK,expense,spesa,Ausgabe,,,
35,n,sim,WEAK,facility,agevolazione,Einrichtung,,,
36,n,sim,WEAK,figure,cifra,Zahl,,,
37,n,sim,WEAK,finance,finanza,Geld,,,
38,n,sim,WEAK,fine,multa,Geldbuße,,,
39,n,sim,WEAK,firm,impresa,Firma,,,
40,n,sim,WEAK,gain,guadagno,Gewinn,,,
41,n,sim,WEAK,government,amministrazione,Regierung,,,
42,n,sim,WEAK,identification,riconoscimento,Kennzeichnung,,,
43,n,sim,WEAK,implementation,realizzazione,Ausführung,,,
44,n,sim,WEAK,imposition,imposizione,Erhebung,,,
45,n,sim,WEAK,industry,attività,Industrie,,,
46,n,sim,WEAK,inspection,ispezione,Kontrolle,,,
47,n,sim,WEAK,issue,questione,Ausgabe,,,
48,n,sim,WEAK,item,voce,Gegenstand,,,
49,n,sim,WEAK,levy,tributo,Steuer,,,
50,n,sim,WEAK,licence,licenza,Genehmigung,,,
51,n,sim,WEAK,licensing,licenza,Zulassung,,,
52,n,sim,WEAK,maintenance,manutenzione,Unterhalt,,,
53,n,sim,WEAK,manufacturing,produzione,Erzeugung,,,
54,n,sim,WEAK,material,materia,Gut,,,
55,n,sim,WEAK,matter,materia,Sache,,,
56,n,sim,WEAK,movement,trasferimento,Satz,,,
57,n,sim,WEAK,participation,intervento,Beteiligung,,,
58,n,sim,WEAK,pay,retribuzione,Bezahlung,,,
59,n,sim,WEAK,problem,crisi,Problem,,,
60,n,sim,WEAK,proceeding,andamento,Vorgehen,,,
61,n,sim,WEAK,processing,trattamento,Verarbeitung,,,
62,n,sim,WEAK,productivity,produttività,Leistungsfähigkeit,,,
63,n,sim,WEAK,purpose,effetto,Ziel,,,
64,n,sim,WEAK,quantity,quantità,Anteil,,,
65,n,sim,WEAK,quota,quota,Quote,,,
66,n,sim,WEAK,rate,tasso,Preis,,,
67,n,sim,WEAK,rebate,sconto,Rückzahlung,,,
68,n,sim,WEAK,regime,regime,System,,,
69,n,sim,WEAK,reimbursement,rimborso,Vergütung,,,
70,n,sim,WEAK,report,servizio,Ausführung,,,
71,n,sim,WEAK,revenue,reddito,Nutzung,,,
72,n,sim,WEAK,scheme,sistema,Programm,,,
73,n,sim,WEAK,settlement,soluzione,Regelung,,,
74,n,sim,WEAK,spending,spesa,Ausgabe,,,
75,n,sim,WEAK,stock,azione,Anteil,,,
76,n,sim,WEAK,supervision,vigilanza,Überwachung,,,
77,n,sim,WEAK,trafficking,traffico,Handel,,,
78,n,sim,WEAK,treaty,accordo,Vertrag,,,
79,n,sim,WEAK,trust,società,Pflicht,,,
80,n,sim,WEAK,voting,voto,Wahl,,,
81,n,sim,WEAK,withdrawal,ritiro,Abzug,,,
1,n,cooc,,contribution,contributo,Beitrag,0.578,1,bn:00022272n
2,n,cooc,,insurance,assicurazione,Versicherung,0.578,2,bn:00046996n bn:00046396n
3,n,cooc,,income,reddito,Einkommen,0.577,1,bn:14505599n
4,n,cooc,,payment,pagamento,Zahlung,0.569,1,bn:00061119n
5,n,cooc,,exemption,esenzione,Befreiung,0.568,1,bn:00032201n
6,n,cooc,,rule,regola,Regel,0.567,2,bn:00064192n bn:00066933n
7,n,cooc,,deduction,deduzione,Abzug,0.563,1,bn:00025802n
8,n,cooc,,rate,tariffa,Preis,0.563,0,
9,n,cooc,,depreciation,ammortamento,Abschreibung,0.549,1,bn:00026392n
10,n,cooc,,fee,tassa,Gebühr,0.545,1,bn:00033939n
11,n,cooc,,cut,taglio,Schnitt,0.528,4,bn:00024608n bn:00024612n bn:00024613n bn:00024607n
12,n,cooc,,refund,rimborso,Rückerstattung,0.517,1,bn:00066858n
13,n,cooc,,burden,onere,Belastung,0.512,0,
14,n,cooc,,measure,misura,Maßnahme,0.508,0,
15,n,cooc,,reform,riforma,Reform,0.504,1,bn:00066830n
16,n,cooc,,output,produzione,Ausgabe,0.498,0,
17,n,cooc,,reduction,riduzione,Reduktion,0.495,1,bn:00066735n
18,n,cooc,,amortisation,ammortamento,Abschreibung,0.494,0,
19,n,cooc,,expenditure,spesa,Kosten,0.489,0,
20,n,cooc,,sale,vendita,Verkauf,0.486,2,bn:00068929n bn:00068918n
21,n,cooc,,capital,capitale,Kapital,0.479,1,bn:00015496n
22,n,cooc,,tax,imposta,Steuer,0.477,1,bn:00067519n
23,n,cooc,,credit,credito,Kredit,0.463,1,bn:00023671n
24,n,cooc,,law,diritto,Recht,0.456,1,bn:00048655n
25,n,cooc,,interest,interesse,Zins,0.455,1,bn:00047080n
26,n,cooc,,restriction,restrizione,Beschränkung,0.454,1,bn:00051254n
27,n,cooc,,wealth,ricchezza,Vermögen,0.45,1,bn:00080746n
28,n,cooc,,fuel,carburante,Kraftstoff,0.449,0,
29,n,cooc,,bureaucracy,burocrazia,Bürokratie,0.446,1,bn:00013955n
30,n,cooc,,increase,aumento,Anstieg,0.446,2,bn:00041979n bn:00001294n
31,n,cooc,,cost,costo,Kosten,0.443,1,bn:00022995n
32,n,cooc,,fine,multa,Bußgeld,0.443,1,bn:00003340n
33,n,cooc,,rent,affitto,Miete,0.443,1,bn:00067125n
34,n,cooc,,debt,debito,Schuld,0.442,1,bn:00025638n
35,n,cooc,,liability,responsabilità,Haftung,0.442,1,bn:00000751n
36,n,cooc,,bill,fattura,Rechnung,0.441,1,bn:00000746n
37,n,cooc,,inflation,inflazione,Inflation,0.437,2,bn:00046675n bn:00046676n
38,n,cooc,,consumption,consumo,Verbrauch,0.434,0,
39,n,cooc,,service,servizio,Dienstleistung,0.425,1,bn:00070651n
40,n,cooc,,corporation,società,Gesellschaft,0.423,0,
41,n,cooc,,poll,elezione,Wahl,0.42,0,
42,n,cooc,,subsidy,sovvenzione,Subvention,0.42,1,bn:00074977n
43,n,cooc,,gas,benzina,Gas,0.419,1,bn:00037384n
44,n,cooc,,benefit,beneficio,Vorteil,0.416,1,bn:00009905n
45,n,cooc,,state,stato,Staat,0.415,3,bn:00023236n bn:00023235n bn:00064914n
46,n,cooc,,loss,perdita,Verlust,0.414,1,bn:00052054n
47,n,cooc,,money,soldo,Geld,0.411,1,bn:00055644n
48,n,cooc,,incentive,incentivo,Anreiz,0.406,1,bn:00046272n
49,n,cooc,,import,importazione,Einfuhr,0.404,1,bn:00046137n
50,n,cooc,,restraint,restrizione,Beschränkung,0.404,0,
51,n,cooc,,regulation,regolamento,Regelung,0.4,1,bn:00059436n
52,n,cooc,,importation,importazione,Einfuhr,0.397,1,bn:00046137n
53,n,cooc,,transfer,trasferimento,Transfer,0.394,2,bn:00077973n bn:00077975n
54,n,cooc,,gasoline,benzina,Benzin,0.392,1,bn:00037384n
55,n,cooc,,legislation,legislazione,Gesetzgebung,0.39,1,bn:00050587n
56,n,cooc,,penalty,penalità,Strafe,0.381,0,
57,n,cooc,,car,auto,Auto,0.38,1,bn:00007309n
58,n,cooc,,customs,dogana,Zoll,0.38,1,bn:00024593n
59,n,cooc,,reimbursement,rimborso,Rückerstattung,0.38,0,
60,n,cooc,,shipping,spedizione,Versand,0.379,0,
61,n,cooc,,price,prezzo,Preis,0.376,2,bn:00022996n bn:00025083n
62,n,cooc,,redistribution,redistribuzione,Umverteilung,0.376,0,
63,n,cooc,,competition,concorrenza,Wettbewerb,0.375,2,bn:00021337n bn:00021339n
64,n,cooc,,taxation,tassazione,Besteuerung,0.375,1,bn:00067519n
65,n,cooc,,form,forma,Form,0.373,11,bn:00026512n bn:00035909n bn:00035912n bn:00035915n bn:00016529n bn:00035913n bn:00021751n bn:00035908n bn:00035911n bn:00003882n bn:00035907n
66,n,cooc,,financing,finanziamento,Finanzierung,0.372,2,bn:00034524n bn:00034545n
67,n,cooc,,wage,salario,Lohn,0.37,1,bn:00029416n
68,n,cooc,,dividend,dividendo,Dividende,0.369,1,bn:00027880n
69,n,cooc,,succession,successione,Folge,0.369,0,
70,n,cooc,,rise,aumento,Anstieg,0.367,0,
71,n,cooc,,eur,euro,Eur,0.366,1,bn:00031888n
72,n,cooc,,investment,investimento,Investition,0.366,1,bn:00047358n
73,n,cooc,,simplification,semplificazione,Vereinfachung,0.366,1,bn:00066739n
74,n,cooc,,security,sicurezza,Sicherheit,0.365,2,bn:00070219n bn:00068799n
75,n,cooc,,toll,pedaggio,Maut,0.364,1,bn:01568581n
76,n,cooc,,energy,energia,Energie,0.363,1,bn:00030820n
77,n,cooc,,series,successione,Folge,0.358,0,
78,n,cooc,,advantage,vantaggio,Vorteil,0.357,2,bn:00001560n bn:00001559n
79,n,cooc,,board,pensione,Pension,0.357,0,
80,n,cooc,,sum,somma,Summe,0.357,3,bn:00003601n bn:00003604n bn:00001296n
81,n,cooc,,occupation,occupazione,Tätigkeit,0.355,1,bn:00014138n
82,n,cooc,,pension,pensione,Pension,0.349,2,bn:00011663n bn:00061406n
83,n,cooc,,amount,importo,Menge,0.347,0,
84,n,cooc,,transport,trasporto,Verkehr,0.34,1,bn:01731490n
85,n,cooc,,employment,occupazione,Beschäftigung,0.339,3,bn:00030616n bn:00030625n bn:00014138n
86,n,cooc,,loan,prestito,Kredit,0.336,0,
87,n,cooc,,computation,calcolo,Berechnung,0.333,2,bn:00014688n bn:00014689n
88,n,cooc,,company,società,Firma,0.317,4,bn:00014160n bn:00022811n bn:00073910n bn:00021286n
89,n,cooc,,basis,base,Grundlage,0.31,1,bn:00008786n
90,n,cooc,,difference,differenza,Unterschied,0.308,1,bn:00027022n
91,n,cooc,,prohibition,divieto,Verbot,0.287,1,bn:00064661n
92,n,cooc,,priority,priorità,Vorrang,0.275,1,bn:00064072n
93,n,cooc,,superannuation,pensione,Pension,0.272,0,
94,n,cooc,,guarantee,garanzia,Gewährleistung,0.268,1,bn:00042039n
95,n,cooc,,system,sistema,System,0.266,7,bn:00075760n bn:00075763n bn:00075761n bn:00069580n bn:00005863n bn:00075759n bn:00075762n
96,n,cooc,,economics,economia,Wirtschaft,0.265,0,
97,n,cooc,,term,termine,Bedingung,0.256,1,bn:00021649n
98,n,cooc,,administration,gestione,Verwaltung,0.251,2,bn:00053116n bn:00027355n
99,n,cooc,,market,mercato,Markt,0.251,3,bn:00053459n bn:00053461n bn:00053458n
100,n,cooc,,control,controllo,Kontrolle,0.243,1,bn:17607444n
101,n,cooc,,case,caso,Fall,0.242,3,bn:00016403n bn:00016411n bn:00016402n
102,n,cooc,,power,energia,Leistung,0.239,1,bn:00063941n
103,n,cooc,,economy,economia,Wirtschaft,0.234,1,bn:00029678n
104,n,cooc,,home,casa,Heimat,0.232,0,
105,n,cooc,,level,livello,Ebene,0.212,0,
106,n,cooc,,use,uso,Anwendung,0.207,1,bn:00030627n
107,n,cooc,,efficiency,efficienza,Leistungsfähigkeit,0.193,0,
1,n,cooc,WEAK,abatement,riduzione,Verlust,,,
2,n,cooc,WEAK,account,causa,Rechnung,,,
3,n,cooc,WEAK,act,azione,Gesetz,,,
4,n,cooc,WEAK,advance,acconto,Vorleistung,,,
5,n,cooc,WEAK,advice,consulenza,Vorschlag,,,
6,n,cooc,WEAK,agreement,convenzione,Abkommen,,,
7,n,cooc,WEAK,allowance,permesso,Beihilfe,,,
8,n,cooc,WEAK,arrangement,disposizione,Regelung,,,
9,n,cooc,WEAK,assessment,accertamento,Veranlagung,,,
10,n,cooc,WEAK,asset,attività,Kapital,,,
11,n,cooc,WEAK,assurance,garanzia,Sicherheit,,,
12,n,cooc,WEAK,auditing,revisione,Rechnungswesen,,,
13,n,cooc,WEAK,authority,autorità,Stelle,,,
14,n,cooc,WEAK,base,base,Unterlage,,,
15,n,cooc,WEAK,border,frontiera,Rabatte,,,
16,n,cooc,WEAK,business,lavoro,Unternehmen,,,
17,n,cooc,WEAK,challenge,sfida,Problem,,,
18,n,cooc,WEAK,change,variazione,Änderung,,,
19,n,cooc,WEAK,charge,onere,Gebühr,,,
20,n,cooc,WEAK,concern,interesse,Unternehmen,,,
21,n,cooc,WEAK,conscription,leva,Einziehung,,,
22,n,cooc,WEAK,consequence,peso,Folge,,,
23,n,cooc,WEAK,convention,convenzione,Abkommen,,,
24,n,cooc,WEAK,department,ufficio,Bereich,,,
25,n,cooc,WEAK,departure,tendenza,Abzug,,,
26,n,cooc,WEAK,duty,dazio,Aufgabe,,,
27,n,cooc,WEAK,estate,patrimonio,Gut,,,
28,n,cooc,WEAK,evasion,evasione,Umgehung,,,
29,n,cooc,WEAK,excise,imposta,Zollgebühr,,,
30,n,cooc,WEAK,expense,spesa,Ausgabe,,,
31,n,cooc,WEAK,factor,momento,Faktor,,,
32,n,cooc,WEAK,fair,mercato,Messe,,,
33,n,cooc,WEAK,field,terreno,Bereich,,,
34,n,cooc,WEAK,firm,impresa,Firma,,,
35,n,cooc,WEAK,gain,guadagno,Gewinn,,,
36,n,cooc,WEAK,good,beneficio,Gut,,,
37,n,cooc,WEAK,governance,governo,Verwaltung,,,
38,n,cooc,WEAK,government,governo,Verwaltung,,,
39,n,cooc,WEAK,holding,possesso,Durchführung,,,
40,n,cooc,WEAK,imposition,imposizione,Erhebung,,,
41,n,cooc,WEAK,input,ingresso,Beitrag,,,
42,n,cooc,WEAK,issue,questione,Ausgabe,,,
43,n,cooc,WEAK,item,voce,Artikel,,,
44,n,cooc,WEAK,land,terreno,Land,,,
45,n,cooc,WEAK,levy,tributo,Steuer,,,
46,n,cooc,WEAK,license,permesso,Führerschein,,,
47,n,cooc,WEAK,matter,questione,Sache,,,
48,n,cooc,WEAK,movement,trasferimento,Satz,,,
49,n,cooc,WEAK,norm,norma,Regel,,,
50,n,cooc,WEAK,number,somma,Zahl,,,
51,n,cooc,WEAK,obligation,obbligo,Leistung,,,
52,n,cooc,WEAK,office,ufficio,Stelle,,,
53,n,cooc,WEAK,official,funzionario,Beamte,,,
54,n,cooc,WEAK,option,scelta,Option,,,
55,n,cooc,WEAK,pay,stipendio,Bezahlung,,,
56,n,cooc,WEAK,period,periodo,Regel,,,
57,n,cooc,WEAK,point,senso,Stelle,,,
58,n,cooc,WEAK,policy,politica,Regel,,,
59,n,cooc,WEAK,possibility,caso,Möglichkeit,,,
60,n,cooc,WEAK,premium,premio,Beitrag,,,
61,n,cooc,WEAK,principle,norma,Prinzip,,,
62,n,cooc,WEAK,problem,difficoltà,Problem,,,
63,n,cooc,WEAK,proceeds,provento,Ertrag,,,
64,n,cooc,WEAK,profit,utile,Gewinn,,,
65,n,cooc,WEAK,property,patrimonio,Vermögen,,,
66,n,cooc,WEAK,protection,tutela,Sicherung,,,
67,n,cooc,WEAK,provision,fornitura,Bestimmung,,,
68,n,cooc,WEAK,purpose,fine,Zweck,,,
69,n,cooc,WEAK,rebate,sconto,Nachlass,,,
70,n,cooc,WEAK,record,archivio,Aufzeichnung,,,
71,n,cooc,WEAK,regard,stima,Bezug,,,
72,n,cooc,WEAK,regime,regime,System,,,
73,n,cooc,WEAK,registration,iscrizione,Zulassung,,,
74,n,cooc,WEAK,remission,diminuzione,Nachlass,,,
75,n,cooc,WEAK,result,fine,Ergebnis,,,
76,n,cooc,WEAK,return,rapporto,Ertrag,,,
77,n,cooc,WEAK,revenue,reddito,Aufkommen,,,
78,n,cooc,WEAK,road,viaggio,Weg,,,
79,n,cooc,WEAK,scheme,sistema,Plan,,,
80,n,cooc,WEAK,screening,controllo,Übertragung,,,
81,n,cooc,WEAK,spending,spesa,Ausgabe,,,
82,n,cooc,WEAK,surcharge,maggiorazione,Zuschlag,,,
83,n,cooc,WEAK,transaction,transazione,Geschäft,,,
84,n,cooc,WEAK,tribute,tributo,Abgabe,,,
1,adj,cooc,,indirect,indiretto,indirekt,0.624,0,
2,adj,cooc,,deductible,deducibile,abzugsfähig,0.592,0,
3,adj,cooc,,due,dovuto,fällig,0.558,0,
4,adj,cooc,,progressive,progressivo,progressiv,0.524,2,bn:00109083a bn:00109086a
5,adj,cooc,,owing,dovuto,geschuldet,0.489,0,
6,adj,cooc,,deductable,deducibile,abzugsfähig,0.488,0,
7,adj,cooc,,double,doppio,doppelt,0.463,1,bn:00101725a
8,adj,cooc,,equitable,equo,gerecht,0.463,0,
9,adj,cooc,,retroactive,retroattivo,rückwirkend,0.449,0,
10,adj,cooc,,municipal,comunale,kommunal,0.447,0,
11,adj,cooc,,retrospective,retroattivo,rückwirkend,0.444,0,
12,adj,cooc,,islamic,islamico,islamisch,0.44,0,
13,adj,cooc,,low,basso,niedrig,0.437,0,
14,adj,cooc,,fair,equo,fair,0.432,0,
15,adj,cooc,,unfair,ingiusto,ungerecht,0.426,1,bn:00112727a
16,adj,cooc,,direct,diretto,direkt,0.423,0,
17,adj,cooc,,german,tedesco,deutsch,0.419,1,bn:00103560a
18,adj,cooc,,local,locale,lokal,0.409,1,bn:00106109a
19,adj,cooc,,unjust,ingiusto,ungerecht,0.408,1,bn:00112727a
20,adj,cooc,,high,alto,hoch,0.399,1,bn:00104162a
21,adj,cooc,,additional,supplementare,zusätzlich,0.387,0,
22,adj,cooc,,excessive,eccessivo,übermäßig,0.377,0,
23,adj,cooc,,annual,annuale,jährlich,0.374,1,bn:00097149a
24,adj,cooc,,such,tale,derartig,0.37,0,
25,adj,cooc,,multiple,multiplo,mehrfach,0.366,0,
26,adj,cooc,,compulsory,obbligatorio,obligatorisch,0.362,0,
27,adj,cooc,,applicable,applicabile,anwendbar,0.358,0,
28,adj,cooc,,dual,doppio,doppelt,0.354,0,
29,adj,cooc,,similar,simile,gleichartig,0.344,0,
30,adj,cooc,,proportional,proporzionale,proportional,0.343,2,bn:00109124a bn:00109123a
31,adj,cooc,,regressive,regressivo,regressiv,0.343,1,bn:00109629a
32,adj,cooc,,applied,applicato,angewandt,0.341,0,
33,adj,cooc,,regional,regionale,regional,0.341,2,bn:00109624a bn:00109623a
34,adj,cooc,,controversial,controverso,umstritten,0.338,1,bn:00100411a
35,adj,cooc,,corresponding,corrispondente,entsprechend,0.318,0,
36,adj,cooc,,favourable,favorevole,günstig,0.315,2,bn:00102849a bn:00102845a
37,adj,cooc,,advantageous,vantaggioso,vorteilhaft,0.313,1,bn:00103378a
38,adj,cooc,,correct,corretto,korrekt,0.308,1,bn:00100490a
39,adj,cooc,,illegal,illegale,rechtswidrig,0.306,0,
40,adj,cooc,,discriminatory,discriminatorio,diskriminierend,0.301,0,
41,adj,cooc,,general,generale,allgemein,0.3,1,bn:00103507a
42,adj,cooc,,cross-border,transfrontaliera,grenzüberschreitend,0.299,0,
43,adj,cooc,,immediate,immediato,unmittelbar,0.294,0,
44,adj,cooc,,arbitrary,arbitrario,willkürlich,0.292,0,
45,adj,cooc,,french,francese,französisch,0.292,1,bn:00103321a
46,adj,cooc,,real,effettivo,tatsächlich,0.289,0,
47,adj,cooc,,unitary,unitario,einheitlich,0.284,1,bn:00112905a
48,adj,cooc,,exorbitant,esorbitante,exorbitant,0.283,0,
49,adj,cooc,,individual,individuale,individuell,0.269,0,
50,adj,cooc,,so-called,cosiddetto,sogenannt,0.258,0,
51,adj,cooc,,different,diverso,verschieden,0.236,0,
52,adj,cooc,,effective,efficace,wirksam,0.197,1,bn:00102038a
53,adj,cooc,,possible,possibile,eventuell,0.193,0,
54,adj,cooc,,pursuant,secondo,entsprechend,0.189,0,
55,adj,cooc,,strong,forte,stark,0.17,3,bn:00103195a bn:00103942a bn:00111312a
56,adj,cooc,,appropriate,appropriato,angemessen,0.165,1,bn:00111427a
1,adj,cooc,WEAK,advanced,superiore,hoch,,,
2,adj,cooc,WEAK,back,arretrato,rückständig,,,
3,adj,cooc,WEAK,bad,dannoso,stark,,,
4,adj,cooc,WEAK,burdensome,gravoso,drückend,,,
5,adj,cooc,WEAK,consistent,coerente,konsequent,,,
6,adj,cooc,WEAK,current,corrente,laufend,,,
7,adj,cooc,WEAK,differential,differenziale,unterschiedlich,,,
8,adj,cooc,WEAK,domestic,nazionale,inländisch,,,
9,adj,cooc,WEAK,equal,uguale,ausgewogen,,,
10,adj,cooc,WEAK,equivalent,equivalente,entsprechend,,,
11,adj,cooc,WEAK,estimated,preventivo,pauschal,,,
12,adj,cooc,WEAK,extra,extra,zusätzlich,,,
13,adj,cooc,WEAK,flat,piatto,deutlich,,,
14,adj,cooc,WEAK,foreign,estero,ausländisch,,,
15,adj,cooc,WEAK,free,esente,frank,,,
16,adj,cooc,WEAK,great,grande,stark,,,
17,adj,cooc,WEAK,gross,lordo,massiv,,,
18,adj,cooc,WEAK,heavy,pesante,stark,,,
19,adj,cooc,WEAK,inclusive,compreso,pauschal,,,
20,adj,cooc,WEAK,internal,interno,intern,,,
21,adj,cooc,WEAK,legal,legittimo,legal,,,
22,adj,cooc,WEAK,necessary,necessario,obligatorisch,,,
23,adj,cooc,WEAK,oppressive,opprimente,drückend,,,
24,adj,cooc,WEAK,other,diverso,sonstig,,,
25,adj,cooc,WEAK,outstanding,eccezionale,unbezahlt,,,
26,adj,cooc,WEAK,overall,globale,allgemein,,,
27,adj,cooc,WEAK,payable,pagabile,fällig,,,
28,adj,cooc,WEAK,proportionate,proporzionato,angemessen,,,
29,adj,cooc,WEAK,reasonable,accessibile,angemessen,,,
30,adj,cooc,WEAK,relevant,relativo,entsprechend,,,
31,adj,cooc,WEAK,residual,residuo,rückständig,,,
32,adj,cooc,WEAK,uniform,uniforme,einheitlich,,,
33,adj,cooc,WEAK,wrong,inesatto,unrecht,,,
1,v,cooc,,lower,abbassare,senken,0.515,0,
2,v,cooc,,raise,aumentare,erhöhen,0.507,0,
3,v,cooc,,calculate,calcolare,berechnen,0.503,1,bn:00084373v
4,v,cooc,,impose,imporre,auferlegen,0.498,0,
5,v,cooc,,charge,addebitare,berechnen,0.465,0,
6,v,cooc,,compute,calcolare,berechnen,0.461,1,bn:00084373v
7,v,cooc,,increase,aumentare,erhöhen,0.46,1,bn:00089667v
8,v,cooc,,abolish,abolire,abschaffen,0.439,1,bn:00082643v
9,v,cooc,,lessen,diminuire,verringern,0.439,1,bn:00086418v
10,v,cooc,,evade,eludere,ausweichen,0.415,0,
11,v,cooc,,burden,gravare,belasten,0.414,0,
12,v,cooc,,reduce,ridurre,reduzieren,0.41,0,
13,v,cooc,,introduce,introdurre,einführen,0.407,0,
14,v,cooc,,include,includere,einschließen,0.401,1,bn:00089662v
15,v,cooc,,pursue,perseguire,verfolgen,0.389,0,
16,v,cooc,,rate,calcolare,rechnen,0.385,0,
17,v,cooc,,collect,raccogliere,einziehen,0.381,0,
18,v,cooc,,compensate,compensare,kompensieren,0.368,0,
19,v,cooc,,reimburse,rimborsare,erstatten,0.368,0,
20,v,cooc,,exclude,escludere,ausschließen,0.365,0,
21,v,cooc,,dodge,eludere,ausweichen,0.363,0,
22,v,cooc,,propose,proporre,vorschlagen,0.363,1,bn:00082417v
23,v,cooc,,reclaim,reclamare,zurückfordern,0.36,0,
24,v,cooc,,decrease,diminuire,verringern,0.356,1,bn:00086418v
25,v,cooc,,avoid,evitare,vermeiden,0.354,1,bn:00082958v
26,v,cooc,,replace,sostituire,ersetzen,0.348,2,bn:00087802v bn:00092817v
27,v,cooc,,circumvent,eludere,umgehen,0.347,1,bn:00085002v
28,v,cooc,,accord,accordare,gewähren,0.341,0,
29,v,cooc,,refund,rimborsare,erstatten,0.34,0,
30,v,cooc,,hit,colpire,treffen,0.338,0,
31,v,cooc,,reflect,riflettere,nachdenken,0.337,1,bn:00084733v
32,v,cooc,,reform,riformare,reformieren,0.337,1,bn:00092650v
33,v,cooc,,determine,determinare,bestimmen,0.334,0,
34,v,cooc,,diminish,diminuire,verringern,0.332,0,
35,v,cooc,,cover,coprire,decken,0.324,2,bn:00085917v bn:00084032v
36,v,cooc,,repay,rimborsare,zurückzahlen,0.324,0,
37,v,cooc,,prescribe,prescrivere,vorschreiben,0.323,0,
38,v,cooc,,grant,accordare,gewähren,0.322,0,
39,v,cooc,,exempt,esonerare,befreien,0.321,0,
40,v,cooc,,place,mettere,legen,0.319,1,bn:00090224v
41,v,cooc,,correspond,corrispondere,entsprechen,0.316,1,bn:00082477v
42,v,cooc,,free,esonerare,befreien,0.316,0,
43,v,cooc,,suggest,proporre,vorschlagen,0.315,1,bn:00082417v
44,v,cooc,,harmonise,armonizzare,harmonisieren,0.314,0,
45,v,cooc,,penalize,penalizzare,bestrafen,0.314,0,
46,v,cooc,,plan,pianificare,planen,0.314,1,bn:00085742v
47,v,cooc,,harmonize,armonizzare,harmonisieren,0.309,0,
48,v,cooc,,aim,mirare,zielen,0.306,0,
49,v,cooc,,repeal,abrogare,aufheben,0.306,0,
50,v,cooc,,put,mettere,setzen,0.301,0,
51,v,cooc,,vary,variare,variieren,0.301,0,
52,v,cooc,,differentiate,differenziare,unterscheiden,0.299,0,
53,v,cooc,,serve,servire,dienen,0.299,1,bn:00082867v
54,v,cooc,,go,andare,gehen,0.296,2,bn:00086600v bn:00088629v
55,v,cooc,,account,considerare,erachten,0.29,0,
56,v,cooc,,favor,favorire,begünstigen,0.288,0,
57,v,cooc,,regard,considerare,betrachten,0.286,0,
58,v,cooc,,shift,spostare,verschieben,0.284,1,bn:00086987v
59,v,cooc,,consider,considerare,betrachten,0.282,0,
60,v,cooc,,lighten,alleggerire,erleichtern,0.282,1,bn:00090359v
61,v,cooc,,infringe,violare,verletzen,0.281,0,
62,v,cooc,,climb,salire,klettern,0.28,0,
63,v,cooc,,retain,conservare,behalten,0.279,1,bn:00089386v
64,v,cooc,,agree,convenire,zustimmen,0.278,2,bn:00082480v bn:00082475v
65,v,cooc,,exceed,superare,überschreiten,0.276,0,
66,v,cooc,,force,costringere,zwingen,0.276,0,
67,v,cooc,,deem,ritenere,erachten,0.274,0,
68,v,cooc,,depend,dipendere,abhängen,0.274,1,bn:00086606v
69,v,cooc,,violate,violare,verletzen,0.274,1,bn:00083897v
70,v,cooc,,generate,generare,generieren,0.27,1,bn:00084080v
71,v,cooc,,bar,escludere,ausschließen,0.268,2,bn:00083086v bn:00083066v
72,v,cooc,,adapt,adeguare,anpassen,0.266,1,bn:00082215v
73,v,cooc,,concern,riguardare,betreffen,0.265,1,bn:00083240v
74,v,cooc,,harm,danneggiare,schaden,0.261,0,
75,v,cooc,,appear,sembrare,scheinen,0.26,1,bn:00082690v
76,v,cooc,,simplify,semplificare,vereinfachen,0.26,1,bn:00093755v
77,v,cooc,,cost,costare,kosten,0.259,0,
78,v,cooc,,adjust,regolare,anpassen,0.257,3,bn:00082316v bn:00082357v bn:00082215v
79,v,cooc,,constitute,costituire,bilden,0.257,1,bn:00083187v
80,v,cooc,,form,costituire,bilden,0.257,0,
81,v,cooc,,reject,rifiutare,ablehnen,0.256,1,bn:00086390v
82,v,cooc,,say,dire,sagen,0.255,1,bn:00093287v
83,v,cooc,,fall,cadere,fallen,0.252,2,bn:00087979v bn:00087976v
84,v,cooc,,impede,impedire,behindern,0.247,0,
85,v,cooc,,mean,dire,bedeuten,0.247,1,bn:00089805v
86,v,cooc,,favour,favorire,begünstigen,0.246,0,
87,v,cooc,,ease,alleggerire,erleichtern,0.242,1,bn:00082525v
88,v,cooc,,declare,dichiarare,erklären,0.241,1,bn:00086380v
89,v,cooc,,correct,rettificare,korrigieren,0.239,0,
90,v,cooc,,do,fare,machen,0.237,1,bn:00082286v
91,v,cooc,,hinder,impedire,behindern,0.237,0,
92,v,cooc,,align,allineare,angleichen,0.236,0,
93,v,cooc,,permit,permettere,erlauben,0.235,1,bn:00082536v
94,v,cooc,,contribute,contribuire,beitragen,0.232,0,
95,v,cooc,,fulfil,soddisfare,erfüllen,0.231,0,
96,v,cooc,,derive,derivare,ableiten,0.225,1,bn:00086430v
97,v,cooc,,grow,crescere,wachsen,0.225,0,
98,v,cooc,,justify,giustificare,rechtfertigen,0.224,1,bn:00090025v
99,v,cooc,,overhaul,rivedere,überprüfen,0.224,0,
100,v,cooc,,drop,cadere,fallen,0.218,0,
101,v,cooc,,obtain,ottenere,erhalten,0.215,0,
102,v,cooc,,take,prendere,nehmen,0.215,3,bn:00094731v bn:00088762v bn:00085689v
103,v,cooc,,guarantee,garantire,garantieren,0.213,1,bn:00082877v
104,v,cooc,,give,dare,geben,0.209,2,bn:00088815v bn:00088825v
105,v,cooc,,invent,inventare,erfinden,0.209,1,bn:00085743v
106,v,cooc,,hamper,impedire,behindern,0.207,0,
107,v,cooc,,postpone,rinviare,verschieben,0.203,0,
108,v,cooc,,complain,lamentare,klagen,0.2,0,
109,v,cooc,,keep,mantenere,halten,0.197,0,
110,v,cooc,,suspend,sospendere,aussetzen,0.189,0,
111,v,cooc,,allow,consentire,zulassen,0.184,0,
112,v,cooc,,represent,rappresentare,darstellen,0.182,1,bn:00083187v
113,v,cooc,,achieve,raggiungere,erreichen,0.181,1,bn:00082226v
114,v,cooc,,call,chiamare,rufen,0.181,0,
115,v,cooc,,change,cambiare,ändern,0.181,1,bn:00082553v
116,v,cooc,,reach,raggiungere,erreichen,0.174,2,bn:00082226v bn:00082901v
117,v,cooc,,remain,rimanere,bleiben,0.174,3,bn:00085719v bn:00091562v bn:00092756v
118,v,cooc,,bring,portare,bringen,0.173,1,bn:00084058v
119,v,cooc,,require,richiedere,erfordern,0.173,0,
120,v,cooc,,know,sapere,wissen,0.171,1,bn:00085261v
121,v,cooc,,prohibit,vietare,verbieten,0.166,1,bn:00086877v
122,v,cooc,,come,venire,kommen,0.163,1,bn:00085335v
123,v,cooc,,make,fare,machen,0.162,3,bn:00084198v bn:00086013v bn:00086008v
124,v,cooc,,choose,scegliere,wählen,0.16,1,bn:00084931v
125,v,cooc,,review,rivedere,überprüfen,0.16,0,
126,v,cooc,,forbid,vietare,verbieten,0.155,1,bn:00086877v
127,v,cooc,,exist,esistere,bestehen,0.15,1,bn:00083184v
128,v,cooc,,follow,seguire,folgen,0.135,1,bn:00088020v
129,v,cooc,,limit,limitare,beschränken,0.116,0,
130,v,cooc,,maintain,mantenere,halten,0.114,0,
131,v,cooc,,vote,votare,wählen,0.113,1,bn:00095572v
132,v,cooc,,ensure,garantire,gewährleisten,0.11,1,bn:00082812v
133,v,cooc,,create,creare,schaffen,0.079,1,bn:00086009v
134,v,cooc,,discuss,discutere,diskutieren,0.079,0,
1,v,cooc,WEAK,absorb,assorbire,abschöpfen,,,
2,v,cooc,WEAK,accrue,derivare,anfallen,,,
3,v,cooc,WEAK,add,aggiungere,ansetzen,,,
4,v,cooc,WEAK,administer,dare,verwalten,,,
5,v,cooc,WEAK,adopt,approvare,annehmen,,,
6,v,cooc,WEAK,affect,colpire,beeinflussen,,,
7,v,cooc,WEAK,alleviate,attenuare,mildern,,,
8,v,cooc,WEAK,apply,applicare,anwenden,,,
9,v,cooc,WEAK,approve,approvare,zustimmen,,,
10,v,cooc,WEAK,argue,discutere,streiten,,,
11,v,cooc,WEAK,arise,sorgere,entstehen,,,
12,v,cooc,WEAK,assess,accertare,bewerten,,,
13,v,cooc,WEAK,assume,assumere,übernehmen,,,
14,v,cooc,WEAK,authorize,autorizzare,zulassen,,,
15,v,cooc,WEAK,balance,saldare,ausgleichen,,,
16,v,cooc,WEAK,base,basare,basieren,,,
17,v,cooc,WEAK,be,diventare,liegen,,,
18,v,cooc,WEAK,bear,sopportare,tragen,,,
19,v,cooc,WEAK,become,diventare,stehen,,,
20,v,cooc,WEAK,break,interrompere,durchbrechen,,,
21,v,cooc,WEAK,bypass,aggirare,umgehen,,,
22,v,cooc,WEAK,cause,provocare,verursachen,,,
23,v,cooc,WEAK,characterise,caratterizzare,bestimmen,,,
24,v,cooc,WEAK,claim,pretendere,beanspruchen,,,
25,v,cooc,WEAK,compare,equivalere,vergleichen,,,
26,v,cooc,WEAK,compound,comporre,begleichen,,,
27,v,cooc,WEAK,comprise,comprendere,umfassen,,,
28,v,cooc,WEAK,conclude,dedurre,schließen,,,
29,v,cooc,WEAK,confer,conferire,verhandeln,,,
30,v,cooc,WEAK,connect,collegare,hängen,,,
31,v,cooc,WEAK,contain,comprendere,enthalten,,,
32,v,cooc,WEAK,countervail,compensare,ausgleichen,,,
33,v,cooc,WEAK,cut,tagliare,senken,,,
34,v,cooc,WEAK,decline,rifiutare,sinken,,,
35,v,cooc,WEAK,deduct,dedurre,abziehen,,,
36,v,cooc,WEAK,defer,differire,verschieben,,,
37,v,cooc,WEAK,demand,chiedere,verlangen,,,
38,v,cooc,WEAK,deposit,versare,einzahlen,,,
39,v,cooc,WEAK,devolve,cadere,übergehen,,,
40,v,cooc,WEAK,direct,dirigere,richten,,,
41,v,cooc,WEAK,divert,stornare,ableiten,,,
42,v,cooc,WEAK,drive,portare,treiben,,,
43,v,cooc,WEAK,earmark,destinare,vorsehen,,,
44,v,cooc,WEAK,effect,effettuare,bewirken,,,
45,v,cooc,WEAK,eliminate,eliminare,beseitigen,,,
46,v,cooc,WEAK,enable,permettere,ermöglichen,,,
47,v,cooc,WEAK,enact,rappresentare,erlassen,,,
48,v,cooc,WEAK,encourage,favorire,fördern,,,
49,v,cooc,WEAK,end,finire,ausgehen,,,
50,v,cooc,WEAK,enforce,applicare,vollziehen,,,
51,v,cooc,WEAK,entitle,autorizzare,berechtigen,,,
52,v,cooc,WEAK,equal,equivalere,gleichkommen,,,
53,v,cooc,WEAK,equalize,equiparare,ausgleichen,,,
54,v,cooc,WEAK,escape,evadere,entgehen,,,
55,v,cooc,WEAK,establish,stabilire,schaffen,,,
56,v,cooc,WEAK,estimate,stimare,ermitteln,,,
57,v,cooc,WEAK,exacerbate,inasprire,verschärfen,,,
58,v,cooc,WEAK,expect,prevedere,erwarten,,,
59,v,cooc,WEAK,expire,finire,erlöschen,,,
60,v,cooc,WEAK,extend,estendere,ausdehnen,,,
61,v,cooc,WEAK,fail,mancare,scheitern,,,
62,v,cooc,WEAK,fix,fissare,regeln,,,
63,v,cooc,WEAK,foresee,prevedere,absehen,,,
64,v,cooc,WEAK,freeze,congelare,stoppen,,,
65,v,cooc,WEAK,govern,dirigere,bestimmen,,,
66,v,cooc,WEAK,have,fare,haben,,,
67,v,cooc,WEAK,help,aiutare,beitragen,,,
68,v,cooc,WEAK,hurt,danneggiare,verletzen,,,
69,v,cooc,WEAK,implement,realizzare,durchführen,,,
70,v,cooc,WEAK,imply,implicare,bedeuten,,,
71,v,cooc,WEAK,induce,provocare,bewirken,,,
72,v,cooc,WEAK,influence,incidere,beeinflussen,,,
73,v,cooc,WEAK,institute,istituire,einleiten,,,
74,v,cooc,WEAK,intend,intendere,bestimmen,,,
75,v,cooc,WEAK,invoice,fatturare,berechnen,,,
76,v,cooc,WEAK,involve,comportare,umfassen,,,
77,v,cooc,WEAK,issue,derivare,ausgeben,,,
78,v,cooc,WEAK,land,cadere,absetzen,,,
79,v,cooc,WEAK,lay,porre,legen,,,
80,v,cooc,WEAK,lead,portare,führen,,,
81,v,cooc,WEAK,levy,imporre,erheben,,,
82,v,cooc,WEAK,mark,segnare,korrigieren,,,
83,v,cooc,WEAK,matter,significare,ausmachen,,,
84,v,cooc,WEAK,mitigate,attenuare,mildern,,,
85,v,cooc,WEAK,need,mancare,brauchen,,,
86,v,cooc,WEAK,occur,avvenire,kommen,,,
87,v,cooc,WEAK,offset,compensare,ausgleichen,,,
88,v,cooc,WEAK,owe,dovere,schulden,,,
89,v,cooc,WEAK,pass,passare,gehen,,,
90,v,cooc,WEAK,pay,pagare,zahlen,,,
91,v,cooc,WEAK,play,rappresentare,machen,,,
92,v,cooc,WEAK,prevent,evitare,verhindern,,,
93,v,cooc,WEAK,protest,dichiarare,protestieren,,,
94,v,cooc,WEAK,provide,prevedere,sorgen,,,
95,v,cooc,WEAK,provoke,provocare,verursachen,,,
96,v,cooc,WEAK,qualify,qualificare,berechtigen,,,
97,v,cooc,WEAK,record,registrare,erfassen,,,
98,v,cooc,WEAK,recover,recuperare,decken,,,
99,v,cooc,WEAK,refer,rinviare,überweisen,,,
100,v,cooc,WEAK,regulate,regolare,regeln,,,
101,v,cooc,WEAK,relieve,alleggerire,entlasten,,,
102,v,cooc,WEAK,remit,rimettere,erlassen,,,
103,v,cooc,WEAK,remove,eliminare,beseitigen,,,
104,v,cooc,WEAK,render,rendere,machen,,,
105,v,cooc,WEAK,report,riferire,erstatten,,,
106,v,cooc,WEAK,rest,rimanere,liegen,,,
107,v,cooc,WEAK,restrain,frenare,einschränken,,,
108,v,cooc,WEAK,result,derivare,resultieren,,,
109,v,cooc,WEAK,return,tornare,wählen,,,
110,v,cooc,WEAK,revise,rivedere,ändern,,,
111,v,cooc,WEAK,rise,salire,steigen,,,
112,v,cooc,WEAK,rule,dichiarare,entscheiden,,,
113,v,cooc,WEAK,save,risparmiare,sparen,,,
114,v,cooc,WEAK,set,fissare,setzen,,,
115,v,cooc,WEAK,show,indicare,aufweisen,,,
116,v,cooc,WEAK,slip,slittare,fallen,,,
117,v,cooc,WEAK,stand,sopportare,stehen,,,
118,v,cooc,WEAK,supply,soddisfare,zuführen,,,
119,v,cooc,WEAK,support,favorire,unterstützen,,,
120,v,cooc,WEAK,tend,pendere,streben,,,
121,v,cooc,WEAK,value,stimare,bewerten,,,
122,v,cooc,WEAK,want,volere,brauchen,,,
123,v,cooc,WEAK,withdraw,prelevare,entziehen,,,
124,v,cooc,WEAK,withhold,trattenere,verweigern,,,
125,v,cooc,WEAK,yield,produrre,ergeben,,,
