idx_group,pos,rel,weak,lex_en,lex_it,lex_de,score,bs_count,babel_synsets
0,n,head,,function role use,fine scopo funzione,Funktionalität Funktion,,1,bn:00036822n
1,n,sim,,class,categoria,Kategorie,0.373,1,bn:00016733n
2,n,sim,,activity,attività,Aktivität,0.366,2,bn:00001128n bn:00001174n
3,n,sim,,level,livello,Ebene,0.365,0,
4,n,sim,,number,numero,Anzahl,0.364,1,bn:00034394n
5,n,sim,,term,termine,Begriff,0.359,1,bn:00076590n
6,n,sim,,list,elenco,Liste,0.355,2,bn:00051508n bn:00023140n
7,n,sim,,system,sistema,System,0.355,7,bn:00075759n bn:00075761n bn:00075762n bn:00075763n bn:00075760n bn:00069580n bn:00005863n
8,n,sim,,requirement,requisito,Anforderung,0.352,1,bn:00064181n
9,n,sim,,category,categoria,Kategorie,0.348,1,bn:00016733n
10,n,sim,,position,posizione,Position,0.348,10,bn:00063708n bn:00063703n bn:00063704n bn:00054979n bn:00062704n bn:00063706n bn:00061746n bn:00007048n bn:00010073n bn:00063707n
11,n,sim,,side,lato,Seite,0.347,2,bn:00032604n bn:00071433n
12,n,sim,,effect,effetto,Wirkung,0.344,1,bn:00021961n
13,n,sim,,principle,principio,Prinzip,0.342,1,bn:00064428n
14,n,sim,,selection,scelta,Auswahl,0.34,2,bn:00018660n bn:00018661n
15,n,sim,,measurement,misura,Maß,0.339,1,bn:00054019n
16,n,sim,,development,sviluppo,Entwicklung,0.338,1,bn:07804057n
17,n,sim,,application,applicazione,Anwendung,0.337,2,bn:00005095n bn:00005094n
18,n,sim,,representation,immagine,Darstellung,0.337,0,
19,n,sim,,choice,scelta,Auswahl,0.335,3,bn:00003132n bn:00018661n bn:00018660n
20,n,sim,,feature,caratteristica,Feature,0.334,2,bn:00065538n bn:00017761n
21,n,sim,,use,uso,Verwendung,0.333,1,bn:00030627n
22,n,sim,,task,compito,Aufgabe,0.332,1,bn:00018756n
23,n,sim,,technology,tecnologia,Technologie,0.331,1,bn:00005105n
24,n,sim,,concept,concetto,Konzept,0.33,1,bn:00021547n
25,n,sim,,job,lavoro,Job,0.329,4,bn:00030616n bn:00030625n bn:00018756n bn:00014138n
26,n,sim,,technique,tecnica,Technik,0.329,1,bn:16282150n
27,n,sim,,service,servizio,Service,0.325,6,bn:00070659n bn:00044916n bn:00070647n bn:00070651n bn:00070653n bn:00070654n
28,n,sim,,management,gestione,Management,0.323,2,bn:00053116n bn:00027355n
29,n,sim,,role,ruolo,Rolle,0.322,1,bn:00068130n
30,n,sim,,aid,aiuto,Hilfe,0.321,2,bn:00002155n bn:00055177n
31,n,sim,,movement,movimento,Bewegung,0.321,3,bn:00056030n bn:00036632n bn:00056029n
32,n,sim,,structure,struttura,Struktur,0.321,1,bn:00022071n
33,n,sim,,subject,soggetto,Thema,0.321,2,bn:00045803n bn:00074900n
34,n,sim,,unit,unità,Einheit,0.321,1,bn:00079106n
35,n,sim,,topic,argomento,Thema,0.319,1,bn:00074900n
36,n,sim,,usage,uso,Verwendung,0.317,1,bn:00030627n
37,n,sim,,analysis,analisi,Analyse,0.315,1,bn:00003794n
38,n,sim,,opportunity,opportunità,Möglichkeit,0.315,1,bn:00017621n
39,n,sim,,property,proprietà,Eigenschaft,0.315,1,bn:00064752n
40,n,sim,,experience,esperienza,Erfahrung,0.314,2,bn:00032306n bn:00032307n
41,n,sim,,program,programma,Programm,0.314,4,bn:00062899n bn:00013235n bn:00021497n bn:00021492n
42,n,sim,,quality,qualità,Qualität,0.314,2,bn:00014731n bn:00065538n
43,n,sim,,action,azione,Aktion,0.313,0,
44,n,sim,,person,persona,Person,0.312,4,bn:00046516n bn:00061715n bn:00044576n bn:00061714n
45,n,sim,,work,lavoro,Arbeit,0.312,5,bn:00081569n bn:00030616n bn:00030625n bn:00081570n bn:00014138n
46,n,sim,,move,movimento,Bewegung,0.311,1,bn:00056029n
47,n,sim,,model,modello,Modell,0.31,7,bn:00022071n bn:00033735n bn:00032100n bn:00055447n bn:00032101n bn:00036197n bn:00055448n
48,n,sim,,building,costruzione,Aufbau,0.309,0,
49,n,sim,,ability,capacità,Fähigkeit,0.308,2,bn:00000317n bn:00005193n
50,n,sim,,capability,capacità,Fähigkeit,0.308,1,bn:00005193n
51,n,sim,,project,progetto,Projekt,0.308,1,bn:00064665n
52,n,sim,,culture,cultura,Kultur,0.307,1,bn:00024369n
53,n,sim,,design,progetto,Design,0.307,0,
54,n,sim,,practice,pratica,Praxis,0.305,2,bn:00063990n bn:00063989n
55,n,sim,,product,prodotto,Produkt,0.305,4,bn:00064584n bn:00054416n bn:00053827n bn:00064585n
56,n,sim,,profile,profilo,Profil,0.304,2,bn:00064627n bn:00064628n
57,n,sim,,assistance,aiuto,Hilfe,0.303,1,bn:00002155n
58,n,sim,,plan,piano,Plan,0.302,3,bn:00062759n bn:00069579n bn:00026536n
59,n,sim,,behavior,comportamento,Verhalten,0.301,2,bn:00009656n bn:00009657n
60,n,sim,,knowledge,conoscenza,Wissen,0.301,1,bn:00020452n
61,n,sim,,change,cambiamento,Änderung,0.299,1,bn:00003125n
62,n,sim,,content,contenuto,Inhalt,0.299,2,bn:00022154n bn:00022153n
63,n,sim,,presence,presenza,Präsenz,0.299,0,
64,n,sim,,basis,base,Basis,0.298,9,bn:00008786n bn:00008916n bn:00035744n bn:00008791n bn:00008790n bn:00008781n bn:00008870n bn:00008789n bn:00008782n
65,n,sim,,example,esempio,Beispiel,0.298,3,bn:00016401n bn:00032099n bn:00032100n
66,n,sim,,form,forma,Form,0.298,11,bn:00035915n bn:00035907n bn:00035908n bn:00035911n bn:00035912n bn:00035909n bn:00035913n bn:00021751n bn:00003882n bn:00016529n bn:00026512n
67,n,sim,,measure,misura,Maßnahme,0.298,0,
68,n,sim,,process,processo,Verfahren,0.298,1,bn:00064536n
69,n,sim,,operation,funzionamento,Betrieb,0.297,0,
70,n,sim,,value,valore,Wert,0.297,5,bn:00029680n bn:00058151n bn:00079511n bn:00079508n bn:00079509n
71,n,sim,,power,potere,Leistung,0.296,0,
72,n,sim,,control,controllo,Kontrolle,0.294,1,bn:17607444n
73,n,sim,,situation,situazione,Situation,0.294,3,bn:00071869n bn:00063707n bn:00071858n
74,n,sim,,field,campo,Feld,0.293,4,bn:00034273n bn:00006752n bn:00034265n bn:00034267n
75,n,sim,,policy,politica,Politik,0.293,1,bn:00063329n
76,n,sim,,strategy,strategia,Strategie,0.293,2,bn:00074558n bn:00069579n
77,n,sim,,point,punto,Punkt,0.292,4,bn:00063218n bn:00063214n bn:00036777n bn:00063223n
78,n,sim,,support,supporto,Unterstützung,0.292,2,bn:00075332n bn:00075331n
79,n,sim,,idea,idea,Idee,0.291,1,bn:00045800n
80,n,sim,,solution,soluzione,Lösung,0.291,1,bn:00072760n
81,n,sim,,app,applicazione,App,0.29,1,bn:00005095n
82,n,sim,,chance,possibilità,Möglichkeit,0.29,2,bn:00017621n bn:00017624n
83,n,sim,,device,dispositivo,Gerät,0.29,1,bn:00026716n
84,n,sim,,possibility,possibilità,Möglichkeit,0.29,1,bn:00017621n
85,n,sim,,production,produzione,Produktion,0.29,4,bn:00064594n bn:00064592n bn:00064590n bn:00059790n
86,n,sim,,record,registrazione,Aufnahme,0.29,0,
87,n,sim,,status,stato,Status,0.29,2,bn:00021644n bn:00063703n
88,n,sim,,context,contesto,Zusammenhang,0.289,1,bn:00019219n
89,n,sim,,need,bisogno,Notwendigkeit,0.289,0,
90,n,sim,,importance,importanza,Bedeutung,0.288,0,
91,n,sim,,result,risultato,Ergebnis,0.288,3,bn:00021961n bn:00004452n bn:00034520n
92,n,sim,,security,sicurezza,Sicherheit,0.288,2,bn:00070219n bn:00068799n
93,n,sim,,treatment,trattamento,Behandlung,0.288,3,bn:00076843n bn:00042823n bn:00047235n
94,n,sim,,document,documento,Dokument,0.285,2,bn:00028015n bn:00028018n
95,n,sim,,law,legge,Recht,0.285,2,bn:00048655n bn:00050250n
96,n,sim,,programme,programma,Programm,0.285,2,bn:00013235n bn:00021492n
97,n,sim,,condition,condizione,Zustand,0.284,1,bn:13935995n
98,n,sim,,language,linguaggio,Sprache,0.284,2,bn:00049910n bn:00077565n
99,n,sim,,office,ufficio,Amt,0.284,2,bn:00001961n bn:00036823n
100,n,sim,,problem,problema,Problem,0.284,3,bn:00064526n bn:00048242n bn:00064527n
101,n,sim,,relation,relazione,Beziehung,0.284,1,bn:00066995n
102,n,sim,,consequence,conseguenza,Folge,0.283,1,bn:00021961n
103,n,sim,,objective,obiettivo,Ziel,0.283,1,bn:00002179n
104,n,sim,,success,successo,Erfolg,0.283,1,bn:00075023n
105,n,sim,,pattern,modello,Modell,0.282,0,
106,n,sim,,platform,piattaforma,Plattform,0.282,1,bn:00062900n
107,n,sim,,question,domanda,Frage,0.282,1,bn:00047208n
108,n,sim,,component,componente,Komponente,0.281,1,bn:00021396n
109,n,sim,,future,futuro,Zukunft,0.281,2,bn:00036941n bn:00036942n
110,n,sim,,network,rete,Netzwerk,0.281,4,bn:00057379n bn:00021488n bn:00054497n bn:00024712n
111,n,sim,,sense,senso,Sinn,0.281,4,bn:00070498n bn:00000657n bn:00070499n bn:00070494n
112,n,sim,,case,caso,Fall,0.28,3,bn:00016403n bn:00016402n bn:00016411n
113,n,sim,,responsibility,responsabilità,Verantwortung,0.28,2,bn:00067370n bn:00029239n
114,n,sim,,cost,costo,Kosten,0.279,1,bn:00022995n
115,n,sim,,reason,motivo,Grund,0.279,3,bn:00041881n bn:00016851n bn:00066443n
116,n,sim,,relationship,relazione,Beziehung,0.279,2,bn:00045161n bn:00033359n
117,n,sim,,scope,portata,Umfang,0.279,0,
118,n,sim,,output,produzione,Ausgabe,0.278,0,
119,n,sim,,rule,regola,Regel,0.278,2,bn:00064192n bn:00066933n
120,n,sim,,supply,offerta,Angebot,0.278,1,bn:03251267n
121,n,sim,,duty,dovere,Pflicht,0.277,1,bn:00029239n
122,n,sim,,history,storia,Geschichte,0.277,4,bn:00044270n bn:00044268n bn:00044267n bn:00000738n
123,n,sim,,way,modo,Weise,0.276,0,
124,n,sim,,establishment,istituzione,Einrichtung,0.275,0,
125,n,sim,,safety,sicurezza,Sicherheit,0.275,2,bn:00070219n bn:00068799n
126,n,sim,,element,elemento,Element,0.274,6,bn:00030301n bn:00030299n bn:00030300n bn:00018105n bn:00021394n bn:00021396n
127,n,sim,,initiative,iniziativa,Initiative,0.274,2,bn:00034797n bn:00031009n
128,n,sim,,part,parte,Teil,0.274,1,bn:00021395n
129,n,sim,,care,cura,Pflege,0.273,1,bn:00002157n
130,n,sim,,challenge,sfida,Herausforderung,0.272,1,bn:00017558n
131,n,sim,,size,dimensione,Größe,0.272,1,bn:15234561n
132,n,sim,,aspect,aspetto,Aspekt,0.271,1,bn:00006385n
133,n,sim,,contract,contratto,Auftrag,0.271,0,
134,n,sim,,organization,organizzazione,Organisation,0.271,5,bn:00059482n bn:00005863n bn:00059480n bn:00059483n bn:00001423n
135,n,sim,,story,storia,Geschichte,0.27,2,bn:00000738n bn:00056857n
136,n,sim,,strength,forza,Stärke,0.269,1,bn:00074615n
137,n,sim,,advantage,vantaggio,Vorteil,0.268,2,bn:00001560n bn:00001559n
138,n,sim,,description,descrizione,Beschreibung,0.268,1,bn:01244302n
139,n,sim,,commitment,impegno,Engagement,0.267,1,bn:00002819n
140,n,sim,,location,posizione,Lage,0.267,1,bn:00051760n
141,n,sim,,appearance,aspetto,Aussehen,0.266,1,bn:00005023n
142,n,sim,,area,area,Bereich,0.266,2,bn:00082076n bn:00003268n
143,n,sim,,conduct,comportamento,Verhalten,0.266,2,bn:00009656n bn:00009657n
144,n,sim,,interest,interesse,Interesse,0.266,6,bn:00047081n bn:00047077n bn:00047080n bn:00047083n bn:00021556n bn:00047079n
145,n,sim,,regulation,regolamento,Regelung,0.266,1,bn:00059436n
146,n,sim,,parameter,parametro,Parameter,0.265,2,bn:00005603n bn:00060587n
147,n,sim,,site,luogo,Standort,0.265,1,bn:00051760n
148,n,sim,,test,prova,Test,0.265,4,bn:00076647n bn:00076648n bn:00032089n bn:00032095n
149,n,sim,,training,formazione,Ausbildung,0.265,1,bn:00041853n
150,n,sim,,contribution,contributo,Beitrag,0.264,1,bn:00022272n
151,n,sim,,consideration,considerazione,Prüfung,0.263,0,
152,n,sim,,life,vita,Leben,0.263,4,bn:00051047n bn:00002761n bn:00051045n bn:00051054n
153,n,sim,,act,atto,Handlung,0.262,1,bn:16082183n
154,n,sim,,code,codice,Code,0.262,3,bn:00020353n bn:00020354n bn:00020352n
155,n,sim,,order,ordine,Auftrag,0.262,1,bn:00059311n
156,n,sim,,response,risposta,Antwort,0.262,3,bn:00004451n bn:00004454n bn:00067180n
157,n,sim,,thing,cosa,Sache,0.262,2,bn:00001734n bn:00076925n
158,n,sim,,benefit,beneficio,Nutzen,0.261,1,bn:00037022n
159,n,sim,,mechanism,meccanismo,Mechanismus,0.261,1,bn:00054065n
160,n,sim,,right,diritto,Recht,0.261,1,bn:00067807n
161,n,sim,,space,spazio,Raum,0.261,2,bn:00046665n bn:00053830n
162,n,sim,,account,conto,Rechnung,0.26,1,bn:00000746n
163,n,sim,,image,immagine,Image,0.26,5,bn:00045971n bn:00045972n bn:00045970n bn:00045772n bn:00060201n
164,n,sim,,organisation,organizzazione,Organisation,0.26,5,bn:00059482n bn:00005863n bn:00059480n bn:00059483n bn:00001423n
165,n,sim,,competence,competenza,Kompetenz,0.259,1,bn:00021335n
166,n,sim,,improvement,miglioramento,Verbesserung,0.259,1,bn:00046191n
167,n,sim,,performance,prestazione,Performance,0.259,1,bn:00016286n
168,n,sim,,politics,politica,Politik,0.259,1,bn:00063351n
169,n,sim,,event,evento,Ereignis,0.258,2,bn:00032021n bn:00032022n
170,n,sim,,market,mercato,Markt,0.258,3,bn:00053458n bn:00053459n bn:00053461n
171,n,sim,,risk,rischio,Risiko,0.258,1,bn:00030747n
172,n,sim,,institution,istituzione,Einrichtung,0.257,1,bn:27269439n
173,n,sim,,instrument,strumento,Instrument,0.257,6,bn:00077585n bn:00046964n bn:00046965n bn:00046961n bn:00023662n bn:00046962n
174,n,sim,,group,gruppo,Gruppe,0.256,4,bn:00041943n bn:00018111n bn:00073698n bn:00041942n
175,n,sim,,purpose,scopo,Zweck,0.256,0,
176,n,sim,,deal,accordo,Abkommen,0.254,1,bn:00008568n
177,n,sim,,decision,decisione,Entscheidung,0.254,3,bn:00003132n bn:00018661n bn:00025693n
178,n,sim,,nature,natura,Art,0.254,0,
179,n,sim,,vehicle,mezzo,Mittel,0.254,1,bn:00079676n
180,n,sim,,dimension,dimensione,Dimension,0.253,4,bn:00027153n bn:00027151n bn:00027152n bn:00007067n
181,n,sim,,place,posto,Stelle,0.253,1,bn:00062699n
182,n,sim,,procedure,procedura,Verfahren,0.253,1,bn:00064536n
183,n,sim,,protection,protezione,Schutz,0.253,2,bn:00064838n bn:00071020n
184,n,sim,,force,forza,Kraft,0.251,2,bn:00035768n bn:00035767n
185,n,sim,,infrastructure,infrastruttura,Infrastruktur,0.251,2,bn:00008794n bn:00046727n
186,n,sim,,line,linea,Linie,0.251,4,bn:00051289n bn:00014457n bn:00051294n bn:00014165n
187,n,sim,,state,stato,Zustand,0.251,4,bn:02220665n bn:03347921n bn:17345320n bn:02108701n
188,n,sim,,statement,dichiarazione,Erklärung,0.251,0,
189,n,sim,,assessment,valutazione,Bewertung,0.25,0,
190,n,sim,,method,metodo,Verfahren,0.25,1,bn:00054625n
191,n,sim,,outcome,risultato,Ergebnis,0.25,2,bn:00021961n bn:00034520n
192,n,sim,,communication,comunicazione,Kommunikation,0.249,1,bn:00021221n
193,n,sim,,option,opzione,Option,0.249,3,bn:00003132n bn:00059228n bn:00018661n
194,n,sim,,agreement,accordo,Vereinbarung,0.248,1,bn:00002086n
195,n,sim,,bill,conto,Rechnung,0.248,1,bn:00000746n
196,n,sim,,claim,richiesta,Anspruch,0.248,1,bn:00019405n
197,n,sim,,company,azienda,Firma,0.248,4,bn:00073910n bn:00022811n bn:00021286n bn:00014160n
198,n,sim,,staff,personale,Personal,0.248,0,
199,n,sim,,tool,strumento,Werkzeug,0.248,2,bn:00077585n bn:00023662n
200,n,sim,,series,serie,Serie,0.247,5,bn:00070597n bn:00070609n bn:00070611n bn:00031227n bn:00070613n
201,n,sim,,character,carattere,Charakter,0.246,1,bn:00017748n
202,n,sim,,approach,approccio,Ansatz,0.245,0,
203,n,sim,,segment,parte,Teil,0.243,0,
204,n,sim,,spot,posto,Stelle,0.243,1,bn:00062699n
205,n,sim,,capacity,capacità,Kapazität,0.242,1,bn:00005193n
206,n,sim,,expenditure,spesa,Aufwand,0.242,0,
207,n,sim,,proposal,proposta,Vorschlag,0.242,1,bn:03851567n
208,n,sim,,report,relazione,Bericht,0.242,1,bn:00067181n
209,n,sim,,competition,gara,Wettbewerb,0.24,2,bn:00021338n bn:00021339n
210,n,sim,,evaluation,valutazione,Beurteilung,0.24,1,bn:00031973n
211,n,sim,,title,titolo,Titel,0.239,3,bn:00077412n bn:00035925n bn:00077409n
212,n,sim,,user,utente,Benutzer,0.239,1,bn:00079373n
213,n,sim,,potential,potenziale,Potenzial,0.238,1,bn:01814613n
214,n,sim,,sector,settore,Sektor,0.238,1,bn:11333488n
215,n,sim,,monitoring,monitoraggio,Überwachung,0.237,1,bn:00055682n
216,n,sim,,arrangement,accordo,Vereinbarung,0.236,1,bn:04094003n
217,n,sim,,interpretation,interpretazione,Auslegung,0.235,1,bn:04810972n
218,n,sim,,obligation,obbligo,Verpflichtung,0.234,1,bn:00029239n
219,n,sim,,participation,partecipazione,Beteiligung,0.234,1,bn:00030844n
220,n,sim,,detail,dettaglio,Detail,0.233,3,bn:00026622n bn:00026623n bn:00026624n
221,n,sim,,recognition,riconoscimento,Anerkennung,0.233,1,bn:00066552n
222,n,sim,,integration,integrazione,Integration,0.231,4,bn:00026516n bn:00047010n bn:00047014n bn:00022007n
223,n,sim,,authorisation,autorizzazione,Genehmigung,0.229,0,
224,n,sim,,resource,risorsa,Ressource,0.228,1,bn:00067352n
225,n,sim,,restriction,limitazione,Beschränkung,0.227,1,bn:00051254n
226,n,sim,,undertaking,impresa,Unternehmen,0.227,0,
227,n,sim,,circumstance,circostanza,Umstand,0.226,2,bn:00019219n bn:00019218n
228,n,sim,,mean,mezzo,Mittel,0.226,0,
229,n,sim,,characteristic,caratteristica,Merkmal,0.225,2,bn:00017762n bn:00065538n
230,n,sim,,commission,commissione,Auftrag,0.225,0,
231,n,sim,,functionality,funzionalità,Funktion,0.223,0,
232,n,sim,,administration,amministrazione,Verwaltung,0.222,5,bn:00001424n bn:00027355n bn:00001422n bn:00053116n bn:00001423n
233,n,sim,,partner,partner,Partner,0.221,6,bn:00060821n bn:00010161n bn:00020592n bn:00028157n bn:00006531n bn:00060819n
234,n,sim,,definition,definizione,Definition,0.22,2,bn:00025928n bn:00025929n
235,n,sim,,party,gruppo,Gruppe,0.22,0,
236,n,sim,,construction,costruzione,Konstruktion,0.219,2,bn:00013723n bn:00022069n
237,n,sim,,fact,fatto,Tatsache,0.219,2,bn:00032655n bn:00032654n
238,n,sim,,function,funzione,Funktion,0.218,3,bn:00036821n bn:00036822n bn:00036825n
239,n,sim,,implementation,realizzazione,Durchführung,0.218,0,
240,n,sim,,good,beneficio,Nutzen,0.217,0,
241,n,sim,,object,oggetto,Objekt,0.216,4,bn:00002179n bn:00058445n bn:00058443n bn:00058442n
242,n,sim,,promotion,promozione,Werbung,0.215,1,bn:00060113n
243,n,sim,,criterion,criterio,Kriterium,0.214,2,bn:00023854n bn:00023853n
244,n,sim,,exercise,esercizio,Ausübung,0.214,0,
245,n,sim,,funding,finanziamento,Finanzierung,0.212,1,bn:00034545n
246,n,sim,,introduction,presentazione,Vorstellung,0.212,0,
247,n,sim,,processing,elaborazione,Verarbeitung,0.212,0,
248,n,sim,,review,revisione,Überprüfung,0.212,0,
249,n,sim,,guarantee,garanzia,Garantie,0.208,2,bn:00042041n bn:00042039n
250,n,sim,,transparency,trasparenza,Transparenz,0.2,1,bn:00078038n
251,n,sim,,priority,priorità,Priorität,0.197,1,bn:00064072n
252,n,sim,,financing,finanziamento,Finanzierung,0.188,2,bn:00034545n bn:00034524n
253,n,sim,,approval,approvazione,Genehmigung,0.181,0,
254,n,sim,,effectiveness,efficacia,Wirksamkeit,0.176,1,bn:00029876n
1,n,sim,WEAK,achievement,realizzazione,Leistung,,,
2,n,sim,WEAK,adjustment,registrazione,Einstellung,,,
3,n,sim,WEAK,agency,ufficio,Agentur,,,
4,n,sim,WEAK,aim,scopo,Ziel,,,
5,n,sim,WEAK,amount,quota,Menge,,,
6,n,sim,WEAK,article,condizione,Artikel,,,
7,n,sim,WEAK,asset,attività,Vorzug,,,
8,n,sim,WEAK,authority,autorità,Stelle,,,
9,n,sim,WEAK,availability,disponibilità,Zugänglichkeit,,,
10,n,sim,WEAK,board,commissione,Ausschuss,,,
11,n,sim,WEAK,body,struttura,Organ,,,
12,n,sim,WEAK,business,azienda,Unternehmen,,,
13,n,sim,WEAK,call,motivo,Entscheidung,,,
14,n,sim,WEAK,charge,carico,Verantwortung,,,
15,n,sim,WEAK,check,controllo,Prüfung,,,
16,n,sim,WEAK,classification,classificazione,Spezifikation,,,
17,n,sim,WEAK,collection,serie,Sortiment,,,
18,n,sim,WEAK,combination,unione,Verbindung,,,
19,n,sim,WEAK,concern,interesse,Bedeutung,,,
20,n,sim,WEAK,conclusion,conclusione,Feststellung,,,
21,n,sim,WEAK,connection,relazione,Verbindung,,,
22,n,sim,WEAK,customer,tipo,Kunde,,,
23,n,sim,WEAK,datum,dato,Datum,,,
24,n,sim,WEAK,demand,domanda,Anforderung,,,
25,n,sim,WEAK,direction,direzione,Vorschrift,,,
26,n,sim,WEAK,distribution,distribuzione,Ausgabe,,,
27,n,sim,WEAK,effort,sforzo,Leistung,,,
28,n,sim,WEAK,employment,lavoro,Beschäftigung,,,
29,n,sim,WEAK,entity,entità,Objekt,,,
30,n,sim,WEAK,equipment,mezzo,Ausrüstung,,,
31,n,sim,WEAK,exchange,cambio,Amt,,,
32,n,sim,WEAK,existence,esistenza,Leben,,,
33,n,sim,WEAK,expansion,sviluppo,Erweiterung,,,
34,n,sim,WEAK,expression,espressione,Bezeichnung,,,
35,n,sim,WEAK,extent,grado,Umfang,,,
36,n,sim,WEAK,facility,infrastruttura,Einrichtung,,,
37,n,sim,WEAK,factor,momento,Faktor,,,
38,n,sim,WEAK,failure,fallimento,Fall,,,
39,n,sim,WEAK,figure,numero,Abbildung,,,
40,n,sim,WEAK,file,pratica,Datei,,,
41,n,sim,WEAK,framework,contesto,Rahmen,,,
42,n,sim,WEAK,freedom,libertà,Unabhängigkeit,,,
43,n,sim,WEAK,functioning,funzionamento,Funktion,,,
44,n,sim,WEAK,goal,scopo,Ziel,,,
45,n,sim,WEAK,governance,governo,Verwaltung,,,
46,n,sim,WEAK,growth,crescita,Entwicklung,,,
47,n,sim,WEAK,identification,riconoscimento,Feststellung,,,
48,n,sim,WEAK,increase,aumento,Erweiterung,,,
49,n,sim,WEAK,independence,autonomia,Unabhängigkeit,,,
50,n,sim,WEAK,information,notizia,Information,,,
51,n,sim,WEAK,innovation,novità,Innovation,,,
52,n,sim,WEAK,inspection,controllo,Prüfung,,,
53,n,sim,WEAK,installation,impianto,Installation,,,
54,n,sim,WEAK,investment,impiego,Investition,,,
55,n,sim,WEAK,issue,problema,Ausgabe,,,
56,n,sim,WEAK,item,elemento,Artikel,,,
57,n,sim,WEAK,kind,tipo,Art,,,
58,n,sim,WEAK,lot,partita,Menge,,,
59,n,sim,WEAK,map,piano,Karte,,,
60,n,sim,WEAK,material,materia,Material,,,
61,n,sim,WEAK,matter,materia,Sache,,,
62,n,sim,WEAK,medium,mezzo,Medium,,,
63,n,sim,WEAK,meeting,incontro,Veranstaltung,,,
64,n,sim,WEAK,message,comunicazione,Nachricht,,,
65,n,sim,WEAK,mission,missione,Aufgabe,,,
66,n,sim,WEAK,mode,modo,Art,,,
67,n,sim,WEAK,moment,momento,Bedeutung,,,
68,n,sim,WEAK,name,nome,Name,,,
69,n,sim,WEAK,payment,pagamento,Leistung,,,
70,n,sim,WEAK,period,periodo,Punkt,,,
71,n,sim,WEAK,play,gioco,Stück,,,
72,n,sim,WEAK,post,posto,Posten,,,
73,n,sim,WEAK,price,quota,Preis,,,
74,n,sim,WEAK,progress,corso,Fortschritt,,,
75,n,sim,WEAK,range,serie,Reichweite,,,
76,n,sim,WEAK,rate,percentuale,Preis,,,
77,n,sim,WEAK,reform,riforma,Neuerung,,,
78,n,sim,WEAK,regime,regime,System,,,
79,n,sim,WEAK,release,pubblicazione,Film,,,
80,n,sim,WEAK,scene,luogo,Szene,,,
81,n,sim,WEAK,scheme,schema,Programm,,,
82,n,sim,WEAK,section,sezione,Teil,,,
83,n,sim,WEAK,sequence,ordine,Folge,,,
84,n,sim,WEAK,set,insieme,Reihe,,,
85,n,sim,WEAK,setting,ambiente,Rahmen,,,
86,n,sim,WEAK,share,quota,Teil,,,
87,n,sim,WEAK,signal,segno,Nachricht,,,
88,n,sim,WEAK,skill,arte,Fähigkeit,,,
89,n,sim,WEAK,sport,gioco,Sport,,,
90,n,sim,WEAK,standard,norma,Standard,,,
91,n,sim,WEAK,step,misura,Schritt,,,
92,n,sim,WEAK,study,studio,Untersuchung,,,
93,n,sim,WEAK,style,modello,Stil,,,
94,n,sim,WEAK,substance,sostanza,Gewicht,,,
95,n,sim,WEAK,team,squadra,Gruppe,,,
96,n,sim,WEAK,testing,analisi,Prüfung,,,
97,n,sim,WEAK,text,argomento,Text,,,
98,n,sim,WEAK,trade,settore,Handel,,,
99,n,sim,WEAK,transaction,operazione,Geschäft,,,
100,n,sim,WEAK,transfer,trasferimento,Verbindung,,,
101,n,sim,WEAK,trend,corso,Entwicklung,,,
102,n,sim,WEAK,type,tipo,Art,,,
103,n,sim,WEAK,understanding,comprensione,Vereinbarung,,,
104,n,sim,WEAK,vision,visione,Vorstellung,,,
105,n,sim,WEAK,volume,capacità,Umfang,,,
106,n,sim,WEAK,word,termine,Wort,,,
1,n,cooc,,profession,professione,Beruf,0.693,2,bn:00064608n bn:00064607n
2,n,cooc,,key,tasto,Taste,0.58,0,
3,n,cooc,,power,potere,Leistung,0.557,0,
4,n,cooc,,role,ruolo,Rolle,0.545,1,bn:00068130n
5,n,cooc,,mandate,mandato,Mandat,0.511,2,bn:00007292n bn:00053151n
6,n,cooc,,brain,cervello,Gehirn,0.505,1,bn:00012679n
7,n,cooc,,feature,caratteristica,Feature,0.495,2,bn:00065538n bn:00017761n
8,n,cooc,,model,modello,Modell,0.489,7,bn:00022071n bn:00033735n bn:00032100n bn:00055447n bn:00032101n bn:00036197n bn:00055448n
9,n,cooc,,occupation,occupazione,Beruf,0.488,3,bn:00030616n bn:00030625n bn:00014138n
10,n,cooc,,task,compito,Aufgabe,0.475,1,bn:00018756n
11,n,cooc,,accountability,responsabilità,Verantwortlichkeit,0.474,1,bn:00000751n
12,n,cooc,,form,forma,Form,0.474,11,bn:00035915n bn:00035907n bn:00035908n bn:00035911n bn:00035912n bn:00035909n bn:00035913n bn:00021751n bn:00003882n bn:00016529n bn:00026512n
13,n,cooc,,resource,risorsa,Ressource,0.474,1,bn:00067352n
14,n,cooc,,purpose,scopo,Zweck,0.473,0,
15,n,cooc,,motor,macchina,Auto,0.47,0,
16,n,cooc,,competence,competenza,Zuständigkeit,0.465,1,bn:00021335n
17,n,cooc,,measure,provvedimento,Maß,0.465,0,
18,n,cooc,,aesthetics,estetica,Ästhetik,0.464,1,bn:00001719n
19,n,cooc,,position,posizione,Position,0.461,10,bn:00063708n bn:00063703n bn:00063704n bn:00054979n bn:00062704n bn:00063706n bn:00061746n bn:00007048n bn:00010073n bn:00063707n
20,n,cooc,,unit,unità,Einheit,0.461,1,bn:00079106n
21,n,cooc,,structure,struttura,Struktur,0.455,1,bn:00022071n
22,n,cooc,,water,acqua,Wasser,0.453,3,bn:00042379n bn:00080561n bn:00061253n
23,n,cooc,,parameter,parametro,Parameter,0.452,2,bn:00005603n bn:00060587n
24,n,cooc,,responsibility,responsabilità,Verantwortung,0.452,2,bn:00067370n bn:00029239n
25,n,cooc,,system,sistema,System,0.451,7,bn:00075759n bn:00075761n bn:00075762n bn:00075763n bn:00075760n bn:00069580n bn:00005863n
26,n,cooc,,machine,macchina,Maschine,0.446,1,bn:00026716n
27,n,cooc,,mean,mezzo,Mittel,0.445,0,
28,n,cooc,,quality,qualità,Qualität,0.445,2,bn:00014731n bn:00065538n
29,n,cooc,,product,prodotto,Produkt,0.44,4,bn:00064584n bn:00054416n bn:00053827n bn:00064585n
30,n,cooc,,appearance,aspetto,Aussehen,0.438,1,bn:00005023n
31,n,cooc,,signature,firma,Unterschrift,0.437,1,bn:00071547n
32,n,cooc,,formula,formula,Formel,0.435,1,bn:00032395n
33,n,cooc,,practice,esercizio,Ausübung,0.43,1,bn:00063990n
34,n,cooc,,look,aspetto,Aussehen,0.427,1,bn:00005023n
35,n,cooc,,venture,impresa,Unternehmen,0.427,4,bn:00073910n bn:00022811n bn:00021286n bn:00014160n
36,n,cooc,,characteristic,caratteristica,Merkmal,0.426,2,bn:00017762n bn:00065538n
37,n,cooc,,destination,destinazione,Ziel,0.426,1,bn:00026601n
38,n,cooc,,case,caso,Fall,0.423,3,bn:00016403n bn:00016402n bn:00016411n
39,n,cooc,,device,dispositivo,Gerät,0.422,1,bn:00026716n
40,n,cooc,,importance,importanza,Bedeutung,0.422,0,
41,n,cooc,,body,corpo,Körper,0.421,1,bn:00011744n
42,n,cooc,,liability,responsabilità,Verantwortlichkeit,0.421,1,bn:00000751n
43,n,cooc,,activity,attività,Tätigkeit,0.42,1,bn:15840810n
44,n,cooc,,support,supporto,Unterstützung,0.42,2,bn:00075332n bn:00075331n
45,n,cooc,,behavior,comportamento,Verhalten,0.416,2,bn:00009656n bn:00009657n
46,n,cooc,,component,componente,Komponente,0.414,1,bn:00021396n
47,n,cooc,,description,descrizione,Beschreibung,0.413,1,bn:01244302n
48,n,cooc,,control,controllo,Kontrolle,0.412,1,bn:17607444n
49,n,cooc,,term,termine,Begriff,0.412,1,bn:00076590n
50,n,cooc,,benefit,beneficio,Nutzen,0.408,1,bn:00037022n
51,n,cooc,,capability,capacità,Fähigkeit,0.408,1,bn:00005193n
52,n,cooc,,class,classe,Klasse,0.408,6,bn:00016733n bn:00019478n bn:00019482n bn:00019483n bn:00019479n bn:00019477n
53,n,cooc,,behaviour,comportamento,Verhalten,0.407,2,bn:00009656n bn:00009657n
54,n,cooc,,effect,effetto,Wirkung,0.406,1,bn:00021961n
55,n,cooc,,significance,significato,Bedeutung,0.406,1,bn:00046139n
56,n,cooc,,conduct,comportamento,Verhalten,0.404,2,bn:00009656n bn:00009657n
57,n,cooc,,location,posizione,Lage,0.403,1,bn:00051760n
58,n,cooc,,app,app,App,0.401,1,bn:00005095n
59,n,cooc,,shape,forma,Form,0.401,5,bn:00035908n bn:00035909n bn:00021751n bn:00003882n bn:00016529n
60,n,cooc,,use,uso,Verwendung,0.401,1,bn:00030627n
61,n,cooc,,crisis,crisi,Krise,0.4,2,bn:00023844n bn:00023845n
62,n,cooc,,result,risultato,Ergebnis,0.399,3,bn:00021961n bn:00004452n bn:00034520n
63,n,cooc,,exploitation,sfruttamento,Nutzung,0.398,0,
64,n,cooc,,material,materiale,Material,0.398,3,bn:00053801n bn:00053803n bn:00053802n
65,n,cooc,,object,oggetto,Objekt,0.398,4,bn:00002179n bn:00058445n bn:00058443n bn:00058442n
66,n,cooc,,participation,partecipazione,Teilnahme,0.398,1,bn:00030844n
67,n,cooc,,tool,strumento,Werkzeug,0.398,2,bn:00077585n bn:00023662n
68,n,cooc,,command,comando,Befehl,0.397,2,bn:00010260n bn:00020945n
69,n,cooc,,ability,capacità,Fähigkeit,0.396,2,bn:00000317n bn:00005193n
70,n,cooc,,meaning,significato,Bedeutung,0.396,2,bn:00046139n bn:00054009n
71,n,cooc,,disposal,disposizione,Verfügung,0.395,1,bn:00027681n
72,n,cooc,,member,membro,Mitglied,0.395,2,bn:00034004n bn:00054277n
73,n,cooc,,property,proprietà,Eigenschaft,0.395,1,bn:00064752n
74,n,cooc,,software,software,Software,0.395,1,bn:00021497n
75,n,cooc,,value,valore,Wert,0.395,5,bn:00029680n bn:00058151n bn:00079511n bn:00079508n bn:00079509n
76,n,cooc,,fare,prezzo,Preis,0.392,0,
77,n,cooc,,declaration,dichiarazione,Erklärung,0.391,0,
78,n,cooc,,user,utente,Benutzer,0.391,1,bn:00079373n
79,n,cooc,,application,applicazione,Anwendung,0.39,2,bn:00005095n bn:00005094n
80,n,cooc,,graph,grafico,Graph,0.39,2,bn:00017904n bn:00041412n
81,n,cooc,,price,prezzo,Preis,0.39,2,bn:00022996n bn:00025083n
82,n,cooc,,technique,tecnica,Technik,0.387,1,bn:16282150n
83,n,cooc,,loss,perdita,Verlust,0.384,1,bn:00052054n
84,n,cooc,,selection,selezione,Auswahl,0.382,2,bn:00018660n bn:00018661n
85,n,cooc,,argument,argomento,Argument,0.381,2,bn:00005600n bn:00005604n
86,n,cooc,,technology,tecnologia,Technologie,0.381,1,bn:00005105n
87,n,cooc,,utility,utilità,Nutzen,0.381,1,bn:00079399n
88,n,cooc,,situation,situazione,Lage,0.379,1,bn:00071869n
89,n,cooc,,design,design,Design,0.376,11,bn:00026535n bn:00045963n bn:00056023n bn:00045772n bn:00021551n bn:00026536n bn:00011593n bn:00028639n bn:00026537n bn:00026538n bn:00002178n
90,n,cooc,,pattern,modello,Modell,0.376,0,
91,n,cooc,,calculation,calcolo,Berechnung,0.375,2,bn:00014688n bn:00014689n
92,n,cooc,,module,modulo,Modul,0.375,1,bn:00055499n
93,n,cooc,,association,associazione,Verein,0.374,2,bn:00020039n bn:00006539n
94,n,cooc,,operation,funzionamento,Betrieb,0.374,0,
95,n,cooc,,integrity,integrità,Integrität,0.373,1,bn:00047017n
96,n,cooc,,size,dimensione,Größe,0.373,1,bn:15234561n
97,n,cooc,,society,società,Gesellschaft,0.371,2,bn:00072566n bn:00020039n
98,n,cooc,,level,livello,Ebene,0.37,0,
99,n,cooc,,achievement,raggiungimento,Leistung,0.368,1,bn:00000724n
100,n,cooc,,medium,mezzo,Mittel,0.365,1,bn:00079676n
101,n,cooc,,organ,organo,Organ,0.365,4,bn:00030157n bn:00059458n bn:00059461n bn:00059460n
102,n,cooc,,capacity,capacità,Kapazität,0.364,1,bn:00005193n
103,n,cooc,,need,bisogno,Bedarf,0.363,1,bn:00026107n
104,n,cooc,,context,contesto,Kontext,0.361,2,bn:00022168n bn:00019219n
105,n,cooc,,job,lavoro,Arbeit,0.361,4,bn:00030616n bn:00030625n bn:00018756n bn:00014138n
106,n,cooc,,nature,natura,Natur,0.361,3,bn:00057017n bn:00057016n bn:00075760n
107,n,cooc,,condition,condizione,Zustand,0.356,1,bn:13935995n
108,n,cooc,,interface,interfaccia,Schnittstelle,0.356,1,bn:00047090n
109,n,cooc,,reduction,riduzione,Minderung,0.356,0,
110,n,cooc,,service,servizio,Service,0.356,6,bn:00070659n bn:00044916n bn:00070647n bn:00070651n bn:00070653n bn:00070654n
111,n,cooc,,place,posto,Stelle,0.355,1,bn:00062699n
112,n,cooc,,scope,portata,Umfang,0.355,0,
113,n,cooc,,code,codice,Code,0.351,3,bn:00020353n bn:00020354n bn:00020352n
114,n,cooc,,event,caso,Fall,0.351,1,bn:00016402n
115,n,cooc,,work,lavoro,Arbeit,0.35,5,bn:00081569n bn:00030616n bn:00030625n bn:00081570n bn:00014138n
116,n,cooc,,growth,evoluzione,Entwicklung,0.347,0,
117,n,cooc,,rule,regola,Regel,0.345,2,bn:00064192n bn:00066933n
118,n,cooc,,manufacturer,fabbricante,Hersteller,0.344,1,bn:00052911n
119,n,cooc,,experience,esperienza,Erfahrung,0.343,2,bn:00032306n bn:00032307n
120,n,cooc,,spot,posto,Stelle,0.34,1,bn:00062699n
121,n,cooc,,objective,obiettivo,Ziel,0.339,1,bn:00002179n
122,n,cooc,,function,funzione,Funktion,0.338,3,bn:00036821n bn:00036822n bn:00036825n
123,n,cooc,,priority,priorità,Priorität,0.338,1,bn:00064072n
124,n,cooc,,execution,esecuzione,Ausführung,0.336,1,bn:00032172n
125,n,cooc,,aspect,aspetto,Aspekt,0.335,1,bn:00006385n
126,n,cooc,,network,rete,Netzwerk,0.333,4,bn:00057379n bn:00021488n bn:00054497n bn:00024712n
127,n,cooc,,development,evoluzione,Entwicklung,0.326,0,
128,n,cooc,,information,informazione,Information,0.326,2,bn:00046705n bn:00046698n
129,n,cooc,,performance,prestazione,Performance,0.325,1,bn:00016286n
130,n,cooc,,sector,settore,Bereich,0.324,0,
131,n,cooc,,period,periodo,Periode,0.31,1,bn:00040167n
132,n,cooc,,implementation,implementazione,Durchführung,0.308,0,
133,n,cooc,,specification,specificazione,Spezifikation,0.306,1,bn:00073184n
134,n,cooc,,process,processo,Verfahren,0.303,1,bn:00064536n
135,n,cooc,,part,parte,Teil,0.298,1,bn:00021395n
136,n,cooc,,number,numero,Anzahl,0.294,1,bn:00034394n
137,n,cooc,,return,ritorno,Rückkehr,0.293,1,bn:00044531n
138,n,cooc,,dimension,dimensione,Dimension,0.291,4,bn:00027153n bn:00027151n bn:00027152n bn:00007067n
139,n,cooc,,interest,interesse,Interesse,0.285,6,bn:00047081n bn:00047077n bn:00047080n bn:00047083n bn:00021556n bn:00047079n
140,n,cooc,,life,vita,Leben,0.28,4,bn:00051047n bn:00002761n bn:00051045n bn:00051054n
141,n,cooc,,undertaking,impresa,Unternehmen,0.264,0,
142,n,cooc,,choice,scelta,Wahl,0.261,3,bn:00003132n bn:00018660n bn:00018661n
143,n,cooc,,method,metodo,Verfahren,0.245,1,bn:00054625n
144,n,cooc,,procedure,procedura,Verfahren,0.239,1,bn:00064536n
1,n,cooc,WEAK,access,attacco,Zugriff,,,
2,n,cooc,WEAK,act,atto,Vertrag,,,
3,n,cooc,WEAK,action,azione,Wirkung,,,
4,n,cooc,WEAK,addition,somma,Ergänzung,,,
5,n,cooc,WEAK,adoption,adozione,Übernahme,,,
6,n,cooc,WEAK,age,epoca,Zeit,,,
7,n,cooc,WEAK,agreement,accordo,Vertrag,,,
8,n,cooc,WEAK,analysis,studio,Analyse,,,
9,n,cooc,WEAK,arrangement,accordo,Einrichtung,,,
10,n,cooc,WEAK,assignment,compito,Zuordnung,,,
11,n,cooc,WEAK,attribute,qualità,Eigenschaft,,,
12,n,cooc,WEAK,audit,controllo,Prüfung,,,
13,n,cooc,WEAK,authorisation,autorizzazione,Befugnis,,,
14,n,cooc,WEAK,authority,autorità,Stelle,,,
15,n,cooc,WEAK,authorization,autorizzazione,Befugnis,,,
16,n,cooc,WEAK,basis,base,Plattform,,,
17,n,cooc,WEAK,board,consiglio,Ausschuss,,,
18,n,cooc,WEAK,business,azienda,Unternehmen,,,
19,n,cooc,WEAK,call,motivo,Aufruf,,,
20,n,cooc,WEAK,career,carriera,Beruf,,,
21,n,cooc,WEAK,certificate,certificato,Nachweis,,,
22,n,cooc,WEAK,character,natura,Wesen,,,
23,n,cooc,WEAK,check,controllo,Prüfung,,,
24,n,cooc,WEAK,claim,diritto,Anspruch,,,
25,n,cooc,WEAK,collection,raccolta,Einzug,,,
26,n,cooc,WEAK,company,azienda,Gesellschaft,,,
27,n,cooc,WEAK,composition,composizione,Aufbau,,,
28,n,cooc,WEAK,concern,interesse,Bedeutung,,,
29,n,cooc,WEAK,cost,prezzo,Kosten,,,
30,n,cooc,WEAK,crew,squadra,Bedienung,,,
31,n,cooc,WEAK,datum,dato,Datum,,,
32,n,cooc,WEAK,definition,impostazione,Definition,,,
33,n,cooc,WEAK,department,dipartimento,Bereich,,,
34,n,cooc,WEAK,disorder,disfunzione,Störung,,,
35,n,cooc,WEAK,duty,dovere,Dienst,,,
36,n,cooc,WEAK,effort,sforzo,Leistung,,,
37,n,cooc,WEAK,end,fine,Zweck,,,
38,n,cooc,WEAK,entity,ente,Wesen,,,
39,n,cooc,WEAK,entry,voce,Einzug,,,
40,n,cooc,WEAK,equipment,materiale,Ausrüstung,,,
41,n,cooc,WEAK,expression,modo,Bezeichnung,,,
42,n,cooc,WEAK,fashion,modello,Weise,,,
43,n,cooc,WEAK,fee,diritto,Entgelt,,,
44,n,cooc,WEAK,formulation,impostazione,Ausarbeitung,,,
45,n,cooc,WEAK,framework,contesto,Rahmen,,,
46,n,cooc,WEAK,functioning,funzionamento,Funktion,,,
47,n,cooc,WEAK,goal,scopo,Ziel,,,
48,n,cooc,WEAK,good,bene,Nutzen,,,
49,n,cooc,WEAK,governance,governo,Leitung,,,
50,n,cooc,WEAK,grade,grado,Klasse,,,
51,n,cooc,WEAK,holding,patrimonio,Durchführung,,,
52,n,cooc,WEAK,import,importanza,Import,,,
53,n,cooc,WEAK,independence,autonomia,Unabhängigkeit,,,
54,n,cooc,WEAK,influence,potere,Einfluss,,,
55,n,cooc,WEAK,installation,impianto,Einbau,,,
56,n,cooc,WEAK,instruction,disposizione,Befehl,,,
57,n,cooc,WEAK,issue,pubblicazione,Problem,,,
58,n,cooc,WEAK,item,voce,Artikel,,,
59,n,cooc,WEAK,junction,attacco,Verbindung,,,
60,n,cooc,WEAK,knowledge,nozione,Kenntnis,,,
61,n,cooc,WEAK,land,proprietà,Boden,,,
62,n,cooc,WEAK,law,legge,Regel,,,
63,n,cooc,WEAK,lead,comando,Leitung,,,
64,n,cooc,WEAK,leadership,direzione,Leitung,,,
65,n,cooc,WEAK,management,direzione,Leitung,,,
66,n,cooc,WEAK,mass,messa,Menge,,,
67,n,cooc,WEAK,measurement,dimensione,Messung,,,
68,n,cooc,WEAK,mission,missione,Aufgabe,,,
69,n,cooc,WEAK,mode,modo,Art,,,
70,n,cooc,WEAK,name,firma,Name,,,
71,n,cooc,WEAK,norm,norma,Regel,,,
72,n,cooc,WEAK,obligation,obbligo,Leistung,,,
73,n,cooc,WEAK,opportunity,modo,Möglichkeit,,,
74,n,cooc,WEAK,ordinance,prescrizione,Befehl,,,
75,n,cooc,WEAK,organisation,organizzazione,Unternehmen,,,
76,n,cooc,WEAK,organization,organizzazione,Unternehmen,,,
77,n,cooc,WEAK,origin,principio,Entstehung,,,
78,n,cooc,WEAK,oversight,errore,Beaufsichtigung,,,
79,n,cooc,WEAK,party,gruppo,Gesellschaft,,,
80,n,cooc,WEAK,phase,fase,Abschnitt,,,
81,n,cooc,WEAK,plan,piano,Programm,,,
82,n,cooc,WEAK,play,gioco,Vorstellung,,,
83,n,cooc,WEAK,policy,procedimento,Regel,,,
84,n,cooc,WEAK,possession,bene,Verfügung,,,
85,n,cooc,WEAK,problem,crisi,Problem,,,
86,n,cooc,WEAK,project,progetto,Arbeit,,,
87,n,cooc,WEAK,protection,difesa,Schutz,,,
88,n,cooc,WEAK,purchase,acquisto,Bezug,,,
89,n,cooc,WEAK,qualification,qualifica,Eignung,,,
90,n,cooc,WEAK,rate,velocità,Preis,,,
91,n,cooc,WEAK,recovery,recupero,Gewinnung,,,
92,n,cooc,WEAK,regulation,regolamento,Regel,,,
93,n,cooc,WEAK,relation,relazione,Verbindung,,,
94,n,cooc,WEAK,relationship,rapporto,Verbindung,,,
95,n,cooc,WEAK,release,pubblicazione,Aufgabe,,,
96,n,cooc,WEAK,relevance,rilevanza,Aktualität,,,
97,n,cooc,WEAK,request,domanda,Wunsch,,,
98,n,cooc,WEAK,respect,rispetto,Hinsicht,,,
99,n,cooc,WEAK,right,diritto,Anspruch,,,
100,n,cooc,WEAK,row,riga,Reihe,,,
101,n,cooc,WEAK,score,punto,Ergebnis,,,
102,n,cooc,WEAK,script,testo,Arbeit,,,
103,n,cooc,WEAK,search,ricerca,Suche,,,
104,n,cooc,WEAK,segment,parte,Abschnitt,,,
105,n,cooc,WEAK,set,gruppo,Reihe,,,
106,n,cooc,WEAK,setting,regolazione,Rahmen,,,
107,n,cooc,WEAK,site,posto,Standort,,,
108,n,cooc,WEAK,skill,tecnica,Fähigkeit,,,
109,n,cooc,WEAK,space,spazio,Zeitraum,,,
110,n,cooc,WEAK,sport,gioco,Sport,,,
111,n,cooc,WEAK,stage,fase,Abschnitt,,,
112,n,cooc,WEAK,status,stato,Stellung,,,
113,n,cooc,WEAK,step,iniziativa,Schritt,,,
114,n,cooc,WEAK,storage,memoria,Aufbewahrung,,,
115,n,cooc,WEAK,study,studio,Untersuchung,,,
116,n,cooc,WEAK,style,modello,Stil,,,
117,n,cooc,WEAK,subject,soggetto,Objekt,,,
118,n,cooc,WEAK,supervision,vigilanza,Überwachung,,,
119,n,cooc,WEAK,supply,domanda,Bereitstellung,,,
120,n,cooc,WEAK,survey,indagine,Übersicht,,,
121,n,cooc,WEAK,team,squadra,Besetzung,,,
122,n,cooc,WEAK,test,compito,Test,,,
123,n,cooc,WEAK,tests,compito,Test,,,
124,n,cooc,WEAK,title,qualifica,Titel,,,
125,n,cooc,WEAK,type,tipo,Art,,,
126,n,cooc,WEAK,understanding,accordo,Verständnis,,,
127,n,cooc,WEAK,verification,verifica,Überprüfung,,,
128,n,cooc,WEAK,wedding,matrimonio,Verbindung,,,
1,adj,cooc,,important,importante,wichtig,0.613,0,
2,adj,cooc,,significant,importante,wichtig,0.57,0,
3,adj,cooc,,vital,vitale,lebenswichtig,0.562,0,
4,adj,cooc,,consultative,consultivo,beratend,0.53,0,
5,adj,cooc,,cryptographic,crittografica,kryptografisch,0.524,0,
6,adj,cooc,,essential,essenziale,wesentlich,0.511,0,
7,adj,cooc,,advisory,consultivo,beratend,0.505,0,
8,adj,cooc,,fundamental,fondamentale,grundlegend,0.505,1,bn:00103424a
9,adj,cooc,,useful,utile,nützlich,0.504,0,
10,adj,cooc,,such,tale,derartig,0.499,0,
11,adj,cooc,,technological,tecnologico,technologisch,0.489,0,
12,adj,cooc,,normal,normale,normal,0.486,1,bn:00107587a
13,adj,cooc,,central,centrale,zentral,0.483,0,
14,adj,cooc,,primary,primario,primär,0.483,0,
15,adj,cooc,,pivotal,centrale,zentral,0.481,0,
16,adj,cooc,,own,proprio,eigen,0.48,1,bn:00096707a
17,adj,cooc,,practical,pratico,praktisch,0.468,0,
18,adj,cooc,,specific,specifico,spezifisch,0.468,0,
19,adj,cooc,,physiological,fisiologico,physiologisch,0.467,0,
20,adj,cooc,,cognitive,conoscitivo,kognitiv,0.466,1,bn:00099969a
21,adj,cooc,,regular,normale,normal,0.466,0,
22,adj,cooc,,necessary,necessario,notwendig,0.465,1,bn:00107182a
23,adj,cooc,,extensive,esteso,umfangreich,0.46,0,
24,adj,cooc,,new,nuovo,neu,0.459,1,bn:00107267a
25,adj,cooc,,subsequent,seguente,folgend,0.459,0,
26,adj,cooc,,different,diverso,verschieden,0.458,0,
27,adj,cooc,,crucial,cruciale,entscheidend,0.457,0,
28,adj,cooc,,strict,preciso,genau,0.456,0,
29,adj,cooc,,additional,aggiuntivo,zusätzlich,0.455,0,
30,adj,cooc,,helpful,utile,hilfreich,0.45,1,bn:00104094a
31,adj,cooc,,biological,biologico,biologisch,0.449,0,
32,adj,cooc,,equivalent,equivalente,gleichwertig,0.445,1,bn:00102357a
33,adj,cooc,,executive,esecutivo,exekutiv,0.443,0,
34,adj,cooc,,social,sociale,sozial,0.443,0,
35,adj,cooc,,varied,vario,vielfältig,0.442,0,
36,adj,cooc,,fresh,nuovo,neu,0.438,0,
37,adj,cooc,,dual,doppio,doppelt,0.432,0,
38,adj,cooc,,intuitive,intuitivo,intuitiv,0.432,0,
39,adj,cooc,,corresponding,corrispondente,entsprechend,0.429,0,
40,adj,cooc,,similar,simile,ähnlich,0.429,2,bn:00105977a bn:00096782a
41,adj,cooc,,twofold,duplice,doppelt,0.429,1,bn:00101725a
42,adj,cooc,,judicial,giudiziario,richterlich,0.427,1,bn:00105560a
43,adj,cooc,,precise,preciso,genau,0.426,2,bn:00096293a bn:00096292a
44,adj,cooc,,bodily,corporeo,körperlich,0.424,2,bn:00098649a bn:00098648a
45,adj,cooc,,common,comune,häufig,0.421,0,
46,adj,cooc,,identical,identico,identisch,0.42,0,
47,adj,cooc,,certain,certo,bestimmt,0.419,0,
48,adj,cooc,,equal,uguale,gleich,0.418,0,
49,adj,cooc,,linear,lineare,linear,0.413,1,bn:00106013a
50,adj,cooc,,innovative,innovativo,innovativ,0.412,0,
51,adj,cooc,,obligatory,obbligatorio,obligatorisch,0.412,0,
52,adj,cooc,,numerous,numeroso,zahlreich,0.411,1,bn:00105858a
53,adj,cooc,,same,stesso,gleich,0.411,0,
54,adj,cooc,,mandatory,obbligatorio,obligatorisch,0.41,0,
55,adj,cooc,,mathematical,matematico,mathematisch,0.409,0,
56,adj,cooc,,educational,educativo,pädagogisch,0.408,0,
57,adj,cooc,,special,speciale,speziell,0.407,1,bn:00108295a
58,adj,cooc,,hands-on,pratico,praktisch,0.405,0,
59,adj,cooc,,unique,unico,einzigartig,0.405,1,bn:00110682a
60,adj,cooc,,comparable,paragonabile,vergleichbar,0.402,1,bn:00100117a
61,adj,cooc,,distinct,distinto,verschieden,0.402,0,
62,adj,cooc,,available,disponibile,verfügbar,0.4,0,
63,adj,cooc,,continuous,continuo,kontinuierlich,0.399,0,
64,adj,cooc,,interesting,interessante,interessant,0.399,1,bn:00105276a
65,adj,cooc,,professional,professionale,beruflich,0.399,0,
66,adj,cooc,,complex,complesso,komplex,0.389,0,
67,adj,cooc,,pursuant,secondo,entsprechend,0.389,0,
68,adj,cooc,,political,politico,politisch,0.386,2,bn:00108760a bn:00108759a
69,adj,cooc,,respective,rispettivo,jeweilig,0.381,0,
70,adj,cooc,,complementary,complementare,ergänzend,0.369,0,
71,adj,cooc,,compulsory,obbligatorio,obligatorisch,0.368,0,
72,adj,cooc,,pure,puro,rein,0.359,1,bn:00109248a
73,adj,cooc,,natural,naturale,natürlich,0.357,1,bn:00107151a
74,adj,cooc,,technical,tecnico,technisch,0.357,1,bn:00109073a
75,adj,cooc,,simple,semplice,schlicht,0.351,0,
76,adj,cooc,,high,alto,hoch,0.341,1,bn:00104162a
77,adj,cooc,,typical,tipico,typisch,0.336,1,bn:00112216a
78,adj,cooc,,perfect,perfetto,perfekt,0.327,0,
79,adj,cooc,,good,buono,gut,0.32,2,bn:00103677a bn:00103672a
1,adj,cooc,WEAK,actual,reale,wirklich,,,
2,adj,cooc,WEAK,advanced,avanzato,hoch,,,
3,adj,cooc,WEAK,ancillary,ausiliario,zusätzlich,,,
4,adj,cooc,WEAK,appropriate,opportuno,entsprechend,,,
5,adj,cooc,WEAK,basic,fondamentale,grundsätzlich,,,
6,adj,cooc,WEAK,beneficial,benefico,nützlich,,,
7,adj,cooc,WEAK,big,importante,hoch,,,
8,adj,cooc,WEAK,broad,generale,weit,,,
9,adj,cooc,WEAK,civil,civile,korrekt,,,
10,adj,cooc,WEAK,clear,chiaro,rein,,,
11,adj,cooc,WEAK,commonplace,comune,alltäglich,,,
12,adj,cooc,WEAK,consistent,costante,logisch,,,
13,adj,cooc,WEAK,convenient,comodo,praktisch,,,
14,adj,cooc,WEAK,correct,giusto,korrekt,,,
15,adj,cooc,WEAK,critical,cruciale,kritisch,,,
16,adj,cooc,WEAK,current,presente,jetzig,,,
17,adj,cooc,WEAK,decisive,deciso,entscheidend,,,
18,adj,cooc,WEAK,diverse,diverso,vielfältig,,,
19,adj,cooc,WEAK,effective,reale,leistungsfähig,,,
20,adj,cooc,WEAK,everyday,comune,alltäglich,,,
21,adj,cooc,WEAK,fair,giusto,cool,,,
22,adj,cooc,WEAK,fine,fine,gut,,,
23,adj,cooc,WEAK,first,primo,ursprünglich,,,
24,adj,cooc,WEAK,flawless,perfetto,fehlerfrei,,,
25,adj,cooc,WEAK,free,disponibile,uneingeschränkt,,,
26,adj,cooc,WEAK,full,intero,voll,,,
27,adj,cooc,WEAK,general,generale,üblich,,,
28,adj,cooc,WEAK,great,nobile,toll,,,
29,adj,cooc,WEAK,guiding,direttivo,führend,,,
30,adj,cooc,WEAK,handy,comodo,praktisch,,,
31,adj,cooc,WEAK,heavy,triste,hoch,,,
32,adj,cooc,WEAK,independent,indipendente,eigen,,,
33,adj,cooc,WEAK,individual,particolare,einzeln,,,
34,adj,cooc,WEAK,inherent,inerente,eigen,,,
35,adj,cooc,WEAK,instrumental,strumentale,hilfreich,,,
36,adj,cooc,WEAK,large,numeroso,hoch,,,
37,adj,cooc,WEAK,legal,legittimo,richterlich,,,
38,adj,cooc,WEAK,main,principale,tragend,,,
39,adj,cooc,WEAK,major,principale,tragend,,,
40,adj,cooc,WEAK,managerial,direttivo,leitend,,,
41,adj,cooc,WEAK,mixed,misto,unterschiedlich,,,
42,adj,cooc,WEAK,open,disponibile,weit,,,
43,adj,cooc,WEAK,overall,generale,gesamt,,,
44,adj,cooc,WEAK,particular,particolare,speziell,,,
45,adj,cooc,WEAK,personal,personale,körperlich,,,
46,adj,cooc,WEAK,poor,misero,mangelhaft,,,
47,adj,cooc,WEAK,positive,positivo,überzeugt,,,
48,adj,cooc,WEAK,present,presente,vorhanden,,,
49,adj,cooc,WEAK,prevalent,prevalente,häufig,,,
50,adj,cooc,WEAK,previous,prematuro,bisherig,,,
51,adj,cooc,WEAK,private,privato,geheim,,,
52,adj,cooc,WEAK,productive,produttivo,leistungsfähig,,,
53,adj,cooc,WEAK,prominent,importante,führend,,,
54,adj,cooc,WEAK,proper,proprio,ordnungsgemäß,,,
55,adj,cooc,WEAK,relative,relativo,bezüglich,,,
56,adj,cooc,WEAK,relevant,relativo,relevant,,,
57,adj,cooc,WEAK,secondary,accessorio,untergeordnet,,,
58,adj,cooc,WEAK,separate,indipendente,getrennt,,,
59,adj,cooc,WEAK,several,diverso,jeweilig,,,
60,adj,cooc,WEAK,smooth,facile,reibungslos,,,
61,adj,cooc,WEAK,societal,sociale,gesellschaftlich,,,
62,adj,cooc,WEAK,standard,comune,normal,,,
63,adj,cooc,WEAK,strategic,strategico,operativ,,,
64,adj,cooc,WEAK,strong,valido,überzeugt,,,
65,adj,cooc,WEAK,unaffected,semplice,natürlich,,,
66,adj,cooc,WEAK,various,vario,verschieden,,,
67,adj,cooc,WEAK,wide,esteso,weit,,,
1,v,cooc,,permit,permettere,erlauben,0.524,1,bn:00082536v
2,v,cooc,,entrust,affidare,betrauen,0.49,0,
3,v,cooc,,perform,eseguire,ausführen,0.488,1,bn:00087107v
4,v,cooc,,exercise,esercitare,ausüben,0.485,0,
5,v,cooc,,validate,convalidare,bestätigen,0.477,0,
6,v,cooc,,activate,attivare,aktivieren,0.476,0,
7,v,cooc,,fulfill,compiere,erfüllen,0.47,0,
8,v,cooc,,justify,giustificare,rechtfertigen,0.466,1,bn:00090025v
9,v,cooc,,return,ritornare,zurückkehren,0.464,1,bn:00092969v
10,v,cooc,,restrict,limitare,beschränken,0.455,0,
11,v,cooc,,declare,dichiarare,erklären,0.451,1,bn:00086380v
12,v,cooc,,exert,esercitare,ausüben,0.45,0,
13,v,cooc,,improve,migliorare,verbessern,0.45,1,bn:00082573v
14,v,cooc,,fulfil,compiere,erfüllen,0.444,0,
15,v,cooc,,restore,ripristinare,wiederherstellen,0.443,1,bn:00092614v
16,v,cooc,,attribute,attribuire,zuschreiben,0.441,1,bn:00082815v
17,v,cooc,,define,definire,definieren,0.441,1,bn:00086465v
18,v,cooc,,allow,consentire,zulassen,0.438,0,
19,v,cooc,,serve,servire,dienen,0.436,1,bn:00082867v
20,v,cooc,,assign,assegnare,zuordnen,0.434,0,
21,v,cooc,,reduce,ridurre,reduzieren,0.433,0,
22,v,cooc,,facilitate,facilitare,erleichtern,0.432,1,bn:00082531v
23,v,cooc,,use,utilizzare,verwenden,0.428,1,bn:00082705v
24,v,cooc,,integrate,integrare,integrieren,0.425,1,bn:00089803v
25,v,cooc,,require,richiedere,erfordern,0.424,0,
26,v,cooc,,execute,eseguire,ausführen,0.423,2,bn:00087107v bn:00087823v
27,v,cooc,,include,includere,umfassen,0.417,0,
28,v,cooc,,explain,spiegare,erklären,0.413,1,bn:00087819v
29,v,cooc,,simulate,simulare,simulieren,0.408,0,
30,v,cooc,,regard,considerare,betrachten,0.407,0,
31,v,cooc,,lose,perdere,verlieren,0.406,2,bn:00090489v bn:00090486v
32,v,cooc,,satisfy,soddisfare,erfüllen,0.404,0,
33,v,cooc,,understand,capire,verstehen,0.403,1,bn:00082727v
34,v,cooc,,expand,estendere,erweitern,0.402,0,
35,v,cooc,,mark,segnare,kennzeichnen,0.402,0,
36,v,cooc,,make,fare,machen,0.4,3,bn:00084198v bn:00086008v bn:00086013v
37,v,cooc,,call,chiamare,rufen,0.395,0,
38,v,cooc,,compute,calcolare,berechnen,0.393,1,bn:00084373v
39,v,cooc,,outsource,esternalizzare,auslagern,0.393,0,
40,v,cooc,,allocate,assegnare,zuweisen,0.39,0,
41,v,cooc,,describe,descrivere,beschreiben,0.389,1,bn:00082233v
42,v,cooc,,confine,limitare,beschränken,0.388,0,
43,v,cooc,,expect,aspettare,erwarten,0.388,1,bn:00082963v
44,v,cooc,,install,installare,installieren,0.387,1,bn:00089785v
45,v,cooc,,recognize,riconoscere,erkennen,0.387,1,bn:00086904v
46,v,cooc,,introduce,introdurre,einführen,0.385,0,
47,v,cooc,,strengthen,rafforzare,stärken,0.385,1,bn:00083317v
48,v,cooc,,exploit,sfruttare,ausnutzen,0.384,1,bn:00087878v
49,v,cooc,,limit,limitare,begrenzen,0.383,0,
50,v,cooc,,separate,separare,trennen,0.383,0,
51,v,cooc,,cut,tagliare,reduzieren,0.382,0,
52,v,cooc,,increase,aumentare,erhöhen,0.381,1,bn:00089667v
53,v,cooc,,recognise,riconoscere,erkennen,0.381,1,bn:00086904v
54,v,cooc,,adjust,regolare,einstellen,0.38,0,
55,v,cooc,,combine,combinare,kombinieren,0.378,1,bn:00085314v
56,v,cooc,,ensure,garantire,gewährleisten,0.378,1,bn:00082812v
57,v,cooc,,optimize,ottimizzare,optimieren,0.376,1,bn:00091184v
58,v,cooc,,transfer,trasferire,übertragen,0.376,1,bn:00095085v
59,v,cooc,,associate,associare,verbinden,0.375,0,
60,v,cooc,,hand,passare,übergeben,0.375,0,
61,v,cooc,,alter,modificare,ändern,0.374,1,bn:00082553v
62,v,cooc,,characterize,caratterizzare,charakterisieren,0.373,1,bn:00084800v
63,v,cooc,,know,sapere,kennen,0.373,1,bn:00085261v
64,v,cooc,,calculate,calcolare,berechnen,0.371,1,bn:00084373v
65,v,cooc,,retain,conservare,behalten,0.369,1,bn:00089386v
66,v,cooc,,add,aggiungere,hinzufügen,0.368,1,bn:00082318v
67,v,cooc,,consider,considerare,betrachten,0.368,0,
68,v,cooc,,essay,provare,ausprobieren,0.368,0,
69,v,cooc,,occupy,occupare,besetzen,0.368,0,
70,v,cooc,,approve,approvare,billigen,0.367,0,
71,v,cooc,,offer,offrire,bieten,0.367,0,
72,v,cooc,,reinforce,rafforzare,stärken,0.364,0,
73,v,cooc,,cause,causare,bewirken,0.363,0,
74,v,cooc,,depend,dipendere,abhängen,0.363,1,bn:00086606v
75,v,cooc,,determine,determinare,bestimmen,0.363,0,
76,v,cooc,,exclude,escludere,ausschließen,0.362,0,
77,v,cooc,,confirm,confermare,bestätigen,0.36,0,
78,v,cooc,,achieve,raggiungere,erreichen,0.359,1,bn:00082226v
79,v,cooc,,contain,contenere,enthalten,0.358,1,bn:00083225v
80,v,cooc,,do,fare,tun,0.357,1,bn:00082286v
81,v,cooc,,check,controllare,überprüfen,0.354,2,bn:00084865v bn:00084848v
82,v,cooc,,modify,modificare,ändern,0.354,1,bn:00082553v
83,v,cooc,,concern,riguardare,betreffen,0.353,1,bn:00083240v
84,v,cooc,,optimise,ottimizzare,optimieren,0.353,1,bn:00091184v
85,v,cooc,,preserve,preservare,erhalten,0.353,2,bn:00083242v bn:00085644v
86,v,cooc,,co-ordinate,coordinare,koordinieren,0.352,0,
87,v,cooc,,get,ottenere,erhalten,0.352,0,
88,v,cooc,,report,segnalare,berichten,0.352,0,
89,v,cooc,,guarantee,garantire,garantieren,0.351,1,bn:00082877v
90,v,cooc,,affect,influenzare,beeinflussen,0.35,0,
91,v,cooc,,extend,estendere,erweitern,0.35,1,bn:00084121v
92,v,cooc,,illustrate,illustrare,veranschaulichen,0.349,0,
93,v,cooc,,replace,sostituire,ersetzen,0.349,2,bn:00087802v bn:00092817v
94,v,cooc,,characterise,caratterizzare,charakterisieren,0.348,1,bn:00084800v
95,v,cooc,,underline,sottolineare,unterstreichen,0.348,1,bn:00095362v
96,v,cooc,,stress,sottolineare,hervorheben,0.347,0,
97,v,cooc,,specify,specificare,angeben,0.345,0,
98,v,cooc,,switch,passare,wechseln,0.343,0,
99,v,cooc,,exist,esistere,existieren,0.342,1,bn:00083184v
100,v,cooc,,correspond,corrispondere,entsprechen,0.337,1,bn:00082477v
101,v,cooc,,secure,garantire,garantieren,0.336,1,bn:00082877v
102,v,cooc,,come,venire,kommen,0.334,1,bn:00085335v
103,v,cooc,,follow,seguire,folgen,0.333,1,bn:00088020v
104,v,cooc,,receive,ricevere,erhalten,0.333,1,bn:00089246v
105,v,cooc,,coordinate,coordinare,koordinieren,0.332,0,
106,v,cooc,,examine,esaminare,prüfen,0.332,0,
107,v,cooc,,distinguish,distinguere,unterscheiden,0.328,0,
108,v,cooc,,name,chiamare,nennen,0.328,1,bn:00084385v
109,v,cooc,,verify,verificare,überprüfen,0.328,1,bn:00095516v
110,v,cooc,,impede,impedire,behindern,0.327,0,
111,v,cooc,,remove,eliminare,entfernen,0.326,0,
112,v,cooc,,generate,generare,erzeugen,0.325,0,
113,v,cooc,,accelerate,accelerare,beschleunigen,0.324,1,bn:00082194v
114,v,cooc,,bar,escludere,ausschließen,0.322,2,bn:00083086v bn:00083066v
115,v,cooc,,welcome,accogliere,begrüßen,0.322,1,bn:00092491v
116,v,cooc,,represent,rappresentare,darstellen,0.32,1,bn:00083187v
117,v,cooc,,induce,indurre,veranlassen,0.319,0,
118,v,cooc,,bound,limitare,begrenzen,0.318,0,
119,v,cooc,,influence,influenzare,beeinflussen,0.317,1,bn:00082304v
120,v,cooc,,obtain,ottenere,erhalten,0.317,0,
121,v,cooc,,endorse,approvare,billigen,0.316,0,
122,v,cooc,,remain,rimanere,bleiben,0.316,3,bn:00085719v bn:00091562v bn:00092756v
123,v,cooc,,stipulate,stipulare,festlegen,0.316,0,
124,v,cooc,,aid,aiutare,helfen,0.312,1,bn:00082481v
125,v,cooc,,abandon,abbandonare,aufgeben,0.311,2,bn:00082119v bn:00082118v
126,v,cooc,,seem,sembrare,scheinen,0.311,1,bn:00082690v
127,v,cooc,,evolve,sviluppare,entwickeln,0.309,0,
128,v,cooc,,mention,menzionare,nennen,0.309,0,
129,v,cooc,,need,necessitare,brauchen,0.309,0,
130,v,cooc,,help,aiutare,helfen,0.308,1,bn:00082481v
131,v,cooc,,recall,ricordare,erinnern,0.308,0,
132,v,cooc,,hinder,impedire,behindern,0.306,0,
133,v,cooc,,mean,dire,bedeuten,0.304,1,bn:00089805v
134,v,cooc,,operate,operare,arbeiten,0.304,0,
135,v,cooc,,confer,conferire,verleihen,0.3,0,
136,v,cooc,,belong,appartenere,gehören,0.299,0,
137,v,cooc,,pertain,riguardare,betreffen,0.299,1,bn:00083240v
138,v,cooc,,start,iniziare,beginnen,0.299,2,bn:00083342v bn:00083340v
139,v,cooc,,avoid,evitare,vermeiden,0.298,1,bn:00082958v
140,v,cooc,,count,contare,zählen,0.298,0,
141,v,cooc,,constitute,costituire,darstellen,0.295,1,bn:00083187v
142,v,cooc,,produce,generare,erzeugen,0.292,0,
143,v,cooc,,relinquish,rinunciare,verzichten,0.292,1,bn:00087005v
144,v,cooc,,see,vedere,sehen,0.292,2,bn:00093430v bn:00092443v
145,v,cooc,,assist,aiutare,helfen,0.291,1,bn:00082481v
146,v,cooc,,accompany,accompagnare,begleiten,0.289,1,bn:00082222v
147,v,cooc,,organise,organizzare,organisieren,0.289,0,
148,v,cooc,,raise,aumentare,erhöhen,0.289,0,
149,v,cooc,,indicate,indicare,zeigen,0.284,0,
150,v,cooc,,create,creare,schaffen,0.282,1,bn:00086009v
151,v,cooc,,maintain,mantenere,halten,0.279,0,
152,v,cooc,,show,mostrare,anzeigen,0.275,0,
153,v,cooc,,underscore,sottolineare,unterstreichen,0.272,1,bn:00095362v
154,v,cooc,,change,cambiare,wechseln,0.269,1,bn:00084772v
155,v,cooc,,appear,apparire,erscheinen,0.267,2,bn:00082691v bn:00082690v
156,v,cooc,,desire,desiderare,wünschen,0.266,0,
157,v,cooc,,hold,tenere,halten,0.264,1,bn:00089385v
158,v,cooc,,continue,continuare,weitermachen,0.259,1,bn:00085714v
159,v,cooc,,demonstrate,dimostrare,zeigen,0.259,2,bn:00086567v bn:00086557v
160,v,cooc,,organize,organizzare,organisieren,0.256,0,
161,v,cooc,,connect,collegare,verbinden,0.255,1,bn:00085623v
162,v,cooc,,find,trovare,finden,0.253,2,bn:00088204v bn:00084231v
163,v,cooc,,sit,sedere,setzen,0.253,0,
164,v,cooc,,develop,sviluppare,entwickeln,0.251,1,bn:00086745v
165,v,cooc,,begin,iniziare,beginnen,0.25,2,bn:00083342v bn:00083340v
166,v,cooc,,evaluate,valutare,bewerten,0.242,0,
167,v,cooc,,accomplish,realizzare,erreichen,0.241,1,bn:00082226v
168,v,cooc,,display,mostrare,anzeigen,0.239,0,
169,v,cooc,,reveal,rivelare,zeigen,0.238,0,
170,v,cooc,,reflect,riflettere,spiegeln,0.223,0,
171,v,cooc,,work,lavorare,arbeiten,0.219,1,bn:00095812v
172,v,cooc,,exceed,superare,übersteigen,0.213,0,
173,v,cooc,,give,dare,geben,0.206,2,bn:00088815v bn:00088825v
174,v,cooc,,take,prendere,nehmen,0.206,3,bn:00085689v bn:00088762v bn:00094731v
175,v,cooc,,prove,dimostrare,beweisen,0.204,2,bn:00086567v bn:00092110v
176,v,cooc,,keep,tenere,halten,0.173,0,
177,v,cooc,,bring,portare,bringen,0.166,1,bn:00084058v
1,v,cooc,WEAK,accept,accettare,übernehmen,,,
2,v,cooc,WEAK,acknowledge,riconoscere,bestätigen,,,
3,v,cooc,WEAK,acquire,acquisire,erschließen,,,
4,v,cooc,WEAK,act,operare,handeln,,,
5,v,cooc,WEAK,admit,ammettere,zulassen,,,
6,v,cooc,WEAK,adopt,adottare,übernehmen,,,
7,v,cooc,WEAK,agree,consentire,passen,,,
8,v,cooc,WEAK,aim,mirare,richten,,,
9,v,cooc,WEAK,amend,migliorare,ändern,,,
10,v,cooc,WEAK,analyse,analizzare,spezifizieren,,,
11,v,cooc,WEAK,analyze,analizzare,spezifizieren,,,
12,v,cooc,WEAK,apply,applicare,anwenden,,,
13,v,cooc,WEAK,appreciate,valorizzare,schätzen,,,
14,v,cooc,WEAK,arise,derivare,auftreten,,,
15,v,cooc,WEAK,assess,valutare,beurteilen,,,
16,v,cooc,WEAK,assume,assumere,übernehmen,,,
17,v,cooc,WEAK,attack,attaccare,angehen,,,
18,v,cooc,WEAK,attend,attendere,besuchen,,,
19,v,cooc,WEAK,attract,richiamare,werben,,,
20,v,cooc,WEAK,authorise,autorizzare,zulassen,,,
21,v,cooc,WEAK,authorize,autorizzare,zulassen,,,
22,v,cooc,WEAK,base,basare,basieren,,,
23,v,cooc,WEAK,be,diventare,liegen,,,
24,v,cooc,WEAK,become,diventare,stehen,,,
25,v,cooc,WEAK,block,bloccare,nehmen,,,
26,v,cooc,WEAK,carry,portare,tragen,,,
27,v,cooc,WEAK,cease,cessare,einstellen,,,
28,v,cooc,WEAK,classify,classificare,einreihen,,,
29,v,cooc,WEAK,compound,comporre,verbinden,,,
30,v,cooc,WEAK,comprise,comprendere,umfassen,,,
31,v,cooc,WEAK,consolidate,unificare,ausbauen,,,
32,v,cooc,WEAK,construct,fare,konstruieren,,,
33,v,cooc,WEAK,contribute,fornire,beitragen,,,
34,v,cooc,WEAK,control,controllare,steuern,,,
35,v,cooc,WEAK,cost,venire,kosten,,,
36,v,cooc,WEAK,cover,comprendere,decken,,,
37,v,cooc,WEAK,cry,proclamare,rufen,,,
38,v,cooc,WEAK,curb,frenare,beeinträchtigen,,,
39,v,cooc,WEAK,deal,trattare,geben,,,
40,v,cooc,WEAK,decline,diminuire,zurücktreten,,,
41,v,cooc,WEAK,decrease,diminuire,reduzieren,,,
42,v,cooc,WEAK,defend,proteggere,rechtfertigen,,,
43,v,cooc,WEAK,demand,chiedere,erfordern,,,
44,v,cooc,WEAK,denote,indicare,bezeichnen,,,
45,v,cooc,WEAK,derive,derivare,schließen,,,
46,v,cooc,WEAK,detect,individuare,ermitteln,,,
47,v,cooc,WEAK,diminish,diminuire,nachlassen,,,
48,v,cooc,WEAK,discharge,assolvere,erfüllen,,,
49,v,cooc,WEAK,discontinue,interrompere,einstellen,,,
50,v,cooc,WEAK,discuss,discutere,beraten,,,
51,v,cooc,WEAK,distribute,assegnare,ausgeben,,,
52,v,cooc,WEAK,drive,portare,steuern,,,
53,v,cooc,WEAK,drop,diminuire,fallen,,,
54,v,cooc,WEAK,earn,meritare,einbringen,,,
55,v,cooc,WEAK,edit,dirigere,bearbeiten,,,
56,v,cooc,WEAK,effect,effettuare,bewirken,,,
57,v,cooc,WEAK,eliminate,eliminare,ausschalten,,,
58,v,cooc,WEAK,elucidate,chiarire,erläutern,,,
59,v,cooc,WEAK,emphasise,calcare,unterstreichen,,,
60,v,cooc,WEAK,emphasize,calcare,unterstreichen,,,
61,v,cooc,WEAK,employ,assumere,beschäftigen,,,
62,v,cooc,WEAK,enable,permettere,ermöglichen,,,
63,v,cooc,WEAK,encompass,contenere,umfassen,,,
64,v,cooc,WEAK,encourage,favorire,unterstützen,,,
65,v,cooc,WEAK,enforce,applicare,durchführen,,,
66,v,cooc,WEAK,enhance,aumentare,verbessern,,,
67,v,cooc,WEAK,ensue,derivare,erfolgen,,,
68,v,cooc,WEAK,establish,stabilire,schaffen,,,
69,v,cooc,WEAK,estimate,valutare,schätzen,,,
70,v,cooc,WEAK,excite,suscitare,begeistern,,,
71,v,cooc,WEAK,explore,analizzare,untersuchen,,,
72,v,cooc,WEAK,express,esprimere,abgeben,,,
73,v,cooc,WEAK,fail,mancare,ausfallen,,,
74,v,cooc,WEAK,fall,diminuire,fallen,,,
75,v,cooc,WEAK,favour,favorire,ähneln,,,
76,v,cooc,WEAK,fill,occupare,ausfüllen,,,
77,v,cooc,WEAK,fit,provare,passen,,,
78,v,cooc,WEAK,forbid,vietare,verhindern,,,
79,v,cooc,WEAK,go,partire,gehen,,,
80,v,cooc,WEAK,govern,controllare,bestimmen,,,
81,v,cooc,WEAK,grow,aumentare,ziehen,,,
82,v,cooc,WEAK,halt,esitare,hinken,,,
83,v,cooc,WEAK,handle,trattare,bearbeiten,,,
84,v,cooc,WEAK,have,disporre,besitzen,,,
85,v,cooc,WEAK,head,dirigere,leiten,,,
86,v,cooc,WEAK,identify,identificare,erkennen,,,
87,v,cooc,WEAK,ignore,ignorare,vernachlässigen,,,
88,v,cooc,WEAK,impair,indebolire,beeinträchtigen,,,
89,v,cooc,WEAK,implement,realizzare,implementieren,,,
90,v,cooc,WEAK,imply,implicare,bedeuten,,,
91,v,cooc,WEAK,impose,imporre,erheben,,,
92,v,cooc,WEAK,incorporate,incorporare,integrieren,,,
93,v,cooc,WEAK,incur,sostenere,eingehen,,,
94,v,cooc,WEAK,inhibit,inibire,hindern,,,
95,v,cooc,WEAK,inspire,suscitare,begeistern,,,
96,v,cooc,WEAK,intend,intendere,bestimmen,,,
97,v,cooc,WEAK,investigate,ricercare,untersuchen,,,
98,v,cooc,WEAK,invoke,invocare,aufrufen,,,
99,v,cooc,WEAK,involve,coinvolgere,umfassen,,,
100,v,cooc,WEAK,key,armonizzare,anpassen,,,
101,v,cooc,WEAK,label,classificare,bezeichnen,,,
102,v,cooc,WEAK,land,tirare,löschen,,,
103,v,cooc,WEAK,lay,porre,legen,,,
104,v,cooc,WEAK,lead,portare,führen,,,
105,v,cooc,WEAK,leave,lasciare,lassen,,,
106,v,cooc,WEAK,let,lasciare,lassen,,,
107,v,cooc,WEAK,link,collegare,verknüpfen,,,
108,v,cooc,WEAK,manage,gestire,steuern,,,
109,v,cooc,WEAK,meet,soddisfare,treffen,,,
110,v,cooc,WEAK,merge,incorporare,verschmelzen,,,
111,v,cooc,WEAK,monitor,controllare,überwachen,,,
112,v,cooc,WEAK,move,spostare,gehen,,,
113,v,cooc,WEAK,occur,avvenire,auftreten,,,
114,v,cooc,WEAK,outline,delineare,entwerfen,,,
115,v,cooc,WEAK,overcome,superare,bestehen,,,
116,v,cooc,WEAK,plan,organizzare,planen,,,
117,v,cooc,WEAK,play,puntare,spielen,,,
118,v,cooc,WEAK,please,soddisfare,gefallen,,,
119,v,cooc,WEAK,portray,descrivere,darstellen,,,
120,v,cooc,WEAK,pose,porre,stellen,,,
121,v,cooc,WEAK,present,fornire,vorstellen,,,
122,v,cooc,WEAK,preside,presiedere,führen,,,
123,v,cooc,WEAK,prevent,evitare,verhindern,,,
124,v,cooc,WEAK,process,trattare,bearbeiten,,,
125,v,cooc,WEAK,prohibit,vietare,verhindern,,,
126,v,cooc,WEAK,promote,favorire,unterstützen,,,
127,v,cooc,WEAK,propose,proporre,einbringen,,,
128,v,cooc,WEAK,protect,proteggere,decken,,,
129,v,cooc,WEAK,provide,fornire,bieten,,,
130,v,cooc,WEAK,question,esaminare,fragen,,,
131,v,cooc,WEAK,quit,lasciare,aufgeben,,,
132,v,cooc,WEAK,range,disporre,reichen,,,
133,v,cooc,WEAK,read,leggere,anzeigen,,,
134,v,cooc,WEAK,recommend,indicare,empfehlen,,,
135,v,cooc,WEAK,record,registrare,erfassen,,,
136,v,cooc,WEAK,refer,sottoporre,hinweisen,,,
137,v,cooc,WEAK,regulate,regolare,regeln,,,
138,v,cooc,WEAK,relate,raccontare,berichten,,,
139,v,cooc,WEAK,rely,dipendere,vertrauen,,,
140,v,cooc,WEAK,reserve,conservare,reservieren,,,
141,v,cooc,WEAK,respect,rispettare,achten,,,
142,v,cooc,WEAK,result,derivare,erfolgen,,,
143,v,cooc,WEAK,resume,riprendere,zusammenfassen,,,
144,v,cooc,WEAK,retrieve,richiamare,bergen,,,
145,v,cooc,WEAK,rise,aumentare,entspringen,,,
146,v,cooc,WEAK,round,superare,runden,,,
147,v,cooc,WEAK,save,conservare,speichern,,,
148,v,cooc,WEAK,say,dire,sprechen,,,
149,v,cooc,WEAK,set,fissare,setzen,,,
150,v,cooc,WEAK,shape,determinare,gestalten,,,
151,v,cooc,WEAK,shift,spostare,schalten,,,
152,v,cooc,WEAK,signal,segnalare,anzeigen,,,
153,v,cooc,WEAK,sound,sembrare,rufen,,,
154,v,cooc,WEAK,spread,estendere,tragen,,,
155,v,cooc,WEAK,stop,interrompere,halten,,,
156,v,cooc,WEAK,study,studiare,untersuchen,,,
157,v,cooc,WEAK,suit,soddisfare,passen,,,
158,v,cooc,WEAK,supervise,dirigere,überwachen,,,
159,v,cooc,WEAK,support,sostenere,unterstützen,,,
160,v,cooc,WEAK,surround,limitare,umfassen,,,
161,v,cooc,WEAK,suspend,differire,suspendieren,,,
162,v,cooc,WEAK,sustain,sostenere,erhalten,,,
163,v,cooc,WEAK,tend,tirare,sorgen,,,
164,v,cooc,WEAK,test,testare,testen,,,
165,v,cooc,WEAK,trust,credere,vertrauen,,,
166,v,cooc,WEAK,try,provare,prüfen,,,
167,v,cooc,WEAK,undertake,intraprendere,übernehmen,,,
168,v,cooc,WEAK,utilize,utilizzare,nutzen,,,
169,v,cooc,WEAK,vary,modificare,variieren,,,
170,v,cooc,WEAK,violate,violare,stören,,,
171,v,cooc,WEAK,withstand,sostenere,bestehen,,,
172,v,cooc,WEAK,yield,cedere,ergeben,,,
