idx_group,pos,rel,weak,lex_en,lex_it,lex_de,score,bs_count,babel_synsets
0,n,head,,loan,prestito,Anleihe Darlehen,,1,bn:00051693n
1,n,sim,,credit,credito,Kredit,0.389,1,bn:00023671n
2,n,sim,,grant,sovvenzione,Zuschuss,0.32,0,
3,n,sim,,debt,debito,Schuld,0.306,1,bn:00025638n
4,n,sim,,fund,fondo,Fonds,0.3,0,
5,n,sim,,capital,capitale,Kapital,0.295,1,bn:00015496n
6,n,sim,,investment,investimento,Investition,0.292,1,bn:00047358n
7,n,sim,,subsidy,sovvenzione,Subvention,0.286,1,bn:00074977n
8,n,sim,,funding,finanziamento,Finanzierung,0.283,1,bn:00034545n
9,n,sim,,financing,finanziamento,Finanzierung,0.282,2,bn:00034524n bn:00034545n
10,n,sim,,aid,aiuto,Hilfe,0.282,2,bn:00002155n bn:00055177n
11,n,sim,,guarantee,garanzia,Garantie,0.281,2,bn:00042039n bn:00042041n
12,n,sim,,payment,pagamento,Zahlung,0.272,1,bn:00061119n
13,n,sim,,share,quota,Aktie,0.267,1,bn:00070912n
14,n,sim,,amount,importo,Betrag,0.259,0,
15,n,sim,,instrument,strumento,Instrument,0.257,6,bn:00023662n bn:00046962n bn:00046961n bn:00077585n bn:00046964n bn:00046965n
16,n,sim,,assistance,assistenza,Hilfe,0.257,1,bn:00002155n
17,n,sim,,contribution,contributo,Beitrag,0.251,1,bn:00022272n
18,n,sim,,contract,contratto,Auftrag,0.24,0,
19,n,sim,,offer,offerta,Angebot,0.236,1,bn:00010264n
20,n,sim,,transfer,trasferimento,Übertragung,0.236,0,
21,n,sim,,benefit,beneficio,Vorteil,0.235,1,bn:00009905n
22,n,sim,,premium,premio,Prämie,0.231,1,bn:00012428n
23,n,sim,,performance,prestazione,Leistung,0.231,1,bn:00016286n
24,n,sim,,refund,rimborso,Erstattung,0.229,1,bn:00066858n
25,n,sim,,transaction,transazione,Transaktion,0.229,2,bn:03557679n bn:01650764n
26,n,sim,,program,programma,Programm,0.229,4,bn:00021492n bn:00021497n bn:00013235n bn:00062899n
27,n,sim,,money,denaro,Geld,0.228,1,bn:00055644n
28,n,sim,,cash,cassa,Kasse,0.227,0,
29,n,sim,,project,progetto,Projekt,0.227,1,bn:00064665n
30,n,sim,,interest,interesse,Verzinsung,0.226,0,
31,n,sim,,tax,imposta,Steuer,0.226,1,bn:00067519n
32,n,sim,,award,premio,Preis,0.225,1,bn:00007497n
33,n,sim,,expenditure,spesa,Aufwand,0.225,0,
34,n,sim,,operation,operazione,Betrieb,0.223,1,bn:00059129n
35,n,sim,,sale,vendita,Verkauf,0.223,2,bn:00068929n bn:00068918n
36,n,sim,,income,reddito,Einkommen,0.223,1,bn:14505599n
37,n,sim,,resource,risorsa,Ressource,0.222,1,bn:00067352n
38,n,sim,,compensation,compensazione,Entschädigung,0.221,1,bn:00021329n
39,n,sim,,obligation,obbligo,Verpflichtung,0.218,1,bn:00029239n
40,n,sim,,intervention,intervento,Intervention,0.217,3,bn:00047092n bn:00047061n bn:00047234n
41,n,sim,,request,richiesta,Antrag,0.217,1,bn:00061826n
42,n,sim,,cost,costo,Kosten,0.216,1,bn:00022995n
43,n,sim,,advance,anticipo,Vorschuss,0.216,1,bn:00001552n
44,n,sim,,work,lavoro,Arbeit,0.214,5,bn:00081570n bn:00030616n bn:00030625n bn:00081569n bn:00014138n
45,n,sim,,plan,piano,Plan,0.214,3,bn:00026536n bn:00069579n bn:00062759n
46,n,sim,,corporation,società,Gesellschaft,0.213,0,
47,n,sim,,decision,decisione,Beschluss,0.213,0,
48,n,sim,,bank,banca,Bank,0.212,4,bn:00008364n bn:00008371n bn:00008367n bn:00008370n
49,n,sim,,advantage,vantaggio,Vorteil,0.212,2,bn:00001560n bn:00001559n
50,n,sim,,claim,richiesta,Anspruch,0.211,1,bn:00019405n
51,n,sim,,export,esportazione,Export,0.209,1,bn:00032363n
52,n,sim,,import,importazione,Einfuhr,0.209,1,bn:00046137n
53,n,sim,,activity,attività,Aktivität,0.209,2,bn:00001174n bn:00001128n
54,n,sim,,procedure,procedura,Verfahren,0.208,1,bn:00064536n
55,n,sim,,bill,fattura,Rechnung,0.208,1,bn:00000746n
56,n,sim,,job,lavoro,Job,0.208,4,bn:00018756n bn:00030625n bn:00014138n bn:00030616n
57,n,sim,,dollar,dollaro,Dollar,0.207,6,bn:00028115n bn:00015129n bn:00013578n bn:00079129n bn:00078306n bn:00028114n
58,n,sim,,management,gestione,Verwaltung,0.206,2,bn:00053116n bn:00027355n
59,n,sim,,programme,programma,Programm,0.206,2,bn:00021492n bn:00013235n
60,n,sim,,power,energia,Leistung,0.206,1,bn:00063941n
61,n,sim,,participation,partecipazione,Beteiligung,0.205,1,bn:00030844n
62,n,sim,,insurance,assicurazione,Versicherung,0.203,2,bn:00046396n bn:00046996n
63,n,sim,,risk,rischio,Risiko,0.202,1,bn:00030747n
64,n,sim,,exemption,esenzione,Befreiung,0.202,1,bn:00032201n
65,n,sim,,act,azione,Handlung,0.202,1,bn:16082183n
66,n,sim,,rent,affitto,Miete,0.202,1,bn:00067125n
67,n,sim,,term,termine,Laufzeit,0.201,0,
68,n,sim,,pension,pensione,Rente,0.201,0,
69,n,sim,,policy,politica,Politik,0.201,1,bn:00063329n
70,n,sim,,initiative,iniziativa,Initiative,0.201,2,bn:00034797n bn:00031009n
71,n,sim,,price,prezzo,Preis,0.201,2,bn:00022996n bn:00025083n
72,n,sim,,exchange,scambio,Börse,0.2,0,
73,n,sim,,security,sicurezza,Sicherheit,0.2,2,bn:00068799n bn:00070219n
74,n,sim,,expansion,sviluppo,Entwicklung,0.2,0,
75,n,sim,,loss,perdita,Verlust,0.199,1,bn:00052054n
76,n,sim,,license,licenza,Lizenz,0.198,1,bn:00050986n
77,n,sim,,donation,donazione,Spende,0.198,1,bn:00022270n
78,n,sim,,growth,crescita,Wachstum,0.198,2,bn:00026697n bn:00041979n
79,n,sim,,measure,misura,Maßnahme,0.197,0,
80,n,sim,,value,valore,Wert,0.197,5,bn:00079508n bn:00058151n bn:00079511n bn:00029680n bn:00079509n
81,n,sim,,deal,affare,Deal,0.197,1,bn:00014152n
82,n,sim,,approach,approccio,Ansatz,0.197,0,
83,n,sim,,enterprise,impresa,Unternehmen,0.196,7,bn:00014137n bn:00014160n bn:00030751n bn:00021286n bn:00022811n bn:00031008n bn:00073910n
84,n,sim,,provision,fornitura,Bereitstellung,0.196,0,
85,n,sim,,production,produzione,Produktion,0.196,4,bn:00059790n bn:00064592n bn:00064590n bn:00064594n
86,n,sim,,undertaking,impresa,Unternehmen,0.195,0,
87,n,sim,,purchase,acquisto,Kauf,0.195,2,bn:00065265n bn:00014334n
88,n,sim,,action,azione,Aktion,0.195,0,
89,n,sim,,regulation,regolamento,Regelung,0.195,1,bn:00059436n
90,n,sim,,arrangement,accordo,Vereinbarung,0.194,1,bn:04094003n
91,n,sim,,client,cliente,Kunde,0.194,1,bn:00019763n
92,n,sim,,infrastructure,infrastruttura,Infrastruktur,0.194,2,bn:00008794n bn:00046727n
93,n,sim,,use,uso,Nutzung,0.194,1,bn:00030627n
94,n,sim,,demand,domanda,Nachfrage,0.193,1,bn:00026104n
95,n,sim,,estate,proprietà,Eigentum,0.193,0,
96,n,sim,,document,documento,Dokument,0.192,2,bn:00028015n bn:00028018n
97,n,sim,,system,sistema,System,0.192,7,bn:00075763n bn:00075760n bn:00005863n bn:00075759n bn:00075762n bn:00069580n bn:00075761n
98,n,sim,,licence,licenza,Lizenz,0.192,1,bn:00050986n
99,n,sim,,product,prodotto,Produkt,0.192,4,bn:00054416n bn:00064585n bn:00053827n bn:00064584n
100,n,sim,,liability,responsabilità,Haftung,0.192,1,bn:00000751n
101,n,sim,,result,risultato,Ergebnis,0.191,3,bn:00021961n bn:00004452n bn:00034520n
102,n,sim,,application,applicazione,Antrag,0.19,0,
103,n,sim,,company,azienda,Firma,0.19,4,bn:00014160n bn:00021286n bn:00022811n bn:00073910n
104,n,sim,,profit,profitto,Gewinn,0.19,1,bn:00029415n
105,n,sim,,supply,fornitura,Versorgung,0.19,2,bn:00064922n bn:00075322n
106,n,sim,,capacity,capacità,Kapazität,0.19,1,bn:00005193n
107,n,sim,,good,bene,Gut,0.19,1,bn:00021045n
108,n,sim,,ownership,proprietà,Eigentum,0.189,0,
109,n,sim,,service,servizio,Service,0.189,6,bn:00070647n bn:00070659n bn:00070651n bn:00070654n bn:00070653n bn:00044916n
110,n,sim,,target,obiettivo,Ziel,0.189,1,bn:00002179n
111,n,sim,,option,opzione,Option,0.188,3,bn:00059228n bn:00018661n bn:00003132n
112,n,sim,,support,supporto,Unterstützung,0.188,2,bn:00075332n bn:00075331n
113,n,sim,,market,mercato,Markt,0.188,3,bn:00053459n bn:00053461n bn:00053458n
114,n,sim,,stock,azione,Vorrat,0.187,0,
115,n,sim,,housing,alloggio,Unterbringung,0.187,0,
116,n,sim,,vehicle,veicolo,Fahrzeug,0.187,1,bn:00079675n
117,n,sim,,allowance,indennità,Beihilfe,0.186,0,
118,n,sim,,energy,energia,Energie,0.186,1,bn:00030820n
119,n,sim,,objective,obiettivo,Ziel,0.185,1,bn:00002179n
120,n,sim,,salary,stipendio,Gehalt,0.185,1,bn:00029416n
121,n,sim,,technology,tecnologia,Technologie,0.184,1,bn:00005105n
122,n,sim,,reserve,riserva,Reserve,0.184,4,bn:00007805n bn:00054985n bn:00067295n bn:00067291n
123,n,sim,,sector,settore,Sektor,0.184,1,bn:11333488n
124,n,sim,,trade,commercio,Handel,0.184,2,bn:00008735n bn:00077860n
125,n,sim,,network,rete,Netz,0.183,2,bn:00054497n bn:00024712n
126,n,sim,,sum,somma,Summe,0.182,3,bn:00003604n bn:00003601n bn:00001296n
127,n,sim,,fee,tassa,Gebühr,0.181,1,bn:00033939n
128,n,sim,,development,sviluppo,Entwicklung,0.181,1,bn:07804057n
129,n,sim,,agreement,accordo,Vereinbarung,0.18,1,bn:00002086n
130,n,sim,,certificate,certificato,Zertifikat,0.18,1,bn:04514649n
131,n,sim,,employment,occupazione,Beschäftigung,0.178,3,bn:00030625n bn:00014138n bn:00030616n
132,n,sim,,institution,istituzione,Institution,0.178,2,bn:00031641n bn:00046954n
133,n,sim,,assessment,valutazione,Bewertung,0.178,0,
134,n,sim,,staff,personale,Personal,0.178,0,
135,n,sim,,strategy,strategia,Strategie,0.178,2,bn:00074558n bn:00069579n
136,n,sim,,proposal,proposta,Vorschlag,0.178,1,bn:03851567n
137,n,sim,,customer,cliente,Kunde,0.176,1,bn:00019763n
138,n,sim,,ticket,biglietto,Ticket,0.176,2,bn:00077174n bn:00075885n
139,n,sim,,saving,risparmio,Einsparung,0.176,0,
140,n,sim,,solution,soluzione,Lösung,0.175,1,bn:00072760n
141,n,sim,,vaccine,vaccino,Impfstoff,0.174,1,bn:00079447n
142,n,sim,,organisation,organizzazione,Organisation,0.174,5,bn:00059480n bn:00005863n bn:00001423n bn:00059483n bn:00059482n
143,n,sim,,material,materiale,Material,0.174,3,bn:00053802n bn:00053801n bn:00053803n
144,n,sim,,account,conto,Konto,0.173,2,bn:00000740n bn:00000744n
145,n,sim,,authorisation,autorizzazione,Genehmigung,0.173,0,
146,n,sim,,economy,economia,Wirtschaft,0.173,1,bn:00029678n
147,n,sim,,worker,lavoratore,Arbeitnehmer,0.172,0,
148,n,sim,,property,proprietà,Eigentum,0.17,1,bn:00009815n
149,n,sim,,employee,dipendente,Mitarbeiter,0.17,1,bn:14292888n
150,n,sim,,access,accesso,Zugang,0.17,2,bn:00000666n bn:00000663n
151,n,sim,,tariff,tariffa,Tarif,0.169,1,bn:00029241n
152,n,sim,,practice,pratica,Praktik,0.167,1,bn:03930390n
153,n,sim,,process,processo,Verfahren,0.167,1,bn:00064536n
154,n,sim,,incentive,incentivo,Anreiz,0.167,1,bn:00046272n
155,n,sim,,remuneration,compenso,Vergütung,0.166,0,
156,n,sim,,distribution,distribuzione,Ausschüttung,0.166,0,
157,n,sim,,order,ordine,Bestellung,0.165,2,bn:00059308n bn:00059311n
158,n,sim,,delivery,consegna,Lieferung,0.165,1,bn:00013142n
159,n,sim,,situation,situazione,Situation,0.163,3,bn:00071869n bn:00063707n bn:00071858n
160,n,sim,,opportunity,opportunità,Möglichkeit,0.161,1,bn:00017621n
161,n,sim,,increase,aumento,Erhöhung,0.156,2,bn:00001294n bn:00041979n
1,n,sim,WEAK,acquisition,acquisto,Erwerb,,,
2,n,sim,WEAK,adjustment,registrazione,Anpassung,,,
3,n,sim,WEAK,agency,opera,Agentur,,,
4,n,sim,WEAK,asset,attività,Vermögenswert,,,
5,n,sim,WEAK,balance,bilancio,Ausgleich,,,
6,n,sim,WEAK,bond,obbligazione,Anleihe,,,
7,n,sim,WEAK,business,azienda,Unternehmen,,,
8,n,sim,WEAK,card,carta,Programm,,,
9,n,sim,WEAK,care,responsabilità,Versorgung,,,
10,n,sim,WEAK,category,categoria,Gruppe,,,
11,n,sim,WEAK,charge,onere,Gebühr,,,
12,n,sim,WEAK,check,conto,Kontrolle,,,
13,n,sim,WEAK,class,classe,Gruppe,,,
14,n,sim,WEAK,commitment,impegno,Verpflichtung,,,
15,n,sim,WEAK,communication,comunicazione,Übertragung,,,
16,n,sim,WEAK,component,elemento,Komponente,,,
17,n,sim,WEAK,criterion,canone,Kriterium,,,
18,n,sim,WEAK,currency,corso,Währung,,,
19,n,sim,WEAK,cut,taglio,Anteil,,,
20,n,sim,WEAK,datum,dato,Datum,,,
21,n,sim,WEAK,deposit,deposito,Einlage,,,
22,n,sim,WEAK,duty,dazio,Pflicht,,,
23,n,sim,WEAK,effort,costo,Leistung,,,
24,n,sim,WEAK,entitlement,diritto,Anspruch,,,
25,n,sim,WEAK,entity,entità,Objekt,,,
26,n,sim,WEAK,entry,iscrizione,Posten,,,
27,n,sim,WEAK,equipment,materiale,Gerät,,,
28,n,sim,WEAK,expense,spesa,Ausgabe,,,
29,n,sim,WEAK,facility,agevolazione,Einrichtung,,,
30,n,sim,WEAK,figure,cifra,Zahl,,,
31,n,sim,WEAK,firm,impresa,Firma,,,
32,n,sim,WEAK,form,classe,Art,,,
33,n,sim,WEAK,gain,guadagno,Gewinn,,,
34,n,sim,WEAK,gift,regalo,Spende,,,
35,n,sim,WEAK,holding,patrimonio,Verwaltung,,,
36,n,sim,WEAK,industry,attività,Industrie,,,
37,n,sim,WEAK,issue,questione,Ausgabe,,,
38,n,sim,WEAK,item,elemento,Posten,,,
39,n,sim,WEAK,lease,locazione,Mietvertrag,,,
40,n,sim,WEAK,list,catalogo,Programm,,,
41,n,sim,WEAK,model,tipo,Modell,,,
42,n,sim,WEAK,note,biglietto,Banknote,,,
43,n,sim,WEAK,number,cifra,Zahl,,,
44,n,sim,WEAK,pay,retribuzione,Lohn,,,
45,n,sim,WEAK,position,posizione,Situation,,,
46,n,sim,WEAK,quality,qualità,Art,,,
47,n,sim,WEAK,quantity,quantitativo,Anteil,,,
48,n,sim,WEAK,quota,quota,Quote,,,
49,n,sim,WEAK,rate,tasso,Preis,,,
50,n,sim,WEAK,record,registrazione,Dokument,,,
51,n,sim,WEAK,reduction,riduzione,Einsparung,,,
52,n,sim,WEAK,registration,registrazione,Zulassung,,,
53,n,sim,WEAK,report,servizio,Gutachten,,,
54,n,sim,WEAK,requirement,richiesta,Voraussetzung,,,
55,n,sim,WEAK,return,ritorno,Ertrag,,,
56,n,sim,WEAK,revenue,reddito,Nutzung,,,
57,n,sim,WEAK,review,esame,Überprüfung,,,
58,n,sim,WEAK,right,diritto,Anspruch,,,
59,n,sim,WEAK,schedule,programma,Plan,,,
60,n,sim,WEAK,scheme,sistema,Programm,,,
61,n,sim,WEAK,settlement,soluzione,Regelung,,,
62,n,sim,WEAK,spending,spesa,Ausgabe,,,
63,n,sim,WEAK,standard,norma,Anspruch,,,
64,n,sim,WEAK,structure,struttura,Gebäude,,,
65,n,sim,WEAK,study,ricerca,Studie,,,
66,n,sim,WEAK,test,esame,Kriterium,,,
67,n,sim,WEAK,trust,società,Pflicht,,,
68,n,sim,WEAK,type,tipo,Art,,,
69,n,sim,WEAK,unit,gruppo,Einheit,,,
70,n,sim,WEAK,volume,capacità,Volumen,,,
1,n,cooc,,repayment,rimborso,Rückzahlung,0.595,0,
2,n,cooc,,guarantee,garanzia,Garantie,0.558,2,bn:00042039n bn:00042041n
3,n,cooc,,term,termine,Laufzeit,0.541,0,
4,n,cooc,,mortgage,ipoteca,Hypothek,0.529,2,bn:00055948n bn:00055954n
5,n,cooc,,grant,sovvenzione,Zuschuss,0.526,0,
6,n,cooc,,rebate,rimborso,Rückzahlung,0.523,1,bn:00027513n
7,n,cooc,,obligation,obbligo,Obligation,0.522,1,bn:00029239n
8,n,cooc,,bank,banca,Bank,0.514,4,bn:00008364n bn:00008371n bn:00008367n bn:00008370n
9,n,cooc,,disbursement,pagamento,Auszahlung,0.511,0,
10,n,cooc,,financing,finanziamento,Finanzierung,0.501,2,bn:00034524n bn:00034545n
11,n,cooc,,maturity,scadenza,Fälligkeit,0.496,1,bn:00029049n
12,n,cooc,,participation,partecipazione,Beteiligung,0.489,1,bn:00030844n
13,n,cooc,,instrument,strumento,Instrument,0.479,6,bn:00023662n bn:00046962n bn:00046961n bn:00077585n bn:00046964n bn:00046965n
14,n,cooc,,funding,finanziamento,Finanzierung,0.475,1,bn:00034545n
15,n,cooc,,interest,interesse,Verzinsung,0.469,0,
16,n,cooc,,shareholding,partecipazione,Beteiligung,0.453,0,
17,n,cooc,,subsidy,sovvenzione,Subvention,0.45,1,bn:00074977n
18,n,cooc,,investment,investimento,Investition,0.445,1,bn:00047358n
19,n,cooc,,advance,anticipo,Vorschuss,0.435,1,bn:00001552n
20,n,cooc,,guarantees,garanzia,Garantie,0.434,0,
21,n,cooc,,insurance,assicurazione,Versicherung,0.434,2,bn:00046396n bn:00046996n
22,n,cooc,,instalment,rata,Rate,0.434,0,
23,n,cooc,,currency,valuta,Währung,0.431,1,bn:00024507n
24,n,cooc,,donation,donazione,Spende,0.429,1,bn:00022270n
25,n,cooc,,gift,dono,Schenkung,0.429,1,bn:01361320n
26,n,cooc,,enterprise,impresa,Unternehmen,0.419,7,bn:00014137n bn:00014160n bn:00030751n bn:00021286n bn:00022811n bn:00031008n bn:00073910n
27,n,cooc,,provision,fornitura,Bereitstellung,0.416,0,
28,n,cooc,,business,impresa,Unternehmen,0.409,3,bn:00014137n bn:00021286n bn:00014138n
29,n,cooc,,leasing,leasing,Leasing,0.409,2,bn:00050444n bn:00050443n
30,n,cooc,,agreement,accordo,Zustimmung,0.407,0,
31,n,cooc,,purchase,acquisto,Kauf,0.405,2,bn:00065265n bn:00014334n
32,n,cooc,,installment,rata,Rate,0.405,0,
33,n,cooc,,option,opzione,Option,0.4,3,bn:00059228n bn:00018661n bn:00003132n
34,n,cooc,,operation,operazione,Bedienung,0.399,0,
35,n,cooc,,lease,locazione,Leasing,0.393,1,bn:00050443n
36,n,cooc,,credit,credito,Kredit,0.386,1,bn:00023671n
37,n,cooc,,capital,capitale,Kapital,0.385,1,bn:00015496n
38,n,cooc,,fund,fondo,Fonds,0.383,0,
39,n,cooc,,form,forma,Form,0.383,11,bn:00035907n bn:00035909n bn:00035912n bn:00026512n bn:00035908n bn:00021751n bn:00035911n bn:00035913n bn:00003882n bn:00035915n bn:00016529n
40,n,cooc,,amount,importo,Betrag,0.378,0,
41,n,cooc,,applicant,richiedente,Antragsteller,0.372,1,bn:00005091n
42,n,cooc,,value,valore,Wert,0.372,5,bn:00079508n bn:00058151n bn:00079511n bn:00029680n bn:00079509n
43,n,cooc,,emergency,emergenza,Notfall,0.37,1,bn:00030525n
44,n,cooc,,debt,debito,Schuld,0.366,1,bn:00025638n
45,n,cooc,,share,quota,Aktie,0.359,1,bn:00070912n
46,n,cooc,,aid,aiuto,Hilfe,0.358,2,bn:00002155n bn:00055177n
47,n,cooc,,principal,capitale,Kapital,0.357,0,
48,n,cooc,,assistance,aiuto,Hilfe,0.356,1,bn:00002155n
49,n,cooc,,borrower,debitore,Kreditnehmer,0.351,0,
50,n,cooc,,ratio,rapporto,Verhältnis,0.348,1,bn:00066247n
51,n,cooc,,extension,proroga,Verlängerung,0.347,0,
52,n,cooc,,account,conto,Konto,0.346,2,bn:00000740n bn:00000744n
53,n,cooc,,sale,vendita,Verkauf,0.346,2,bn:00068929n bn:00068918n
54,n,cooc,,acquisition,acquisizione,Erwerb,0.343,2,bn:00001007n bn:00001005n
55,n,cooc,,payment,pagamento,Zahlung,0.342,1,bn:00061119n
56,n,cooc,,scheme,progetto,Projekt,0.341,1,bn:00069579n
57,n,cooc,,period,periodo,Zeit,0.324,0,
58,n,cooc,,offer,offerta,Angebot,0.323,1,bn:00010264n
59,n,cooc,,contribution,contributo,Beitrag,0.317,1,bn:00022272n
60,n,cooc,,bill,conto,Rechnung,0.302,1,bn:00000746n
1,n,cooc,WEAK,allowance,riduzione,Beihilfe,,,
2,n,cooc,WEAK,application,richiesta,Anwendung,,,
3,n,cooc,WEAK,arrangement,accordo,Einrichtung,,,
4,n,cooc,WEAK,bond,obbligazione,Anleihe,,,
5,n,cooc,WEAK,case,questione,Fall,,,
6,n,cooc,WEAK,check,conto,Kontrolle,,,
7,n,cooc,WEAK,commitment,affidamento,Zusage,,,
8,n,cooc,WEAK,component,componente,Teil,,,
9,n,cooc,WEAK,deal,accordo,Teil,,,
10,n,cooc,WEAK,debenture,obbligazione,Pfandbrief,,,
11,n,cooc,WEAK,demand,richiesta,Forderung,,,
12,n,cooc,WEAK,deposit,deposito,Einlage,,,
13,n,cooc,WEAK,disposal,cessione,Veräußerung,,,
14,n,cooc,WEAK,expense,spesa,Ausgabe,,,
15,n,cooc,WEAK,facility,agevolazione,Einrichtung,,,
16,n,cooc,WEAK,fee,quota,Gebühr,,,
17,n,cooc,WEAK,income,provento,Erwerb,,,
18,n,cooc,WEAK,line,linea,Strich,,,
19,n,cooc,WEAK,medium,strumento,Mittel,,,
20,n,cooc,WEAK,money,valuta,Geld,,,
21,n,cooc,WEAK,rate,tasso,Preis,,,
22,n,cooc,WEAK,recovery,rimborso,Deckung,,,
23,n,cooc,WEAK,rent,affitto,Zins,,,
24,n,cooc,WEAK,security,garanzia,Sicherheit,,,
25,n,cooc,WEAK,stock,azione,Bestand,,,
26,n,cooc,WEAK,switch,scambio,Wechsel,,,
27,n,cooc,WEAK,tax,contributo,Besteuerung,,,
28,n,cooc,WEAK,title,titolo,Name,,,
29,n,cooc,WEAK,transaction,operazione,Abwicklung,,,
30,n,cooc,WEAK,transfer,trasferimento,Wechsel,,,
31,n,cooc,WEAK,trust,affidamento,Kredit,,,
32,n,cooc,WEAK,yield,prodotto,Rendite,,,
1,adj,cooc,,subordinated,subordinato,nachrangig,0.584,0,
2,adj,cooc,,repayable,rimborsabile,rückzahlbar,0.567,0,
3,adj,cooc,,global,globale,weltweit,0.474,2,bn:00103624a bn:00100536a
4,adj,cooc,,commercial,commerciale,kommerziell,0.434,0,
5,adj,cooc,,personal,personale,persönlich,0.405,1,bn:00108488a
6,adj,cooc,,convertible,convertibile,umwandelbar,0.402,0,
7,adj,cooc,,existing,esistente,bestehend,0.395,1,bn:00102542a
8,adj,cooc,,comparable,paragonabile,vergleichbar,0.389,1,bn:00100117a
9,adj,cooc,,cheap,conveniente,billig,0.38,1,bn:00099557a
10,adj,cooc,,risky,rischioso,riskant,0.363,0,
11,adj,cooc,,bilateral,bilaterale,bilateral,0.346,2,bn:00098371a bn:00098369a
12,adj,cooc,,conditional,condizionale,bedingt,0.339,0,
13,adj,cooc,,small,piccolo,gering,0.307,0,
14,adj,cooc,,available,disponibile,lieferbar,0.299,0,
15,adj,cooc,,corresponding,corrispondente,entsprechend,0.285,0,
16,adj,cooc,,total,totale,gesamt,0.271,0,
17,adj,cooc,,new,nuovo,neu,0.269,1,bn:00107267a
18,adj,cooc,,free,gratuito,frei,0.258,0,
19,adj,cooc,,such,tale,derartig,0.242,0,
20,adj,cooc,,necessary,necessario,notwendig,0.225,1,bn:00107182a
21,adj,cooc,,pursuant,secondo,entsprechend,0.225,0,
1,adj,cooc,WEAK,advanced,superiore,hoch,,,
2,adj,cooc,WEAK,advantageous,vantaggioso,günstig,,,
3,adj,cooc,WEAK,appropriate,adatto,entsprechend,,,
4,adj,cooc,WEAK,collateralised,garantito,besichert,,,
5,adj,cooc,WEAK,common,ordinario,gemeinsam,,,
6,adj,cooc,WEAK,convenient,conveniente,günstig,,,
7,adj,cooc,WEAK,corporate,sociale,gemeinsam,,,
8,adj,cooc,WEAK,due,adatto,fällig,,,
9,adj,cooc,WEAK,early,iniziale,vorzeitig,,,
10,adj,cooc,WEAK,equivalent,equivalente,entsprechend,,,
11,adj,cooc,WEAK,fast,veloce,sicher,,,
12,adj,cooc,WEAK,flat,netto,eben,,,
13,adj,cooc,WEAK,foreign,estero,ausländisch,,,
14,adj,cooc,WEAK,great,ingente,hoch,,,
15,adj,cooc,WEAK,gross,lordo,gesamt,,,
16,adj,cooc,WEAK,individual,individuale,einzeln,,,
17,adj,cooc,WEAK,large,esteso,hoch,,,
18,adj,cooc,WEAK,low,piccolo,niedrig,,,
19,adj,cooc,WEAK,ordinary,ordinario,gewöhnlich,,,
20,adj,cooc,WEAK,outstanding,eccezionale,offen,,,
21,adj,cooc,WEAK,permanent,ordinario,fest,,,
22,adj,cooc,WEAK,private,personale,privat,,,
23,adj,cooc,WEAK,quick,veloce,fix,,,
24,adj,cooc,WEAK,short,piccolo,kurzfristig,,,
25,adj,cooc,WEAK,simple,semplice,gewöhnlich,,,
26,adj,cooc,WEAK,special,speciale,gesondert,,,
27,adj,cooc,WEAK,superior,superiore,hoch,,,
1,v,cooc,,grant,concedere,gewähren,0.588,0,
2,v,cooc,,repay,rimborsare,zurückzahlen,0.578,0,
3,v,cooc,,borrow,mutuare,leihen,0.442,0,
4,v,cooc,,accord,accordare,gewähren,0.436,0,
5,v,cooc,,refinance,rifinanziare,refinanzieren,0.401,0,
6,v,cooc,,sanction,autorizzare,genehmigen,0.387,0,
7,v,cooc,,transfer,trasferire,übertragen,0.386,1,bn:00095085v
8,v,cooc,,refuse,rifiutare,verweigern,0.384,0,
9,v,cooc,,manage,gestire,verwalten,0.384,1,bn:00084527v
10,v,cooc,,extend,estendere,verlängern,0.384,0,
11,v,cooc,,expire,scadere,ablaufen,0.383,1,bn:00087868v
12,v,cooc,,include,includere,einschließen,0.374,1,bn:00089662v
13,v,cooc,,request,richiedere,bitten,0.373,0,
14,v,cooc,,guarantee,garantire,garantieren,0.359,1,bn:00082877v
15,v,cooc,,obtain,ottenere,erhalten,0.356,0,
16,v,cooc,,settle,risolvere,begleichen,0.353,0,
17,v,cooc,,intend,intendere,beabsichtigen,0.349,2,bn:00089805v bn:00089804v
18,v,cooc,,record,registrare,aufnehmen,0.342,0,
19,v,cooc,,convert,convertire,umwandeln,0.337,1,bn:00085768v
20,v,cooc,,last,durare,dauern,0.336,1,bn:00087620v
21,v,cooc,,benefit,beneficiare,profitieren,0.335,1,bn:00083413v
22,v,cooc,,meet,soddisfare,erfüllen,0.33,0,
23,v,cooc,,approve,approvare,genehmigen,0.323,0,
24,v,cooc,,get,ottenere,erhalten,0.322,0,
25,v,cooc,,agree,concordare,zustimmen,0.319,2,bn:00082475v bn:00082480v
26,v,cooc,,enter,entrare,eintreten,0.316,1,bn:00085363v
27,v,cooc,,authorize,autorizzare,genehmigen,0.316,0,
28,v,cooc,,require,richiedere,erfordern,0.315,0,
29,v,cooc,,combine,combinare,kombinieren,0.312,1,bn:00085314v
30,v,cooc,,accept,accettare,akzeptieren,0.308,3,bn:00082201v bn:00082198v bn:00082197v
31,v,cooc,,negotiate,negoziare,verhandeln,0.306,1,bn:00091037v
32,v,cooc,,cover,coprire,decken,0.305,2,bn:00084032v bn:00085917v
33,v,cooc,,compare,confrontare,vergleichen,0.295,1,bn:00085450v
34,v,cooc,,discharge,soddisfare,erfüllen,0.295,0,
35,v,cooc,,receive,ricevere,erhalten,0.294,1,bn:00089246v
36,v,cooc,,price,valutare,bewerten,0.294,0,
37,v,cooc,,offer,offrire,bieten,0.294,0,
38,v,cooc,,limit,limitare,begrenzen,0.291,0,
39,v,cooc,,serve,servire,dienen,0.288,1,bn:00082867v
40,v,cooc,,classify,classificare,einstufen,0.286,1,bn:00082871v
41,v,cooc,,facilitate,facilitare,erleichtern,0.284,1,bn:00082531v
42,v,cooc,,allow,consentire,zulassen,0.278,0,
43,v,cooc,,consider,considerare,betrachten,0.277,0,
44,v,cooc,,depend,dipendere,abhängen,0.269,1,bn:00086606v
45,v,cooc,,help,aiutare,helfen,0.268,1,bn:00082481v
46,v,cooc,,work,funzionare,funktionieren,0.265,1,bn:00088629v
47,v,cooc,,end,finire,enden,0.265,0,
48,v,cooc,,confer,conferire,verleihen,0.262,0,
49,v,cooc,,regard,considerare,betrachten,0.261,0,
50,v,cooc,,fulfil,soddisfare,erfüllen,0.26,0,
51,v,cooc,,grade,classificare,einstufen,0.26,0,
52,v,cooc,,cease,finire,enden,0.259,0,
53,v,cooc,,represent,rappresentare,darstellen,0.259,1,bn:00083187v
54,v,cooc,,create,creare,schaffen,0.255,1,bn:00086009v
55,v,cooc,,report,segnalare,berichten,0.255,0,
56,v,cooc,,raise,aumentare,erhöhen,0.254,0,
57,v,cooc,,purchase,acquistare,kaufen,0.252,1,bn:00084331v
58,v,cooc,,make,fare,machen,0.249,3,bn:00086008v bn:00084198v bn:00086013v
59,v,cooc,,cost,costare,kosten,0.244,0,
60,v,cooc,,climb,salire,klettern,0.239,0,
61,v,cooc,,constitute,costituire,bilden,0.234,1,bn:00083187v
62,v,cooc,,reflect,riflettere,widerspiegeln,0.231,0,
63,v,cooc,,mean,dire,bedeuten,0.229,1,bn:00089805v
64,v,cooc,,buy,acquistare,kaufen,0.224,1,bn:00084331v
65,v,cooc,,increase,aumentare,erhöhen,0.224,1,bn:00089667v
66,v,cooc,,form,costituire,bilden,0.223,0,
67,v,cooc,,close,chiudere,schließen,0.22,1,bn:00085162v
68,v,cooc,,exceed,superare,überschreiten,0.22,0,
69,v,cooc,,come,venire,kommen,0.219,1,bn:00085335v
70,v,cooc,,exclude,escludere,ausschließen,0.218,0,
71,v,cooc,,assist,assistere,helfen,0.212,1,bn:00082481v
72,v,cooc,,need,necessitare,brauchen,0.208,0,
73,v,cooc,,replace,sostituire,ersetzen,0.208,2,bn:00092817v bn:00087802v
74,v,cooc,,do,fare,machen,0.205,1,bn:00082286v
75,v,cooc,,exist,esistere,existieren,0.181,1,bn:00083184v
76,v,cooc,,remain,rimanere,bleiben,0.171,3,bn:00092756v bn:00085719v bn:00091562v
77,v,cooc,,give,dare,geben,0.169,2,bn:00088815v bn:00088825v
78,v,cooc,,hold,tenere,halten,0.15,1,bn:00089385v
79,v,cooc,,see,vedere,sehen,0.147,2,bn:00093430v bn:00092443v
80,v,cooc,,reach,raggiungere,erreichen,0.146,2,bn:00082901v bn:00082226v
81,v,cooc,,take,prendere,nehmen,0.128,3,bn:00085689v bn:00094731v bn:00088762v
82,v,cooc,,seem,sembrare,scheinen,0.114,1,bn:00082690v
1,v,cooc,WEAK,acquire,acquistare,erwerben,,,
2,v,cooc,WEAK,administer,dare,verwalten,,,
3,v,cooc,WEAK,advance,anticipare,heranziehen,,,
4,v,cooc,WEAK,afford,offrire,gewähren,,,
5,v,cooc,WEAK,allocate,assegnare,vergeben,,,
6,v,cooc,WEAK,appear,sembrare,erscheinen,,,
7,v,cooc,WEAK,apply,riguardare,anwenden,,,
8,v,cooc,WEAK,arrange,provvedere,vereinbaren,,,
9,v,cooc,WEAK,arrive,arrivare,kommen,,,
10,v,cooc,WEAK,associate,associare,verknüpfen,,,
11,v,cooc,WEAK,avail,servire,nutzen,,,
12,v,cooc,WEAK,award,assegnare,vergeben,,,
13,v,cooc,WEAK,back,sostenere,unterstützen,,,
14,v,cooc,WEAK,balance,saldare,ausgleichen,,,
15,v,cooc,WEAK,be,avere,liegen,,,
16,v,cooc,WEAK,bear,sostenere,tragen,,,
17,v,cooc,WEAK,become,diventare,stehen,,,
18,v,cooc,WEAK,cancel,cancellare,kündigen,,,
19,v,cooc,WEAK,carry,portare,tragen,,,
20,v,cooc,WEAK,charge,chiedere,berechnen,,,
21,v,cooc,WEAK,check,frenare,prüfen,,,
22,v,cooc,WEAK,clear,liquidare,verrechnen,,,
23,v,cooc,WEAK,collateralize,garantire,besichern,,,
24,v,cooc,WEAK,comprise,comprendere,umfassen,,,
25,v,cooc,WEAK,conclude,concludere,abschließen,,,
26,v,cooc,WEAK,contract,contrarre,schließen,,,
27,v,cooc,WEAK,decide,deliberare,entscheiden,,,
28,v,cooc,WEAK,decline,rifiutare,sinken,,,
29,v,cooc,WEAK,decrease,scendere,verringern,,,
30,v,cooc,WEAK,defer,prorogare,verschieben,,,
31,v,cooc,WEAK,denote,indicare,bezeichnen,,,
32,v,cooc,WEAK,deny,negare,verweigern,,,
33,v,cooc,WEAK,distribute,assegnare,verteilen,,,
34,v,cooc,WEAK,drive,portare,treiben,,,
35,v,cooc,WEAK,drop,scendere,fallen,,,
36,v,cooc,WEAK,enable,permettere,ermöglichen,,,
37,v,cooc,WEAK,fail,respingere,ausfallen,,,
38,v,cooc,WEAK,fall,scendere,fallen,,,
39,v,cooc,WEAK,finance,sovvenzionare,finanzieren,,,
40,v,cooc,WEAK,fix,destinare,fixieren,,,
41,v,cooc,WEAK,float,lanciare,treiben,,,
42,v,cooc,WEAK,follow,seguire,beachten,,,
43,v,cooc,WEAK,generate,generare,verursachen,,,
44,v,cooc,WEAK,go,partire,gehen,,,
45,v,cooc,WEAK,grow,crescere,erwachsen,,,
46,v,cooc,WEAK,have,avere,besitzen,,,
47,v,cooc,WEAK,improve,perfezionare,verbessern,,,
48,v,cooc,WEAK,insure,garantire,versichern,,,
49,v,cooc,WEAK,involve,comportare,umfassen,,,
50,v,cooc,WEAK,issue,emettere,ausgeben,,,
51,v,cooc,WEAK,lead,portare,führen,,,
52,v,cooc,WEAK,let,permettere,lassen,,,
53,v,cooc,WEAK,lie,rimanere,liegen,,,
54,v,cooc,WEAK,link,vincolare,verknüpfen,,,
55,v,cooc,WEAK,match,combinare,entsprechen,,,
56,v,cooc,WEAK,move,portare,bewegen,,,
57,v,cooc,WEAK,operate,funzionare,bedienen,,,
58,v,cooc,WEAK,originate,provenire,entstehen,,,
59,v,cooc,WEAK,originated,provenire,entstehen,,,
60,v,cooc,WEAK,owe,dovere,schulden,,,
61,v,cooc,WEAK,own,avere,besitzen,,,
62,v,cooc,WEAK,pay,pagare,zahlen,,,
63,v,cooc,WEAK,perform,svolgere,erfüllen,,,
64,v,cooc,WEAK,proceed,provenire,verlaufen,,,
65,v,cooc,WEAK,process,trattare,entwickeln,,,
66,v,cooc,WEAK,procure,ottenere,beschaffen,,,
67,v,cooc,WEAK,provide,fornire,bieten,,,
68,v,cooc,WEAK,qualify,qualificare,berechtigen,,,
69,v,cooc,WEAK,quicken,stimolare,beschleunigen,,,
70,v,cooc,WEAK,range,classificare,reichen,,,
71,v,cooc,WEAK,recognise,distinguere,bestätigen,,,
72,v,cooc,WEAK,recover,recuperare,gewinnen,,,
73,v,cooc,WEAK,reimburse,rimborsare,ersetzen,,,
74,v,cooc,WEAK,renew,rinnovare,verlängern,,,
75,v,cooc,WEAK,result,risultare,entstehen,,,
76,v,cooc,WEAK,revolve,considerare,drehen,,,
77,v,cooc,WEAK,rise,salire,steigen,,,
78,v,cooc,WEAK,secure,garantire,sichern,,,
79,v,cooc,WEAK,sell,cedere,verkaufen,,,
80,v,cooc,WEAK,shrink,limitare,abnehmen,,,
81,v,cooc,WEAK,sign,firmare,unterzeichnen,,,
82,v,cooc,WEAK,spread,estendere,verteilen,,,
83,v,cooc,WEAK,stand,restare,stehen,,,
84,v,cooc,WEAK,subsidise,sovvenzionare,unterstützen,,,
85,v,cooc,WEAK,subsidize,sovvenzionare,unterstützen,,,
86,v,cooc,WEAK,support,sostenere,unterstützen,,,
87,v,cooc,WEAK,trade,negoziare,handeln,,,
88,v,cooc,WEAK,turn,trasformare,drehen,,,
89,v,cooc,WEAK,underwrite,sottoscrivere,garantieren,,,
