idx_group,pos,rel,weak,lex_en,lex_it,lex_de,score,bs_count,babel_synsets
0,n,head,,television tv telecasting,video tv tivù,Video Fernsehen Television,,1,bn:00076373n
1,n,sim,,television,televisione,Fernsehen,0.501,1,bn:00076373n
2,n,sim,,photo,foto,Foto,0.425,1,bn:00032381n
3,n,sim,,radio,radio,Radio,0.423,5,bn:00065900n bn:00065899n bn:00065968n bn:00065901n bn:00006920n
4,n,sim,,movie,film,Film,0.413,1,bn:00034471n
5,n,sim,,picture,immagine,Bild,0.411,2,bn:00032381n bn:00045970n
6,n,sim,,image,immagine,Bild,0.411,2,bn:00045972n bn:00045970n
7,n,sim,,film,film,Film,0.402,6,bn:00034472n bn:00020185n bn:00034471n bn:00034474n bn:00034473n bn:00017056n
8,n,sim,,tv,tv,Fernseher,0.388,1,bn:00012048n
9,n,sim,,page,pagina,Seite,0.378,1,bn:00060158n
10,n,sim,,music,musica,Musik,0.377,2,bn:00031853n bn:00056443n
11,n,sim,,content,contenuto,Inhalt,0.374,2,bn:00022154n bn:00022153n
12,n,sim,,book,libro,Buch,0.371,2,bn:00012059n bn:00012066n
13,n,sim,,program,programma,Programm,0.369,4,bn:00021497n bn:00062899n bn:00021492n bn:00013235n
14,n,sim,,news,notizia,Nachricht,0.369,0,
15,n,sim,,programme,programma,Programm,0.365,2,bn:00021492n bn:00013235n
16,n,sim,,internet,internet,Internet,0.362,1,bn:00024712n
17,n,sim,,version,versione,Version,0.356,4,bn:00047114n bn:00029773n bn:00079827n bn:00001266n
18,n,sim,,blog,blog,Blog,0.35,1,bn:00011339n
19,n,sim,,network,rete,Netzwerk,0.349,4,bn:00021488n bn:00057379n bn:00054497n bn:00024712n
20,n,sim,,computer,computer,Computer,0.349,3,bn:00014691n bn:00021464n bn:00054739n
21,n,sim,,series,serie,Serie,0.346,5,bn:00031227n bn:00070609n bn:00070613n bn:00070597n bn:00070611n
22,n,sim,,song,canzone,Song,0.343,1,bn:00072794n
23,n,sim,,device,dispositivo,Gerät,0.342,1,bn:00026716n
24,n,sim,,software,software,Software,0.341,1,bn:00021497n
25,n,sim,,cinema,cinema,Kino,0.341,1,bn:00019129n
26,n,sim,,newspaper,giornale,Zeitung,0.339,2,bn:00057563n bn:00057566n
27,n,sim,,photography,fotografia,Fotografie,0.338,2,bn:00062084n bn:00062086n
28,n,sim,,model,modello,Modell,0.335,7,bn:00055448n bn:00032100n bn:00055447n bn:00022071n bn:00032101n bn:00033735n bn:00036197n
29,n,sim,,show,mostra,Show,0.334,1,bn:00027670n
30,n,sim,,app,app,App,0.333,1,bn:00005095n
31,n,sim,,press,stampa,Presse,0.333,1,bn:00048459n
32,n,sim,,scene,scena,Szene,0.333,1,bn:00069552n
33,n,sim,,recording,registrazione,Aufnahme,0.331,1,bn:15598071n
34,n,sim,,play,gioco,Spiel,0.33,2,bn:00007800n bn:00037180n
35,n,sim,,story,storia,Geschichte,0.33,2,bn:00000738n bn:00056857n
36,n,sim,,project,progetto,Projekt,0.325,1,bn:00064665n
37,n,sim,,event,evento,Ereignis,0.324,2,bn:00032022n bn:00032021n
38,n,sim,,record,registrazione,Aufnahme,0.323,0,
39,n,sim,,wireless,radio,Radio,0.322,3,bn:00065900n bn:00065899n bn:00065901n
40,n,sim,,broadcast,trasmissione,Sendung,0.321,2,bn:00013234n bn:00013235n
41,n,sim,,sport,sport,Sport,0.319,9,bn:00006759n bn:00073569n bn:00006747n bn:00073571n bn:00073570n bn:00073568n bn:00056530n bn:00032203n bn:00036814n
42,n,sim,,product,prodotto,Produkt,0.319,4,bn:00054416n bn:00064585n bn:00053827n bn:00064584n
43,n,sim,,range,serie,Reihe,0.319,0,
44,n,sim,,stuff,materiale,Material,0.318,1,bn:00053801n
45,n,sim,,material,materiale,Material,0.318,3,bn:00053803n bn:00053802n bn:00053801n
46,n,sim,,advertising,pubblicità,Werbung,0.316,3,bn:00001227n bn:00060113n bn:00001589n
47,n,sim,,list,lista,Liste,0.316,2,bn:00023140n bn:00051508n
48,n,sim,,history,storia,Geschichte,0.315,4,bn:00044270n bn:00000738n bn:00044267n bn:00044268n
49,n,sim,,ad,annuncio,Anzeige,0.315,1,bn:00001227n
50,n,sim,,piece,pezzo,Stück,0.315,2,bn:00062299n bn:00062297n
51,n,sim,,telly,televisione,Fernseher,0.315,1,bn:00012048n
52,n,sim,,tool,strumento,Gerät,0.314,1,bn:00077585n
53,n,sim,,thing,cosa,Sache,0.313,2,bn:00076925n bn:00001734n
54,n,sim,,camera,telecamera,Kamera,0.313,0,
55,n,sim,,experience,esperienza,Erfahrung,0.312,2,bn:00032307n bn:00032306n
56,n,sim,,service,servizio,Service,0.309,6,bn:00070647n bn:00044916n bn:00070651n bn:00070659n bn:00070653n bn:00070654n
57,n,sim,,publication,pubblicazione,Veröffentlichung,0.308,3,bn:00065108n bn:00047693n bn:00065106n
58,n,sim,,platform,piattaforma,Plattform,0.306,1,bn:00062900n
59,n,sim,,application,applicazione,Anwendung,0.305,2,bn:00005095n bn:00005094n
60,n,sim,,instrument,strumento,Gerät,0.305,1,bn:00077585n
61,n,sim,,system,sistema,System,0.304,7,bn:00075763n bn:00075759n bn:00075762n bn:00075761n bn:00069580n bn:00075760n bn:00005863n
62,n,sim,,football,calcio,Fußball,0.304,3,bn:00035704n bn:00006547n bn:00008122n
63,n,sim,,advertisement,pubblicità,Werbung,0.303,3,bn:00001227n bn:00060113n bn:00001589n
64,n,sim,,production,produzione,Produktion,0.303,4,bn:00059790n bn:00064592n bn:00064590n bn:00064594n
65,n,sim,,studio,studio,Studio,0.303,17,bn:00047693n bn:00005097n bn:00014169n bn:00074791n bn:00074787n bn:00067181n bn:00074790n bn:00074786n bn:00074788n bn:00002160n bn:00071923n bn:00064665n bn:00074795n bn:00031755n bn:00016012n bn:00074793n bn:00006185n
66,n,sim,,group,gruppo,Gruppe,0.303,4,bn:00041942n bn:00041943n bn:00073698n bn:00018111n
67,n,sim,,facebook,facebook,Facebook,0.303,2,bn:03624775n bn:16354380n
68,n,sim,,number,numero,Nummer,0.302,1,bn:02929223n
69,n,sim,,map,mappa,Karte,0.301,1,bn:00053303n
70,n,sim,,quality,qualità,Qualität,0.299,2,bn:00065538n bn:00014731n
71,n,sim,,voice,voce,Stimme,0.298,2,bn:00062019n bn:00060770n
72,n,sim,,episode,episodio,Folge,0.296,1,bn:00031226n
73,n,sim,,supply,offerta,Angebot,0.295,1,bn:03251267n
74,n,sim,,world,mondo,Welt,0.294,3,bn:00029424n bn:00022991n bn:00045153n
75,n,sim,,art,arte,Kunst,0.293,3,bn:00005928n bn:00005926n bn:00005927n
76,n,sim,,design,design,Design,0.292,11,bn:00026536n bn:00002178n bn:00028639n bn:00026538n bn:00045772n bn:00045963n bn:00056023n bn:00021551n bn:00026535n bn:00026537n bn:00011593n
77,n,sim,,net,rete,Netz,0.291,4,bn:00057367n bn:00034434n bn:00054497n bn:00024712n
78,n,sim,,google,google,Google,0.29,1,bn:00041092n
79,n,sim,,exhibition,mostra,Ausstellung,0.288,1,bn:00032225n
80,n,sim,,magazine,rivista,Magazin,0.287,1,bn:00052671n
81,n,sim,,game,gioco,Spiel,0.287,2,bn:00037180n bn:00037182n
82,n,sim,,technology,tecnologia,Technologie,0.287,1,bn:00005105n
83,n,sim,,solution,soluzione,Lösung,0.287,1,bn:00072760n
84,n,sim,,audience,pubblico,Publikum,0.283,1,bn:00007096n
85,n,sim,,message,messaggio,Nachricht,0.281,1,bn:00054523n
86,n,sim,,plan,piano,Plan,0.281,3,bn:00026536n bn:00069579n bn:00062759n
87,n,sim,,organization,organizzazione,Organisation,0.279,5,bn:00059480n bn:00059482n bn:00001423n bn:00059483n bn:00005863n
88,n,sim,,theater,teatro,Theater,0.277,2,bn:00045002n bn:00028609n
89,n,sim,,style,stile,Stil,0.275,1,bn:15993750n
90,n,sim,,reality,realtà,Wirklichkeit,0.275,1,bn:00066418n
91,n,sim,,store,negozio,Laden,0.275,3,bn:00067417n bn:00071215n bn:00012452n
92,n,sim,,segment,parte,Teil,0.274,0,
93,n,sim,,literature,letteratura,Literatur,0.274,1,bn:00051538n
94,n,sim,,post,posta,Post,0.273,2,bn:00051752n bn:00052815n
95,n,sim,,car,auto,Auto,0.272,1,bn:00007309n
96,n,sim,,theatre,teatro,Theater,0.272,2,bn:00045002n bn:00028609n
97,n,sim,,room,camera,Raum,0.272,1,bn:00068233n
98,n,sim,,craft,arte,Kunst,0.271,0,
99,n,sim,,communication,comunicazione,Kommunikation,0.269,1,bn:00021221n
100,n,sim,,market,mercato,Markt,0.268,3,bn:00053458n bn:00053459n bn:00053461n
101,n,sim,,artist,artista,Künstler,0.268,1,bn:00006182n
102,n,sim,,t.v.,tv,Fernsehen,0.267,0,
103,n,sim,,paper,carta,Papier,0.267,1,bn:00060464n
104,n,sim,,industry,industria,Industrie,0.265,1,bn:00046576n
105,n,sim,,edition,edizione,Ausgabe,0.265,1,bn:00065108n
106,n,sim,,gambling,gioco,Spiel,0.264,0,
107,n,sim,,language,lingua,Sprache,0.264,2,bn:00049910n bn:00077565n
108,n,sim,,campaign,campagna,Kampagne,0.264,1,bn:00015052n
109,n,sim,,shop,negozio,Geschäft,0.263,1,bn:00071215n
110,n,sim,,transmission,trasmissione,Sendung,0.262,0,
111,n,sim,,writing,scrittura,Schreiben,0.262,1,bn:00081714n
112,n,sim,,fashion,moda,Mode,0.262,1,bn:00033731n
113,n,sim,,gadget,dispositivo,Gerät,0.261,1,bn:15154456n
114,n,sim,,food,cibo,Essen,0.26,2,bn:00035650n bn:00035649n
115,n,sim,,utensil,strumento,Gerät,0.259,1,bn:15154456n
116,n,sim,,culture,cultura,Kultur,0.259,1,bn:00024369n
117,n,sim,,library,biblioteca,Bibliothek,0.259,1,bn:00050968n
118,n,sim,,company,azienda,Firma,0.259,4,bn:00073910n bn:00021286n bn:00014160n bn:00022811n
119,n,sim,,phone,telefono,Telefon,0.258,1,bn:00062020n
120,n,sim,,america,america,Amerika,0.258,2,bn:00003341n bn:00003342n
121,n,sim,,club,club,Verein,0.254,1,bn:00020039n
122,n,sim,,cellphone,cellulare,Handy,0.253,1,bn:00017029n
123,n,sim,,agency,agenzia,Agentur,0.252,2,bn:00001961n bn:00001962n
124,n,sim,,kitchen,cucina,Küche,0.249,1,bn:00049248n
125,n,sim,,channel,canale,Kanal,0.249,2,bn:00017686n bn:00015144n
126,n,sim,,competition,gara,Wettbewerb,0.249,2,bn:00021338n bn:00021339n
127,n,sim,,client,cliente,Kunde,0.248,1,bn:00019763n
128,n,sim,,environment,ambiente,Umwelt,0.248,1,bn:00031075n
129,n,sim,,customer,cliente,Kunde,0.248,1,bn:00019763n
130,n,sim,,politics,politica,Politik,0.247,1,bn:00063351n
131,n,sim,,science,scienza,Wissenschaft,0.243,1,bn:00069670n
132,n,sim,,society,società,Gesellschaft,0.24,2,bn:00072566n bn:00020039n
133,n,sim,,grid,rete,Netz,0.238,0,
134,n,sim,,corporation,società,Gesellschaft,0.236,0,
135,n,sim,,institution,istituzione,Institution,0.234,2,bn:00031641n bn:00046954n
136,n,sim,,installation,impianto,Einrichtung,0.233,0,
137,n,sim,,stage,fase,Phase,0.232,1,bn:00061898n
138,n,sim,,public,pubblico,Öffentlichkeit,0.23,1,bn:00063584n
139,n,sim,,motor,macchina,Auto,0.228,0,
140,n,sim,,research,ricerca,Forschung,0.227,1,bn:00067280n
141,n,sim,,sound,suono,Ton,0.227,0,
142,n,sim,,tape,nastro,Band,0.223,0,
143,n,sim,,restaurant,ristorante,Restaurant,0.223,1,bn:00029545n
144,n,sim,,player,giocatore,Spieler,0.222,1,bn:00060799n
145,n,sim,,family,famiglia,Familie,0.221,2,bn:00032896n bn:00032893n
146,n,sim,,mail,posta,Post,0.218,1,bn:00052815n
147,n,sim,,class,classe,Klasse,0.217,6,bn:00019482n bn:00016733n bn:00019477n bn:00019483n bn:00019479n bn:00019478n
148,n,sim,,girl,ragazza,Mädchen,0.216,1,bn:00034453n
149,n,sim,,house,casa,Haus,0.216,4,bn:00044994n bn:00029305n bn:00045000n bn:00000356n
150,n,sim,,telephone,telefono,Telefon,0.215,1,bn:00062020n
151,n,sim,,kid,bambino,Kind,0.213,1,bn:00018345n
152,n,sim,,school,scuola,Schule,0.204,3,bn:00069620n bn:00069625n bn:00069619n
153,n,sim,,center,centro,Zentrum,0.199,2,bn:00017123n bn:00017130n
154,n,sim,,enterprise,impresa,Unternehmen,0.197,7,bn:00073910n bn:00021286n bn:00014160n bn:00031008n bn:00030751n bn:00022811n bn:00014137n
155,n,sim,,portal,portale,Portal,0.197,2,bn:00063659n bn:00063658n
156,n,sim,,management,amministrazione,Verwaltung,0.196,3,bn:00001422n bn:00053116n bn:00027355n
157,n,sim,,household,famiglia,Haushalt,0.177,1,bn:00032892n
158,n,sim,,training,formazione,Training,0.17,2,bn:00041853n bn:00012992n
159,n,sim,,tourism,turismo,Tourismus,0.165,1,bn:00077747n
160,n,sim,,home,casa,Haus,0.147,2,bn:00044994n bn:00000356n
161,n,sim,,e-mail,e-mail,E-mail,0.118,0,
162,n,sim,,satellite,satellite,Satellit,0.113,2,bn:00006169n bn:00069316n
163,n,sim,,telephony,telefonia,Telefon,0.113,0,
164,n,sim,,publishing,editoria,Verlagswesen,0.091,1,bn:00065108n
165,n,sim,,multimedia,multimedia,Multimedia,0.081,1,bn:00056283n
166,n,sim,,telecommunications,telecomunicazione,Telekommunikation,0.08,1,bn:00076374n
1,n,sim,WEAK,account,descrizione,Bericht,,,
2,n,sim,WEAK,air,aspetto,Weise,,,
3,n,sim,WEAK,appliance,applicazione,Gerät,,,
4,n,sim,WEAK,band,gruppo,Band,,,
5,n,sim,WEAK,bank,banca,Reihe,,,
6,n,sim,WEAK,bar,bar,Stück,,,
7,n,sim,WEAK,board,consiglio,Gremium,,,
8,n,sim,WEAK,brand,tizzone,Marke,,,
9,n,sim,WEAK,business,azienda,Unternehmen,,,
10,n,sim,WEAK,card,scheda,Karte,,,
11,n,sim,WEAK,chart,carta,Grafik,,,
12,n,sim,WEAK,circuit,circuito,Kreis,,,
13,n,sim,WEAK,control,controllo,Verwaltung,,,
14,n,sim,WEAK,custom,moda,Praxis,,,
15,n,sim,WEAK,display,schermo,Anzeige,,,
16,n,sim,WEAK,equipment,materiale,Gerät,,,
17,n,sim,WEAK,feature,aspetto,Zug,,,
18,n,sim,WEAK,firm,impresa,Firma,,,
19,n,sim,WEAK,item,voce,Artikel,,,
20,n,sim,WEAK,kind,tipo,Art,,,
21,n,sim,WEAK,medium,mezzo,Medium,,,
22,n,sim,WEAK,note,nota,Ton,,,
23,n,sim,WEAK,occasion,occasione,Ereignis,,,
24,n,sim,WEAK,offering,offerta,Vorstellung,,,
25,n,sim,WEAK,office,studio,Büro,,,
26,n,sim,WEAK,option,scelta,Möglichkeit,,,
27,n,sim,WEAK,painting,quadro,Bild,,,
28,n,sim,WEAK,panel,quadro,Gremium,,,
29,n,sim,WEAK,photograph,fotografia,Foto,,,
30,n,sim,WEAK,print,stampa,Schrift,,,
31,n,sim,WEAK,reading,lettura,Anzeige,,,
32,n,sim,WEAK,release,uscita,Veröffentlichung,,,
33,n,sim,WEAK,schedule,programma,Plan,,,
34,n,sim,WEAK,search,ricerca,Suche,,,
35,n,sim,WEAK,security,sicurezza,Papier,,,
36,n,sim,WEAK,set,serie,Satz,,,
37,n,sim,WEAK,signal,segnale,Nachricht,,,
38,n,sim,WEAK,space,posto,Raum,,,
39,n,sim,WEAK,spot,spot,Marke,,,
40,n,sim,WEAK,station,posto,Sender,,,
41,n,sim,WEAK,table,tavolo,Runde,,,
42,n,sim,WEAK,tech,tecnico,Technik,,,
43,n,sim,WEAK,trade,industria,Handel,,,
44,n,sim,WEAK,train,serie,Zug,,,
45,n,sim,WEAK,transmitter,emittente,Sender,,,
46,n,sim,WEAK,type,tipo,Art,,,
47,n,sim,WEAK,unit,gruppo,Element,,,
48,n,sim,WEAK,vehicle,mezzo,Fahrzeug,,,
49,n,sim,WEAK,video,videoregistratore,Video,,,
50,n,sim,WEAK,youth,giovane,Jugend,,,
1,n,cooc,,series,serie,Serie,0.67,5,bn:00031227n bn:00070609n bn:00070613n bn:00070597n bn:00070611n
2,n,cooc,,broadcast,trasmissione,Sendung,0.624,2,bn:00013234n bn:00013235n
3,n,cooc,,set,serie,Reihe,0.589,0,
4,n,cooc,,computer,computer,Computer,0.563,3,bn:00014691n bn:00021464n bn:00054739n
5,n,cooc,,press,stampa,Presse,0.56,1,bn:00048459n
6,n,cooc,,youtube,youtube,Youtube,0.545,2,bn:02873520n bn:14527953n
7,n,cooc,,channel,canale,Kanal,0.542,2,bn:00017686n bn:00015144n
8,n,cooc,,transmission,trasmissione,Übertragung,0.542,1,bn:00078027n
9,n,cooc,,rtl,rtl,Rtl,0.541,11,bn:25802035n bn:14978775n bn:03155353n bn:03489511n bn:02874095n bn:00255647n bn:03373718n bn:01485429n bn:00131470n bn:16896115n bn:01454560n
10,n,cooc,,programme,programma,Programm,0.541,2,bn:00021492n bn:00013235n
11,n,cooc,,network,rete,Netzwerk,0.54,4,bn:00021488n bn:00057379n bn:00054497n bn:00024712n
12,n,cooc,,newspaper,giornale,Zeitung,0.537,2,bn:00057563n bn:00057566n
13,n,cooc,,schedule,programma,Programm,0.536,1,bn:00069568n
14,n,cooc,,netflix,netflix,Netflix,0.529,3,bn:16686983n bn:00995380n bn:23985839n
15,n,cooc,,film,film,Film,0.527,6,bn:00034472n bn:00020185n bn:00034471n bn:00034474n bn:00034473n bn:00017056n
16,n,cooc,,program,programma,Programm,0.526,4,bn:00021497n bn:00062899n bn:00021492n bn:00013235n
17,n,cooc,,production,produzione,Produktion,0.515,4,bn:00059790n bn:00064592n bn:00064590n bn:00064594n
18,n,cooc,,signal,segnale,Signal,0.515,1,bn:00071525n
19,n,cooc,,content,contenuto,Inhalt,0.511,2,bn:00022154n bn:00022153n
20,n,cooc,,advertising,pubblicità,Werbung,0.507,3,bn:00001227n bn:00060113n bn:00001589n
21,n,cooc,,music,musica,Musik,0.506,2,bn:00031853n bn:00056443n
22,n,cooc,,advertisement,pubblicità,Werbung,0.505,3,bn:00001227n bn:00060113n bn:00001589n
23,n,cooc,,spot,spot,Stelle,0.505,1,bn:00062699n
24,n,cooc,,cinema,cinema,Kino,0.503,1,bn:00019129n
25,n,cooc,,phone,telefono,Telefon,0.497,1,bn:00062020n
26,n,cooc,,theatre,teatro,Theater,0.492,2,bn:00045002n bn:00028609n
27,n,cooc,,movie,film,Film,0.492,1,bn:00034471n
28,n,cooc,,apparatus,apparecchio,Gerät,0.488,0,
29,n,cooc,,theater,teatro,Theater,0.484,2,bn:00045002n bn:00028609n
30,n,cooc,,show,mostra,Show,0.479,1,bn:00027670n
31,n,cooc,,ad,annuncio,Anzeige,0.478,1,bn:00001227n
32,n,cooc,,telephone,telefono,Telefon,0.474,1,bn:00062020n
33,n,cooc,,studio,studio,Studio,0.472,17,bn:00047693n bn:00005097n bn:00014169n bn:00074791n bn:00074787n bn:00067181n bn:00074790n bn:00074786n bn:00074788n bn:00002160n bn:00071923n bn:00064665n bn:00074795n bn:00031755n bn:00016012n bn:00074793n bn:00006185n
34,n,cooc,,interview,intervista,Interview,0.471,2,bn:00007099n bn:00047238n
35,n,cooc,,studios,studio,Studio,0.467,0,
36,n,cooc,,recording,registrazione,Aufnahme,0.467,1,bn:15598071n
37,n,cooc,,television,televisione,Fernsehen,0.463,1,bn:00076373n
38,n,cooc,,camera,telecamera,Kamera,0.462,0,
39,n,cooc,,game,gioco,Spiel,0.456,2,bn:00037180n bn:00037182n
40,n,cooc,,appliance,apparecchio,Gerät,0.455,0,
41,n,cooc,,advertisements,pubblicità,Anzeige,0.452,0,
42,n,cooc,,book,libro,Buch,0.45,2,bn:00012059n bn:00012066n
43,n,cooc,,radio,radio,Radio,0.446,5,bn:00065900n bn:00065899n bn:00065968n bn:00065901n bn:00006920n
44,n,cooc,,box,cassetta,Kassette,0.445,0,
45,n,cooc,,internet,internet,Internet,0.445,1,bn:00024712n
46,n,cooc,,telephony,telefonia,Telefonie,0.439,1,bn:00076400n
47,n,cooc,,picture,immagine,Bild,0.437,2,bn:00032381n bn:00045970n
48,n,cooc,,animation,animazione,Animation,0.435,4,bn:00004262n bn:00004261n bn:00004264n bn:00004263n
49,n,cooc,,transmitter,trasmettitore,Sender,0.434,1,bn:00070465n
50,n,cooc,,personality,personaggio,Charakter,0.428,0,
51,n,cooc,,smartphone,smartphone,Smartphone,0.425,2,bn:20252246n bn:00909458n
52,n,cooc,,satellite,satellite,Satellit,0.42,2,bn:00006169n bn:00069316n
53,n,cooc,,news,notizie,Nachricht,0.419,1,bn:00057547n
54,n,cooc,,sound,suono,Ton,0.419,0,
55,n,cooc,,app,app,App,0.418,1,bn:00005095n
56,n,cooc,,journalist,giornalista,Journalist,0.417,1,bn:00048461n
57,n,cooc,,platform,piattaforma,Plattform,0.415,1,bn:00062900n
58,n,cooc,,antenna,antenna,Antenne,0.41,2,bn:00004501n bn:00001661n
59,n,cooc,,poster,poster,Plakat,0.4,1,bn:00010395n
60,n,cooc,,image,immagine,Bild,0.399,2,bn:00045972n bn:00045970n
61,n,cooc,,aerials,antenna,Antenne,0.398,0,
62,n,cooc,,magazine,rivista,Magazin,0.395,1,bn:00052671n
63,n,cooc,,reception,ricezione,Empfang,0.393,1,bn:00066489n
64,n,cooc,,satelite,satellite,Satellit,0.388,0,
65,n,cooc,,version,versione,Version,0.383,4,bn:00047114n bn:00029773n bn:00079827n bn:00001266n
66,n,cooc,,publication,pubblicazione,Veröffentlichung,0.379,3,bn:00065108n bn:00047693n bn:00065106n
67,n,cooc,,writer,autore,Autor,0.378,1,bn:00007287n
68,n,cooc,,commentator,commentatore,Kommentator,0.375,1,bn:00020980n
69,n,cooc,,sport,sport,Sport,0.368,9,bn:00006759n bn:00073569n bn:00006747n bn:00073571n bn:00073570n bn:00073568n bn:00056530n bn:00032203n bn:00036814n
70,n,cooc,,aircon,condizionatore,Klimaanlage,0.364,0,
71,n,cooc,,cellphone,cellulare,Mobiltelefon,0.362,1,bn:00017029n
72,n,cooc,,history,storia,Geschichte,0.361,4,bn:00044270n bn:00000738n bn:00044267n bn:00044268n
73,n,cooc,,aerial,antenna,Antenne,0.359,1,bn:00001661n
74,n,cooc,,station,stazione,Station,0.355,1,bn:00074049n
75,n,cooc,,service,servizio,Dienst,0.354,1,bn:00070651n
76,n,cooc,,character,personaggio,Charakter,0.353,0,
77,n,cooc,,state,stato,Zustand,0.344,4,bn:03347921n bn:02220665n bn:17345320n bn:02108701n
78,n,cooc,,literature,letteratura,Literatur,0.342,1,bn:00051538n
79,n,cooc,,air-conditioning,climatizzazione,Klimaanlage,0.336,0,
80,n,cooc,,air-con,condizionatore,Klimaanlage,0.331,0,
81,n,cooc,,contract,contratto,Auftrag,0.325,0,
82,n,cooc,,market,mercato,Markt,0.297,3,bn:00053458n bn:00053459n bn:00053461n
83,n,cooc,,device,dispositivo,Gerät,0.275,1,bn:00026716n
84,n,cooc,,fee,tassa,Preis,0.257,0,
85,n,cooc,,system,sistema,System,0.249,7,bn:00075763n bn:00075759n bn:00075762n bn:00075761n bn:00069580n bn:00075760n bn:00005863n
86,n,cooc,,sector,settore,Bereich,0.249,0,
87,n,cooc,,ltd,ltd,Gmbh,0.239,0,
1,n,cooc,WEAK,access,ingresso,Zugang,,,
2,n,cooc,WEAK,act,documento,Tat,,,
3,n,cooc,WEAK,adaptation,adattamento,Bearbeitung,,,
4,n,cooc,WEAK,appearance,apparizione,Auftritt,,,
5,n,cooc,WEAK,circuit,circuito,Bereich,,,
6,n,cooc,WEAK,communication,comunicazione,Übertragung,,,
7,n,cooc,WEAK,coverage,copertura,Berichterstattung,,,
8,n,cooc,WEAK,desk,scrivania,Anmeldung,,,
9,n,cooc,WEAK,direction,guida,Anleitung,,,
10,n,cooc,WEAK,display,schermo,Anzeige,,,
11,n,cooc,WEAK,duration,durata,Länge,,,
12,n,cooc,WEAK,entertainment,spettacolo,Unterhaltung,,,
13,n,cooc,WEAK,equipment,apparecchiatura,Gerät,,,
14,n,cooc,WEAK,fan,ventilatore,Fan,,,
15,n,cooc,WEAK,group,gruppo,Band,,,
16,n,cooc,WEAK,mark,traccia,Kennzeichnung,,,
17,n,cooc,WEAK,movies,film,Kino,,,
18,n,cooc,WEAK,organization,opera,Veranstaltung,,,
19,n,cooc,WEAK,panel,gruppo,Spiegel,,,
20,n,cooc,WEAK,presenter,presentatore,Moderator,,,
21,n,cooc,WEAK,print,stampa,Kopie,,,
22,n,cooc,WEAK,rating,categoria,Rang,,,
23,n,cooc,WEAK,review,recensione,Überblick,,,
24,n,cooc,WEAK,screen,schermo,Leinwand,,,
25,n,cooc,WEAK,serial,serial,Serie,,,
26,n,cooc,WEAK,stage,stadio,Bühne,,,
27,n,cooc,WEAK,subscription,abbonamento,Zeichnung,,,
28,n,cooc,WEAK,switchover,passaggio,Umstellung,,,
29,n,cooc,WEAK,table,tavolo,Runde,,,
30,n,cooc,WEAK,video,videoregistratore,Video,,,
31,n,cooc,WEAK,viewership,audience,Zuschauer,,,
32,n,cooc,WEAK,work,opera,Werk,,,
1,adj,cooc,,commercial,commerciale,kommerziell,0.479,0,
2,adj,cooc,,digital,digitale,digital,0.479,1,bn:00101371a
3,adj,cooc,,terrestrial,terrestre,terrestrisch,0.477,0,
4,adj,cooc,,analog,analogico,analog,0.466,1,bn:00097032a
5,adj,cooc,,state-run,statale,staatlich,0.462,0,
6,adj,cooc,,funny,divertente,lustig,0.448,1,bn:00097006a
7,adj,cooc,,mobile,mobile,mobil,0.443,0,
8,adj,cooc,,american,americano,amerikanisch,0.417,1,bn:00096963a
9,adj,cooc,,accessible,accessibile,zugänglich,0.414,0,
10,adj,cooc,,entertaining,divertente,unterhaltsam,0.404,0,
11,adj,cooc,,british,britannico,britisch,0.399,1,bn:00098883a
12,adj,cooc,,enjoyable,divertente,unterhaltsam,0.389,0,
13,adj,cooc,,linear,lineare,linear,0.385,1,bn:00106013a
14,adj,cooc,,national,nazionale,national,0.378,4,bn:00107137a bn:00104253a bn:00107136a bn:00107138a
15,adj,cooc,,exclusive,esclusivo,exklusiv,0.374,0,
16,adj,cooc,,iranian,iraniano,iranisch,0.371,1,bn:00105412a
17,adj,cooc,,public,pubblico,öffentlich,0.367,1,bn:00109211a
18,adj,cooc,,swedish,svedese,schwedisch,0.365,1,bn:00111537a
19,adj,cooc,,russian,russo,russisch,0.358,1,bn:00110004a
20,adj,cooc,,available,disponibile,verfügbar,0.352,0,
21,adj,cooc,,traditional,tradizionale,traditionell,0.348,0,
22,adj,cooc,,fine,bello,schön,0.348,0,
23,adj,cooc,,turkish,turco,türkisch,0.344,1,bn:00112187a
24,adj,cooc,,interesting,interessante,interessant,0.343,1,bn:00105276a
25,adj,cooc,,german,tedesco,deutsch,0.342,1,bn:00103560a
26,adj,cooc,,australian,australiano,australisch,0.341,1,bn:00097786a
27,adj,cooc,,spectacular,spettacolare,spektakulär,0.338,0,
28,adj,cooc,,popular,popolare,beliebt,0.329,0,
29,adj,cooc,,wonderful,meraviglioso,wunderbar,0.326,2,bn:00102774a bn:00096926a
30,adj,cooc,,free,gratuito,kostenlos,0.325,0,
31,adj,cooc,,private,privato,privat,0.323,0,
32,adj,cooc,,local,locale,lokal,0.32,1,bn:00106109a
33,adj,cooc,,long,lungo,lang,0.307,1,bn:00106124a
34,adj,cooc,,italian,italiano,italienisch,0.305,1,bn:00105493a
35,adj,cooc,,small,piccolo,klein,0.293,0,
36,adj,cooc,,new,nuovo,neu,0.291,1,bn:00107267a
37,adj,cooc,,useful,utile,hilfreich,0.279,0,
38,adj,cooc,,nice,bello,schön,0.276,0,
39,adj,cooc,,french,francese,französisch,0.274,1,bn:00103321a
1,adj,cooc,WEAK,big,importante,weit,,,
2,adj,cooc,WEAK,bright,chiaro,frisch,,,
3,adj,cooc,WEAK,comic,comico,skurril,,,
4,adj,cooc,WEAK,common,pubblico,häufig,,,
5,adj,cooc,WEAK,compatible,compatibile,passend,,,
6,adj,cooc,WEAK,complete,completo,komplett,,,
7,adj,cooc,WEAK,dead,spento,total,,,
8,adj,cooc,WEAK,fake,falso,gefälscht,,,
9,adj,cooc,WEAK,fantastic,fantastico,toll,,,
10,adj,cooc,WEAK,fascinating,affascinante,interessant,,,
11,adj,cooc,WEAK,full,pieno,ausführlich,,,
12,adj,cooc,WEAK,good,buono,schön,,,
13,adj,cooc,WEAK,graphic,grafico,anschaulich,,,
14,adj,cooc,WEAK,large,numeroso,lang,,,
15,adj,cooc,WEAK,late,ultimo,spät,,,
16,adj,cooc,WEAK,live,reale,live,,,
17,adj,cooc,WEAK,ready,pronto,fertig,,,
18,adj,cooc,WEAK,relevant,relativo,entsprechend,,,
19,adj,cooc,WEAK,smart,bello,schick,,,
20,adj,cooc,WEAK,thin,lungo,klein,,,
21,adj,cooc,WEAK,young,piccolo,neu,,,
1,v,cooc,,watch,guardare,beobachten,0.549,0,
2,v,cooc,,broadcast,trasmettere,übertragen,0.517,1,bn:00082493v
3,v,cooc,,turn,girare,drehen,0.503,1,bn:00095233v
4,v,cooc,,show,mostrare,anzeigen,0.487,0,
5,v,cooc,,relay,trasmettere,übertragen,0.42,0,
6,v,cooc,,display,mostrare,anzeigen,0.41,0,
7,v,cooc,,transmit,trasmettere,übertragen,0.407,1,bn:00082493v
8,v,cooc,,tell,raccontare,sagen,0.405,1,bn:00093287v
9,v,cooc,,interview,intervistare,interviewen,0.384,0,
10,v,cooc,,record,registrare,aufzeichnen,0.378,1,bn:00087679v
11,v,cooc,,present,presentare,präsentieren,0.376,1,bn:00086557v
12,v,cooc,,unveil,svelare,enthüllen,0.374,2,bn:00083912v bn:00095442v
13,v,cooc,,disseminate,diffondere,verbreiten,0.365,1,bn:00084119v
14,v,cooc,,convey,trasmettere,vermitteln,0.362,0,
15,v,cooc,,manufacture,produrre,produzieren,0.359,0,
16,v,cooc,,film,filmare,filmen,0.352,0,
17,v,cooc,,produce,produrre,produzieren,0.351,3,bn:00084082v bn:00086013v bn:00084198v
18,v,cooc,,see,vedere,sehen,0.348,2,bn:00093430v bn:00092443v
19,v,cooc,,race,correre,laufen,0.345,0,
20,v,cooc,,select,selezionare,auswählen,0.325,1,bn:00084931v
21,v,cooc,,capture,catturare,einfangen,0.322,0,
22,v,cooc,,operate,operare,arbeiten,0.322,0,
23,v,cooc,,choose,selezionare,auswählen,0.322,1,bn:00084931v
24,v,cooc,,give,dare,geben,0.32,2,bn:00088825v bn:00088815v
25,v,cooc,,report,segnalare,melden,0.32,0,
26,v,cooc,,portray,ritrarre,porträtieren,0.317,0,
27,v,cooc,,deliver,consegnare,liefern,0.316,1,bn:00086531v
28,v,cooc,,depict,rappresentare,darstellen,0.312,1,bn:00086611v
29,v,cooc,,entertain,divertire,unterhalten,0.307,0,
30,v,cooc,,call,chiamare,rufen,0.305,0,
31,v,cooc,,enjoy,gustare,genießen,0.303,1,bn:00083145v
32,v,cooc,,devote,dedicare,widmen,0.302,1,bn:00085427v
33,v,cooc,,allow,permettere,erlauben,0.3,1,bn:00082536v
34,v,cooc,,seem,sembrare,scheinen,0.3,1,bn:00082690v
35,v,cooc,,follow,seguire,folgen,0.299,1,bn:00088020v
36,v,cooc,,represent,rappresentare,darstellen,0.296,1,bn:00083187v
37,v,cooc,,bring,portare,bringen,0.296,1,bn:00084058v
38,v,cooc,,supply,fornire,liefern,0.294,0,
39,v,cooc,,get,ottenere,erhalten,0.293,0,
40,v,cooc,,introduce,introdurre,einführen,0.292,0,
41,v,cooc,,gain,ottenere,bekommen,0.291,0,
42,v,cooc,,connect,collegare,verbinden,0.291,1,bn:00085623v
43,v,cooc,,set,mettere,setzen,0.291,0,
44,v,cooc,,add,aggiungere,hinzufügen,0.29,1,bn:00082318v
45,v,cooc,,reach,raggiungere,erreichen,0.288,2,bn:00082901v bn:00082226v
46,v,cooc,,hit,colpire,schlagen,0.287,1,bn:00089347v
47,v,cooc,,start,iniziare,beginnen,0.287,2,bn:00083340v bn:00083342v
48,v,cooc,,do,fare,tun,0.282,1,bn:00082286v
49,v,cooc,,cast,lanciare,werfen,0.281,1,bn:00094934v
50,v,cooc,,help,aiutare,helfen,0.278,1,bn:00082481v
51,v,cooc,,influence,influenzare,beeinflussen,0.275,1,bn:00082304v
52,v,cooc,,talk,parlare,sprechen,0.272,1,bn:00094090v
53,v,cooc,,censor,censurare,zensieren,0.271,0,
54,v,cooc,,inspire,ispirare,inspirieren,0.27,0,
55,v,cooc,,alter,modificare,ändern,0.268,1,bn:00082553v
56,v,cooc,,pack,confezionare,packen,0.268,0,
57,v,cooc,,change,cambiare,ändern,0.268,1,bn:00082553v
58,v,cooc,,offer,offrire,bieten,0.268,0,
59,v,cooc,,love,amare,lieben,0.263,1,bn:00090504v
60,v,cooc,,lack,mancare,fehlen,0.263,1,bn:00090161v
61,v,cooc,,expand,estendere,erweitern,0.262,0,
62,v,cooc,,displace,spostare,verdrängen,0.262,1,bn:00087012v
63,v,cooc,,begin,iniziare,beginnen,0.26,2,bn:00083340v bn:00083342v
64,v,cooc,,use,utilizzare,verwenden,0.258,1,bn:00082705v
65,v,cooc,,revolutionize,rivoluzionare,revolutionieren,0.258,1,bn:00091355v
66,v,cooc,,make,fare,machen,0.257,3,bn:00086008v bn:00086013v bn:00084198v
67,v,cooc,,position,posizionare,platzieren,0.256,0,
68,v,cooc,,catch,prendere,nehmen,0.253,0,
69,v,cooc,,interrupt,interrompere,unterbrechen,0.243,0,
70,v,cooc,,put,mettere,setzen,0.242,0,
71,v,cooc,,fascinate,avvincere,begeistern,0.241,0,
72,v,cooc,,receive,ricevere,erhalten,0.239,1,bn:00089246v
73,v,cooc,,contribute,contribuire,beitragen,0.235,0,
74,v,cooc,,listen,ascoltare,hören,0.235,3,bn:00090400v bn:00089280v bn:00089295v
75,v,cooc,,announce,annunciare,verkünden,0.234,3,bn:00082638v bn:00082637v bn:00087811v
76,v,cooc,,serve,servire,dienen,0.234,1,bn:00082867v
77,v,cooc,,miss,perdere,verpassen,0.232,0,
78,v,cooc,,hear,ascoltare,hören,0.23,2,bn:00089277v bn:00089280v
79,v,cooc,,shut,chiudere,schließen,0.225,1,bn:00085162v
80,v,cooc,,hate,odiare,hassen,0.223,1,bn:00086717v
81,v,cooc,,have,fare,machen,0.222,0,
82,v,cooc,,close,chiudere,schließen,0.221,1,bn:00085162v
83,v,cooc,,cry,urlare,rufen,0.218,0,
84,v,cooc,,consider,considerare,betrachten,0.214,0,
85,v,cooc,,work,funzionare,arbeiten,0.212,0,
86,v,cooc,,quit,smettere,verlassen,0.21,0,
87,v,cooc,,revolutionise,rivoluzionare,revolutionieren,0.206,1,bn:00091355v
88,v,cooc,,regard,considerare,betrachten,0.204,0,
89,v,cooc,,sit,sedere,sitzen,0.203,0,
90,v,cooc,,promote,promuovere,fördern,0.189,0,
91,v,cooc,,remain,restare,bleiben,0.173,3,bn:00092756v bn:00085719v bn:00091562v
92,v,cooc,,abandon,abbandonare,verlassen,0.135,3,bn:00082119v bn:00082118v bn:00082122v
1,v,cooc,WEAK,accommodate,ospitare,anpassen,,,
2,v,cooc,WEAK,acquire,acquisire,gelangen,,,
3,v,cooc,WEAK,act,operare,handeln,,,
4,v,cooc,WEAK,afford,offrire,gewähren,,,
5,v,cooc,WEAK,air,trasmettere,äußern,,,
6,v,cooc,WEAK,argue,dimostrare,behaupten,,,
7,v,cooc,WEAK,attract,avvincere,ansprechen,,,
8,v,cooc,WEAK,be,diventare,liegen,,,
9,v,cooc,WEAK,become,diventare,stehen,,,
10,v,cooc,WEAK,blame,censurare,anhängen,,,
11,v,cooc,WEAK,brand,marcare,brennen,,,
12,v,cooc,WEAK,break,interrompere,brechen,,,
13,v,cooc,WEAK,buy,acquistare,abnehmen,,,
14,v,cooc,WEAK,cancel,cancellare,kündigen,,,
15,v,cooc,WEAK,carry,portare,tragen,,,
16,v,cooc,WEAK,come,arrivare,kommen,,,
17,v,cooc,WEAK,comprise,comprendere,beinhalten,,,
18,v,cooc,WEAK,condition,influenzare,gewöhnen,,,
19,v,cooc,WEAK,continue,continuare,aufgreifen,,,
20,v,cooc,WEAK,control,controllare,führen,,,
21,v,cooc,WEAK,cost,costare,kommen,,,
22,v,cooc,WEAK,cover,coprire,beziehen,,,
23,v,cooc,WEAK,damage,colpire,schaden,,,
24,v,cooc,WEAK,deal,trattare,geben,,,
25,v,cooc,WEAK,denote,denunciare,bezeichnen,,,
26,v,cooc,WEAK,denounce,denunciare,anzeigen,,,
27,v,cooc,WEAK,design,ideare,konzipieren,,,
28,v,cooc,WEAK,direct,dirigere,richten,,,
29,v,cooc,WEAK,distribute,distribuire,verbreiten,,,
30,v,cooc,WEAK,edit,montare,bearbeiten,,,
31,v,cooc,WEAK,enable,permettere,ermöglichen,,,
32,v,cooc,WEAK,equip,fornire,ausstatten,,,
33,v,cooc,WEAK,exceed,superare,übertreffen,,,
34,v,cooc,WEAK,expose,scoprire,enthüllen,,,
35,v,cooc,WEAK,feature,rappresentare,vorkommen,,,
36,v,cooc,WEAK,fit,incastrare,passen,,,
37,v,cooc,WEAK,govern,controllare,leiten,,,
38,v,cooc,WEAK,grow,crescere,entstehen,,,
39,v,cooc,WEAK,hang,appendere,liegen,,,
40,v,cooc,WEAK,include,includere,enthalten,,,
41,v,cooc,WEAK,integrate,incorporare,integrieren,,,
42,v,cooc,WEAK,launch,lanciare,starten,,,
43,v,cooc,WEAK,lead,portare,führen,,,
44,v,cooc,WEAK,let,lasciare,lassen,,,
45,v,cooc,WEAK,like,piacere,lieben,,,
46,v,cooc,WEAK,mean,rappresentare,heißen,,,
47,v,cooc,WEAK,mount,montare,steigen,,,
48,v,cooc,WEAK,need,mancare,brauchen,,,
49,v,cooc,WEAK,overtake,superare,überholen,,,
50,v,cooc,WEAK,own,possedere,zugeben,,,
51,v,cooc,WEAK,pay,pagare,zahlen,,,
52,v,cooc,WEAK,pick,raccogliere,auswählen,,,
53,v,cooc,WEAK,place,mettere,platzieren,,,
54,v,cooc,WEAK,play,interpretare,spielen,,,
55,v,cooc,WEAK,plug,inserire,stecken,,,
56,v,cooc,WEAK,program,programmare,planen,,,
57,v,cooc,WEAK,programme,programmare,planen,,,
58,v,cooc,WEAK,provide,fornire,bieten,,,
59,v,cooc,WEAK,quote,riportare,zitieren,,,
60,v,cooc,WEAK,release,rilasciare,lösen,,,
61,v,cooc,WEAK,ruin,perdere,verderben,,,
62,v,cooc,WEAK,run,funzionare,laufen,,,
63,v,cooc,WEAK,score,segnare,zählen,,,
64,v,cooc,WEAK,screen,proiettare,überprüfen,,,
65,v,cooc,WEAK,sell,vendere,handeln,,,
66,v,cooc,WEAK,shape,formare,prägen,,,
67,v,cooc,WEAK,share,distribuire,teilen,,,
68,v,cooc,WEAK,signal,segnalare,anzeigen,,,
69,v,cooc,WEAK,stand,restare,stehen,,,
70,v,cooc,WEAK,stick,bloccare,halten,,,
71,v,cooc,WEAK,support,aiutare,unterstützen,,,
72,v,cooc,WEAK,surpass,superare,übertreffen,,,
73,v,cooc,WEAK,switch,scambiare,schalten,,,
74,v,cooc,WEAK,tape,sigillare,aufnehmen,,,
75,v,cooc,WEAK,teach,insegnare,geben,,,
76,v,cooc,WEAK,think,trovare,denken,,,
77,v,cooc,WEAK,throw,buttare,werfen,,,
78,v,cooc,WEAK,transform,trasformare,umwandeln,,,
79,v,cooc,WEAK,tune,sintonizzare,anpassen,,,
80,v,cooc,WEAK,upgrade,promuovere,verbessern,,,
81,v,cooc,WEAK,view,vedere,ansehen,,,
82,v,cooc,WEAK,want,cercare,brauchen,,,
