idx_group,pos,rel,weak,lex_en,lex_it,lex_de,score,bs_count,babel_synsets
0,n,head,,moss,muschio bryophyta muschi,Moos Laubmoose,,1,bn:00055981n
1,n,sim,,lichen,lichene,Flechte,0.253,1,bn:00051000n
2,n,sim,,foliage,fogliame,Laub,0.246,1,bn:00035596n
3,n,sim,,alga,alga,Alge,0.207,1,bn:00002671n
4,n,sim,,shrub,arbusto,Strauch,0.198,1,bn:00014095n
5,n,sim,,berry,bacca,Beere,0.196,1,bn:00010066n
6,n,sim,,weed,erbaccia,Unkraut,0.195,1,bn:00080809n
7,n,sim,,straw,paglia,Stroh,0.19,1,bn:00074572n
8,n,sim,,grass,erba,Gras,0.189,2,bn:00015287n bn:00041433n
9,n,sim,,pine,pino,Kiefer,0.184,1,bn:00062475n
10,n,sim,,bark,corteccia,Rinde,0.182,1,bn:00008594n
11,n,sim,,cedar,cedro,Zeder,0.177,1,bn:00016948n
12,n,sim,,hay,fieno,Heu,0.177,1,bn:00043206n
13,n,sim,,twig,ramoscello,Zweig,0.173,1,bn:00012756n
14,n,sim,,gravel,ghiaia,Kies,0.168,1,bn:00024145n
15,n,sim,,lavender,lavanda,Lavendel,0.164,1,bn:00050242n
16,n,sim,,vegetation,vegetazione,Vegetation,0.164,3,bn:00012321n bn:00079674n bn:00035324n
17,n,sim,,clay,argilla,Lehm,0.161,1,bn:00019624n
18,n,sim,,bush,cespuglio,Busch,0.159,1,bn:00014095n
19,n,sim,,bramble,rovo,Brombeere,0.155,1,bn:00012729n
20,n,sim,,fir,abete,Tanne,0.153,1,bn:00034620n
21,n,sim,,oak,quercia,Eiche,0.151,1,bn:00058399n
22,n,sim,,mud,fango,Schlamm,0.148,1,bn:00019625n
23,n,sim,,coral,corallo,Koralle,0.146,1,bn:00022559n
24,n,sim,,willow,salice,Weide,0.146,1,bn:00081240n
25,n,sim,,chestnut,castagno,Kastanie,0.143,3,bn:00018219n bn:00018218n bn:00018221n
26,n,sim,,fungus,fungo,Pilz,0.143,1,bn:00036863n
27,n,sim,,mould,muffa,Schimmel,0.143,0,
28,n,sim,,raspberry,lampone,Himbeere,0.143,1,bn:00066209n
29,n,sim,,mint,menta,Minze,0.142,2,bn:00055221n bn:00038676n
30,n,sim,,mushroom,fungo,Pilz,0.142,0,
31,n,sim,,birch,betulla,Birke,0.141,2,bn:00010599n bn:00010598n
32,n,sim,,herb,erba,Kraut,0.14,1,bn:00043776n
33,n,sim,,mold,muffa,Schimmel,0.136,1,bn:11814770n
34,n,sim,,pebble,ciottolo,Kieselstein,0.134,0,
35,n,sim,,cherry,ciliegia,Kirsche,0.133,1,bn:00018175n
36,n,sim,,dirt,sporcizia,Schmutz,0.133,1,bn:00027387n
37,n,sim,,mildew,muffa,Schimmel,0.132,0,
38,n,sim,,violet,viola,Veilchen,0.132,0,
39,n,sim,,orange,arancio,Orange,0.131,4,bn:00059249n bn:00059251n bn:00059250n bn:00059252n
40,n,sim,,debris,detrito,Schutt,0.13,1,bn:00025634n
41,n,sim,,sand,sabbia,Sand,0.128,1,bn:00069126n
42,n,sim,,bud,germoglio,Knospe,0.127,0,
43,n,sim,,sludge,fango,Schlamm,0.126,1,bn:00072240n
44,n,sim,,rosemary,rosmarino,Rosmarin,0.125,1,bn:00068294n
45,n,sim,,palm,palma,Palme,0.124,1,bn:00060306n
46,n,sim,,rust,ruggine,Rost,0.124,2,bn:00068634n bn:00068636n
47,n,sim,,bough,ramo,Ast,0.123,1,bn:00012399n
48,n,sim,,cypress,cipresso,Zypresse,0.123,2,bn:00024845n bn:00024436n
49,n,sim,,feather,piuma,Feder,0.123,1,bn:00033865n
50,n,sim,,olive,ulivo,Olive,0.122,2,bn:00058899n bn:00031923n
51,n,sim,,thyme,timo,Thymian,0.12,1,bn:00077135n
52,n,sim,,strawberry,fragola,Erdbeere,0.118,1,bn:00074577n
53,n,sim,,leather,cuoio,Leder,0.116,1,bn:00050452n
54,n,sim,,petal,petalo,Blütenblatt,0.116,1,bn:00035388n
55,n,sim,,fur,pelliccia,Fell,0.115,1,bn:00036882n
56,n,sim,,insect,insetto,Insekt,0.115,1,bn:00046870n
57,n,sim,,timber,legname,Holz,0.114,1,bn:00052293n
58,n,sim,,silk,seta,Seide,0.112,2,bn:00071599n bn:00071600n
59,n,sim,,leaf,foglia,Blatt,0.109,1,bn:00035596n
60,n,sim,,almond,mandorla,Mandel,0.108,1,bn:00002967n
61,n,sim,,flora,flora,Flora,0.108,2,bn:00012321n bn:00035324n
62,n,sim,,foam,schiuma,Schaum,0.108,1,bn:00035548n
63,n,sim,,banana,banana,Banane,0.106,2,bn:26745791n bn:04993192n
64,n,sim,,cloth,stoffa,Tuch,0.105,0,
65,n,sim,,lemon,limone,Zitrone,0.105,2,bn:00019309n bn:00037175n
66,n,sim,,corn,grano,Korn,0.104,0,
67,n,sim,,tar,catrame,Teer,0.104,1,bn:00062647n
68,n,sim,,honey,miele,Honig,0.099,1,bn:00044622n
1,n,sim,WEAK,brush,boscaglia,Gebüsch,,,
2,n,sim,WEAK,dust,polline,Staub,,,
3,n,sim,WEAK,lime,tiglio,Kalk,,,
4,n,sim,WEAK,sprout,germoglio,Keim,,,
5,n,sim,WEAK,tobacco,tabacco,Kraut,,,
1,n,cooc,,lichens,lichene,Flechte,0.716,0,
2,n,cooc,,lichen,lichene,Flechte,0.585,1,bn:00051000n
3,n,cooc,,mould,muffa,Schimmel,0.489,0,
4,n,cooc,,mushroom,fungo,Pilz,0.481,0,
5,n,cooc,,mold,muffa,Schimmel,0.469,1,bn:11814770n
6,n,cooc,,weed,erbaccia,Unkraut,0.468,1,bn:00080809n
7,n,cooc,,foliage,fogliame,Laub,0.456,1,bn:00035596n
8,n,cooc,,alga,alga,Alge,0.454,1,bn:00002671n
9,n,cooc,,fungus,fungo,Pilz,0.443,1,bn:00036863n
10,n,cooc,,thatch,paglia,Stroh,0.436,0,
11,n,cooc,,bark,corteccia,Rinde,0.434,1,bn:00008594n
12,n,cooc,,mildew,muffa,Schimmel,0.434,0,
13,n,cooc,,leaf,foglia,Blatt,0.426,1,bn:00035596n
14,n,cooc,,sandalwood,sandalo,Sandelholz,0.418,1,bn:00069144n
15,n,cooc,,feather,piuma,Feder,0.413,1,bn:00033865n
16,n,cooc,,cedar,cedro,Zeder,0.405,1,bn:00016948n
17,n,cooc,,sand,sabbia,Sand,0.402,1,bn:00069126n
18,n,cooc,,twig,ramoscello,Zweig,0.402,1,bn:00012756n
19,n,cooc,,undergrowth,sottobosco,Gestrüpp,0.401,0,
20,n,cooc,,herb,erba,Kraut,0.395,1,bn:00043776n
21,n,cooc,,vetiver,vetiver,Vetiver,0.384,4,bn:03317630n bn:00555533n bn:00368921n bn:08908090n
22,n,cooc,,straw,paglia,Stroh,0.383,1,bn:00074572n
23,n,cooc,,grass,erba,Gras,0.368,2,bn:00015287n bn:00041433n
24,n,cooc,,plant,pianta,Pflanze,0.366,1,bn:00035324n
25,n,cooc,,rock,roccia,Felsen,0.366,1,bn:13886970n
26,n,cooc,,bush,cespuglio,Busch,0.361,1,bn:00014095n
27,n,cooc,,epiphyte,epifite,Epiphyten,0.361,0,
28,n,cooc,,shrub,arbusto,Strauch,0.359,1,bn:00014095n
29,n,cooc,,needle,ago,Nadel,0.355,2,bn:00057167n bn:00070770n
30,n,cooc,,flower,fiore,Blume,0.344,2,bn:00035378n bn:00011422n
31,n,cooc,,stone,pietra,Stein,0.34,2,bn:00068046n bn:00068045n
32,n,cooc,,root,radice,Wurzel,0.328,4,bn:00008793n bn:00009635n bn:00068247n bn:00068246n
33,n,cooc,,tree,albero,Baum,0.311,1,bn:00078131n
34,n,cooc,,layer,strato,Schicht,0.294,3,bn:00050305n bn:00050302n bn:00009477n
35,n,cooc,,soil,suolo,Boden,0.276,1,bn:00041883n
1,n,cooc,WEAK,dirt,terra,Schmutz,,,
2,n,cooc,WEAK,green,prato,Grün,,,
3,n,cooc,WEAK,mud,fango,Schmutz,,,
1,adj,cooc,,icelandic,islandese,isländisch,0.482,1,bn:00104488a
2,adj,cooc,,damp,umido,feucht,0.416,1,bn:00100892a
3,adj,cooc,,moist,umido,feucht,0.4,2,bn:00100892a bn:00104400a
4,adj,cooc,,irish,irlandese,irisch,0.368,1,bn:00105419a
5,adj,cooc,,slippery,scivoloso,glitschig,0.363,0,
6,adj,cooc,,velvety,vellutato,samtig,0.357,1,bn:00113531a
7,adj,cooc,,green,verde,grün,0.322,1,bn:00100914a
8,adj,cooc,,aquatic,acquatico,aquatisch,0.317,0,
9,adj,cooc,,soft,morbido,weich,0.316,0,
10,adj,cooc,,wet,bagnato,nass,0.299,1,bn:00113818a
11,adj,cooc,,dry,secco,trocken,0.186,2,bn:00101839a bn:00101844a
12,adj,cooc,,spanish,spagnolo,spanisch,0.183,1,bn:00110978a
1,v,cooc,,scrape,raschiare,kratzen,0.338,0,
2,v,cooc,,adorn,addobbare,schmücken,0.295,0,
3,v,cooc,,grow,crescere,wachsen,0.28,0,
4,v,cooc,,dry,essiccare,trocknen,0.262,1,bn:00087401v
5,v,cooc,,dislodge,rimuovere,entfernen,0.245,0,
6,v,cooc,,glue,incollare,kleben,0.242,0,
7,v,cooc,,gather,raccogliere,sammeln,0.188,0,
8,v,cooc,,cover,coprire,abdecken,0.187,1,bn:00085497v
9,v,cooc,,cultivate,coltivare,kultivieren,0.184,0,
10,v,cooc,,remove,rimuovere,entfernen,0.177,0,
11,v,cooc,,collect,raccogliere,sammeln,0.136,1,bn:00082246v
12,v,cooc,,spread,spargere,verbreiten,0.12,1,bn:00093332v
13,v,cooc,,pick,raccogliere,sammeln,0.105,1,bn:00086141v
14,v,cooc,,tie,legare,binden,0.079,2,bn:00085623v bn:00083498v
15,v,cooc,,eat,mangiare,essen,0.037,2,bn:00087461v bn:00087460v
16,v,cooc,,notice,osservare,beobachten,0.012,0,
1,v,cooc,WEAK,attach,attaccare,befestigen,,,
2,v,cooc,WEAK,cling,attaccare,haften,,,
3,v,cooc,WEAK,dampen,bagnare,dämpfen,,,
4,v,cooc,WEAK,drape,coprire,behängen,,,
5,v,cooc,WEAK,drive,andare,treiben,,,
6,v,cooc,WEAK,fill,ricoprire,füllen,,,
7,v,cooc,WEAK,hang,attaccare,hängen,,,
8,v,cooc,WEAK,harvest,raccogliere,einbringen,,,
9,v,cooc,WEAK,lay,ricoprire,legen,,,
10,v,cooc,WEAK,overgrow,ricoprire,überwuchern,,,
11,v,cooc,WEAK,produce,rendere,produzieren,,,
12,v,cooc,WEAK,scatter,spargere,streuen,,,
13,v,cooc,WEAK,smell,annusare,riechen,,,
14,v,cooc,WEAK,sprinkle,spargere,streuen,,,
15,v,cooc,WEAK,stick,attaccare,kleben,,,
16,v,cooc,WEAK,tear,strappare,reißen,,,
17,v,cooc,WEAK,walk,andare,wandern,,,
