idx_group,pos,rel,weak,lex_en,lex_it,lex_de,score,bs_count,babel_synsets
0,n,head,,rostrum dais pulpit,ambone pulpito podio,Podium Ambo Kanzel,,1,bn:00003281n
1,n,sim,,tabernacle,tabernacolo,Tabernakel,0.174,1,bn:01289891n
2,n,sim,,rostrum,tribuna,Tribüne,0.161,0,
3,n,sim,,lectern,leggio,Lesepult,0.159,1,bn:00050482n
4,n,sim,,altar,altare,Altar,0.157,3,bn:00003117n bn:00005246n bn:00003118n
5,n,sim,,crucifix,crocifisso,Kruzifix,0.141,1,bn:00024103n
6,n,sim,,steeple,campanile,Kirchturm,0.136,1,bn:00073427n
7,n,sim,,belfry,campanile,Glockenturm,0.132,2,bn:00009703n bn:00009764n
8,n,sim,,apse,abside,Apsis,0.13,1,bn:00005185n
9,n,sim,,pedestal,piedistallo,Sockel,0.13,1,bn:00035744n
10,n,sim,,vestry,sagrestia,Sakristei,0.129,1,bn:00068759n
11,n,sim,,nave,navata,Kirchenschiff,0.124,1,bn:00057067n
12,n,sim,,dome,cupola,Kuppel,0.122,2,bn:00028147n bn:00024432n
13,n,sim,,crypt,cripta,Krypta,0.118,1,bn:00024177n
14,n,sim,,cupola,cupola,Kuppel,0.117,2,bn:00028147n bn:00024432n
15,n,sim,,spire,guglia,Turm,0.116,0,
16,n,sim,,churchyard,sagrato,Friedhof,0.111,1,bn:00019028n
17,n,sim,,chapel,cappella,Kapelle,0.111,1,bn:00017719n
18,n,sim,,canopy,baldacchino,Baldachin,0.11,1,bn:00015334n
19,n,sim,,sarcophagus,sarcofago,Sarkophag,0.109,1,bn:00069270n
20,n,sim,,pulpit,pulpito,Kanzel,0.108,1,bn:00003281n
21,n,sim,,cloister,chiostro,Kreuzgang,0.106,1,bn:00019908n
22,n,sim,,balcony,balconata,Balkon,0.105,1,bn:00008079n
23,n,sim,,balustrade,balaustra,Balustrade,0.103,1,bn:00008247n
24,n,sim,,presbytery,presbiterio,Pfarrhaus,0.101,0,
25,n,sim,,bell,campana,Glocke,0.097,2,bn:00009734n bn:00009727n
26,n,sim,,throne,trono,Thron,0.096,1,bn:00077086n
27,n,sim,,archway,arcata,Torbogen,0.095,1,bn:00005386n
28,n,sim,,vault,volta,Gewölbe,0.094,1,bn:00079643n
29,n,sim,,tower,torrione,Turm,0.093,0,
30,n,sim,,fresco,affresco,Fresko,0.093,1,bn:00036480n
31,n,sim,,tomb,sepolcro,Grab,0.091,1,bn:00041468n
32,n,sim,,foyer,atrio,Vorhalle,0.09,0,
33,n,sim,,lobby,atrio,Vorhalle,0.089,0,
34,n,sim,,pillar,pilastro,Säule,0.088,1,bn:00020827n
35,n,sim,,statue,statua,Statue,0.088,1,bn:00074064n
36,n,sim,,minaret,minareto,Minarett,0.087,1,bn:00055099n
37,n,sim,,mosaic,mosaico,Mosaik,0.087,2,bn:00005626n bn:00055962n
38,n,sim,,cathedral,cattedrale,Kathedrale,0.087,1,bn:00016759n
39,n,sim,,stair,gradino,Stufe,0.087,1,bn:00073848n
40,n,sim,,façade,facciata,Fassade,0.086,1,bn:00032598n
41,n,sim,,chandelier,lampadario,Kronleuchter,0.085,1,bn:00017640n
42,n,sim,,facade,facciata,Fassade,0.085,1,bn:00032598n
43,n,sim,,railing,ringhiera,Geländer,0.084,2,bn:00042062n bn:00066008n
44,n,sim,,grave,sepolcro,Grab,0.084,1,bn:00041468n
45,n,sim,,fountain,fontana,Brunnen,0.083,1,bn:00036076n
46,n,sim,,shrine,santuario,Schrein,0.082,1,bn:00071355n
47,n,sim,,parapet,parapetto,Geländer,0.081,0,
48,n,sim,,piazza,piazza,Platz,0.081,2,bn:00065099n bn:00062214n
49,n,sim,,sculpture,scultura,Skulptur,0.08,2,bn:00069924n bn:00016360n
50,n,sim,,ornament,ornamento,Ornament,0.08,2,bn:00030473n bn:00025765n
51,n,sim,,decoration,ornamento,Ornament,0.08,1,bn:00025765n
52,n,sim,,niche,nicchia,Nische,0.076,2,bn:00057624n bn:00057625n
53,n,sim,,fireplace,camino,Kamin,0.074,1,bn:00034702n
54,n,sim,,cemetery,camposanto,Friedhof,0.069,1,bn:00013984n
55,n,sim,,graveyard,camposanto,Friedhof,0.069,1,bn:00013984n
56,n,sim,,chimney,camino,Kamin,0.068,0,
57,n,sim,,casket,scrigno,Sarg,0.063,0,
1,n,sim,WEAK,arcade,porticato,Arkade,,,
2,n,sim,WEAK,arch,arco,Gewölbe,,,
3,n,sim,WEAK,bench,panchina,Tisch,,,
4,n,sim,WEAK,buttress,contrafforte,Pfeiler,,,
5,n,sim,WEAK,choir,cappella,Chorraum,,,
6,n,sim,WEAK,dais,palco,Podium,,,
7,n,sim,WEAK,font,acquasantiera,Taufbecken,,,
8,n,sim,WEAK,gallery,portico,Strecke,,,
9,n,sim,WEAK,porch,sagrato,Veranda,,,
10,n,sim,WEAK,portico,portico,Vorhalle,,,
11,n,sim,WEAK,sanctuary,santuario,Altarraum,,,
12,n,sim,WEAK,theater,scena,Bühne,,,
13,n,sim,WEAK,theatre,scena,Bühne,,,
14,n,sim,WEAK,transept,transetto,Kirchenschiff,,,
1,n,cooc,,confessional,confessionale,Beichtstuhl,0.681,1,bn:00021736n
2,n,cooc,,rostrum,tribuna,Tribüne,0.517,0,
3,n,cooc,,pew,banco,Kirchenbank,0.501,0,
4,n,cooc,,altar,altare,Altar,0.476,3,bn:00003117n bn:00005246n bn:00003118n
5,n,cooc,,chancel,coro,Altarraum,0.447,0,
6,n,cooc,,sermon,predica,Predigt,0.442,1,bn:00027522n
7,n,cooc,,preaching,predica,Predigt,0.424,1,bn:00027522n
8,n,cooc,,throne,trono,Thron,0.42,1,bn:00077086n
9,n,cooc,,victory,vittoria,Sieg,0.365,1,bn:00078365n
10,n,cooc,,choir,coro,Chor,0.358,3,bn:00018782n bn:00018665n bn:00018667n
11,n,cooc,,organ,organo,Orgel,0.344,2,bn:00030157n bn:00059461n
12,n,cooc,,stage,palco,Stufe,0.324,0,
13,n,cooc,,statue,statua,Statue,0.309,1,bn:00074064n
14,n,cooc,,pillar,colonna,Säule,0.275,1,bn:00020827n
15,n,cooc,,church,chiesa,Kirche,0.227,2,bn:00018995n bn:00018819n
16,n,cooc,,conductor,direttore,Leiter,0.194,0,
17,n,cooc,,seat,sede,Sitz,0.151,1,bn:00252195n
18,n,cooc,,head,direttore,Leiter,0.139,4,bn:00043259n bn:00050371n bn:00012295n bn:00018319n
19,n,cooc,,sunday,domenica,Sonntag,0.09,1,bn:00028190n
20,n,cooc,,finish,fine,Ende,0.083,1,bn:00019918n
1,n,cooc,WEAK,bench,banco,Tisch,,,
2,n,cooc,WEAK,chair,cattedra,Stuhl,,,
3,n,cooc,WEAK,desk,banco,Tisch,,,
4,n,cooc,WEAK,font,fonte,Taufbecken,,,
5,n,cooc,WEAK,paper,giornale,Referat,,,
6,n,cooc,WEAK,platform,palco,Plattform,,,
7,n,cooc,WEAK,roof,volta,Dach,,,
8,n,cooc,WEAK,screen,cortina,Wand,,,
9,n,cooc,WEAK,stall,banco,Stand,,,
10,n,cooc,WEAK,stand,posizione,Stand,,,
1,adj,cooc,,octagonal,ottagonale,achteckig,0.427,0,
2,adj,cooc,,hexagonal,esagonale,sechseckig,0.356,1,bn:00104146a
3,adj,cooc,,gilded,dorato,vergoldet,0.266,0,
4,adj,cooc,,gothic,gotico,gotisch,0.254,0,
5,adj,cooc,,golden,dorato,vergoldet,0.192,0,
1,adj,cooc,WEAK,short,piccolo,knapp,,,
2,adj,cooc,WEAK,slender,esile,knapp,,,
1,v,cooc,,carve,scolpire,schnitzen,0.403,0,
2,v,cooc,,occupy,occupare,besetzen,0.286,0,
3,v,cooc,,climb,salire,klettern,0.27,0,
4,v,cooc,,salute,salutare,begrüßen,0.263,0,
5,v,cooc,,erect,erigere,errichten,0.247,0,
6,v,cooc,,date,datare,stammen,0.234,0,
7,v,cooc,,place,collocare,platzieren,0.204,1,bn:00090224v
8,v,cooc,,position,collocare,platzieren,0.199,1,bn:00090224v
9,v,cooc,,fill,riempire,füllen,0.197,1,bn:00088177v
10,v,cooc,,decorate,decorare,schmücken,0.184,1,bn:00082386v
11,v,cooc,,quit,abbandonare,verlassen,0.158,1,bn:00088475v
12,v,cooc,,exchange,cambiare,austauschen,0.155,0,
13,v,cooc,,abandon,abbandonare,verlassen,0.143,3,bn:00082119v bn:00082118v bn:00082122v
14,v,cooc,,leave,abbandonare,verlassen,0.132,0,
15,v,cooc,,seize,prendere,nehmen,0.102,0,
16,v,cooc,,construct,costruire,bauen,0.052,1,bn:00084198v
17,v,cooc,,depict,rappresentare,darstellen,0.04,1,bn:00086611v
18,v,cooc,,use,usare,nutzen,0.039,1,bn:00082705v
1,v,cooc,WEAK,ascend,salire,steigen,,,
2,v,cooc,WEAK,assume,prendere,setzen,,,
3,v,cooc,WEAK,bear,portare,tragen,,,
4,v,cooc,WEAK,debate,disputare,diskutieren,,,
5,v,cooc,WEAK,deliver,salvare,vortragen,,,
6,v,cooc,WEAK,guard,custodire,sichern,,,
7,v,cooc,WEAK,mount,salire,anbringen,,,
8,v,cooc,WEAK,move,portare,gehen,,,
9,v,cooc,WEAK,originate,provenire,entstehen,,,
10,v,cooc,WEAK,please,volere,freuen,,,
11,v,cooc,WEAK,raise,raccogliere,erheben,,,
12,v,cooc,WEAK,relinquish,abbandonare,verzichten,,,
13,v,cooc,WEAK,reserve,conservare,belegen,,,
14,v,cooc,WEAK,resign,abbandonare,verzichten,,,
15,v,cooc,WEAK,rest,restare,ruhen,,,
16,v,cooc,WEAK,share,dividere,teilen,,,
17,v,cooc,WEAK,sit,rappresentare,sitzen,,,
18,v,cooc,WEAK,sound,sembrare,klingen,,,
19,v,cooc,WEAK,stand,restare,stehen,,,
20,v,cooc,WEAK,step,andare,treten,,,
