idx_group,pos,rel,weak,lex_en,lex_it,lex_de,score,bs_count,babel_synsets
0,n,head,,portuguese_republic portugal,portogallo,Portugal,,1,bn:00063689n
1,n,sim,,spain,spagna,Spanien,0.408,1,bn:00031605n
2,n,sim,,greece,grecia,Griechenland,0.363,1,bn:00030401n
3,n,sim,,sweden,svezia,Schweden,0.363,1,bn:00049181n
4,n,sim,,ireland,irlanda,Irland,0.361,1,bn:00030004n
5,n,sim,,belgium,belgio,Belgien,0.353,1,bn:00009714n
6,n,sim,,poland,polonia,Polen,0.352,1,bn:00063279n
7,n,sim,,austria,austria,Österreich,0.347,1,bn:00007266n
8,n,sim,,argentina,argentina,Argentinien,0.345,1,bn:00005569n
9,n,sim,,denmark,danimarca,Dänemark,0.343,1,bn:00025196n
10,n,sim,,france,francia,Frankreich,0.341,1,bn:00036202n
11,n,sim,,finland,finlandia,Finnland,0.339,1,bn:00034608n
12,n,sim,,germany,germania,Deutschland,0.321,1,bn:00026684n
13,n,sim,,hungary,ungheria,Ungarn,0.314,1,bn:00045228n
14,n,sim,,romania,romania,Rumänien,0.299,1,bn:00068196n
15,n,sim,,bulgaria,bulgaria,Bulgarien,0.289,1,bn:00013756n
16,n,sim,,england,inghilterra,England,0.285,1,bn:00030861n
17,n,sim,,mexico,messico,Mexiko,0.282,1,bn:00054693n
18,n,sim,,colombia,colombia,Kolumbien,0.277,1,bn:00020697n
19,n,sim,,lithuania,lituania,Litauen,0.274,1,bn:00051034n
20,n,sim,,slovenia,slovenia,Slowenien,0.273,1,bn:00067230n
21,n,sim,,croatia,croazia,Kroatien,0.271,1,bn:00023880n
22,n,sim,,norway,norvegia,Norwegen,0.268,1,bn:00049178n
23,n,sim,,luxembourg,lussemburgo,Luxemburg,0.263,2,bn:00041328n bn:00015570n
24,n,sim,,cyprus,cipro,Zypern,0.257,1,bn:00024868n
25,n,sim,,latvia,lettonia,Lettland,0.256,1,bn:00050191n
26,n,sim,,estonia,estonia,Estland,0.25,1,bn:00031658n
27,n,sim,,malta,malta,Malta,0.25,4,bn:00053047n bn:00041965n bn:00053046n bn:00055944n
28,n,sim,,peru,perù,Peru,0.25,1,bn:00061757n
29,n,sim,,slovakia,slovacchia,Slowakei,0.248,1,bn:00072229n
30,n,sim,,netherland,olanda,Niederlande,0.246,0,
31,n,sim,,switzerland,svizzera,Schweiz,0.246,1,bn:00069666n
32,n,sim,,indonesia,indonesia,Indonesien,0.245,1,bn:00029223n
33,n,sim,,vietnam,vietnam,Vietnam,0.244,2,bn:00004315n bn:00079982n
34,n,sim,,republic,repubblica,Republik,0.241,1,bn:00067223n
35,n,sim,,zealand,zelanda,Neuseeland,0.239,0,
36,n,sim,,uruguay,uruguay,Uruguay,0.234,2,bn:00079361n bn:00079363n
37,n,sim,,scotland,scozia,Schottland,0.23,1,bn:00069783n
38,n,sim,,wales,galles,Wales,0.229,1,bn:00014982n
39,n,sim,,thailand,thailandia,Thailand,0.227,1,bn:00049182n
40,n,sim,,holland,olanda,Holland,0.224,1,bn:00044423n
41,n,sim,,madrid,madrid,Madrid,0.224,1,bn:00015620n
42,n,sim,,australia,australia,Australien,0.222,2,bn:00007228n bn:00007229n
43,n,sim,,tunisia,tunisia,Tunesien,0.22,1,bn:00067235n
44,n,sim,,ghana,ghana,Ghana,0.217,1,bn:00040352n
45,n,sim,,nigeria,nigeria,Nigeria,0.217,1,bn:00033918n
46,n,sim,,algeria,algeria,Algerien,0.215,1,bn:00002681n
47,n,sim,,iceland,islanda,Island,0.215,1,bn:00045749n
48,n,sim,,barcelona,barcellona,Barcelona,0.214,1,bn:00008553n
49,n,sim,,taiwan,taiwan,Taiwan,0.212,2,bn:00018432n bn:00035958n
50,n,sim,,qatar,qatar,Katar,0.211,2,bn:00048834n bn:00048835n
51,n,sim,,venezuela,venezuela,Venezuela,0.21,1,bn:00067239n
52,n,sim,,russia,russia,Russland,0.209,1,bn:00068622n
53,n,sim,,ukraine,ucraina,Ukraine,0.209,1,bn:00078872n
54,n,sim,,belarus,bielorussia,Weißrussland,0.203,1,bn:00009686n
55,n,sim,,ecuador,ecuador,Ecuador,0.203,1,bn:00029708n
56,n,sim,,singapore,singapore,Singapur,0.201,1,bn:00015614n
57,n,sim,,korea,corea,Korea,0.192,2,bn:00067224n bn:00024996n
58,n,sim,,japan,giappone,Japan,0.191,2,bn:00047985n bn:00047984n
59,n,sim,,iraq,iraq,Irak,0.188,1,bn:00002362n
60,n,sim,,liverpool,liverpool,Liverpool,0.188,1,bn:00051631n
61,n,sim,,cuba,cuba,Kuba,0.187,1,bn:00024247n
62,n,sim,,canada,canada,Kanada,0.186,1,bn:00015115n
63,n,sim,,cameroon,camerun,Kamerun,0.185,1,bn:00015018n
64,n,sim,,munich,monaco,München,0.184,1,bn:00056219n
65,n,sim,,libya,libia,Libyen,0.181,1,bn:00050980n
66,n,sim,,kazakhstan,kazakistan,Kasachstan,0.18,1,bn:00048861n
67,n,sim,,egypt,egitto,Ägypten,0.179,1,bn:00005255n
68,n,sim,,monaco,monaco,Monaco,0.178,5,bn:00049161n bn:00065650n bn:00055614n bn:00055630n bn:00056219n
69,n,sim,,india,india,Indien,0.177,1,bn:00010203n
70,n,sim,,serbia,serbia,Serbien,0.177,1,bn:00070583n
71,n,sim,,pakistan,pakistan,Pakistan,0.176,1,bn:00047607n
72,n,sim,,africa,africa,Afrika,0.175,1,bn:00001816n
73,n,sim,,azerbaijan,azerbaigian,Aserbaidschan,0.175,1,bn:00007568n
74,n,sim,,bolivia,bolivia,Bolivien,0.174,1,bn:00011878n
75,n,sim,,afghanistan,afghanistan,Afghanistan,0.172,1,bn:00001803n
76,n,sim,,albania,albania,Albanien,0.172,1,bn:00002439n
77,n,sim,,america,america,Amerika,0.168,2,bn:00003342n bn:00003341n
78,n,sim,,georgia,georgia,Georgien,0.165,2,bn:00040252n bn:00030607n
79,n,sim,,iran,iran,Iran,0.165,1,bn:00047447n
80,n,sim,,israel,israele,Israel,0.162,1,bn:00047679n
81,n,sim,,macedonia,macedonia,Mazedonien,0.16,1,bn:00052540n
82,n,sim,,bayern,bayern,Bayern,0.157,1,bn:00009200n
83,n,sim,,chelsea,chelsea,Chelsea,0.157,38,bn:01672908n bn:17504352n bn:04803067n bn:02351010n bn:02946217n bn:00548920n bn:16058869n bn:02587067n bn:03824223n bn:00496275n bn:03344641n bn:01066795n bn:03855263n bn:00577094n bn:00737708n bn:00302859n bn:00292600n bn:03570646n bn:09670459n bn:01943892n bn:02451834n bn:00170147n bn:03618341n bn:00269789n bn:00343446n bn:01402172n bn:13824077n bn:00329949n bn:00603996n bn:01234383n bn:14408612n bn:06960714n bn:23577486n bn:17695698n bn:03744352n bn:03405986n bn:03150612n bn:00881486n
84,n,sim,,state,nazione,Staat,0.156,2,bn:00023235n bn:00023236n
85,n,sim,,europe,europa,Europa,0.154,2,bn:00031896n bn:00021127n
86,n,sim,,country,nazione,Land,0.152,3,bn:00076734n bn:00023235n bn:00023236n
87,n,sim,,union,unione,Union,0.152,6,bn:00021881n bn:00079093n bn:00021127n bn:00058032n bn:00079077n bn:00079094n
88,n,sim,,moscow,mosca,Moskau,0.147,1,bn:00015634n
89,n,sim,,byelorussia,bielorussia,Weißrussland,0.133,1,bn:00009686n
90,n,sim,,kosovo,kosovo,Kosovo,0.133,1,bn:00049438n
1,n,sim,WEAK,agreement,unione,Vereinbarung,,,
2,n,sim,WEAK,association,unione,Organisation,,,
1,n,cooc,,spain,spagna,Spanien,0.66,1,bn:00031605n
2,n,cooc,,romania,romania,Rumänien,0.619,1,bn:00068196n
3,n,cooc,,poland,polonia,Polen,0.613,1,bn:00063279n
4,n,cooc,,ireland,irlanda,Irland,0.603,1,bn:00030004n
5,n,cooc,,greece,grecia,Griechenland,0.579,1,bn:00030401n
6,n,cooc,,austria,austria,Österreich,0.56,1,bn:00007266n
7,n,cooc,,malta,malta,Malta,0.55,4,bn:00053047n bn:00041965n bn:00053046n bn:00055944n
8,n,cooc,,belgium,belgio,Belgien,0.543,1,bn:00009714n
9,n,cooc,,sweden,svezia,Schweden,0.538,1,bn:00049181n
10,n,cooc,,luxembourg,lussemburgo,Luxemburg,0.527,2,bn:00041328n bn:00015570n
11,n,cooc,,slovenia,slovenia,Slowenien,0.521,1,bn:00067230n
12,n,cooc,,finland,finlandia,Finnland,0.513,1,bn:00034608n
13,n,cooc,,cyprus,cipro,Zypern,0.508,1,bn:00024868n
14,n,cooc,,denmark,danimarca,Dänemark,0.507,1,bn:00025196n
15,n,cooc,,lisbon,lisbona,Lissabon,0.505,1,bn:00015606n
16,n,cooc,,hungary,ungheria,Ungarn,0.503,1,bn:00045228n
17,n,cooc,,italy,italia,Italien,0.486,1,bn:00047705n
18,n,cooc,,germany,germania,Deutschland,0.479,1,bn:00026684n
19,n,cooc,,slovakia,slovacchia,Slowakei,0.478,1,bn:00072229n
20,n,cooc,,france,francia,Frankreich,0.476,1,bn:00036202n
21,n,cooc,,norway,norvegia,Norwegen,0.468,1,bn:00049178n
22,n,cooc,,ronaldo,ronaldo,Ronaldo,0.468,9,bn:22156851n bn:07179410n bn:21250789n bn:24580810n bn:21881552n bn:03510109n bn:22156878n bn:03464322n bn:17593822n
23,n,cooc,,lithuania,lituania,Litauen,0.459,1,bn:00051034n
24,n,cooc,,switzerland,svizzera,Schweiz,0.454,1,bn:00069666n
25,n,cooc,,latvia,lettonia,Lettland,0.453,1,bn:00050191n
26,n,cooc,,lisboa,lisbona,Lissabon,0.446,1,bn:00015606n
27,n,cooc,,santos,santos,Santos,0.446,1,bn:00069205n
28,n,cooc,,argentina,argentina,Argentinien,0.44,1,bn:00005569n
29,n,cooc,,mexico,messico,Mexiko,0.438,1,bn:00054693n
30,n,cooc,,luxemburg,lussemburgo,Luxemburg,0.437,2,bn:00041328n bn:00015570n
31,n,cooc,,pepe,pepe,Pepe,0.436,1,bn:00010957n
32,n,cooc,,iceland,islanda,Island,0.435,1,bn:00045749n
33,n,cooc,,russia,russia,Russland,0.433,1,bn:00068622n
34,n,cooc,,wales,galles,Wales,0.429,1,bn:00014982n
35,n,cooc,,england,inghilterra,England,0.426,1,bn:00030861n
36,n,cooc,,serbia,serbia,Serbien,0.417,1,bn:00070583n
37,n,cooc,,uruguay,uruguay,Uruguay,0.417,2,bn:00079361n bn:00079363n
38,n,cooc,,croatia,croazia,Kroatien,0.411,1,bn:00023880n
39,n,cooc,,bulgaria,bulgaria,Bulgarien,0.408,1,bn:00013756n
40,n,cooc,,holland,olanda,Holland,0.403,1,bn:00044423n
41,n,cooc,,estonia,estonia,Estland,0.399,1,bn:00031658n
42,n,cooc,,ghana,ghana,Ghana,0.387,1,bn:00040352n
43,n,cooc,,scotland,scozia,Schottland,0.373,1,bn:00069783n
44,n,cooc,,silva,silva,Silva,0.371,1,bn:00071622n
45,n,cooc,,australia,australia,Australien,0.357,2,bn:00007228n bn:00007229n
46,n,cooc,,ukraine,ucraina,Ukraine,0.356,1,bn:00078872n
47,n,cooc,,japan,giappone,Japan,0.343,2,bn:00047985n bn:00047984n
48,n,cooc,,tunisia,tunisia,Tunesien,0.334,1,bn:00067235n
49,n,cooc,,andorra,andorra,Andorra,0.33,1,bn:00003956n
50,n,cooc,,canada,canada,Kanada,0.327,1,bn:00015115n
51,n,cooc,,israel,israele,Israel,0.326,1,bn:00047679n
52,n,cooc,,algeria,algeria,Algerien,0.314,1,bn:00002681n
53,n,cooc,,galicia,galizia,Galicien,0.311,1,bn:00037072n
54,n,cooc,,republic,repubblica,Republik,0.311,1,bn:00067223n
55,n,cooc,,colombia,colombia,Kolumbien,0.286,1,bn:00020697n
56,n,cooc,,community,comunità,Gemeinschaft,0.212,1,bn:00021248n
1,n,cooc,WEAK,champion,campione,Meister,,,
1,adj,cooc,,continental,continentale,kontinental,0.318,0,
2,adj,cooc,,northern,settentrionale,nördlich,0.179,0,
1,adj,cooc,WEAK,southern,meridionale,südlich,,,
1,v,cooc,,import,importare,importieren,0.379,1,bn:00089626v
2,v,cooc,,suspend,sospendere,aussetzen,0.356,0,
3,v,cooc,,register,registrare,registrieren,0.335,2,bn:00092679v bn:00083775v
4,v,cooc,,thrash,battere,besiegen,0.309,0,
5,v,cooc,,record,registrare,verzeichnen,0.3,0,
6,v,cooc,,note,registrare,verzeichnen,0.283,0,
7,v,cooc,,visit,visitare,besuchen,0.271,2,bn:00084390v bn:00093433v
8,v,cooc,,draw,trascinare,ziehen,0.263,0,
9,v,cooc,,defeat,sconfiggere,besiegen,0.259,1,bn:00083247v
10,v,cooc,,submit,presentare,einreichen,0.257,0,
11,v,cooc,,present,presentare,präsentieren,0.256,1,bn:00086557v
12,v,cooc,,introduce,introdurre,einführen,0.248,0,
13,v,cooc,,beat,battere,schlagen,0.247,3,bn:00083265v bn:00083248v bn:00083247v
14,v,cooc,,report,segnalare,melden,0.246,0,
15,v,cooc,,drag,trascinare,ziehen,0.237,0,
16,v,cooc,,triumph,trionfare,siegen,0.235,0,
17,v,cooc,,deny,rifiutare,verweigern,0.23,0,
18,v,cooc,,lose,perdere,verlieren,0.227,2,bn:00090489v bn:00090486v
19,v,cooc,,send,inviare,schicken,0.224,1,bn:00093485v
20,v,cooc,,knock,battere,schlagen,0.223,0,
21,v,cooc,,grant,concedere,gewähren,0.222,0,
22,v,cooc,,qualify,qualificare,qualifizieren,0.213,0,
23,v,cooc,,reach,raggiungere,erreichen,0.187,2,bn:00082226v bn:00082901v
24,v,cooc,,win,vincere,gewinnen,0.181,2,bn:00084086v bn:00095777v
25,v,cooc,,conquer,conquistare,erobern,0.176,1,bn:00082739v
26,v,cooc,,come,giungere,kommen,0.172,0,
27,v,cooc,,extend,prolungare,erweitern,0.166,0,
28,v,cooc,,follow,seguire,folgen,0.159,1,bn:00088020v
29,v,cooc,,celebrate,celebrare,feiern,0.152,1,bn:00084714v
30,v,cooc,,achieve,raggiungere,erreichen,0.142,1,bn:00082226v
31,v,cooc,,observe,guardare,beobachten,0.137,0,
32,v,cooc,,leave,lasciare,verlassen,0.135,1,bn:00087845v
33,v,cooc,,suffer,soffrire,leiden,0.133,1,bn:00082138v
34,v,cooc,,include,includere,umfassen,0.13,0,
35,v,cooc,,play,giocare,spielen,0.126,2,bn:00091708v bn:00091711v
36,v,cooc,,regard,guardare,ansehen,0.094,0,
37,v,cooc,,see,vedere,sehen,0.058,2,bn:00092443v bn:00093430v
38,v,cooc,,rescue,salvare,retten,0.053,1,bn:00086533v
1,v,cooc,WEAK,accept,accogliere,übernehmen,,,
2,v,cooc,WEAK,admit,accogliere,zulassen,,,
3,v,cooc,WEAK,adopt,adottare,verabschieden,,,
4,v,cooc,WEAK,affect,interessare,beeinflussen,,,
5,v,cooc,WEAK,allow,lasciare,zulassen,,,
6,v,cooc,WEAK,announce,annunciare,anmelden,,,
7,v,cooc,WEAK,appear,comparire,scheinen,,,
8,v,cooc,WEAK,argue,provare,ausführen,,,
9,v,cooc,WEAK,ask,invitare,bitten,,,
10,v,cooc,WEAK,assume,assumere,übernehmen,,,
11,v,cooc,WEAK,award,aggiudicare,auszeichnen,,,
12,v,cooc,WEAK,be,trovare,liegen,,,
13,v,cooc,WEAK,book,registrare,buchen,,,
14,v,cooc,WEAK,bow,piegare,senken,,,
15,v,cooc,WEAK,challenge,sfidare,fordern,,,
16,v,cooc,WEAK,commit,affidare,verpflichten,,,
17,v,cooc,WEAK,compare,assomigliare,vergleichen,,,
18,v,cooc,WEAK,concern,interessare,betreffen,,,
19,v,cooc,WEAK,consider,pensare,prüfen,,,
20,v,cooc,WEAK,cover,comprendere,umfassen,,,
21,v,cooc,WEAK,decide,decidere,bestimmen,,,
22,v,cooc,WEAK,deem,pensare,befinden,,,
23,v,cooc,WEAK,describe,qualificare,beschreiben,,,
24,v,cooc,WEAK,designate,designare,bestimmen,,,
25,v,cooc,WEAK,do,visitare,machen,,,
26,v,cooc,WEAK,encourage,favorire,fördern,,,
27,v,cooc,WEAK,end,chiudere,beenden,,,
28,v,cooc,WEAK,examine,visitare,prüfen,,,
29,v,cooc,WEAK,exclude,escludere,ausnehmen,,,
30,v,cooc,WEAK,exit,uscire,verlassen,,,
31,v,cooc,WEAK,expect,prevedere,erwarten,,,
32,v,cooc,WEAK,experience,provare,erleben,,,
33,v,cooc,WEAK,fix,definire,festlegen,,,
34,v,cooc,WEAK,forward,inviare,versenden,,,
35,v,cooc,WEAK,frustrate,deludere,verhindern,,,
36,v,cooc,WEAK,give,donare,geben,,,
37,v,cooc,WEAK,help,favorire,helfen,,,
38,v,cooc,WEAK,increase,crescere,steigen,,,
39,v,cooc,WEAK,inform,avvertire,unterrichten,,,
40,v,cooc,WEAK,invite,invitare,laden,,,
41,v,cooc,WEAK,join,raggiungere,beitreten,,,
42,v,cooc,WEAK,keep,lasciare,bleiben,,,
43,v,cooc,WEAK,lay,collocare,legen,,,
44,v,cooc,WEAK,lodge,collocare,einreichen,,,
45,v,cooc,WEAK,make,creare,machen,,,
46,v,cooc,WEAK,oblige,imporre,verpflichten,,,
47,v,cooc,WEAK,order,imporre,verfügen,,,
48,v,cooc,WEAK,overcome,superare,besiegen,,,
49,v,cooc,WEAK,overtake,superare,überholen,,,
50,v,cooc,WEAK,place,collocare,legen,,,
51,v,cooc,WEAK,plan,sperare,planen,,,
52,v,cooc,WEAK,possess,detenere,besitzen,,,
53,v,cooc,WEAK,prohibit,vietare,verhindern,,,
54,v,cooc,WEAK,propel,spingere,treiben,,,
55,v,cooc,WEAK,propose,presentare,beantragen,,,
56,v,cooc,WEAK,provide,prevedere,bieten,,,
57,v,cooc,WEAK,put,collocare,setzen,,,
58,v,cooc,WEAK,raise,togliere,erheben,,,
59,v,cooc,WEAK,receive,accogliere,erhalten,,,
60,v,cooc,WEAK,reply,replicare,antworten,,,
61,v,cooc,WEAK,rise,crescere,steigen,,,
62,v,cooc,WEAK,score,vincere,erzielen,,,
63,v,cooc,WEAK,separate,dividere,trennen,,,
64,v,cooc,WEAK,show,presentare,zeigen,,,
65,v,cooc,WEAK,support,favorire,stützen,,,
66,v,cooc,WEAK,sweat,sfruttare,zittern,,,
67,v,cooc,WEAK,take,assumere,nehmen,,,
68,v,cooc,WEAK,tie,pareggiare,verbinden,,,
69,v,cooc,WEAK,trail,trascinare,verfolgen,,,
70,v,cooc,WEAK,undergo,soffrire,erfahren,,,
71,v,cooc,WEAK,undertake,assumere,unternehmen,,,
72,v,cooc,WEAK,withdraw,chiudere,zurücktreten,,,
