idx_group,pos,rel,weak,lex_en,lex_it,lex_de,score,bs_count,babel_synsets
0,n,head,,telephone_kiosk telephone_booth call_box,cabina_telefonica,Rufsäule Telefonzelle,,1,bn:00014808n
1,n,cooc,,set,apparecchio,Apparat,0.343,0,
2,n,cooc,,tel,telefono,Telefon,0.268,0,
3,n,cooc,,store,negozio,Laden,0.254,3,bn:00067417n bn:00071215n bn:00012452n
4,n,cooc,,phone,telefono,Telefon,0.24,1,bn:00062020n
5,n,cooc,,telephone,telefono,Telefon,0.229,1,bn:00062020n
1,n,cooc,WEAK,bench,panchina,Bank,,,
2,n,cooc,WEAK,shelter,pensilina,Wartehäuschen,,,
1,adj,cooc,,red,rosso,rot,0.344,1,bn:00098581a
2,adj,cooc,,blue,blu,blau,0.225,1,bn:00098606a
3,adj,cooc,,close,vicino,nah,0.149,0,
1,adj,cooc,WEAK,available,libero,vorhanden,,,
2,adj,cooc,WEAK,empty,libero,einsam,,,
3,adj,cooc,WEAK,open,libero,öffentlich,,,
1,v,cooc,,damage,danneggiare,beschädigen,0.226,1,bn:00086494v
2,v,cooc,,install,installare,installieren,0.213,1,bn:00089785v
1,v,cooc,WEAK,build,trasformare,bauen,,,
2,v,cooc,WEAK,locate,situare,bauen,,,
3,v,cooc,WEAK,place,situare,unterbringen,,,
4,v,cooc,WEAK,turn,trasformare,abbiegen,,,
