idx_group,pos,rel,weak,lex_en,lex_it,lex_de,score,bs_count,babel_synsets
0,n,head,,half_time halftime half-time,tempo_di_gioco intervallo,Halbzeit,,1,bn:00042647n
1,n,sim,,intermission,pausa,Pause,0.334,1,bn:00012901n
2,n,sim,,half,mezzo,Hälfte,0.301,1,bn:00042601n
3,n,sim,,break,pausa,Pause,0.276,2,bn:00012899n bn:00012901n
4,n,sim,,moment,momento,Moment,0.244,5,bn:00077679n bn:00010728n bn:00055596n bn:00055597n bn:00046942n
5,n,sim,,season,stagione,Saison,0.227,2,bn:00070056n bn:00072547n
6,n,sim,,encounter,incontro,Begegnung,0.226,1,bn:00030702n
7,n,sim,,try,prova,Versuch,0.22,1,bn:00007011n
8,n,sim,,match,partita,Spiel,0.213,0,
9,n,sim,,lead,guida,Führung,0.209,0,
10,n,sim,,game,partita,Spiel,0.209,1,bn:00037180n
11,n,sim,,minute,minuto,Minute,0.206,4,bn:00046942n bn:00010728n bn:00005459n bn:00055094n
12,n,sim,,end,fine,Ende,0.188,3,bn:00030722n bn:00030719n bn:00019919n
13,n,sim,,finish,fine,Ende,0.186,1,bn:00019918n
14,n,sim,,championship,campionato,Meisterschaft,0.183,1,bn:00017615n
15,n,sim,,run,corsa,Lauf,0.182,1,bn:00068552n
16,n,sim,,stage,fase,Phase,0.166,1,bn:00061898n
17,n,sim,,win,vittoria,Sieg,0.157,2,bn:00078365n bn:00081253n
18,n,sim,,victory,vittoria,Sieg,0.155,1,bn:00078365n
19,n,sim,,second,secondo,Sekunde,0.143,2,bn:00010728n bn:00068672n
20,n,sim,,score,punteggio,Ergebnis,0.135,0,
21,n,sim,,quarter,quarto,Quartal,0.131,0,
22,n,sim,,period,periodo,Zeit,0.126,0,
23,n,sim,,dinner,pasto,Essen,0.125,0,
24,n,sim,,contest,concorso,Wettbewerb,0.124,1,bn:00021338n
25,n,sim,,session,sessione,Sitzung,0.124,2,bn:00070689n bn:00070690n
26,n,sim,,corner,angolo,Ecke,0.117,3,bn:00022740n bn:00022734n bn:00022736n
27,n,sim,,start,inizio,Start,0.111,4,bn:00073989n bn:00009632n bn:00009636n bn:00009633n
28,n,sim,,opening,inizio,Beginn,0.107,0,
29,n,sim,,beginning,inizio,Anfang,0.101,3,bn:00009633n bn:00009632n bn:00009636n
30,n,sim,,dawn,inizio,Beginn,0.1,0,
1,n,sim,WEAK,bottom,fondo,Ende,,,
2,n,sim,WEAK,chance,caso,Chance,,,
3,n,sim,WEAK,close,fine,Abschluss,,,
4,n,sim,WEAK,conclusion,termine,Abschluss,,,
5,n,sim,WEAK,draft,schema,Zug,,,
6,n,sim,WEAK,fixture,apparecchiatura,Spiel,,,
7,n,sim,WEAK,goal,porta,Tor,,,
8,n,sim,WEAK,interval,lasso,Pause,,,
9,n,sim,WEAK,kick,calcio,Schuss,,,
10,n,sim,WEAK,kick-off,inizio,Anpfiff,,,
11,n,sim,WEAK,kickoff,inizio,Anpfiff,,,
12,n,sim,WEAK,mark,marchio,Mal,,,
13,n,sim,WEAK,night,sera,Nacht,,,
14,n,sim,WEAK,offense,infrazione,Angriff,,,
15,n,sim,WEAK,outset,principio,Anfang,,,
16,n,sim,WEAK,pitch,altezza,Feld,,,
17,n,sim,WEAK,play,azione,Spiel,,,
18,n,sim,WEAK,round,turno,Runde,,,
19,n,sim,WEAK,showing,proiezione,Vorstellung,,,
20,n,sim,WEAK,stop,punto,Zug,,,
21,n,sim,WEAK,streak,riga,Zug,,,
22,n,sim,WEAK,stretch,estensione,Abschnitt,,,
23,n,sim,WEAK,tie,parità,Unentschieden,,,
24,n,sim,WEAK,turn,volta,Reihe,,,
1,n,cooc,,break,pausa,Pause,0.431,2,bn:00012899n bn:00012901n
2,n,cooc,,intermission,pausa,Pause,0.41,1,bn:00012901n
3,n,cooc,,performance,prestazione,Leistung,0.398,1,bn:00016286n
4,n,cooc,,advantage,vantaggio,Vorteil,0.373,2,bn:00001559n bn:00001560n
5,n,cooc,,minute,minuto,Minute,0.369,4,bn:00046942n bn:00010728n bn:00005459n bn:00055094n
6,n,cooc,,score,punteggio,Ergebnis,0.305,0,
7,n,cooc,,match,partita,Spiel,0.298,0,
8,n,cooc,,ball,palla,Ball,0.29,4,bn:00008124n bn:00008122n bn:00008120n bn:00013807n
9,n,cooc,,end,fine,Ende,0.285,3,bn:00030722n bn:00030719n bn:00019919n
10,n,cooc,,rest,resto,Rest,0.281,2,bn:00050539n bn:00008047n
11,n,cooc,,victory,vittoria,Sieg,0.262,1,bn:00078365n
12,n,cooc,,football,calcio,Fußball,0.258,3,bn:00035704n bn:00008122n bn:00006547n
13,n,cooc,,team,squadra,Team,0.206,2,bn:00073699n bn:00030339n
14,n,cooc,,game,gioco,Spiel,0.165,2,bn:00037182n bn:00037180n
15,n,cooc,,hour,ora,Stunde,0.124,1,bn:00000127n
1,n,cooc,WEAK,buffet,bar,Schlag,,,
2,n,cooc,WEAK,draw,tiro,Unentschieden,,,
3,n,cooc,WEAK,exchange,cambio,Wechsel,,,
4,n,cooc,WEAK,goal,porta,Tor,,,
5,n,cooc,WEAK,host,padrone,Gastgeber,,,
6,n,cooc,WEAK,kick,calcio,Schuss,,,
7,n,cooc,WEAK,lead,direzione,Führung,,,
8,n,cooc,WEAK,presentation,relazione,Vorstellung,,,
9,n,cooc,WEAK,quarter,parte,Viertel,,,
10,n,cooc,WEAK,rate,velocità,Tempo,,,
11,n,cooc,WEAK,referee,giudice,Schiedsrichter,,,
12,n,cooc,WEAK,room,stanza,Platz,,,
13,n,cooc,WEAK,run,periodo,Lauf,,,
14,n,cooc,WEAK,side,parte,Seite,,,
15,n,cooc,WEAK,speech,parola,Ansprache,,,
16,n,cooc,WEAK,stage,teatro,Phase,,,
17,n,cooc,WEAK,state,stato,Stand,,,
18,n,cooc,WEAK,strike,scoperta,Schlag,,,
19,n,cooc,WEAK,walk,passeggiata,Gang,,,
20,n,cooc,WEAK,work,lavoro,Leistung,,,
1,adj,cooc,,spectacular,spettacolare,spektakulär,0.289,0,
2,adj,cooc,,super,ottimo,super,0.233,0,
1,adj,cooc,WEAK,hot,violento,hitzig,,,
1,v,cooc,,shorten,accorciare,verkürzen,0.347,1,bn:00093669v
2,v,cooc,,abbreviate,accorciare,verkürzen,0.346,0,
3,v,cooc,,leave,lasciare,verlassen,0.321,1,bn:00087845v
4,v,cooc,,walk,andare,gehen,0.317,0,
5,v,cooc,,shoot,girare,schießen,0.302,0,
6,v,cooc,,put,mettere,setzen,0.269,0,
7,v,cooc,,transform,trasformare,verwandeln,0.26,1,bn:00095090v
8,v,cooc,,prove,provare,beweisen,0.243,2,bn:00092110v bn:00086567v
9,v,cooc,,show,mostrare,zeigen,0.239,2,bn:00086557v bn:00086567v
10,v,cooc,,see,vedere,sehen,0.214,2,bn:00092443v bn:00093430v
11,v,cooc,,follow,seguire,folgen,0.211,1,bn:00088020v
12,v,cooc,,reach,raggiungere,erreichen,0.178,2,bn:00082901v bn:00082226v
13,v,cooc,,break,rompere,brechen,0.176,2,bn:00083904v bn:00083950v
14,v,cooc,,win,vincere,gewinnen,0.154,2,bn:00095777v bn:00084086v
1,v,cooc,WEAK,act,fare,wirken,,,
2,v,cooc,WEAK,arrive,arrivare,kommen,,,
3,v,cooc,WEAK,draw,attirare,ziehen,,,
4,v,cooc,WEAK,ensure,garantire,sorgen,,,
5,v,cooc,WEAK,enter,entrare,einsetzen,,,
6,v,cooc,WEAK,give,dare,bieten,,,
7,v,cooc,WEAK,have,disporre,haben,,,
8,v,cooc,WEAK,lead,portare,führen,,,
9,v,cooc,WEAK,seal,chiudere,besiegeln,,,
10,v,cooc,WEAK,secure,garantire,sichern,,,
11,v,cooc,WEAK,settle,regolare,entscheiden,,,
12,v,cooc,WEAK,tie,legare,knüpfen,,,
13,v,cooc,WEAK,work,funzionare,wirken,,,
