idx_group,pos,rel,weak,lex_en,lex_it,lex_de,score,bs_count,babel_synsets
0,n,head,,monograph,monografia,Monografie,,1,bn:00055716n
1,n,sim,,bibliography,bibliografia,Bibliographie,0.233,1,bn:00010224n
2,n,sim,,anthology,antologia,Anthologie,0.217,1,bn:00004553n
3,n,sim,,pamphlet,opuscolo,Pamphlet,0.217,1,bn:00012133n
4,n,sim,,encyclopedia,enciclopedia,Enzyklopädie,0.166,1,bn:00024746n
5,n,sim,,textbook,manuale,Lehrbuch,0.153,0,
6,n,sim,,dissertation,dissertazione,Dissertation,0.148,1,bn:00027718n
7,n,sim,,biography,biografia,Biographie,0.146,1,bn:00010534n
8,n,sim,,treatise,trattato,Abhandlung,0.145,1,bn:00078126n
9,n,sim,,compendium,compendio,Kompendium,0.143,1,bn:00020625n
10,n,sim,,encyclopaedia,enciclopedia,Enzyklopädie,0.138,1,bn:00024746n
11,n,sim,,dictionary,dizionario,Lexikon,0.13,0,
12,n,sim,,autobiography,autobiografia,Autobiographie,0.126,1,bn:00007328n
13,n,sim,,dossier,fascicolo,Dossier,0.122,1,bn:00028327n
14,n,sim,,ebook,ebook,Ebook,0.118,1,bn:01719792n
15,n,sim,,yearbook,annuario,Jahrbuch,0.111,2,bn:00081861n bn:00004362n
16,n,sim,,cookbook,ricettario,Kochbuch,0.096,1,bn:00022409n
17,n,sim,,pharmacopoeia,farmacopea,Arzneibuch,0.085,1,bn:00035964n
1,n,sim,WEAK,almanac,annuario,Almanach,,,
2,n,sim,WEAK,circular,circolare,Rundbrief,,,
3,n,sim,WEAK,commentary,cronaca,Glosse,,,
4,n,sim,WEAK,essay,componimento,Essay,,,
5,n,sim,WEAK,fiction,narrativa,Belletristik,,,
6,n,sim,WEAK,issue,pubblicazione,Buchausgabe,,,
7,n,sim,WEAK,leaflet,volantino,Informationsblatt,,,
8,n,sim,WEAK,literature,letteratura,Fachliteratur,,,
9,n,sim,WEAK,magazine,rivista,Illustrierte,,,
10,n,sim,WEAK,thesis,tesi,Dissertation,,,
1,n,cooc,,treatise,trattato,Abhandlung,0.473,1,bn:00078126n
2,n,cooc,,anthology,antologia,Anthologie,0.448,1,bn:00004553n
3,n,cooc,,dissertation,dissertazione,Dissertation,0.426,1,bn:00027718n
4,n,cooc,,textbook,manuale,Lehrbuch,0.417,0,
5,n,cooc,,biography,biografia,Biografie,0.395,1,bn:00010534n
6,n,cooc,,handbook,manuale,Handbuch,0.393,1,bn:00030689n
7,n,cooc,,catalogue,catalogo,Katalog,0.39,1,bn:00016652n
8,n,cooc,,journal,rivista,Zeitschrift,0.383,2,bn:00052671n bn:00048453n
9,n,cooc,,manual,manuale,Handbuch,0.368,0,
10,n,cooc,,encyclopedia,enciclopedia,Lexikon,0.362,1,bn:00024746n
11,n,cooc,,article,articolo,Artikel,0.361,2,bn:00006124n bn:00006121n
12,n,cooc,,catalog,catalogo,Katalog,0.345,1,bn:00016652n
13,n,cooc,,dictionary,dizionario,Lexikon,0.323,0,
14,n,cooc,,applicant,richiedente,Antragsteller,0.293,1,bn:00005091n
15,n,cooc,,review,recensione,Rezension,0.291,2,bn:00023864n bn:00012113n
16,n,cooc,,chapter,capitolo,Kapitel,0.277,1,bn:00182115n
17,n,cooc,,publication,pubblicazione,Veröffentlichung,0.266,3,bn:00065108n bn:00047693n bn:00065106n
18,n,cooc,,book,libro,Buch,0.262,2,bn:00012059n bn:00012066n
19,n,cooc,,auteur,autore,Autor,0.218,0,
20,n,cooc,,study,studio,Studie,0.213,2,bn:00071923n bn:00074790n
21,n,cooc,,commentary,commento,Kommentar,0.185,1,bn:00020978n
22,n,cooc,,exhibition,mostra,Ausstellung,0.185,1,bn:00032225n
23,n,cooc,,novel,romanzo,Roman,0.179,1,bn:00058201n
24,n,cooc,,series,serie,Reihe,0.168,1,bn:00070613n
25,n,cooc,,[number],numero,Nummer,0.157,0,
1,n,cooc,WEAK,pamphlet,opuscolo,Abhandlung,,,
2,n,cooc,WEAK,paper,carta,Schrift,,,
3,n,cooc,WEAK,periodical,periodico,Zeitschrift,,,
4,n,cooc,WEAK,press,stampa,Verlag,,,
5,n,cooc,WEAK,print,stampa,Schrift,,,
6,n,cooc,WEAK,product,frutto,Werk,,,
7,n,cooc,WEAK,reference,relazione,Referenz,,,
8,n,cooc,WEAK,report,relazione,Schrift,,,
9,n,cooc,WEAK,thesis,tesi,Dissertation,,,
10,n,cooc,WEAK,volume,volume,Band,,,
1,adj,cooc,,art-historical,storico-artistico,kunsthistorisch,0.27,0,
2,adj,cooc,,general,generale,allgemein,0.128,1,bn:00103507a
3,adj,cooc,,specific,specifico,spezifisch,0.056,0,
1,adj,cooc,WEAK,academic,accademico,wissenschaftlich,,,
2,adj,cooc,WEAK,available,disponibile,vorliegend,,,
3,adj,cooc,WEAK,relevant,pertinente,entsprechend,,,
4,adj,cooc,WEAK,scholarly,erudito,wissenschaftlich,,,
1,v,cooc,,publish,pubblicare,veröffentlichen,0.277,1,bn:00092123v
2,v,cooc,,devote,dedicare,widmen,0.27,1,bn:00085427v
3,v,cooc,,review,recensire,überprüfen,0.233,0,
4,v,cooc,,dedicate,dedicare,widmen,0.225,2,bn:00085427v bn:00086428v
5,v,cooc,,draft,stilare,zeichnen,0.2,0,
6,v,cooc,,present,presentare,vorlegen,0.173,0,
7,v,cooc,,investigate,indagare,untersuchen,0.172,0,
8,v,cooc,,describe,descrivere,beschreiben,0.158,1,bn:00082233v
9,v,cooc,,introduce,presentare,vorlegen,0.127,0,
10,v,cooc,,represent,rappresentare,darstellen,0.12,1,bn:00083187v
11,v,cooc,,appear,apparire,erscheinen,0.116,2,bn:00082691v bn:00082690v
12,v,cooc,,constitute,costituire,darstellen,0.113,1,bn:00083187v
13,v,cooc,,assemble,riunire,versammeln,0.07,0,
14,v,cooc,,include,includere,umfassen,0.069,0,
15,v,cooc,,treat,trattare,behandeln,0.062,1,bn:00084532v
16,v,cooc,,contain,contenere,enthalten,0.045,1,bn:00083225v
1,v,cooc,WEAK,base,incentrare,basieren,,,
2,v,cooc,WEAK,cite,citare,aufführen,,,
3,v,cooc,WEAK,compile,compilare,verfassen,,,
4,v,cooc,WEAK,comprise,comprendere,umfassen,,,
5,v,cooc,WEAK,cover,comprendere,abdecken,,,
6,v,cooc,WEAK,deal,trattare,geben,,,
7,v,cooc,WEAK,edit,redigere,herausgeben,,,
8,v,cooc,WEAK,examine,consultare,prüfen,,,
9,v,cooc,WEAK,exist,esistere,vorliegen,,,
10,v,cooc,WEAK,issue,pubblicare,ausstellen,,,
11,v,cooc,WEAK,list,catalogare,aufführen,,,
12,v,cooc,WEAK,prepare,preparare,anfertigen,,,
13,v,cooc,WEAK,produce,produrre,vorlegen,,,
14,v,cooc,WEAK,provide,offrire,geben,,,
15,v,cooc,WEAK,read,leggere,lauten,,,
16,v,cooc,WEAK,release,scaricare,veröffentlichen,,,
17,v,cooc,WEAK,write,scrivere,verfassen,,,
