idx_group,pos,rel,weak,lex_en,lex_it,lex_de,score,bs_count,babel_synsets
0,n,head,,bonnet cowling hood,kappa cofano cappa,Cowling Motorhaube Haube,,1,bn:00012036n
1,n,sim,,fender,parafango,Kotflügel,0.309,1,bn:00034061n
2,n,sim,,bumper,paraurti,Stoßstange,0.303,1,bn:00013863n
3,n,sim,,mudguard,parafango,Kotflügel,0.28,1,bn:00034061n
4,n,sim,,hood,cappuccio,Haube,0.228,0,
5,n,sim,,windshield,parabrezza,Windschutzscheibe,0.225,1,bn:00081307n
6,n,sim,,windscreen,parabrezza,Windschutzscheibe,0.211,1,bn:00081307n
7,n,sim,,bodywork,carrozzeria,Karosserie,0.204,2,bn:00011783n bn:00020123n
8,n,sim,,liftgate,portellone,Heckklappe,0.188,0,
9,n,sim,,trunk,baule,Kofferraum,0.182,1,bn:00007381n
10,n,sim,,lid,coperchio,Deckel,0.18,1,bn:00051011n
11,n,sim,,dashboard,cruscotto,Armaturenbrett,0.178,1,bn:00025291n
12,n,sim,,cowl,cappuccio,Kapuze,0.176,0,
13,n,sim,,coat,cappotto,Mantel,0.165,1,bn:00020184n
14,n,sim,,helmet,casco,Helm,0.164,2,bn:00043624n bn:00043623n
15,n,sim,,cloak,mantello,Mantel,0.158,0,
16,n,sim,,cover,coperchio,Abdeckung,0.158,0,
17,n,sim,,collar,colletto,Kragen,0.157,1,bn:00020603n
18,n,sim,,hat,cappello,Hut,0.157,1,bn:00017718n
19,n,sim,,glove,guanto,Handschuh,0.156,1,bn:00040736n
20,n,sim,,sleeve,manicotto,Ärmel,0.155,0,
21,n,sim,,apron,grembiule,Schürze,0.153,1,bn:00005180n
22,n,sim,,shawl,scialle,Schal,0.153,1,bn:00070943n
23,n,sim,,jacket,giacca,Jacke,0.152,2,bn:00047823n bn:00020184n
24,n,sim,,blanket,coperta,Decke,0.149,1,bn:00011119n
25,n,sim,,radiator,radiatore,Kühler,0.149,0,
26,n,sim,,chassis,telaio,Chassis,0.146,1,bn:00078983n
27,n,sim,,scarf,sciarpa,Schal,0.145,1,bn:00069523n
28,n,sim,,roof,tetto,Dach,0.144,1,bn:00068220n
29,n,sim,,scarves,sciarpa,Schal,0.143,0,
30,n,sim,,spoiler,spoiler,Spoiler,0.141,5,bn:00026590n bn:00073519n bn:00073520n bn:00073521n bn:00020351n
31,n,sim,,belt,cintura,Gürtel,0.14,2,bn:00009824n bn:00009823n
32,n,sim,,boot,stivale,Stiefel,0.14,1,bn:00012166n
33,n,sim,,cape,mantella,Umhang,0.139,0,
34,n,sim,,cylinder,cilindro,Zylinder,0.139,2,bn:00024779n bn:00024781n
35,n,sim,,grille,griglia,Gitter,0.139,0,
36,n,sim,,lamp,lampada,Lampe,0.139,2,bn:00030151n bn:00045882n
37,n,sim,,overcoat,cappotto,Mantel,0.139,1,bn:00041606n
38,n,sim,,cushion,cuscino,Kissen,0.137,1,bn:00024566n
39,n,sim,,dome,cupola,Kuppel,0.137,2,bn:00024432n bn:00028147n
40,n,sim,,shirt,camicia,Hemd,0.136,1,bn:00071142n
41,n,sim,,curtain,tenda,Vorhang,0.135,1,bn:00024534n
42,n,sim,,frame,telaio,Gestell,0.135,0,
43,n,sim,,pillow,cuscino,Kissen,0.135,1,bn:00062414n
44,n,sim,,mantle,mantello,Mantel,0.134,1,bn:00053272n
45,n,sim,,casing,involucro,Gehäuse,0.132,1,bn:00016416n
46,n,sim,,hull,scafo,Rumpf,0.132,1,bn:00045150n
47,n,sim,,ceiling,soffitto,Decke,0.131,1,bn:00016974n
48,n,sim,,mat,tappetino,Matte,0.131,0,
49,n,sim,,tank,serbatoio,Tank,0.131,2,bn:00037421n bn:00074452n
50,n,sim,,garment,indumento,Kleidungsstück,0.129,2,bn:00006125n bn:00037352n
51,n,sim,,knob,manopola,Knopf,0.129,0,
52,n,sim,,tire,pneumatico,Reifen,0.128,1,bn:00077377n
53,n,sim,,umbrella,ombrello,Regenschirm,0.128,1,bn:00078920n
54,n,sim,,beanie,berretto,Mütze,0.127,0,
55,n,sim,,carpet,tappeto,Teppich,0.127,1,bn:00016205n
56,n,sim,,shell,guscio,Schale,0.127,0,
57,n,sim,,veil,velo,Schleier,0.127,1,bn:00043283n
58,n,sim,,stocking,calza,Strumpf,0.126,0,
59,n,sim,,pipe,tubo,Rohr,0.125,1,bn:00062568n
60,n,sim,,plate,piastra,Platte,0.124,0,
61,n,sim,,rug,tappeto,Teppich,0.124,1,bn:00016205n
62,n,sim,,sweater,maglione,Pullover,0.124,2,bn:00048570n bn:00048144n
63,n,sim,,tile,piastrella,Fliese,0.124,1,bn:21705914n
64,n,sim,,nose,muso,Schnauze,0.122,0,
65,n,sim,,strip,striscia,Streifen,0.122,0,
66,n,sim,,exhaust,scarico,Auspuff,0.121,1,bn:00032215n
67,n,sim,,wheel,ruota,Rad,0.121,1,bn:00080972n
68,n,sim,,brake,freno,Bremse,0.12,1,bn:00012710n
69,n,sim,,hook,gancio,Haken,0.12,1,bn:00044693n
70,n,sim,,shroud,velo,Schleier,0.119,0,
71,n,sim,,armor,armatura,Rüstung,0.118,3,bn:00005770n bn:00011756n bn:00005769n
72,n,sim,,trouser,pantalone,Hose,0.118,0,
73,n,sim,,tube,tubo,Rohr,0.118,0,
74,n,sim,,porter,portabagagli,Gepäckträger,0.117,0,
75,n,sim,,tub,vasca,Wanne,0.117,0,
76,n,sim,,tape,striscia,Streifen,0.116,0,
77,n,sim,,headgear,copricapo,Kopfbedeckung,0.113,1,bn:00043306n
78,n,sim,,saddle,sella,Sattel,0.113,2,bn:00068762n bn:00010255n
79,n,sim,,headpiece,copricapo,Kopfbedeckung,0.112,0,
80,n,sim,,bag,sacchetto,Beutel,0.111,2,bn:00007922n bn:00016261n
81,n,sim,,zipper,cerniera,Reißverschluss,0.108,1,bn:00072152n
82,n,sim,,jumper,maglione,Pullover,0.106,2,bn:00048570n bn:00048144n
83,n,sim,,fuselage,fusoliera,Rumpf,0.104,0,
84,n,sim,,girdle,cintura,Gürtel,0.102,1,bn:00019120n
85,n,sim,,chest,torace,Brust,0.101,1,bn:00018207n
86,n,sim,,handlebar,manubrio,Lenker,0.095,1,bn:00042819n
87,n,sim,,smock,grembiule,Kittel,0.094,1,bn:09187597n
88,n,sim,,chassi,telaio,Fahrgestell,0.093,0,
89,n,sim,,fur,pelliccia,Fell,0.092,1,bn:00036882n
90,n,sim,,upholstery,tappezzeria,Polster,0.091,0,
91,n,sim,,armour,armatura,Rüstung,0.09,3,bn:00005770n bn:00011756n bn:00005769n
92,n,sim,,banister,ringhiera,Geländer,0.089,1,bn:00008247n
93,n,sim,,feather,piuma,Feder,0.089,1,bn:00033865n
94,n,sim,,pullover,pullover,Pullover,0.088,3,bn:00048570n bn:00048144n bn:00065171n
95,n,sim,,diffuser,diffusore,Diffusor,0.087,2,bn:00027051n bn:00027050n
96,n,sim,,railing,ringhiera,Geländer,0.085,2,bn:00066008n bn:00042062n
97,n,sim,,sofa,divano,Sofa,0.085,1,bn:00023101n
98,n,sim,,tyre,pneumatico,Reifen,0.082,1,bn:00077377n
99,n,sim,,couch,divano,Couch,0.079,1,bn:00023101n
100,n,sim,,backrest,schienale,Rückenlehne,0.078,1,bn:00007734n
101,n,sim,,slab,lastra,Platte,0.077,1,bn:00072033n
102,n,sim,,facade,facciata,Fassade,0.067,1,bn:00032598n
1,n,sim,WEAK,barrel,canna,Rohr,,,
2,n,sim,WEAK,basket,sacchetto,Korb,,,
3,n,sim,WEAK,beam,trave,Balken,,,
4,n,sim,WEAK,bench,banco,Tisch,,,
5,n,sim,WEAK,blade,lama,Messer,,,
6,n,sim,WEAK,bonnet,cuffia,Motorhaube,,,
7,n,sim,WEAK,bottom,carena,Unterseite,,,
8,n,sim,WEAK,bow,fiocco,Schleife,,,
9,n,sim,WEAK,brick,mattone,Stein,,,
10,n,sim,WEAK,brush,spazzola,Stange,,,
11,n,sim,WEAK,cabinet,mobile,Schrank,,,
12,n,sim,WEAK,cage,gabbia,Korb,,,
13,n,sim,WEAK,canopy,tettoia,Vordach,,,
14,n,sim,WEAK,cap,cappuccio,Kappe,,,
15,n,sim,WEAK,cap.,cappuccio,Kappe,,,
16,n,sim,WEAK,cladding,rivestimento,Verkleidung,,,
17,n,sim,WEAK,clip,gancio,Bügel,,,
18,n,sim,WEAK,cloth,tappeto,Tuch,,,
19,n,sim,WEAK,clothes,biancheria,Bekleidung,,,
20,n,sim,WEAK,cockpit,abitacolo,Cockpit,,,
21,n,sim,WEAK,covering,rivestimento,Abdeckung,,,
22,n,sim,WEAK,cowlings,cuffia,Motorhaube,,,
23,n,sim,WEAK,deck,coperta,Deck,,,
24,n,sim,WEAK,drape,drappo,Gardine,,,
25,n,sim,WEAK,drawer,cassetto,Kasten,,,
26,n,sim,WEAK,fin,pinna,Rippe,,,
27,n,sim,WEAK,flap,alettone,Klappe,,,
28,n,sim,WEAK,gear,ingranaggio,Klamotte,,,
29,n,sim,WEAK,glass,vetro,Scheibe,,,
30,n,sim,WEAK,handle,maniglia,Bügel,,,
31,n,sim,WEAK,hanger,gancio,Bügel,,,
32,n,sim,WEAK,headlamp,faro,Scheinwerfer,,,
33,n,sim,WEAK,headlight,faro,Scheinwerfer,,,
34,n,sim,WEAK,hoodie,felpa,Kapuzenpullover,,,
35,n,sim,WEAK,hoop,cerchio,Reifen,,,
36,n,sim,WEAK,jumpsuit,tuta,Overall,,,
37,n,sim,WEAK,ledge,ripiano,Leiste,,,
38,n,sim,WEAK,lining,rivestimento,Verkleidung,,,
39,n,sim,WEAK,lip,becco,Schnauze,,,
40,n,sim,WEAK,lock,serratura,Verschluss,,,
41,n,sim,WEAK,mount,montatura,Sockel,,,
42,n,sim,WEAK,mounting,montatura,Sockel,,,
43,n,sim,WEAK,muffler,sciarpa,Auspuff,,,
44,n,sim,WEAK,oven,forno,Rohr,,,
45,n,sim,WEAK,pan,pentola,Schale,,,
46,n,sim,WEAK,panel,pannello,Platte,,,
47,n,sim,WEAK,pin,perno,Nadel,,,
48,n,sim,WEAK,plug,tappo,Scheibe,,,
49,n,sim,WEAK,pot,pentola,Korb,,,
50,n,sim,WEAK,pylon,traliccio,Mast,,,
51,n,sim,WEAK,quilt,piumino,Decke,,,
52,n,sim,WEAK,rack,scaffale,Gestell,,,
53,n,sim,WEAK,rail,parapetto,Schiene,,,
54,n,sim,WEAK,reed,canna,Rohr,,,
55,n,sim,WEAK,rim,bordo,Felge,,,
56,n,sim,WEAK,ring,cerchio,Kranz,,,
57,n,sim,WEAK,robe,tunica,Robe,,,
58,n,sim,WEAK,rod,canna,Stange,,,
59,n,sim,WEAK,seat,sedile,Sitzfläche,,,
60,n,sim,WEAK,shade,oscurità,Schirm,,,
61,n,sim,WEAK,shaft,manico,Schaft,,,
62,n,sim,WEAK,shelf,scaffale,Platte,,,
63,n,sim,WEAK,shutter,serranda,Verschluss,,,
64,n,sim,WEAK,sock,calza,Socke,,,
65,n,sim,WEAK,stick,stecca,Stab,,,
66,n,sim,WEAK,strap,cinghia,Gurt,,,
67,n,sim,WEAK,sunshade,visiera,Sonnenschirm,,,
68,n,sim,WEAK,sweatpant,tuta,Jogginghose,,,
69,n,sim,WEAK,t-shirt,canottiera,T-shirt,,,
70,n,sim,WEAK,tarp,telo,Plane,,,
71,n,sim,WEAK,top,tetto,Oberteil,,,
72,n,sim,WEAK,valve,valvola,Klappe,,,
73,n,sim,WEAK,vane,aletta,Flügel,,,
74,n,sim,WEAK,vest,canottiera,Weste,,,
75,n,sim,WEAK,visor,visiera,Schirm,,,
76,n,sim,WEAK,washer,lavatrice,Scheibe,,,
77,n,sim,WEAK,wing,battente,Flügel,,,
78,n,sim,WEAK,wrap,scialle,Mantel,,,
1,n,cooc,,mud-guard,parafango,Kotflügel,0.684,0,
2,n,cooc,,bumper,paraurti,Stoßstange,0.587,1,bn:00013863n
3,n,cooc,,fender,parafango,Kotflügel,0.585,1,bn:00034061n
4,n,cooc,,mudguard,parafango,Kotflügel,0.573,1,bn:00034061n
5,n,cooc,,overhang,sporgenza,Überhang,0.567,0,
6,n,cooc,,trunk,baule,Stamm,0.55,0,
7,n,cooc,,boot,bagagliaio,Kofferraum,0.543,2,bn:00007381n bn:00012167n
8,n,cooc,,cloak,mantello,Mantel,0.512,0,
9,n,cooc,,windshield,parabrezza,Windschutzscheibe,0.499,1,bn:00081307n
10,n,cooc,,body,carrozzeria,Karosserie,0.487,0,
11,n,cooc,,cape,mantella,Umhang,0.479,0,
12,n,cooc,,windscreen,parabrezza,Windschutzscheibe,0.475,1,bn:00081307n
13,n,cooc,,mantle,mantello,Mantel,0.461,1,bn:00053272n
14,n,cooc,,hinge,perno,Scharnier,0.455,0,
15,n,cooc,,cowl,cappuccio,Kapuze,0.449,0,
16,n,cooc,,spoiler,spoiler,Spoiler,0.449,5,bn:00026590n bn:00073519n bn:00073520n bn:00073521n bn:00020351n
17,n,cooc,,lid,coperchio,Deckel,0.448,1,bn:00051011n
18,n,cooc,,cover,coperchio,Abdeckung,0.443,0,
19,n,cooc,,radiator,radiatore,Kühler,0.427,0,
20,n,cooc,,roof,tetto,Dach,0.401,1,bn:00068220n
21,n,cooc,,coat,cappotto,Mantel,0.372,1,bn:00020184n
22,n,cooc,,hat,cappello,Hut,0.372,1,bn:00017718n
23,n,cooc,,mask,maschera,Maske,0.363,1,bn:00053637n
24,n,cooc,,tail,coda,Heck,0.355,0,
25,n,cooc,,ground,terreno,Boden,0.34,2,bn:00041883n bn:00029425n
26,n,cooc,,hood,cappuccio,Haube,0.335,0,
27,n,cooc,,wheelbase,passo,Radstand,0.335,1,bn:00080978n
28,n,cooc,,engine,motore,Motor,0.313,2,bn:00056041n bn:00030850n
29,n,cooc,,line,linea,Linie,0.309,4,bn:00051294n bn:00014457n bn:00051289n bn:00014165n
30,n,cooc,,cabin,cabina,Kabine,0.276,0,
31,n,cooc,,car,auto,Auto,0.257,1,bn:00007309n
32,n,cooc,,kitchen,cucina,Küche,0.245,1,bn:00049248n
33,n,cooc,,interior,interno,Innere,0.226,1,bn:15211951n
34,n,cooc,,motor,motore,Motor,0.208,2,bn:00056041n bn:00030850n
35,n,cooc,,skirt,gonna,Rock,0.167,1,bn:00072004n
36,n,cooc,,seat,sedile,Platz,0.159,0,
37,n,cooc,,mould,forma,Form,0.144,0,
38,n,cooc,,model,modello,Modell,0.126,7,bn:00022071n bn:00055448n bn:00036197n bn:00055447n bn:00032100n bn:00033735n bn:00032101n
39,n,cooc,,piece,pezzo,Stück,0.093,2,bn:00062299n bn:00062297n
40,n,cooc,,area,zona,Bereich,0.088,1,bn:00082076n
1,n,cooc,WEAK,blade,spada,Flügel,,,
2,n,cooc,WEAK,bulge,sporgenza,Wölbung,,,
3,n,cooc,WEAK,cabinet,vetrina,Gehäuse,,,
4,n,cooc,WEAK,cap,cappuccio,Kappe,,,
5,n,cooc,WEAK,cockpit,abitacolo,Cockpit,,,
6,n,cooc,WEAK,door,porta,Flügel,,,
7,n,cooc,WEAK,flank,fiancata,Flanke,,,
8,n,cooc,WEAK,flap,alettone,Klappe,,,
9,n,cooc,WEAK,front,muso,Front,,,
10,n,cooc,WEAK,guard,custodia,Schutzvorrichtung,,,
11,n,cooc,WEAK,head,direttore,Kopf,,,
12,n,cooc,WEAK,headlamp,faro,Scheinwerfer,,,
13,n,cooc,WEAK,headlight,faro,Scheinwerfer,,,
14,n,cooc,WEAK,lining,interno,Verkleidung,,,
15,n,cooc,WEAK,nose,muso,Kopf,,,
16,n,cooc,WEAK,panel,pannello,Verkleidung,,,
17,n,cooc,WEAK,plate,piastra,Scheibe,,,
18,n,cooc,WEAK,ring,cerchio,Rand,,,
19,n,cooc,WEAK,robe,tunica,Robe,,,
20,n,cooc,WEAK,sample,modello,Beispiel,,,
21,n,cooc,WEAK,strap,maniglia,Klappe,,,
22,n,cooc,WEAK,test,test,Arbeit,,,
23,n,cooc,WEAK,top,tetto,Spitze,,,
24,n,cooc,WEAK,wheel,ruota,Scheibe,,,
25,n,cooc,WEAK,wing,fiancata,Flügel,,,
1,adj,cooc,,sloping,spiovente,schräg,0.39,0,
2,adj,cooc,,muscular,muscoloso,muskulös,0.346,1,bn:00098829a
3,adj,cooc,,white,bianco,weiß,0.251,1,bn:00113830a
4,adj,cooc,,black,nero,schwarz,0.237,2,bn:00098481a bn:00098480a
5,adj,cooc,,dingy,scuro,dunkel,0.219,0,
6,adj,cooc,,flat,piatto,flach,0.203,1,bn:00103058a
7,adj,cooc,,transparent,trasparente,transparent,0.194,1,bn:00100744a
8,adj,cooc,,open,aperto,offen,0.188,3,bn:00099186a bn:00107879a bn:00107891a
9,adj,cooc,,protective,protettivo,schützend,0.169,0,
10,adj,cooc,,long,lungo,lang,0.165,1,bn:00106124a
11,adj,cooc,,huge,enorme,riesig,0.09,0,
1,adj,cooc,WEAK,big,pieno,kräftig,,,
2,adj,cooc,WEAK,deep,cupo,tief,,,
3,adj,cooc,WEAK,dry,secco,ledern,,,
4,adj,cooc,WEAK,full,pieno,kräftig,,,
5,adj,cooc,WEAK,great,magno,stark,,,
6,adj,cooc,WEAK,hard,duro,kräftig,,,
7,adj,cooc,WEAK,heavy,pesante,stark,,,
8,adj,cooc,WEAK,large,ampio,stark,,,
9,adj,cooc,WEAK,ornate,adorno,kunstvoll,,,
10,adj,cooc,WEAK,solid,pieno,geschlossen,,,
11,adj,cooc,WEAK,thick,spesso,stark,,,
1,v,cooc,,conceal,nascondere,verbergen,0.33,0,
2,v,cooc,,hide,nascondere,verstecken,0.312,2,bn:00089332v bn:00085509v
3,v,cooc,,open,aprire,öffnen,0.311,0,
4,v,cooc,,polish,lucidare,polieren,0.29,1,bn:00091821v
5,v,cooc,,decorate,decorare,schmücken,0.288,1,bn:00082386v
6,v,cooc,,lift,sollevare,heben,0.286,1,bn:00084110v
7,v,cooc,,weld,saldare,schweißen,0.279,0,
8,v,cooc,,cover,coprire,abdecken,0.273,1,bn:00085497v
9,v,cooc,,wear,indossare,tragen,0.269,1,bn:00083227v
10,v,cooc,,rub,lucidare,polieren,0.265,0,
11,v,cooc,,mount,montare,montieren,0.262,0,
12,v,cooc,,elongate,allungare,verlängern,0.254,0,
13,v,cooc,,paint,verniciare,malen,0.223,0,
14,v,cooc,,lengthen,allungare,verlängern,0.222,1,bn:00090291v
15,v,cooc,,top,coprire,bedecken,0.22,0,
16,v,cooc,,stretch,allungare,strecken,0.213,0,
17,v,cooc,,extend,allungare,verlängern,0.209,0,
18,v,cooc,,clean,pulire,reinigen,0.194,0,
19,v,cooc,,flap,battere,schlagen,0.19,0,
20,v,cooc,,close,chiudere,schließen,0.172,1,bn:00085162v
21,v,cooc,,damage,danneggiare,beschädigen,0.162,1,bn:00086494v
22,v,cooc,,shut,chiudere,schließen,0.157,1,bn:00085162v
23,v,cooc,,install,installare,installieren,0.156,1,bn:00089785v
24,v,cooc,,hang,appendere,hängen,0.154,1,bn:00089178v
25,v,cooc,,bang,battere,schlagen,0.153,0,
26,v,cooc,,throw,gettare,werfen,0.152,1,bn:00094934v
27,v,cooc,,knock,battere,schlagen,0.144,0,
28,v,cooc,,remove,rimuovere,entfernen,0.128,0,
29,v,cooc,,miss,perdere,verpassen,0.118,0,
30,v,cooc,,toss,gettare,werfen,0.118,0,
31,v,cooc,,punch,colpire,schlagen,0.116,0,
32,v,cooc,,form,formare,bilden,0.114,1,bn:00088490v
33,v,cooc,,make,creare,vornehmen,0.114,0,
34,v,cooc,,strike,colpire,schlagen,0.113,0,
35,v,cooc,,play,giocare,abspielen,0.105,0,
36,v,cooc,,hit,colpire,schlagen,0.101,1,bn:00089347v
37,v,cooc,,supply,fornire,liefern,0.101,0,
38,v,cooc,,replace,sostituire,ersetzen,0.093,2,bn:00092817v bn:00087802v
39,v,cooc,,put,mettere,setzen,0.091,0,
40,v,cooc,,slap,colpire,schlagen,0.091,0,
41,v,cooc,,design,progettare,entwerfen,0.09,0,
42,v,cooc,,fall,cadere,fallen,0.085,2,bn:00087979v bn:00087976v
43,v,cooc,,serve,servire,dienen,0.061,1,bn:00082867v
1,v,cooc,WEAK,appear,apparire,scheinen,,,
2,v,cooc,WEAK,attach,fissare,befestigen,,,
3,v,cooc,WEAK,bend,piegare,beugen,,,
4,v,cooc,WEAK,block,fissare,verdecken,,,
5,v,cooc,WEAK,deliver,liberare,liefern,,,
6,v,cooc,WEAK,dent,ammaccare,zerbeulen,,,
7,v,cooc,WEAK,drape,coprire,schmücken,,,
8,v,cooc,WEAK,emphasise,marcare,betonen,,,
9,v,cooc,WEAK,exhaust,aspirare,mitnehmen,,,
10,v,cooc,WEAK,fabricate,inventare,herstellen,,,
11,v,cooc,WEAK,fasten,fissare,befestigen,,,
12,v,cooc,WEAK,fly,battere,fliegen,,,
13,v,cooc,WEAK,fold,piegare,klappen,,,
14,v,cooc,WEAK,give,fornire,geben,,,
15,v,cooc,WEAK,incorporate,incorporare,integrieren,,,
16,v,cooc,WEAK,keep,mantenere,bleiben,,,
17,v,cooc,WEAK,knit,saldare,stricken,,,
18,v,cooc,WEAK,look,sembrare,aussehen,,,
19,v,cooc,WEAK,lower,calare,senken,,,
20,v,cooc,WEAK,match,accompagnare,passen,,,
21,v,cooc,WEAK,mold,formare,prägen,,,
22,v,cooc,WEAK,mould,formare,prägen,,,
23,v,cooc,WEAK,obscure,nascondere,verdecken,,,
24,v,cooc,WEAK,pack,incassare,packen,,,
25,v,cooc,WEAK,pin,fissare,stecken,,,
26,v,cooc,WEAK,place,mettere,platzieren,,,
27,v,cooc,WEAK,pop,mettere,knallen,,,
28,v,cooc,WEAK,pull,togliere,ziehen,,,
29,v,cooc,WEAK,push,imporre,drücken,,,
30,v,cooc,WEAK,raise,sollevare,anheben,,,
31,v,cooc,WEAK,range,percorrere,reichen,,,
32,v,cooc,WEAK,rest,appoggiare,ruhen,,,
33,v,cooc,WEAK,ride,montare,fahren,,,
34,v,cooc,WEAK,rip,squarciare,reißen,,,
35,v,cooc,WEAK,ruin,rovinare,erledigen,,,
36,v,cooc,WEAK,score,marcare,schießen,,,
37,v,cooc,WEAK,shoot,colpire,schießen,,,
38,v,cooc,WEAK,sink,scendere,senken,,,
39,v,cooc,WEAK,slip,allungare,rutschen,,,
40,v,cooc,WEAK,snap,spezzare,reißen,,,
41,v,cooc,WEAK,stay,sospendere,bleiben,,,
42,v,cooc,WEAK,stow,collocare,verstauen,,,
43,v,cooc,WEAK,tell,dire,feststellen,,,
44,v,cooc,WEAK,tilt,piegare,neigen,,,
45,v,cooc,WEAK,weigh,pesare,drücken,,,
