idx_group,pos,rel,weak,lex_en,lex_it,lex_de,score,bs_count,babel_synsets
0,n,head,,streetlight street_light street_lamp,lampione,Straßenbeleuchtung Straßenlaterne,,1,bn:00074606n
1,n,sim,,lightbulb,lampadina,Glühbirne,0.167,1,bn:00013745n
2,n,sim,,torchlight,torcia,Taschenlampe,0.135,0,
3,n,sim,,lighting,illuminazione,Beleuchtung,0.129,2,bn:00051154n bn:00051155n
4,n,sim,,chandelier,lampadario,Kronleuchter,0.128,1,bn:00017640n
5,n,sim,,lamp,lampada,Lampe,0.123,2,bn:00045882n bn:00030151n
6,n,sim,,illumination,illuminazione,Beleuchtung,0.121,2,bn:00051154n bn:00051155n
7,n,sim,,railing,ringhiera,Geländer,0.117,2,bn:00066008n bn:00042062n
8,n,sim,,torch,torcia,Fackel,0.115,1,bn:00077657n
9,n,sim,,sidewalk,marciapiede,Gehweg,0.108,1,bn:00061084n
10,n,sim,,heater,stufa,Heizung,0.106,0,
11,n,sim,,pavement,marciapiede,Bürgersteig,0.103,1,bn:00061084n
12,n,sim,,signage,segnaletica,Beschilderung,0.102,0,
13,n,sim,,guardrail,guardrail,Leitplanke,0.101,2,bn:00042062n bn:00023574n
14,n,sim,,candelabra,candelabro,Kandelaber,0.089,1,bn:00015198n
15,n,sim,,boiler,caldaia,Heizkessel,0.088,2,bn:00036895n bn:00011828n
16,n,sim,,projector,proiettore,Projektor,0.087,1,bn:00064677n
17,n,sim,,pothole,buca,Schlagloch,0.086,0,
18,n,sim,,fountain,fontana,Brunnen,0.083,1,bn:00036076n
19,n,sim,,gutter,grondaia,Dachrinne,0.078,1,bn:00042297n
20,n,sim,,firefly,lucciola,Glühwürmchen,0.073,1,bn:00034692n
21,n,sim,,storefront,vetrina,Schaufenster,0.069,0,
22,n,sim,,underpass,sottopassaggio,Unterführung,0.063,1,bn:00075016n
1,n,sim,WEAK,bulb,lampadina,Lampe,,,
2,n,sim,WEAK,canopy,tettoia,Vordach,,,
3,n,sim,WEAK,curb,parapetto,Randstein,,,
4,n,sim,WEAK,drainage,fognatura,Entwässerung,,,
5,n,sim,WEAK,faucet,rubinetto,Wasserleitung,,,
6,n,sim,WEAK,flasher,lampeggiante,Blinker,,,
7,n,sim,WEAK,floodlight,proiettore,Scheinwerfer,,,
8,n,sim,WEAK,headlamp,faro,Scheinwerfer,,,
9,n,sim,WEAK,headlight,faro,Scheinwerfer,,,
10,n,sim,WEAK,kerb,parapetto,Randstein,,,
11,n,sim,WEAK,paving,pavimentazione,Belag,,,
12,n,sim,WEAK,plumbing,tubatura,Wasserleitung,,,
13,n,sim,WEAK,watermain,acquedotto,Wasserleitung,,,
1,n,cooc,,sidewalk,marciapiede,Gehweg,0.431,1,bn:00061084n
2,n,cooc,,pavement,marciapiede,Bürgersteig,0.429,1,bn:00061084n
3,n,cooc,,pothole,buca,Schlagloch,0.404,0,
4,n,cooc,,railing,ringhiera,Geländer,0.372,2,bn:00066008n bn:00042062n
5,n,cooc,,lamp,lampada,Lampe,0.367,2,bn:00045882n bn:00030151n
6,n,cooc,,fence,staccionata,Zaun,0.361,0,
7,n,cooc,,mast,albero,Mast,0.359,1,bn:00053706n
8,n,cooc,,light,luce,Licht,0.353,3,bn:00051108n bn:00051109n bn:00045956n
9,n,cooc,,signage,segnaletica,Beschilderung,0.338,0,
10,n,cooc,,illumination,illuminazione,Beleuchtung,0.319,2,bn:00051154n bn:00051155n
11,n,cooc,,fountain,fontana,Brunnen,0.283,1,bn:00036076n
12,n,cooc,,wire,cavo,Kabel,0.281,0,
13,n,cooc,,moon,luna,Mond,0.25,3,bn:00055813n bn:00055809n bn:00052325n
14,n,cooc,,lighting,illuminazione,Beleuchtung,0.247,2,bn:00051154n bn:00051155n
15,n,cooc,,tree,albero,Baum,0.243,1,bn:00078131n
16,n,cooc,,cable,cavo,Kabel,0.232,1,bn:00014458n
17,n,cooc,,hole,buca,Bau,0.228,0,
18,n,cooc,,building,edificio,Gebäude,0.223,1,bn:00013722n
19,n,cooc,,parking,parcheggio,Parkplatz,0.19,2,bn:00015795n bn:00060698n
20,n,cooc,,window,finestra,Fenster,0.176,2,bn:00081285n bn:00081292n
21,n,cooc,,star,stella,Stern,0.154,2,bn:00073965n bn:00073964n
22,n,cooc,,house,casa,Haus,0.148,4,bn:00029305n bn:00000356n bn:00044994n bn:00045000n
23,n,cooc,,road,strada,Straße,0.138,1,bn:00067975n
24,n,cooc,,shadow,ombra,Schatten,0.131,2,bn:00070820n bn:00070830n
25,n,cooc,,wall,muro,Wand,0.125,1,bn:00080386n
26,n,cooc,,car,auto,Auto,0.115,1,bn:00007309n
27,n,cooc,,street,strada,Straße,0.114,2,bn:00067975n bn:00074595n
28,n,cooc,,sun,sole,Sonne,0.093,2,bn:00075173n bn:00075170n
29,n,cooc,,line,linea,Leitung,0.082,1,bn:00051298n
1,n,cooc,WEAK,bench,panchina,Bank,,,
2,n,cooc,WEAK,headlamp,faro,Scheinwerfer,,,
3,n,cooc,WEAK,headlight,faro,Scheinwerfer,,,
4,n,cooc,WEAK,park,parcheggio,Park,,,
5,n,cooc,WEAK,path,strada,Weg,,,
6,n,cooc,WEAK,pole,paletto,Mast,,,
7,n,cooc,WEAK,post,paletto,Mast,,,
8,n,cooc,WEAK,sign,segnale,Schild,,,
1,adj,cooc,,busted,rotto,kaputt,0.31,0,
2,adj,cooc,,dim,fioco,schwach,0.275,0,
3,adj,cooc,,damaged,danneggiato,beschädigt,0.255,0,
4,adj,cooc,,smart,intelligente,intelligent,0.248,1,bn:00105243a
5,adj,cooc,,intelligent,intelligente,intelligent,0.209,1,bn:00105243a
6,adj,cooc,,electric,elettrico,elektrisch,0.169,2,bn:00102086a bn:00102083a
7,adj,cooc,,lone,solitario,einsam,0.131,0,
8,adj,cooc,,antique,antico,antik,0.114,1,bn:00096642a
9,adj,cooc,,solitary,solitario,einsam,0.114,0,
10,adj,cooc,,bright,luminoso,hell,0.111,0,
11,adj,cooc,,yellow,giallo,gelb,0.108,1,bn:00113968a
12,adj,cooc,,light,luminoso,hell,0.082,0,
13,adj,cooc,,weak,debole,schwach,0.024,1,bn:00113737a
1,adj,cooc,WEAK,distant,lontano,entfernt,,,
2,adj,cooc,WEAK,existing,esistente,vorhanden,,,
3,adj,cooc,WEAK,green,verde,neu,,,
4,adj,cooc,WEAK,pale,pallido,hell,,,
1,v,cooc,,install,installare,installieren,0.285,1,bn:00089785v
2,v,cooc,,instal,installare,installieren,0.261,1,bn:00089785v
3,v,cooc,,repair,riparare,reparieren,0.214,2,bn:00084308v bn:00082576v
4,v,cooc,,light,illuminare,beleuchten,0.209,1,bn:00089584v
5,v,cooc,,function,funzionare,funktionieren,0.205,1,bn:00088629v
6,v,cooc,,illuminate,illuminare,beleuchten,0.204,1,bn:00089584v
7,v,cooc,,damage,danneggiare,beschädigen,0.195,1,bn:00086494v
8,v,cooc,,hang,appendere,aufhängen,0.193,1,bn:00089179v
9,v,cooc,,replace,sostituire,ersetzen,0.191,2,bn:00092817v bn:00087802v
10,v,cooc,,break,rompere,brechen,0.161,2,bn:00083904v bn:00083950v
11,v,cooc,,topple,cadere,fallen,0.148,0,
12,v,cooc,,work,funzionare,funktionieren,0.122,1,bn:00088629v
13,v,cooc,,notice,notare,bemerken,0.107,0,
14,v,cooc,,knock,colpire,stoßen,0.099,0,
15,v,cooc,,report,segnalare,melden,0.083,0,
1,v,cooc,WEAK,cast,buttare,werfen,,,
2,v,cooc,WEAK,connect,collegare,schalten,,,
3,v,cooc,WEAK,consume,distruggere,verbrauchen,,,
4,v,cooc,WEAK,extinguish,spegnere,zerstören,,,
5,v,cooc,WEAK,fit,impiantare,montieren,,,
6,v,cooc,WEAK,fix,fissare,befestigen,,,
7,v,cooc,WEAK,maintain,conservare,unterhalten,,,
8,v,cooc,WEAK,pop,mettere,knallen,,,
9,v,cooc,WEAK,position,posizionare,aufstellen,,,
10,v,cooc,WEAK,project,progettare,planen,,,
11,v,cooc,WEAK,throw,buttare,werfen,,,
