idx_group,pos,rel,weak,lex_en,lex_it,lex_de,score,bs_count,babel_synsets
0,n,head,,sherd fragment shard,coccio,Scherbe,,1,bn:00036166n
1,n,sim,,splinter,scheggia,Splitter,0.18,1,bn:00072194n
2,n,sim,,debris,detrito,Trümmer,0.165,1,bn:00025634n
3,n,sim,,crystal,cristallo,Kristall,0.135,3,bn:00024212n bn:00024209n bn:00024213n
4,n,sim,,cluster,mazzo,Haufen,0.133,0,
5,n,sim,,crockery,vasellame,Geschirr,0.131,1,bn:00023891n
6,n,sim,,shell,guscio,Schale,0.129,0,
7,n,sim,,tableware,vasellame,Geschirr,0.128,0,
8,n,sim,,bone,osso,Knochen,0.127,1,bn:00011999n
9,n,sim,,stone,sasso,Stein,0.125,2,bn:00068046n bn:00068045n
10,n,sim,,pebble,ciottolo,Kiesel,0.123,0,
11,n,sim,,grain,granello,Korn,0.121,0,
12,n,sim,,fragment,frammento,Fragment,0.116,2,bn:00010727n bn:00036165n
13,n,sim,,rubble,detrito,Schutt,0.115,1,bn:00025634n
14,n,sim,,bead,perlina,Korn,0.111,0,
15,n,sim,,brick,mattone,Ziegel,0.111,1,bn:00013047n
16,n,sim,,scrap,rottame,Schrott,0.107,0,
17,n,sim,,pottery,ceramica,Keramik,0.1,1,bn:00017267n
18,n,sim,,shred,brandello,Fetzen,0.098,0,
19,n,sim,,container,recipiente,Gefäß,0.097,1,bn:13865112n
20,n,sim,,dinnerware,stoviglie,Geschirr,0.097,0,
21,n,sim,,crumb,briciola,Krümel,0.095,0,
22,n,sim,,dagger,pugnale,Dolch,0.095,1,bn:00025007n
23,n,sim,,seashell,conchiglia,Muschel,0.095,1,bn:00070052n
24,n,sim,,boulder,masso,Felsbrocken,0.091,0,
25,n,sim,,artefact,manufatto,Artefakt,0.09,1,bn:00005956n
26,n,sim,,vase,vaso,Vase,0.09,1,bn:00079628n
27,n,sim,,porcelain,porcellana,Porzellan,0.087,1,bn:00063607n
28,n,sim,,gravel,ghiaia,Kies,0.086,1,bn:00024145n
29,n,sim,,ash,cenere,Asche,0.085,2,bn:02007587n bn:17381137n
30,n,sim,,dishware,stoviglie,Geschirr,0.085,2,bn:00023891n bn:00075834n
31,n,sim,,tile,piastrella,Fliese,0.084,1,bn:21705914n
32,n,sim,,rubbish,spazzatura,Müll,0.083,4,bn:00080543n bn:00035670n bn:00068465n bn:00051570n
33,n,sim,,speck,granello,Korn,0.083,0,
34,n,sim,,clay,argilla,Lehm,0.081,1,bn:00019624n
35,n,sim,,mosaic,mosaico,Mosaik,0.08,2,bn:00055962n bn:00005626n
36,n,sim,,plastic,plastica,Plastik,0.075,1,bn:00062856n
37,n,sim,,straw,paglia,Stroh,0.074,1,bn:00074572n
38,n,sim,,lump,grumo,Klumpen,0.073,0,
39,n,sim,,husk,guscio,Schale,0.072,0,
40,n,sim,,marble,marmo,Marmor,0.072,1,bn:00053338n
41,n,sim,,pellet,pallina,Kugel,0.072,0,
42,n,sim,,find,reperto,Fund,0.071,0,
43,n,sim,,knife,coltello,Messer,0.071,1,bn:00049322n
44,n,sim,,nail,chiodo,Nagel,0.07,1,bn:00056728n
45,n,sim,,plaster,gesso,Pflaster,0.07,0,
46,n,sim,,bottle,bottiglia,Flasche,0.068,2,bn:00012340n bn:00012339n
47,n,sim,,bunch,mazzo,Haufen,0.066,0,
48,n,sim,,fabric,stoffa,Tuch,0.066,0,
49,n,sim,,beaker,coppa,Becher,0.064,0,
50,n,sim,,mortar,mortaio,Mörtel,0.062,0,
51,n,sim,,silverware,argenteria,Besteck,0.057,0,
1,n,sim,WEAK,blade,coltello,Klinge,,,
2,n,sim,WEAK,block,masso,Stein,,,
3,n,sim,WEAK,can,lattina,Eimer,,,
4,n,sim,WEAK,chalk,gesso,Kalkstein,,,
5,n,sim,WEAK,dirt,immondizia,Schmutz,,,
6,n,sim,WEAK,dust,spazzatura,Staub,,,
7,n,sim,WEAK,gem,gemma,Edelstein,,,
8,n,sim,WEAK,grit,ghiaia,Sand,,,
9,n,sim,WEAK,jewel,gemma,Edelstein,,,
10,n,sim,WEAK,jug,boccale,Krug,,,
11,n,sim,WEAK,junk,rottame,Kram,,,
12,n,sim,WEAK,material,stoffa,Zeug,,,
13,n,sim,WEAK,particle,pezzettino,Partikel,,,
14,n,sim,WEAK,piece,pezzetto,Stein,,,
15,n,sim,WEAK,plate,lastra,Teller,,,
16,n,sim,WEAK,rag,straccio,Fetzen,,,
17,n,sim,WEAK,relic,cimelio,Relikt,,,
18,n,sim,WEAK,rock,masso,Fels,,,
19,n,sim,WEAK,sheet,lastra,Blech,,,
20,n,sim,WEAK,sherd,frammento,Schere,,,
21,n,sim,WEAK,sliver,scheggia,Schnitzel,,,
22,n,sim,WEAK,snippet,frammento,Schnipsel,,,
23,n,sim,WEAK,spike,spuntone,Dorn,,,
24,n,sim,WEAK,stick,bastone,Zweig,,,
25,n,sim,WEAK,utensil,utensile,Gebrauchsgegenstand,,,
26,n,sim,WEAK,wreckage,relitto,Trümmer,,,
1,n,cooc,,splinter,scheggia,Splitter,0.599,1,bn:00072194n
2,n,cooc,,pottery,ceramica,Keramik,0.501,1,bn:00017267n
3,n,cooc,,sherd,frammento,Scherbe,0.468,0,
4,n,cooc,,chip,scheggia,Splitter,0.454,2,bn:00010727n bn:00017987n
5,n,cooc,,fragment,frammento,Fragment,0.447,2,bn:00010727n bn:00036165n
6,n,cooc,,bone,osso,Knochen,0.418,1,bn:00011999n
7,n,cooc,,coin,moneta,Münze,0.379,1,bn:00020497n
8,n,cooc,,pot,pentola,Topf,0.358,3,bn:00022422n bn:00069352n bn:00063820n
9,n,cooc,,find,reperto,Fund,0.355,0,
10,n,cooc,,brick,mattone,Ziegel,0.342,1,bn:00013047n
11,n,cooc,,glass,vetro,Glas,0.303,1,bn:00040605n
12,n,cooc,,bottle,bottiglia,Flasche,0.299,2,bn:00012340n bn:00012339n
13,n,cooc,,stone,pietra,Stein,0.294,2,bn:00068046n bn:00068045n
14,n,cooc,,remnant,resto,Rest,0.282,1,bn:00050539n
15,n,cooc,,piece,pezzo,Stück,0.265,2,bn:00062299n bn:00062297n
16,n,cooc,,clay,argilla,Ton,0.232,1,bn:00019624n
17,n,cooc,,jar,vaso,Glas,0.225,1,bn:00048023n
18,n,cooc,,lump,pezzo,Stück,0.209,0,
19,n,cooc,,length,pezzo,Stück,0.195,0,
20,n,cooc,,bit,pezzo,Stück,0.19,0,
21,n,cooc,,object,oggetto,Gegenstand,0.144,1,bn:09067735n
1,n,cooc,WEAK,dust,polvere,Müll,,,
2,n,cooc,WEAK,gravel,ghiaia,Geröll,,,
3,n,cooc,WEAK,scrap,pezzo,Schrott,,,
4,n,cooc,WEAK,shred,frammento,Fetzen,,,
5,n,cooc,WEAK,urn,vaso,Urne,,,
6,n,cooc,WEAK,vessel,vaso,Gefäß,,,
1,adj,cooc,,broken,rotto,gebrochen,0.329,0,
2,adj,cooc,,sharp,tagliente,scharf,0.311,0,
3,adj,cooc,,sharp-edged,tagliente,scharf,0.311,0,
4,adj,cooc,,prehistoric,preistorico,prähistorisch,0.306,0,
5,adj,cooc,,tiny,minuscolo,winzig,0.289,1,bn:00098029a
1,adj,cooc,WEAK,small,minuscolo,wenig,,,
1,v,cooc,,shatter,frantumare,zerbrechen,0.392,0,
2,v,cooc,,sweep,spazzare,fegen,0.312,0,
3,v,cooc,,paste,incollare,kleben,0.307,0,
4,v,cooc,,glue,incollare,kleben,0.282,0,
5,v,cooc,,stick,incollare,kleben,0.276,0,
6,v,cooc,,collect,raccogliere,sammeln,0.254,1,bn:00082246v
7,v,cooc,,gather,raccogliere,sammeln,0.246,0,
8,v,cooc,,carve,tagliare,schneiden,0.238,0,
9,v,cooc,,recover,recuperare,bergen,0.224,0,
10,v,cooc,,break,rompere,brechen,0.22,2,bn:00083950v bn:00083904v
11,v,cooc,,slice,tagliare,schneiden,0.2,0,
12,v,cooc,,reconstruct,ricostruire,rekonstruieren,0.195,1,bn:00092471v
13,v,cooc,,pick,raccogliere,sammeln,0.188,1,bn:00086141v
14,v,cooc,,cut,tagliare,schneiden,0.186,1,bn:00086178v
15,v,cooc,,remain,rimanere,bleiben,0.142,3,bn:00091562v bn:00092756v bn:00085719v
16,v,cooc,,find,ritrovare,finden,0.119,1,bn:00088204v
17,v,cooc,,toss,gettare,werfen,0.084,0,
18,v,cooc,,throw,gettare,werfen,0.082,1,bn:00094934v
19,v,cooc,,cast,lanciare,werfen,0.047,1,bn:00094934v
1,v,cooc,WEAK,appear,spuntare,stehen,,,
2,v,cooc,WEAK,assemble,assemblare,sammeln,,,
3,v,cooc,WEAK,cause,mettere,verursachen,,,
4,v,cooc,WEAK,crush,frantumare,zerschlagen,,,
5,v,cooc,WEAK,discover,ritrovare,entdecken,,,
6,v,cooc,WEAK,drop,lanciare,fallen,,,
7,v,cooc,WEAK,fling,lanciare,schleudern,,,
8,v,cooc,WEAK,float,lanciare,wandern,,,
9,v,cooc,WEAK,grasp,impugnare,greifen,,,
10,v,cooc,WEAK,hurl,lanciare,schleudern,,,
11,v,cooc,WEAK,lie,rimanere,liegen,,,
12,v,cooc,WEAK,retrieve,riparare,bergen,,,
13,v,cooc,WEAK,send,lanciare,schleudern,,,
14,v,cooc,WEAK,shower,versare,regnen,,,
