idx_group,pos,rel,weak,lex_en,lex_it,lex_de,score,bs_count,babel_synsets
0,n,head,,vertigo lightheadedness dizziness,vertigine giramento_di_testa capogiro,Benommenheitsgefühl Schwindel Schwindelgefühl,,1,bn:00027951n
1,n,sim,,nausea,nausea,Übelkeit,0.519,1,bn:00057034n
2,n,sim,,light-headedness,stordimento,Benommenheit,0.513,0,
3,n,sim,,palpitation,palpitazione,Herzklopfen,0.453,1,bn:00060324n
4,n,sim,,insomnia,insonnia,Schlaflosigkeit,0.403,1,bn:00046918n
5,n,sim,,tiredness,stanchezza,Müdigkeit,0.396,1,bn:00033794n
6,n,sim,,drowsiness,sonnolenza,Schläfrigkeit,0.394,1,bn:00028869n
7,n,sim,,irritability,irritabilità,Reizbarkeit,0.387,1,bn:00010390n
8,n,sim,,sickness,nausea,Übelkeit,0.376,1,bn:00057034n
9,n,sim,,cramp,crampo,Krampf,0.363,1,bn:00023517n
10,n,sim,,lightheadedness,stordimento,Benommenheit,0.359,1,bn:00027951n
11,n,sim,,diarrhea,diarrea,Durchfall,0.358,1,bn:00026886n
12,n,sim,,queasiness,nausea,Übelkeit,0.352,0,
13,n,sim,,sleepiness,sonnolenza,Schläfrigkeit,0.352,1,bn:00028869n
14,n,sim,,fatigue,stanchezza,Müdigkeit,0.35,1,bn:00033794n
15,n,sim,,sleeplessness,insonnia,Schlaflosigkeit,0.339,2,bn:00072125n bn:00046918n
16,n,sim,,diarrhoea,diarrea,Durchfall,0.338,1,bn:00026886n
17,n,sim,,giddiness,vertigine,Schwindel,0.325,1,bn:00027951n
18,n,sim,,tremor,tremore,Zittern,0.323,1,bn:00078162n
19,n,sim,,convulsion,convulsione,Krampf,0.322,0,
20,n,sim,,constipation,stipsi,Verstopfung,0.321,1,bn:00022047n
21,n,sim,,dizziness,capogiro,Schwindel,0.319,1,bn:00027951n
22,n,sim,,vertigo,vertigine,Schwindel,0.319,1,bn:00027951n
23,n,sim,,somnolence,sonnolenza,Schläfrigkeit,0.317,1,bn:00028869n
24,n,sim,,migraine,emicrania,Migräne,0.315,1,bn:00043656n
25,n,sim,,grogginess,stordimento,Benommenheit,0.309,0,
26,n,sim,,shakiness,tremore,Zittern,0.3,0,
27,n,sim,,malaise,malessere,Unwohlsein,0.298,1,bn:00052941n
28,n,sim,,anorexia,anoressia,Appetitlosigkeit,0.282,1,bn:00004425n
29,n,sim,,spasm,spasmo,Krampf,0.279,1,bn:00023517n
30,n,sim,,tremulousness,tremore,Zittern,0.274,0,
31,n,sim,,cough,tosse,Husten,0.273,1,bn:00023108n
32,n,sim,,prostration,spossatezza,Erschöpfung,0.272,0,
33,n,sim,,hallucination,allucinazione,Halluzination,0.267,1,bn:00042680n
34,n,sim,,nervousness,nervosismo,Nervosität,0.266,0,
35,n,sim,,emesis,vomito,Erbrechen,0.265,1,bn:00027565n
36,n,sim,,excitability,irritabilità,Reizbarkeit,0.265,0,
37,n,sim,,vomitting,vomito,Erbrechen,0.265,0,
38,n,sim,,fever,febbre,Fieber,0.252,1,bn:00033883n
39,n,sim,,restlessness,irrequietezza,Unruhe,0.246,1,bn:00065628n
40,n,sim,,weariness,stanchezza,Müdigkeit,0.246,1,bn:00033794n
41,n,sim,,tachycardia,tachicardia,Tachykardie,0.239,1,bn:00075851n
42,n,sim,,pruritus,prurito,Juckreiz,0.238,1,bn:00047727n
43,n,sim,,itchiness,prurito,Juckreiz,0.23,1,bn:00047727n
44,n,sim,,paleness,pallore,Blässe,0.225,1,bn:00000892n
45,n,sim,,numbness,intorpidimento,Taubheit,0.224,0,
46,n,sim,,pallor,pallore,Blässe,0.219,1,bn:00000892n
47,n,sim,,paralysis,paralisi,Lähmung,0.218,1,bn:00060326n
48,n,sim,,jitteriness,nervosismo,Nervosität,0.216,0,
49,n,sim,,swelling,gonfiore,Schwellung,0.216,0,
50,n,sim,,pruritis,prurito,Juckreiz,0.214,0,
51,n,sim,,hypertension,ipertensione,Bluthochdruck,0.212,1,bn:00044056n
52,n,sim,,itch,prurito,Juckreiz,0.204,1,bn:00047727n
53,n,sim,,ache,dolore,Schmerz,0.201,2,bn:00000859n bn:00060182n
54,n,sim,,breathlessness,affanno,Atemlosigkeit,0.198,0,
55,n,sim,,listlessness,svogliatezza,Lustlosigkeit,0.194,0,
56,n,sim,,anemia,anemia,Anämie,0.189,1,bn:00003750n
57,n,sim,,flatulence,flatulenza,Blähung,0.189,1,bn:00035120n
58,n,sim,,irritation,irritazione,Reizung,0.187,0,
59,n,sim,,uneasiness,malessere,Unbehagen,0.184,1,bn:00052941n
60,n,sim,,salivation,salivazione,Speichelfluss,0.18,0,
61,n,sim,,asthma,asma,Asthma,0.178,1,bn:00006617n
62,n,sim,,bleeding,emorragia,Blutung,0.174,1,bn:00011193n
63,n,sim,,anaemia,anemia,Anämie,0.169,1,bn:00003750n
64,n,sim,,epilepsy,epilessia,Epilepsie,0.167,1,bn:00031189n
65,n,sim,,palsy,paralisi,Lähmung,0.167,2,bn:00060327n bn:00060326n
66,n,sim,,apathy,apatia,Apathie,0.166,2,bn:00004839n bn:00004840n
67,n,sim,,bronchitis,bronchite,Bronchitis,0.161,1,bn:00013313n
68,n,sim,,colic,colica,Kolik,0.161,1,bn:00020580n
69,n,sim,,arthritis,artrite,Arthritis,0.16,1,bn:00006073n
70,n,sim,,depression,depressione,Depression,0.16,6,bn:00019823n bn:00026407n bn:00026405n bn:00026404n bn:00026402n bn:00026403n
71,n,sim,,conjunctivitis,congiuntivite,Bindehautentzündung,0.157,1,bn:00021888n
72,n,sim,,allergy,allergia,Allergie,0.156,1,bn:00002842n
73,n,sim,,anxiety,ansia,Ängstlichkeit,0.154,0,
74,n,sim,,intoxication,ebbrezza,Vergiftung,0.154,0,
75,n,sim,,cold,raffreddore,Erkältung,0.152,1,bn:00020534n
76,n,sim,,hyperactivity,iperattività,Hyperaktivität,0.151,1,bn:00045475n
77,n,sim,,rheumatism,reumatismo,Rheuma,0.148,1,bn:00006978n
78,n,sim,,cystitis,cistite,Blasenentzündung,0.147,1,bn:00024886n
79,n,sim,,dysfunction,disfunzione,Funktionsstörung,0.145,0,
80,n,sim,,hoarseness,raucedine,Heiserkeit,0.144,1,bn:00041995n
81,n,sim,,impotence,impotenza,Impotenz,0.144,2,bn:00046155n bn:00029719n
82,n,sim,,helplessness,impotenza,Ohnmacht,0.139,0,
83,n,sim,,confusion,confusione,Verwirrung,0.138,1,bn:00021788n
84,n,sim,,psychosis,psicosi,Psychose,0.137,1,bn:00065039n
85,n,sim,,sadness,tristezza,Traurigkeit,0.135,2,bn:00068783n bn:00068782n
86,n,sim,,hemorrhage,emorragia,Blutung,0.133,1,bn:00011193n
87,n,sim,,deafness,sordità,Taubheit,0.129,1,bn:00025552n
88,n,sim,,dementia,demenza,Demenz,0.121,1,bn:00026119n
89,n,sim,,osteoarthritis,artrosi,Arthrose,0.116,1,bn:00025962n
90,n,sim,,sunburn,scottatura,Sonnenbrand,0.104,0,
91,n,sim,,schizophrenia,schizofrenia,Schizophrenie,0.097,1,bn:00026120n
92,n,sim,,pain,dolore,Schmerz,0.089,2,bn:00060182n bn:00060181n
93,n,sim,,malnutrition,malnutrizione,Unterernährung,0.076,1,bn:00053028n
1,n,sim,WEAK,agitation,agitazione,Unruhe,,,
2,n,sim,WEAK,delusion,allucinazione,Täuschung,,,
3,n,sim,WEAK,disorder,disturbo,Funktionsstörung,,,
4,n,sim,WEAK,distress,angoscia,Schmerz,,,
5,n,sim,WEAK,disturbance,disturbo,Unruhe,,,
6,n,sim,WEAK,dullness,noia,Mattheit,,,
7,n,sim,WEAK,faintness,debolezza,Mattheit,,,
8,n,sim,WEAK,fatigability,affaticabilità,Ermüdbarkeit,,,
9,n,sim,WEAK,inappetence,inappetenza,Lustlosigkeit,,,
10,n,sim,WEAK,indigestion,indigestione,Magenverstimmung,,,
11,n,sim,WEAK,lassitude,stanchezza,Mattigkeit,,,
12,n,sim,WEAK,perplexity,complicazione,Verwirrung,,,
13,n,sim,WEAK,rash,eruzione,Ausschlag,,,
14,n,sim,WEAK,rigidity,rigidità,Unbeweglichkeit,,,
15,n,sim,WEAK,soreness,indolenzimento,Schmerz,,,
16,n,sim,WEAK,stupor,stupore,Benommenheit,,,
17,n,sim,WEAK,upset,disturbo,Verstimmung,,,
18,n,sim,WEAK,weakness,debolezza,Kraftlosigkeit,,,
1,n,cooc,,nausea,nausea,Übelkeit,0.689,1,bn:00057034n
2,n,cooc,,drowsiness,sonnolenza,Schläfrigkeit,0.613,1,bn:00028869n
3,n,cooc,,lightheadedness,stordimento,Benommenheit,0.603,1,bn:00027951n
4,n,cooc,,diarrhea,diarrea,Durchfall,0.598,1,bn:00026886n
5,n,cooc,,palpitation,palpitazione,Herzklopfen,0.595,1,bn:00060324n
6,n,cooc,,shakiness,tremore,Zittern,0.576,0,
7,n,cooc,,wooziness,stordimento,Benommenheit,0.575,0,
8,n,cooc,,tiredness,stanchezza,Müdigkeit,0.569,1,bn:00033794n
9,n,cooc,,light-headedness,stordimento,Benommenheit,0.561,0,
10,n,cooc,,diarrhoea,diarrea,Durchfall,0.544,1,bn:00026886n
11,n,cooc,,somnolence,sonnolenza,Schläfrigkeit,0.544,1,bn:00028869n
12,n,cooc,,weakness,debolezza,Schwäche,0.534,0,
13,n,cooc,,sleepiness,sonnolenza,Schläfrigkeit,0.533,1,bn:00028869n
14,n,cooc,,dizziness,capogiro,Schwindel,0.521,1,bn:00027951n
15,n,cooc,,emesis,vomito,Erbrechen,0.521,1,bn:00027565n
16,n,cooc,,faint,svenimento,Ohnmacht,0.513,1,bn:00026056n
17,n,cooc,,tremor,tremore,Zittern,0.51,1,bn:00078162n
18,n,cooc,,cramp,crampo,Krampf,0.509,1,bn:00023517n
19,n,cooc,,insomnia,insonnia,Schlaflosigkeit,0.505,1,bn:00046918n
20,n,cooc,,migraine,emicrania,Migräne,0.477,1,bn:00043656n
21,n,cooc,,blackout,svenimento,Ohnmachtsanfall,0.473,1,bn:00026056n
22,n,cooc,,vertigo,vertigine,Schwindel,0.465,1,bn:00027951n
23,n,cooc,,faintness,debolezza,Schwäche,0.463,0,
24,n,cooc,,malaise,malessere,Unwohlsein,0.454,1,bn:00052941n
25,n,cooc,,sleeplessness,insonnia,Schlaflosigkeit,0.449,2,bn:00072125n bn:00046918n
26,n,cooc,,constipation,stipsi,Verstopfung,0.445,1,bn:00022047n
27,n,cooc,,paleness,pallore,Blässe,0.444,1,bn:00000892n
28,n,cooc,,breathlessness,affanno,Kurzatmigkeit,0.434,0,
29,n,cooc,,disorientation,disorientamento,Orientierungslosigkeit,0.434,0,
30,n,cooc,,fever,febbre,Fieber,0.431,1,bn:00033883n
31,n,cooc,,hallucination,allucinazione,Halluzination,0.428,1,bn:00042680n
32,n,cooc,,fatigue,fatica,Müdigkeit,0.427,4,bn:00050088n bn:00033794n bn:00051518n bn:00046234n
33,n,cooc,,convulsion,convulsione,Krampf,0.419,0,
34,n,cooc,,unconsciousness,incoscienza,Bewusstlosigkeit,0.415,1,bn:00078969n
35,n,cooc,,nervousness,nervosismo,Nervosität,0.413,0,
36,n,cooc,,paralysis,paralisi,Lähmung,0.41,1,bn:00060326n
37,n,cooc,,irritability,irritabilità,Reizbarkeit,0.408,1,bn:00010390n
38,n,cooc,,spasm,spasmo,Krampf,0.406,1,bn:00023517n
39,n,cooc,,impotence,impotenza,Ohnmacht,0.404,0,
40,n,cooc,,pallor,pallore,Blässe,0.403,1,bn:00000892n
41,n,cooc,,giddiness,vertigine,Schwindel,0.387,1,bn:00027951n
42,n,cooc,,palsy,paralisi,Lähmung,0.38,2,bn:00060327n bn:00060326n
43,n,cooc,,restlessness,irrequietezza,Unruhe,0.372,1,bn:00065628n
44,n,cooc,,ache,dolore,Schmerz,0.343,2,bn:00000859n bn:00060182n
45,n,cooc,,pain,dolore,Schmerz,0.34,2,bn:00060182n bn:00060181n
46,n,cooc,,sensation,sensazione,Gefühl,0.322,1,bn:00070494n
47,n,cooc,,symptom,sintomo,Symptom,0.304,2,bn:00075683n bn:00075684n
48,n,cooc,,cough,tosse,Husten,0.298,1,bn:00023108n
49,n,cooc,,epilepsy,epilessia,Epilepsie,0.29,1,bn:00031189n
50,n,cooc,,feeling,sensazione,Gefühl,0.275,2,bn:00033965n bn:00033963n
51,n,cooc,,anxiety,ansia,Angst,0.269,1,bn:00004801n
52,n,cooc,,distress,dolore,Schmerz,0.232,1,bn:03249427n
53,n,cooc,,problem,problema,Problem,0.126,3,bn:00064527n bn:00064526n bn:00048242n
1,n,cooc,WEAK,agitation,agitazione,Unruhe,,,
2,n,cooc,WEAK,disease,male,Erkrankung,,,
3,n,cooc,WEAK,disturbance,disturbo,Unruhe,,,
4,n,cooc,WEAK,heaviness,sonnolenza,Tiefe,,,
5,n,cooc,WEAK,irritation,irritazione,Gereiztheit,,,
6,n,cooc,WEAK,numbness,torpore,Benommenheit,,,
7,n,cooc,WEAK,onset,attacco,Anfang,,,
8,n,cooc,WEAK,puffiness,gonfiore,Kurzatmigkeit,,,
9,n,cooc,WEAK,rash,eruzione,Hautausschlag,,,
10,n,cooc,WEAK,seizure,attacco,Einnahme,,,
11,n,cooc,WEAK,sickness,male,Übelkeit,,,
12,n,cooc,WEAK,soreness,irritazione,Schmerz,,,
13,n,cooc,WEAK,upset,disturbo,Verstimmung,,,
1,adj,cooc,,paroxysmal,parossistico,paroxysmal,0.605,1,bn:00108284a
2,adj,cooc,,cervical,cervicale,zervikal,0.348,0,
3,adj,cooc,,peripheral,periferico,peripher,0.273,0,
4,adj,cooc,,sudden,improvviso,plötzlich,0.254,1,bn:00111415a
5,adj,cooc,,acute,acuto,akut,0.227,1,bn:00096407a
6,adj,cooc,,recurrent,ricorrente,wiederkehrend,0.225,1,bn:00108441a
7,adj,cooc,,severe,severo,stark,0.212,0,
8,adj,cooc,,frequent,frequente,häufig,0.187,0,
9,adj,cooc,,chronic,cronico,chronisch,0.112,0,
1,adj,cooc,WEAK,mild,dolce,leicht,,,
1,v,cooc,,cause,causare,verursachen,0.299,0,
2,v,cooc,,attack,assalire,überfallen,0.258,0,
3,v,cooc,,provoke,provocare,provozieren,0.242,0,
4,v,cooc,,suffer,soffrire,leiden,0.241,1,bn:00082138v
5,v,cooc,,seize,prendere,ergreifen,0.199,1,bn:00085207v
6,v,cooc,,disappear,scomparire,verschwinden,0.178,1,bn:00086880v
7,v,cooc,,battle,combattere,kämpfen,0.133,1,bn:00083173v
8,v,cooc,,feel,sentire,fühlen,0.127,0,
9,v,cooc,,accompany,accompagnare,begleiten,0.113,1,bn:00082222v
10,v,cooc,,combat,combattere,bekämpfen,0.104,0,
11,v,cooc,,fight,combattere,kämpfen,0.093,1,bn:00085711v
12,v,cooc,,prevent,evitare,vorbeugen,0.089,0,
13,v,cooc,,avoid,evitare,vermeiden,0.035,1,bn:00082958v
1,v,cooc,WEAK,alleviate,attenuare,lindern,,,
2,v,cooc,WEAK,appear,comparire,auftreten,,,
3,v,cooc,WEAK,assail,assalire,befallen,,,
4,v,cooc,WEAK,conquer,vincere,besiegen,,,
5,v,cooc,WEAK,ease,attenuare,lindern,,,
6,v,cooc,WEAK,include,includere,erfassen,,,
7,v,cooc,WEAK,induce,indurre,hervorrufen,,,
8,v,cooc,WEAK,occur,presentare,auftreten,,,
9,v,cooc,WEAK,overcome,vincere,überwinden,,,
10,v,cooc,WEAK,overtake,cogliere,überfallen,,,
11,v,cooc,WEAK,release,lasciare,lösen,,,
12,v,cooc,WEAK,risk,rischiare,einsetzen,,,
13,v,cooc,WEAK,treat,regalare,behandeln,,,
