idx_group,pos,rel,weak,lex_en,lex_it,lex_de,score,bs_count,babel_synsets
0,n,head,,accountant controller comptroller,commercialista computista ragioneria,Auditor Buchhalter Buchprüfer,,1,bn:00000753n
1,n,sim,,pharmacist,farmacista,Apotheker,0.236,1,bn:00004992n
2,n,sim,,engineer,ingegnere,Ingenieur,0.225,1,bn:00005106n
3,n,sim,,banker,banchiere,Banker,0.218,2,bn:00008407n bn:00008406n
4,n,sim,,planner,progettista,Planer,0.217,0,
5,n,sim,,consultant,consulente,Berater,0.213,1,bn:00001598n
6,n,sim,,advisor,consulente,Berater,0.209,1,bn:00001598n
7,n,sim,,architect,architetto,Architekt,0.207,1,bn:00005435n
8,n,sim,,technician,tecnico,Techniker,0.201,1,bn:00076338n
9,n,sim,,lawyer,avvocato,Anwalt,0.2,2,bn:00008722n bn:00007051n
10,n,sim,,surgeon,chirurgo,Chirurg,0.199,1,bn:00059122n
11,n,sim,,programmer,programmatore,Programmierer,0.198,1,bn:00020358n
12,n,sim,,electrician,elettricista,Elektriker,0.192,1,bn:00030191n
13,n,sim,,counselor,consigliere,Berater,0.188,1,bn:00023137n
14,n,sim,,educator,educatore,Erzieher,0.188,1,bn:00046958n
15,n,sim,,assistant,assistente,Assistentin,0.187,0,
16,n,sim,,manager,manager,Betriebsleiter,0.187,0,
17,n,sim,,translator,traduttore,Übersetzer,0.186,1,bn:00078013n
18,n,sim,,advocate,avvocato,Anwalt,0.184,0,
19,n,sim,,appraiser,perito,Gutachter,0.184,0,
20,n,sim,,supervisor,supervisore,Supervisor,0.184,1,bn:00075310n
21,n,sim,,economist,economista,Wirtschaftswissenschaftler,0.181,1,bn:00029667n
22,n,sim,,mechanic,meccanico,Mechaniker,0.179,1,bn:00052573n
23,n,sim,,adviser,consigliere,Berater,0.178,1,bn:00001598n
24,n,sim,,inspector,ispettore,Inspektor,0.177,1,bn:00046922n
25,n,sim,,nurse,infermiera,Krankenschwester,0.176,2,bn:00056797n bn:00058325n
26,n,sim,,editor,editore,Lektor,0.175,0,
27,n,sim,,notary,notaio,Notar,0.165,1,bn:00058140n
28,n,sim,,scientist,scienziato,Naturwissenschaftler,0.165,0,
29,n,sim,,secretary,segretario,Sekretärin,0.164,1,bn:27270149n
30,n,sim,,chemist,chimico,Chemiker,0.16,1,bn:00018131n
31,n,sim,,plumber,idraulico,Klempner,0.157,1,bn:00062576n
32,n,sim,,caregiver,assistente,Pflegekraft,0.156,0,
33,n,sim,,farmer,agricoltore,Farmer,0.152,1,bn:00033687n
34,n,sim,,counsellor,consigliere,Berater,0.148,1,bn:00023137n
35,n,sim,,mentor,mentore,Mentor,0.14,1,bn:00054392n
36,n,sim,,accountant,ragioniere,Buchhalter,0.128,1,bn:00000753n
37,n,sim,,physiotherapist,fisioterapista,Physiotherapeut,0.124,1,bn:00062171n
38,n,sim,,cook,cuoco,Köchin,0.121,1,bn:00022407n
39,n,sim,,installer,installatore,Installateur,0.112,0,
40,n,sim,,secretario,segretario,Sekretärin,0.11,0,
41,n,sim,,archivist,archivista,Archivar,0.088,1,bn:00005450n
1,n,sim,WEAK,accountants,contabili,Buchhalter,,,
2,n,sim,WEAK,administrator,amministratore,Verwaltungsbeamte,,,
3,n,sim,WEAK,analyst,analista,Chemiker,,,
4,n,sim,WEAK,attendant,compagno,Aufseher,,,
5,n,sim,WEAK,bailiff,amministratore,Gerichtsvollzieher,,,
6,n,sim,WEAK,builder,costruttore,Bauarbeiter,,,
7,n,sim,WEAK,clerk,impiegato,Büroangestellte,,,
8,n,sim,WEAK,collector,collezionista,Kassierer,,,
9,n,sim,WEAK,contractor,imprenditore,Auftragnehmer,,,
10,n,sim,WEAK,designer,designer,Konstrukteur,,,
11,n,sim,WEAK,director,direttore,Intendant,,,
12,n,sim,WEAK,driver,autista,Kraftfahrer,,,
13,n,sim,WEAK,expert,perito,Fachmann,,,
14,n,sim,WEAK,judge,giudice,Kampfrichter,,,
15,n,sim,WEAK,keeper,infermiere,Aufseher,,,
16,n,sim,WEAK,lecturer,docente,Hochschullehrer,,,
17,n,sim,WEAK,professor,professore,Dozentin,,,
18,n,sim,WEAK,referee,giudice,Kampfrichter,,,
19,n,sim,WEAK,seller,venditore,Verkäuferin,,,
20,n,sim,WEAK,staff,personale,Lehrpersonal,,,
21,n,sim,WEAK,superintendent,provveditore,Inspektor,,,
22,n,sim,WEAK,teacher,insegnante,Erzieher,,,
23,n,sim,WEAK,trader,commerciante,Geschäftsmann,,,
24,n,sim,WEAK,treasurer,tesoriere,Kassierer,,,
25,n,sim,WEAK,trustee,amministratore,Treuhänder,,,
26,n,sim,WEAK,tutor,docente,Tutor,,,
27,n,sim,WEAK,warden,direttore,Aufseher,,,
28,n,sim,WEAK,writer,scrittore,Texter,,,
1,n,cooc,,lawyer,avvocato,Rechtsanwalt,0.544,2,bn:00008722n bn:00007051n
2,n,cooc,,solicitor,avvocato,Rechtsanwalt,0.501,0,
3,n,cooc,,advisor,consulente,Berater,0.468,1,bn:00001598n
4,n,cooc,,consultant,consulente,Berater,0.464,1,bn:00001598n
5,n,cooc,,accounting,contabilità,Buchhaltung,0.452,0,
6,n,cooc,,engineer,ingegnere,Ingenieur,0.436,1,bn:00005106n
7,n,cooc,,notary,notaio,Notar,0.43,1,bn:00058140n
8,n,cooc,,accountancy,contabilità,Buchhaltung,0.428,0,
9,n,cooc,,accountant,contabile,Buchhalter,0.428,1,bn:00000753n
10,n,cooc,,valuator,perito,Gutachter,0.425,0,
11,n,cooc,,advocate,avvocato,Anwalt,0.412,0,
12,n,cooc,,treasurer,tesoriere,Kassenwart,0.407,0,
13,n,cooc,,appraiser,perito,Gutachter,0.4,0,
14,n,cooc,,book-keeper,contabile,Buchhalter,0.399,0,
15,n,cooc,,banker,banchiere,Banker,0.396,2,bn:00008407n bn:00008406n
16,n,cooc,,professional,professionista,Professional,0.396,3,bn:00064610n bn:00064500n bn:00032322n
17,n,cooc,,bookkeeper,contabile,Buchhalter,0.393,2,bn:00000753n bn:00012131n
18,n,cooc,,expert,esperto,Experte,0.364,1,bn:00032322n
19,n,cooc,,administrator,amministratore,Verwalter,0.358,1,bn:00001434n
20,n,cooc,,clerk,impiegato,Schreiber,0.358,0,
21,n,cooc,,secretary,segretario,Sekretär,0.352,1,bn:00070168n
22,n,cooc,,association,associazione,Verband,0.336,2,bn:00006539n bn:00020039n
23,n,cooc,,programmer,programmatore,Programmierer,0.32,1,bn:00020358n
24,n,cooc,,architect,architetto,Architekt,0.305,1,bn:00005435n
25,n,cooc,,managers,manager,Manager,0.302,0,
26,n,cooc,,electrician,elettricista,Elektriker,0.296,1,bn:00030191n
27,n,cooc,,economist,economista,Ökonom,0.294,1,bn:00029667n
28,n,cooc,,technician,tecnico,Techniker,0.292,1,bn:00076338n
29,n,cooc,,partner,socio,Teilhaber,0.287,0,
30,n,cooc,,assistant,assistente,Assistent,0.283,0,
31,n,cooc,,institute,istituto,Institut,0.279,1,bn:00046952n
32,n,cooc,,planner,progettista,Planer,0.274,0,
33,n,cooc,,doctor,medico,Arzt,0.271,1,bn:00027976n
34,n,cooc,,duty,servizio,Dienst,0.27,0,
35,n,cooc,,manager,manager,Manager,0.269,4,bn:00027366n bn:00008639n bn:00008810n bn:00020119n
36,n,cooc,,register,registro,Register,0.263,6,bn:00074436n bn:00066890n bn:00066895n bn:00059469n bn:00066891n bn:00066893n
37,n,cooc,,service,servizio,Dienst,0.26,1,bn:00070651n
38,n,cooc,,bureau,ufficio,Büro,0.246,1,bn:00001961n
39,n,cooc,,nurse,infermiere,Krankenschwester,0.245,2,bn:00056797n bn:00058325n
40,n,cooc,,office,ufficio,Büro,0.242,1,bn:00001961n
41,n,cooc,,specialist,specialista,Spezialist,0.241,1,bn:00073206n
42,n,cooc,,profession,professione,Beruf,0.238,2,bn:00064607n bn:00064608n
43,n,cooc,,house,camera,Kammer,0.222,0,
44,n,cooc,,institution,istituto,Institut,0.207,0,
45,n,cooc,,client,cliente,Kunde,0.199,1,bn:00019763n
46,n,cooc,,right,diritto,Recht,0.187,1,bn:00067807n
47,n,cooc,,area,settore,Bereich,0.171,1,bn:00003268n
48,n,cooc,,law,diritto,Recht,0.154,1,bn:00048655n
49,n,cooc,,management,gestione,Management,0.153,2,bn:00027355n bn:00053116n
50,n,cooc,,fellow,membro,Mitglied,0.148,0,
51,n,cooc,,member,membro,Mitglied,0.138,2,bn:00054277n bn:00034004n
52,n,cooc,,control,controllo,Kontrolle,0.114,1,bn:17607444n
1,n,cooc,WEAK,audit,controllo,Prüfung,,,
2,n,cooc,WEAK,board,consiglio,Board,,,
3,n,cooc,WEAK,chairman,presidente,Vorstand,,,
4,n,cooc,WEAK,charge,spesa,Anforderung,,,
5,n,cooc,WEAK,command,controllo,Anweisung,,,
6,n,cooc,WEAK,company,azienda,Begleitung,,,
7,n,cooc,WEAK,counsel,consiglio,Rechtsanwalt,,,
8,n,cooc,WEAK,department,dipartimento,Bereich,,,
9,n,cooc,WEAK,designer,progettista,Konstrukteur,,,
10,n,cooc,WEAK,examination,controllo,Prüfung,,,
11,n,cooc,WEAK,executive,dirigente,Vorstand,,,
12,n,cooc,WEAK,function,ufficio,Aufgabe,,,
13,n,cooc,WEAK,hand,operaio,Hand,,,
14,n,cooc,WEAK,keeper,infermiere,Aufseher,,,
15,n,cooc,WEAK,practitioner,medico,Anwender,,,
16,n,cooc,WEAK,project,studio,Arbeit,,,
17,n,cooc,WEAK,purpose,fine,Aufgabe,,,
18,n,cooc,WEAK,report,servizio,Bericht,,,
19,n,cooc,WEAK,representative,rappresentante,Beauftragte,,,
20,n,cooc,WEAK,salesman,rappresentante,Verkäufer,,,
21,n,cooc,WEAK,station,centro,Posten,,,
22,n,cooc,WEAK,training,tirocinio,Ausbildung,,,
23,n,cooc,WEAK,trustee,curatore,Treuhänder,,,
24,n,cooc,WEAK,unit,nucleo,Verband,,,
1,adj,cooc,,qualified,abilitato,qualifiziert,0.342,0,
2,adj,cooc,,experienced,esperto,erfahren,0.331,1,bn:00102577a
3,adj,cooc,,external,esterno,extern,0.256,0,
4,adj,cooc,,responsible,responsabile,verantwortlich,0.142,0,
5,adj,cooc,,liable,responsabile,verantwortlich,0.111,0,
6,adj,cooc,,accountable,responsabile,verantwortlich,0.086,0,
1,adj,cooc,WEAK,able,capace,kompetent,,,
2,adj,cooc,WEAK,awkward,legato,tollpatschig,,,
3,adj,cooc,WEAK,capable,capace,kompetent,,,
4,adj,cooc,WEAK,competent,competente,kompetent,,,
5,adj,cooc,WEAK,expert,esperto,qualifiziert,,,
6,adj,cooc,WEAK,good,bravo,brav,,,
7,adj,cooc,WEAK,professional,esperto,professionell,,,
8,adj,cooc,WEAK,reliable,fidato,zuverlässig,,,
9,adj,cooc,WEAK,skilled,esperto,ausgebildet,,,
10,adj,cooc,WEAK,sure,fidato,zuverlässig,,,
11,adj,cooc,WEAK,trained,esperto,trainiert,,,
1,v,cooc,,supervise,vigilare,überwachen,0.314,1,bn:00090897v
2,v,cooc,,practise,esercitare,ausüben,0.288,0,
3,v,cooc,,certify,certificare,bestätigen,0.285,0,
4,v,cooc,,practice,esercitare,ausüben,0.248,0,
5,v,cooc,,exercise,esercitare,ausüben,0.243,0,
6,v,cooc,,operate,operare,arbeiten,0.21,0,
7,v,cooc,,consider,ritenere,prüfen,0.203,0,
8,v,cooc,,hire,assumere,einstellen,0.2,1,bn:00087576v
9,v,cooc,,respond,rispondere,antworten,0.163,2,bn:00082646v bn:00092421v
10,v,cooc,,prepare,preparare,bereiten,0.161,0,
11,v,cooc,,keep,ritenere,halten,0.159,0,
12,v,cooc,,calculate,calcolare,rechnen,0.158,1,bn:00084373v
13,v,cooc,,ask,chiedere,fragen,0.148,1,bn:00082819v
14,v,cooc,,hold,ritenere,halten,0.135,0,
15,v,cooc,,engage,impegnare,engagieren,0.132,0,
16,v,cooc,,work,lavorare,arbeiten,0.132,1,bn:00095812v
17,v,cooc,,use,utilizzare,verwenden,0.13,1,bn:00082705v
18,v,cooc,,marry,sposare,heiraten,0.125,1,bn:00085614v
19,v,cooc,,utilize,utilizzare,verwenden,0.124,1,bn:00082705v
20,v,cooc,,murder,uccidere,umbringen,0.122,1,bn:00084236v
21,v,cooc,,rate,calcolare,rechnen,0.119,0,
22,v,cooc,,know,sapere,wissen,0.117,1,bn:00085261v
23,v,cooc,,investigate,indagare,untersuchen,0.112,0,
24,v,cooc,,make,fare,machen,0.107,3,bn:00084198v bn:00086008v bn:00086013v
25,v,cooc,,present,presentare,vorlegen,0.102,0,
26,v,cooc,,submit,presentare,vorlegen,0.08,0,
27,v,cooc,,convince,convincere,überzeugen,0.079,1,bn:00085767v
28,v,cooc,,do,fare,machen,0.055,1,bn:00082286v
29,v,cooc,,have,fare,machen,0.048,0,
1,v,cooc,WEAK,accept,ricevere,akzeptieren,,,
2,v,cooc,WEAK,advise,consigliare,empfehlen,,,
3,v,cooc,WEAK,air,trasmettere,äußern,,,
4,v,cooc,WEAK,allow,permettere,anerkennen,,,
5,v,cooc,WEAK,apply,applicare,verwenden,,,
6,v,cooc,WEAK,appoint,nominare,bestellen,,,
7,v,cooc,WEAK,assess,stimare,beurteilen,,,
8,v,cooc,WEAK,assign,incaricare,beauftragen,,,
9,v,cooc,WEAK,be,diventare,machen,,,
10,v,cooc,WEAK,book,registrare,buchen,,,
11,v,cooc,WEAK,charge,incaricare,beauftragen,,,
12,v,cooc,WEAK,check,arrestare,überprüfen,,,
13,v,cooc,WEAK,collect,incassare,sammeln,,,
14,v,cooc,WEAK,concern,interessare,kümmern,,,
15,v,cooc,WEAK,construct,fare,erstellen,,,
16,v,cooc,WEAK,deliver,emettere,gebären,,,
17,v,cooc,WEAK,designate,nominare,qualifizieren,,,
18,v,cooc,WEAK,direct,indicare,anweisen,,,
19,v,cooc,WEAK,discover,trovare,entdecken,,,
20,v,cooc,WEAK,employ,impiegare,beschäftigen,,,
21,v,cooc,WEAK,establish,istituire,ermitteln,,,
22,v,cooc,WEAK,estimate,stimare,ermitteln,,,
23,v,cooc,WEAK,examine,studiare,prüfen,,,
24,v,cooc,WEAK,express,emettere,äußern,,,
25,v,cooc,WEAK,fix,imporre,machen,,,
26,v,cooc,WEAK,give,dare,machen,,,
27,v,cooc,WEAK,hand,dare,übergeben,,,
28,v,cooc,WEAK,include,calcolare,erfassen,,,
29,v,cooc,WEAK,instruct,incaricare,anweisen,,,
30,v,cooc,WEAK,maintain,sostenere,halten,,,
31,v,cooc,WEAK,manage,gestire,anstellen,,,
32,v,cooc,WEAK,need,volere,benötigen,,,
33,v,cooc,WEAK,nominate,nominare,bestellen,,,
34,v,cooc,WEAK,offer,offrire,machen,,,
35,v,cooc,WEAK,perform,svolgere,ausüben,,,
36,v,cooc,WEAK,play,rappresentare,machen,,,
37,v,cooc,WEAK,procure,procurare,erwerben,,,
38,v,cooc,WEAK,pursue,ricercare,durchführen,,,
39,v,cooc,WEAK,qualify,abilitare,qualifizieren,,,
40,v,cooc,WEAK,read,capire,lauten,,,
41,v,cooc,WEAK,recognise,conoscere,anerkennen,,,
42,v,cooc,WEAK,recommend,consigliare,empfehlen,,,
43,v,cooc,WEAK,record,registrare,erfassen,,,
44,v,cooc,WEAK,recruit,assumere,anstellen,,,
45,v,cooc,WEAK,refer,sottoporre,übergeben,,,
46,v,cooc,WEAK,register,registrare,erfassen,,,
47,v,cooc,WEAK,release,emettere,entlassen,,,
48,v,cooc,WEAK,render,presentare,machen,,,
49,v,cooc,WEAK,require,richiedere,benötigen,,,
50,v,cooc,WEAK,retain,ritenere,beauftragen,,,
51,v,cooc,WEAK,run,gestire,durchführen,,,
52,v,cooc,WEAK,serve,servire,vorlegen,,,
53,v,cooc,WEAK,sit,partecipare,sitzen,,,
54,v,cooc,WEAK,summon,chiamare,bestellen,,,
55,v,cooc,WEAK,survey,rilevare,untersuchen,,,
56,v,cooc,WEAK,take,assumere,nehmen,,,
57,v,cooc,WEAK,tell,dire,wissen,,,
58,v,cooc,WEAK,test,provare,prüfen,,,
59,v,cooc,WEAK,train,formare,schulen,,,
60,v,cooc,WEAK,transfer,trasmettere,übergeben,,,
61,v,cooc,WEAK,understand,capire,erfassen,,,
62,v,cooc,WEAK,undertake,assumere,durchführen,,,
63,v,cooc,WEAK,validate,abilitare,bestätigen,,,
64,v,cooc,WEAK,value,stimare,bewerten,,,
65,v,cooc,WEAK,want,volere,verlangen,,,
