idx_group,pos,rel,weak,lex_en,lex_it,lex_de,score,bs_count,babel_synsets
0,n,head,,referendum plebiscite,referendum,Referendum Volksabstimmung,,1,bn:00066793n
1,n,sim,,vote,voto,Abstimmung,0.326,1,bn:00008198n
2,n,sim,,voting,voto,Abstimmung,0.303,1,bn:00008198n
3,n,sim,,ballot,voto,Abstimmung,0.29,1,bn:00008198n
4,n,sim,,election,elezione,Wahl,0.287,2,bn:00030113n bn:00030114n
5,n,sim,,brexit,brexit,Brexit,0.284,3,bn:14118606n bn:22168945n bn:21130839n
6,n,sim,,reform,riforma,Reform,0.253,1,bn:00066830n
7,n,sim,,legislation,legislazione,Gesetzgebung,0.222,1,bn:00050587n
8,n,sim,,debate,discussione,Debatte,0.219,2,bn:00025621n bn:00005601n
9,n,sim,,ruling,decisione,Entscheidung,0.217,0,
10,n,sim,,agreement,accordo,Vereinbarung,0.215,1,bn:00002086n
11,n,sim,,parliament,parlamento,Parlament,0.214,1,bn:00060708n
12,n,sim,,amendment,emendamento,Änderung,0.212,0,
13,n,sim,,decision,decisione,Entscheidung,0.211,3,bn:00025693n bn:00003132n bn:00018661n
14,n,sim,,law,legge,Recht,0.206,2,bn:00048655n bn:00050250n
15,n,sim,,initiative,iniziativa,Initiative,0.198,2,bn:00034797n bn:00031009n
16,n,sim,,measure,misura,Maßnahme,0.198,0,
17,n,sim,,poll,sondaggio,Umfrage,0.198,0,
18,n,sim,,proposal,proposta,Vorschlag,0.197,1,bn:03851567n
19,n,sim,,meeting,riunione,Sitzung,0.195,1,bn:00070689n
20,n,sim,,crisis,crisi,Krise,0.195,2,bn:00023844n bn:00023845n
21,n,sim,,discussion,discussione,Diskussion,0.195,1,bn:00027523n
22,n,sim,,policy,politica,Politik,0.19,1,bn:00063329n
23,n,sim,,protest,protesta,Protest,0.19,3,bn:00027716n bn:00064862n bn:00064863n
24,n,sim,,resolution,risoluzione,Lösung,0.19,0,
25,n,sim,,sanction,sanzione,Sanktion,0.189,1,bn:00007294n
26,n,sim,,assembly,assemblea,Versammlung,0.187,0,
27,n,sim,,campaign,campagna,Kampagne,0.186,1,bn:00015052n
28,n,sim,,politics,politica,Politik,0.185,1,bn:00063351n
29,n,sim,,revolution,rivoluzione,Revolution,0.184,3,bn:00067567n bn:00067568n bn:00042360n
30,n,sim,,council,consiglio,Rat,0.182,1,bn:00023119n
31,n,sim,,commission,commissione,Kommission,0.181,1,bn:06245657n
32,n,sim,,act,atto,Gesetz,0.181,0,
33,n,sim,,consultation,consultazione,Konsultation,0.18,1,bn:00022092n
34,n,sim,,union,unione,Union,0.179,6,bn:00021881n bn:00079077n bn:00058032n bn:00079094n bn:00079093n bn:00021127n
35,n,sim,,pandemic,pandemia,Pandemie,0.179,1,bn:00060369n
36,n,sim,,plan,piano,Plan,0.179,3,bn:00069579n bn:00026536n bn:00062759n
37,n,sim,,scheme,piano,Plan,0.179,1,bn:00069579n
38,n,sim,,process,processo,Verfahren,0.178,1,bn:00064536n
39,n,sim,,procedure,procedura,Verfahren,0.178,1,bn:00064536n
40,n,sim,,war,guerra,Krieg,0.177,1,bn:00080439n
41,n,sim,,action,azione,Aktion,0.177,0,
42,n,sim,,majority,maggioranza,Mehrheit,0.176,1,bn:00000445n
43,n,sim,,government,governo,Regierung,0.175,1,bn:00001426n
44,n,sim,,verdict,sentenza,Urteil,0.175,0,
45,n,sim,,release,pubblicazione,Veröffentlichung,0.174,0,
46,n,sim,,constitution,costituzione,Verfassung,0.174,1,bn:00022052n
47,n,sim,,summit,vertice,Gipfel,0.172,3,bn:00000942n bn:00075159n bn:00000943n
48,n,sim,,statute,statuto,Gesetz,0.172,0,
49,n,sim,,conflict,conflitto,Konflikt,0.17,3,bn:00009080n bn:00021766n bn:00021769n
50,n,sim,,contest,concorso,Wettbewerb,0.17,1,bn:00021338n
51,n,sim,,strike,sciopero,Streik,0.17,1,bn:00074668n
52,n,sim,,event,evento,Ereignis,0.17,2,bn:00032021n bn:00032022n
53,n,sim,,conference,conferenza,Konferenz,0.169,0,
54,n,sim,,convention,convenzione,Konvention,0.168,1,bn:00022335n
55,n,sim,,change,cambiamento,Änderung,0.168,1,bn:00003125n
56,n,sim,,judgment,sentenza,Urteil,0.168,2,bn:00048496n bn:00021628n
57,n,sim,,rule,regola,Regel,0.167,2,bn:00064192n bn:00066933n
58,n,sim,,outcome,risultato,Ergebnis,0.167,2,bn:00021961n bn:00034520n
59,n,sim,,announcement,annuncio,Ankündigung,0.167,1,bn:13106904n
60,n,sim,,fight,lotta,Kampf,0.166,2,bn:00009078n bn:00020858n
61,n,sim,,declaration,dichiarazione,Erklärung,0.165,0,
62,n,sim,,survey,sondaggio,Umfrage,0.165,0,
63,n,sim,,senate,senato,Senat,0.164,1,bn:00070458n
64,n,sim,,opposition,opposizione,Opposition,0.164,2,bn:00059195n bn:00059192n
65,n,sim,,investigation,indagine,Untersuchung,0.163,1,bn:00047354n
66,n,sim,,ordinance,decreto,Verordnung,0.163,0,
67,n,sim,,matter,cosa,Ding,0.162,0,
68,n,sim,,democracy,democrazia,Demokratie,0.162,1,bn:00021207n
69,n,sim,,incident,incidente,Vorfall,0.161,1,bn:02131709n
70,n,sim,,accord,accordo,Abkommen,0.161,1,bn:00000728n
71,n,sim,,situation,situazione,Situation,0.16,3,bn:00063707n bn:00071858n bn:00071869n
72,n,sim,,appointment,appuntamento,Termin,0.16,0,
73,n,sim,,establishment,istituzione,Gründung,0.159,0,
74,n,sim,,movement,movimento,Bewegung,0.158,3,bn:00056029n bn:00056030n bn:00036632n
75,n,sim,,result,risultato,Ergebnis,0.158,3,bn:00021961n bn:00004452n bn:00034520n
76,n,sim,,opinion,opinione,Meinung,0.158,4,bn:00059168n bn:00064277n bn:00009716n bn:00021870n
77,n,sim,,move,movimento,Bewegung,0.157,1,bn:00056029n
78,n,sim,,congress,congresso,Kongress,0.157,2,bn:00021845n bn:00021844n
79,n,sim,,test,test,Test,0.157,7,bn:00068548n bn:00076648n bn:00054378n bn:00076649n bn:00032089n bn:00076647n bn:00032095n
80,n,sim,,contract,contratto,Vertrag,0.157,1,bn:00022227n
81,n,sim,,statement,dichiarazione,Erklärung,0.156,0,
82,n,sim,,publication,pubblicazione,Veröffentlichung,0.155,3,bn:00065106n bn:00065108n bn:00047693n
83,n,sim,,treaty,trattato,Vertrag,0.155,1,bn:00000728n
84,n,sim,,motion,movimento,Bewegung,0.155,2,bn:00056029n bn:00056030n
85,n,sim,,strategy,strategia,Strategie,0.155,2,bn:00074558n bn:00069579n
86,n,sim,,opening,apertura,Öffnung,0.154,0,
87,n,sim,,committee,comitato,Ausschuss,0.154,1,bn:00021015n
88,n,sim,,intervention,intervento,Intervention,0.152,3,bn:00047061n bn:00047234n bn:00047092n
89,n,sim,,regulation,regolamento,Verordnung,0.15,1,bn:00059436n
90,n,sim,,session,sessione,Sitzung,0.15,2,bn:00070689n bn:00070690n
91,n,sim,,petition,petizione,Petition,0.147,1,bn:00061826n
92,n,sim,,assessment,valutazione,Begutachtung,0.143,0,
93,n,sim,,consensus,consenso,Konsens,0.141,1,bn:00021958n
94,n,sim,,sitting,seduta,Sitzung,0.139,1,bn:00071866n
95,n,sim,,justice,giustizia,Justiz,0.136,0,
96,n,sim,,engagement,impegno,Engagement,0.136,3,bn:00012127n bn:00030844n bn:00002819n
97,n,sim,,deliberation,deliberazione,Überlegung,0.133,0,
98,n,sim,,decree,decreto,Dekret,0.122,1,bn:00025781n
1,n,sim,WEAK,administration,amministrazione,Regierung,,,
2,n,sim,WEAK,appeal,appello,Einspruch,,,
3,n,sim,WEAK,approval,esame,Zustimmung,,,
4,n,sim,WEAK,attack,crisi,Angriff,,,
5,n,sim,WEAK,attempt,sforzo,Versuch,,,
6,n,sim,WEAK,audit,verifica,Prüfung,,,
7,n,sim,WEAK,authority,autorità,Instanz,,,
8,n,sim,WEAK,ban,bando,Verbot,,,
9,n,sim,WEAK,bid,dichiarazione,Versuch,,,
10,n,sim,WEAK,bill,documento,Gesetz,,,
11,n,sim,WEAK,call,appello,Gespräch,,,
12,n,sim,WEAK,court,tribunale,Instanz,,,
13,n,sim,WEAK,deadline,scadenza,Termin,,,
14,n,sim,WEAK,deal,accordo,Deal,,,
15,n,sim,WEAK,demonstration,manifestazione,Demonstration,,,
16,n,sim,WEAK,dialogue,dialogo,Gespräch,,,
17,n,sim,WEAK,education,istruzione,Aufklärung,,,
18,n,sim,WEAK,effort,sforzo,Versuch,,,
19,n,sim,WEAK,hearing,udienza,Anhörung,,,
20,n,sim,WEAK,inquiry,domanda,Untersuchung,,,
21,n,sim,WEAK,interview,colloquio,Gespräch,,,
22,n,sim,WEAK,issue,pubblicazione,Ergebnis,,,
23,n,sim,WEAK,lawsuit,processo,Klage,,,
24,n,sim,WEAK,negotiation,negoziato,Verhandlung,,,
25,n,sim,WEAK,participation,intervento,Teilnahme,,,
26,n,sim,WEAK,party,partito,Partei,,,
27,n,sim,WEAK,period,periodo,Regel,,,
28,n,sim,WEAK,polling,votazione,Wahl,,,
29,n,sim,WEAK,programme,programma,Sendung,,,
30,n,sim,WEAK,race,competizione,Rennen,,,
31,n,sim,WEAK,rally,riunione,Kundgebung,,,
32,n,sim,WEAK,return,rinvio,Rückkehr,,,
33,n,sim,WEAK,review,esame,Überprüfung,,,
34,n,sim,WEAK,settlement,accordo,Regelung,,,
35,n,sim,WEAK,submission,richiesta,Vorlage,,,
36,n,sim,WEAK,talk,discorso,Gespräch,,,
37,n,sim,WEAK,trial,processo,Versuch,,,
1,n,cooc,,brexit,brexit,Brexit,0.596,3,bn:14118606n bn:22168945n bn:21130839n
2,n,cooc,,independence,indipendenza,Unabhängigkeit,0.559,1,bn:00046406n
3,n,cooc,,plebiscite,plebiscito,Volksabstimmung,0.542,0,
4,n,cooc,,outcome,esito,Ergebnis,0.47,1,bn:00034520n
5,n,cooc,,petition,petizione,Petition,0.456,1,bn:00061826n
6,n,cooc,,catalonia,catalogna,Katalonien,0.446,1,bn:00016656n
7,n,cooc,,ratification,ratifica,Ratifizierung,0.432,1,bn:00021758n
8,n,cooc,,vote,voto,Abstimmung,0.4,1,bn:00008198n
9,n,cooc,,voter,elettore,Wähler,0.395,1,bn:00030122n
10,n,cooc,,ballot,voto,Abstimmung,0.375,1,bn:00008198n
11,n,cooc,,parliament,parlamento,Parlament,0.36,1,bn:00060708n
12,n,cooc,,cameron,cameron,Cameron,0.356,34,bn:02392321n bn:00606324n bn:03813329n bn:03877033n bn:00458837n bn:00493371n bn:00447304n bn:00742462n bn:00797966n bn:01480743n bn:13940697n bn:00285229n bn:17680930n bn:01832971n bn:00659542n bn:01814398n bn:03617987n bn:00566159n bn:00679861n bn:00547648n bn:00591652n bn:17733516n bn:00994018n bn:00723794n bn:02587777n bn:03861337n bn:00543802n bn:00184506n bn:18595922n bn:03576038n bn:00589575n bn:03626059n bn:03875734n bn:03809737n
13,n,cooc,,constitution,costituzione,Verfassung,0.351,1,bn:00022052n
14,n,cooc,,convention,accordo,Abkommen,0.35,1,bn:00000728n
15,n,cooc,,agreement,accordo,Abkommen,0.344,0,
16,n,cooc,,november,novembre,November,0.339,1,bn:00058192n
17,n,cooc,,campaign,campagna,Kampagne,0.336,1,bn:00015052n
18,n,cooc,,elector,elettore,Wähler,0.333,1,bn:00030122n
19,n,cooc,,debate,dibattito,Debatte,0.333,3,bn:00025621n bn:00055838n bn:00005601n
20,n,cooc,,tsipras,tsipras,Tsipras,0.326,1,bn:00796206n
21,n,cooc,,reform,riforma,Reform,0.325,1,bn:00066830n
22,n,cooc,,majority,maggioranza,Mehrheit,0.317,1,bn:00000445n
23,n,cooc,,poll,sondaggio,Umfrage,0.317,0,
24,n,cooc,,initiative,iniziativa,Initiative,0.314,2,bn:00034797n bn:00031009n
25,n,cooc,,question,questione,Frage,0.312,0,
26,n,cooc,,amendment,emendamento,Änderung,0.311,0,
27,n,cooc,,voting,voto,Abstimmung,0.306,1,bn:00008198n
28,n,cooc,,proposal,proposta,Vorschlag,0.294,1,bn:03851567n
29,n,cooc,,signature,firma,Unterschrift,0.291,1,bn:00071547n
30,n,cooc,,assent,approvazione,Zustimmung,0.291,1,bn:00000994n
31,n,cooc,,survey,sondaggio,Umfrage,0.284,0,
32,n,cooc,,election,elezione,Wahl,0.282,2,bn:00030113n bn:00030114n
33,n,cooc,,assembly,assemblea,Versammlung,0.279,0,
34,n,cooc,,act,legge,Gesetz,0.279,1,bn:00050588n
35,n,cooc,,approval,approvazione,Zustimmung,0.274,2,bn:00005161n bn:00021959n
36,n,cooc,,nov.,novembre,November,0.265,0,
37,n,cooc,,law,legge,Recht,0.262,2,bn:00048655n bn:00050250n
38,n,cooc,,democracy,democrazia,Demokratie,0.242,1,bn:00021207n
39,n,cooc,,consequence,conseguenza,Folge,0.234,1,bn:00021961n
40,n,cooc,,decision,decisione,Entscheidung,0.232,3,bn:00025693n bn:00003132n bn:00018661n
41,n,cooc,,citizen,cittadino,Bürger,0.232,1,bn:15489147n
42,n,cooc,,proposition,proposta,Vorschlag,0.231,0,
43,n,cooc,,victory,vittoria,Sieg,0.212,1,bn:00078365n
44,n,cooc,,process,procedimento,Verfahren,0.202,2,bn:00064536n bn:00054625n
45,n,cooc,,resolution,decisione,Beschluss,0.169,0,
1,n,cooc,WEAK,bill,lista,Gesetz,,,
2,n,cooc,WEAK,consultation,consultazione,Befragung,,,
3,n,cooc,WEAK,date,termine,Datum,,,
4,n,cooc,WEAK,deal,accordo,Deal,,,
5,n,cooc,WEAK,declaration,proclamazione,Verkündung,,,
6,n,cooc,WEAK,implication,implicazione,Bedeutung,,,
7,n,cooc,WEAK,motion,mozione,Thema,,,
8,n,cooc,WEAK,organiser,promotore,Organisator,,,
9,n,cooc,WEAK,organizer,promotore,Organisator,,,
10,n,cooc,WEAK,pass,via,Vorlage,,,
11,n,cooc,WEAK,polling,votazione,Wahl,,,
12,n,cooc,WEAK,promise,parola,Versprechen,,,
13,n,cooc,WEAK,request,richiesta,Einreichung,,,
14,n,cooc,WEAK,result,conseguenza,Ergebnis,,,
15,n,cooc,WEAK,treaty,accordo,Vertrag,,,
16,n,cooc,WEAK,verdict,sentenza,Entscheidung,,,
1,adj,cooc,,confirmatory,confermativo,bestätigend,0.509,0,
2,adj,cooc,,abrogative,abrogativo,abrogativ,0.478,0,
3,adj,cooc,,advisory,consultivo,beratend,0.441,0,
4,adj,cooc,,legal,legale,legal,0.427,4,bn:00105848a bn:00105788a bn:00105786a bn:00105849a
5,adj,cooc,,consultative,consultivo,beratend,0.421,0,
6,adj,cooc,,compulsory,obbligatorio,obligatorisch,0.415,0,
7,adj,cooc,,scottish,scozzese,schottisch,0.403,0,
8,adj,cooc,,valid,valido,gültig,0.398,0,
9,adj,cooc,,upcoming,imminente,bevorstehend,0.393,0,
10,adj,cooc,,binding,obbligatorio,verbindlich,0.384,0,
11,adj,cooc,,irish,irlandese,irisch,0.382,1,bn:00105419a
12,adj,cooc,,controversial,controverso,umstritten,0.369,1,bn:00100411a
13,adj,cooc,,kurdish,curdo,kurdisch,0.36,0,
14,adj,cooc,,forthcoming,prossimo,bevorstehend,0.356,0,
15,adj,cooc,,mandatory,obbligatorio,obligatorisch,0.336,0,
16,adj,cooc,,imminent,imminente,bevorstehend,0.333,1,bn:00097672a
17,adj,cooc,,unconstitutional,anticostituzionale,verfassungswidrig,0.306,0,
18,adj,cooc,,greek,greco,griechisch,0.297,1,bn:00103785a
19,adj,cooc,,british,britannico,britisch,0.297,1,bn:00098883a
20,adj,cooc,,historic,storico,historisch,0.291,1,bn:00104223a
21,adj,cooc,,unilateral,unilaterale,einseitig,0.287,0,
22,adj,cooc,,illegal,illegale,illegal,0.277,2,bn:00104562a bn:00104707a
23,adj,cooc,,national,nazionale,national,0.277,4,bn:00107138a bn:00107136a bn:00107137a bn:00104253a
24,adj,cooc,,swiss,svizzero,schweizer,0.276,0,
25,adj,cooc,,unlawful,illegale,illegal,0.269,2,bn:00104562a bn:00104707a
26,adj,cooc,,swedish,svedese,schwedisch,0.265,1,bn:00111537a
27,adj,cooc,,so-called,cosiddetto,sogenannt,0.259,0,
28,adj,cooc,,illegitimate,illegittimo,illegitim,0.255,0,
29,adj,cooc,,democratic,democratico,demokratisch,0.245,1,bn:00101148a
30,adj,cooc,,symbolic,simbolico,symbolisch,0.238,0,
31,adj,cooc,,dutch,olandese,niederländisch,0.232,1,bn:00101908a
32,adj,cooc,,pursuant,secondo,entsprechend,0.226,0,
33,adj,cooc,,informal,informale,informell,0.218,0,
34,adj,cooc,,french,francese,französisch,0.215,1,bn:00103321a
35,adj,cooc,,danish,danese,dänisch,0.209,1,bn:00100897a
36,adj,cooc,,decisive,decisivo,entscheidend,0.189,1,bn:00101014a
37,adj,cooc,,fresh,nuovo,neu,0.181,0,
38,adj,cooc,,necessary,necessario,nötig,0.176,1,bn:00107182a
39,adj,cooc,,crucial,cruciale,entscheidend,0.174,0,
40,adj,cooc,,critical,cruciale,entscheidend,0.138,0,
41,adj,cooc,,similar,analogo,ähnlich,0.132,0,
1,adj,cooc,WEAK,early,prossimo,baldig,,,
2,adj,cooc,WEAK,failed,mancato,gescheitert,,,
3,adj,cooc,WEAK,impending,imminente,drohend,,,
4,adj,cooc,WEAK,municipal,comunale,städtisch,,,
5,adj,cooc,WEAK,open,libero,weit,,,
6,adj,cooc,WEAK,optional,facoltativo,fakultativ,,,
7,adj,cooc,WEAK,possible,eventuale,möglich,,,
8,adj,cooc,WEAK,recent,recente,neu,,,
9,adj,cooc,WEAK,relevant,relativo,entsprechend,,,
10,adj,cooc,WEAK,unsuccessful,fallito,erfolglos,,,
1,v,cooc,,boycott,boicottare,boykottieren,0.447,0,
2,v,cooc,,postpone,rinviare,verschieben,0.416,0,
3,v,cooc,,organize,organizzare,organisieren,0.41,0,
4,v,cooc,,organise,organizzare,organisieren,0.409,0,
5,v,cooc,,reject,respingere,ablehnen,0.408,1,bn:00086390v
6,v,cooc,,oppose,osteggiare,ablehnen,0.407,0,
7,v,cooc,,fail,fallire,scheitern,0.403,1,bn:00087967v
8,v,cooc,,split,dividere,spalten,0.399,1,bn:00084611v
9,v,cooc,,promise,promettere,versprechen,0.387,0,
10,v,cooc,,abolish,abolire,abschaffen,0.378,1,bn:00082643v
11,v,cooc,,respect,rispettare,respektieren,0.375,1,bn:00082140v
12,v,cooc,,trigger,innescare,auslösen,0.372,0,
13,v,cooc,,propose,proporre,vorschlagen,0.372,1,bn:00082417v
14,v,cooc,,endorse,approvare,billigen,0.369,0,
15,v,cooc,,stage,organizzare,veranstalten,0.363,0,
16,v,cooc,,defer,rinviare,verschieben,0.348,0,
17,v,cooc,,suggest,proporre,vorschlagen,0.327,1,bn:00082417v
18,v,cooc,,pledge,promettere,versprechen,0.325,1,bn:00091749v
19,v,cooc,,delay,rimandare,verschieben,0.318,0,
20,v,cooc,,annul,annullare,annullieren,0.315,1,bn:00082642v
21,v,cooc,,hold,tenere,halten,0.315,1,bn:00089385v
22,v,cooc,,win,vincere,gewinnen,0.314,2,bn:00084086v bn:00095777v
23,v,cooc,,bind,vincolare,binden,0.314,0,
24,v,cooc,,ask,chiedere,fragen,0.309,1,bn:00082819v
25,v,cooc,,influence,influenzare,beeinflussen,0.308,1,bn:00082304v
26,v,cooc,,ignore,ignorare,ignorieren,0.304,0,
27,v,cooc,,approve,approvare,genehmigen,0.304,0,
28,v,cooc,,ban,vietare,verbieten,0.3,0,
29,v,cooc,,nullify,annullare,annullieren,0.296,1,bn:00082642v
30,v,cooc,,lose,perdere,verlieren,0.289,2,bn:00090489v bn:00090486v
31,v,cooc,,pass,passare,passieren,0.286,1,bn:00091307v
32,v,cooc,,announce,annunciare,verkünden,0.274,3,bn:00082637v bn:00082638v bn:00087811v
33,v,cooc,,block,bloccare,blockieren,0.257,2,bn:00083630v bn:00083103v
34,v,cooc,,prohibit,vietare,verbieten,0.255,1,bn:00086877v
35,v,cooc,,vote,votare,wählen,0.25,1,bn:00095572v
36,v,cooc,,regard,considerare,betrachten,0.25,0,
37,v,cooc,,force,costringere,zwingen,0.249,0,
38,v,cooc,,consider,considerare,betrachten,0.241,0,
39,v,cooc,,request,richiedere,bitten,0.239,0,
40,v,cooc,,demonstrate,dimostrare,zeigen,0.234,2,bn:00086557v bn:00086567v
41,v,cooc,,repeal,abrogare,aufheben,0.23,0,
42,v,cooc,,require,richiedere,erfordern,0.227,0,
43,v,cooc,,stop,fermare,stoppen,0.212,1,bn:00094398v
44,v,cooc,,change,cambiare,ändern,0.211,1,bn:00082553v
45,v,cooc,,allow,consentire,zulassen,0.203,0,
46,v,cooc,,cast,lanciare,werfen,0.202,1,bn:00094934v
47,v,cooc,,alter,cambiare,ändern,0.201,1,bn:00082553v
48,v,cooc,,suspend,sospendere,aussetzen,0.201,0,
49,v,cooc,,decide,decidere,entscheiden,0.199,2,bn:00086370v bn:00082354v
50,v,cooc,,resolve,risolvere,lösen,0.196,0,
51,v,cooc,,put,mettere,setzen,0.187,0,
52,v,cooc,,threaten,minacciare,drohen,0.182,1,bn:00087612v
53,v,cooc,,prove,dimostrare,beweisen,0.182,2,bn:00092110v bn:00086567v
54,v,cooc,,confirm,confermare,bestätigen,0.18,0,
55,v,cooc,,mean,dire,bedeuten,0.173,1,bn:00089805v
56,v,cooc,,call,chiamare,rufen,0.171,0,
57,v,cooc,,show,mostrare,zeigen,0.168,2,bn:00086557v bn:00086567v
58,v,cooc,,affirm,confermare,bestätigen,0.163,0,
59,v,cooc,,see,vedere,sehen,0.161,2,bn:00093430v bn:00092443v
60,v,cooc,,give,dare,geben,0.161,2,bn:00088815v bn:00088825v
61,v,cooc,,place,mettere,legen,0.152,1,bn:00090224v
62,v,cooc,,create,creare,schaffen,0.143,1,bn:00086009v
63,v,cooc,,reach,raggiungere,erreichen,0.142,2,bn:00082226v bn:00082901v
64,v,cooc,,hail,chiamare,rufen,0.117,0,
65,v,cooc,,seem,sembrare,scheinen,0.092,1,bn:00082690v
1,v,cooc,WEAK,abandon,lasciare,aussetzen,,,
2,v,cooc,WEAK,administer,dare,führen,,,
3,v,cooc,WEAK,adopt,approvare,annehmen,,,
4,v,cooc,WEAK,affect,interessare,beeinflussen,,,
5,v,cooc,WEAK,agree,consentire,zustimmen,,,
6,v,cooc,WEAK,aim,mirare,richten,,,
7,v,cooc,WEAK,argue,dimostrare,behaupten,,,
8,v,cooc,WEAK,arrange,organizzare,ordnen,,,
9,v,cooc,WEAK,authorise,permettere,genehmigen,,,
10,v,cooc,WEAK,authorize,permettere,genehmigen,,,
11,v,cooc,WEAK,back,sostenere,unterstützen,,,
12,v,cooc,WEAK,be,diventare,liegen,,,
13,v,cooc,WEAK,cancel,cancellare,aufheben,,,
14,v,cooc,WEAK,cause,produrre,veranlassen,,,
15,v,cooc,WEAK,concede,concedere,abgeben,,,
16,v,cooc,WEAK,concern,interessare,betreffen,,,
17,v,cooc,WEAK,convene,convocare,einberufen,,,
18,v,cooc,WEAK,convoke,convocare,einberufen,,,
19,v,cooc,WEAK,debate,considerare,diskutieren,,,
20,v,cooc,WEAK,declare,indire,erklären,,,
21,v,cooc,WEAK,demand,chiedere,verlangen,,,
22,v,cooc,WEAK,determine,definire,bestimmen,,,
23,v,cooc,WEAK,dissolve,annullare,lösen,,,
24,v,cooc,WEAK,draw,attirare,ziehen,,,
25,v,cooc,WEAK,elect,decidere,wählen,,,
26,v,cooc,WEAK,eliminate,eliminare,ausschließen,,,
27,v,cooc,WEAK,enable,permettere,ermöglichen,,,
28,v,cooc,WEAK,enact,decretare,spielen,,,
29,v,cooc,WEAK,establish,stabilire,schaffen,,,
30,v,cooc,WEAK,expose,rivelare,aussetzen,,,
31,v,cooc,WEAK,follow,tenere,folgen,,,
32,v,cooc,WEAK,grant,concedere,erteilen,,,
33,v,cooc,WEAK,happen,arrivare,geschehen,,,
34,v,cooc,WEAK,imply,comportare,bedeuten,,,
35,v,cooc,WEAK,insist,sostenere,bestehen,,,
36,v,cooc,WEAK,lead,portare,führen,,,
37,v,cooc,WEAK,manipulate,strumentalizzare,manipulieren,,,
38,v,cooc,WEAK,observe,rispettare,feststellen,,,
39,v,cooc,WEAK,plan,programmare,planen,,,
40,v,cooc,WEAK,plunge,rischiare,stürzen,,,
41,v,cooc,WEAK,pose,porre,stellen,,,
42,v,cooc,WEAK,precede,precedere,einleiten,,,
43,v,cooc,WEAK,prevent,evitare,verhindern,,,
44,v,cooc,WEAK,prompt,spingere,veranlassen,,,
45,v,cooc,WEAK,push,spingere,drängen,,,
46,v,cooc,WEAK,qualify,definire,bestimmen,,,
47,v,cooc,WEAK,quash,annullare,aufheben,,,
48,v,cooc,WEAK,raise,raccogliere,erheben,,,
49,v,cooc,WEAK,recognize,approvare,erkennen,,,
50,v,cooc,WEAK,refuse,negare,verweigern,,,
51,v,cooc,WEAK,remove,eliminare,lösen,,,
52,v,cooc,WEAK,result,risultare,erfolgen,,,
53,v,cooc,WEAK,rig,truccare,manipulieren,,,
54,v,cooc,WEAK,risk,rischiare,einsetzen,,,
55,v,cooc,WEAK,sanction,sancire,genehmigen,,,
56,v,cooc,WEAK,schedule,programmare,planen,,,
57,v,cooc,WEAK,secure,fissare,erzielen,,,
58,v,cooc,WEAK,settle,risolvere,entscheiden,,,
59,v,cooc,WEAK,succeed,riuscire,folgen,,,
60,v,cooc,WEAK,support,sostenere,unterstützen,,,
61,v,cooc,WEAK,take,assumere,nehmen,,,
62,v,cooc,WEAK,uphold,sostenere,unterstützen,,,
63,v,cooc,WEAK,want,volere,wünschen,,,
