idx_group,pos,rel,weak,lex_en,lex_it,lex_de,score,bs_count,babel_synsets
0,n,head,,myocardium,miocardio,Myokard Herzmuskel,,1,bn:00056607n
1,n,sim,,retina,retina,Netzhaut,0.145,1,bn:00067446n
2,n,sim,,pancreas,pancreas,Pankreas,0.133,1,bn:00060356n
3,n,sim,,marrow,midollo,Knochenmark,0.132,1,bn:00012010n
4,n,sim,,spleen,milza,Milz,0.13,1,bn:00051032n
5,n,sim,,prostate,prostata,Prostata,0.126,1,bn:00064822n
6,n,sim,,kidney,rene,Niere,0.12,1,bn:00049083n
7,n,sim,,artery,arteria,Arterie,0.117,1,bn:00005978n
8,n,sim,,ovary,ovaia,Eierstock,0.114,1,bn:00059826n
9,n,sim,,colon,colon,Dickdarm,0.1,0,
10,n,sim,,intestine,intestino,Darm,0.1,1,bn:00012484n
11,n,sim,,placenta,placenta,Plazenta,0.1,1,bn:00062726n
12,n,sim,,tendon,tendine,Sehne,0.1,1,bn:00071726n
13,n,sim,,bowel,intestino,Darm,0.095,1,bn:00012484n
14,n,sim,,gallbladder,cistifellea,Gallenblase,0.094,1,bn:00037089n
15,n,sim,,uterus,utero,Uterus,0.094,1,bn:00079392n
16,n,sim,,bladder,vescica,Blase,0.093,2,bn:00079339n bn:00011059n
17,n,sim,,larynx,laringe,Kehlkopf,0.085,1,bn:00050062n
18,n,sim,,cervix,cervice,Gebärmutterhals,0.083,1,bn:00017396n
19,n,sim,,contractility,contrattilità,Kontraktilität,0.076,0,
1,n,sim,WEAK,medulla,midollo,Rückenmark,,,
1,n,cooc,,lung,polmone,Lunge,0.355,1,bn:00052341n
2,n,cooc,,muscle,muscolo,Muskel,0.348,1,bn:00056378n
3,n,cooc,,kidney,rene,Niere,0.336,1,bn:00049083n
4,n,cooc,,liver,fegato,Leber,0.262,2,bn:00051621n bn:00051622n
5,n,cooc,,tissue,tessuto,Gewebe,0.26,1,bn:00077386n
1,n,cooc,WEAK,vessel,vaso,Gefäß,,,
1,adj,cooc,,infarcted,infarto,infarziert,0.724,0,
1,v,cooc,,damage,danneggiare,schädigen,0.197,0,
2,v,cooc,,surround,circondare,umgeben,0.139,1,bn:00083797v
3,v,cooc,,stimulate,stimolare,stimulieren,0.127,0,
