idx_group,pos,rel,weak,lex_en,lex_it,lex_de,score,bs_count,babel_synsets
0,n,head,,toothpaste,dentifricio pasta_dentifricia,Zahnpaste Zahncreme Zahnpasta,,1,bn:00077604n
1,n,sim,,shampoo,shampoo,Shampoo,0.248,2,bn:00070888n bn:00070889n
2,n,sim,,deodorant,deodorante,Deodorant,0.229,1,bn:00026295n
3,n,sim,,detergent,detergente,Waschmittel,0.227,1,bn:00026646n
4,n,sim,,soap,sapone,Seife,0.217,1,bn:00072496n
5,n,sim,,lotion,lozione,Lotion,0.21,2,bn:00005096n bn:00052068n
6,n,sim,,cleanser,detersivo,Reinigungsmittel,0.209,0,
7,n,sim,,mouthwash,collutorio,Mundwasser,0.2,1,bn:00037338n
8,n,sim,,sanitizer,disinfettante,Desinfektionsmittel,0.167,0,
9,n,sim,,balm,balsamo,Balsam,0.16,1,bn:00008213n
10,n,sim,,gel,gel,Gel,0.158,3,bn:00013134n bn:00020680n bn:00037592n
11,n,sim,,sanitiser,disinfettante,Desinfektionsmittel,0.153,0,
12,n,sim,,diaper,pannolino,Windel,0.152,1,bn:00026869n
13,n,sim,,ointment,unguento,Salbe,0.152,1,bn:00008213n
14,n,sim,,disinfectant,disinfettante,Desinfektionsmittel,0.144,1,bn:00004692n
15,n,sim,,perfume,profumo,Parfüm,0.142,2,bn:00031629n bn:00005846n
16,n,sim,,spray,spray,Spray,0.138,7,bn:00001699n bn:00073616n bn:00006941n bn:00073619n bn:00073615n bn:00073617n bn:00073618n
17,n,sim,,salve,unguento,Salbe,0.127,1,bn:00008213n
18,n,sim,,paste,pasta,Paste,0.123,0,
19,n,sim,,nappy,pannolino,Windel,0.12,1,bn:00026869n
20,n,sim,,candy,caramella,Bonbon,0.119,2,bn:00015821n bn:00015227n
21,n,sim,,razor,rasoio,Rasierer,0.119,1,bn:00066322n
22,n,sim,,hairspray,lacca,Haarspray,0.118,0,
23,n,sim,,lipstick,rossetto,Lippenstift,0.117,1,bn:00051447n
24,n,sim,,napkin,pannolino,Windel,0.112,1,bn:00026869n
25,n,sim,,scent,profumo,Parfüm,0.112,1,bn:00005846n
26,n,sim,,brush,pennello,Bürste,0.109,1,bn:00013489n
27,n,sim,,towel,asciugamano,Handtuch,0.109,1,bn:00077761n
28,n,sim,,cream,crema,Creme,0.106,0,
29,n,sim,,foam,schiuma,Schaum,0.101,1,bn:00035548n
30,n,sim,,yogurt,yogurt,Joghurt,0.101,1,bn:00081929n
31,n,sim,,jelly,gelatina,Gelee,0.1,1,bn:00037595n
32,n,sim,,condom,preservativo,Kondom,0.099,1,bn:00021666n
33,n,sim,,syrup,sciroppo,Sirup,0.099,1,bn:00071837n
34,n,sim,,tincture,tintura,Tinktur,0.099,1,bn:00077340n
35,n,sim,,yoghurt,yogurt,Joghurt,0.099,1,bn:00081929n
36,n,sim,,wax,cera,Wachs,0.097,1,bn:00080707n
37,n,sim,,emulsion,emulsione,Emulsion,0.094,2,bn:00030647n bn:00030646n
38,n,sim,,tampon,tampone,Tampon,0.093,1,bn:00076017n
39,n,sim,,glue,colla,Klebstoff,0.092,2,bn:00040758n bn:00001366n
40,n,sim,,powder,polvere,Pulver,0.092,1,bn:00063926n
41,n,sim,,sponge,spugna,Schwamm,0.091,2,bn:00073533n bn:00060631n
42,n,sim,,washcloth,asciugamano,Waschlappen,0.091,0,
43,n,sim,,cereal,cereale,Müsli,0.09,0,
44,n,sim,,biscuit,biscotto,Keks,0.089,1,bn:00010697n
45,n,sim,,serum,siero,Serum,0.086,1,bn:00011389n
46,n,sim,,glove,guanto,Handschuh,0.084,1,bn:00040736n
47,n,sim,,honey,miele,Honig,0.083,1,bn:00044622n
48,n,sim,,solvent,solvente,Lösungsmittel,0.083,1,bn:00027738n
49,n,sim,,sweetener,dolcificante,Süßstoff,0.083,1,bn:00075568n
50,n,sim,,cocoa,cacao,Kakao,0.082,1,bn:00018638n
51,n,sim,,lemon,limone,Zitrone,0.082,2,bn:00019309n bn:00037175n
52,n,sim,,adhesive,adesivo,Klebstoff,0.081,1,bn:00001366n
53,n,sim,,mayonnaise,maionese,Mayonnaise,0.081,1,bn:00053954n
54,n,sim,,aspirin,aspirina,Aspirin,0.08,1,bn:00000855n
55,n,sim,,cigarette,sigaretta,Zigarette,0.08,2,bn:00072322n bn:00014238n
56,n,sim,,lozenge,pastiglia,Pastille,0.079,1,bn:00052221n
57,n,sim,,sock,calzino,Socke,0.077,1,bn:00072576n
58,n,sim,,cracker,biscotto,Keks,0.076,0,
59,n,sim,,juice,succo,Saft,0.076,2,bn:00048532n bn:00048535n
60,n,sim,,chocolate,cioccolato,Schokolade,0.075,2,bn:00018639n bn:00018638n
61,n,sim,,liquor,liquore,Schnaps,0.075,1,bn:00012195n
62,n,sim,,condiment,condimento,Gewürz,0.073,1,bn:00021643n
63,n,sim,,makeup,trucco,Make-up,0.073,0,
64,n,sim,,pill,pillola,Pille,0.073,2,bn:00004433n bn:00052222n
65,n,sim,,make-up,trucco,Make-up,0.071,0,
66,n,sim,,spice,spezia,Gewürz,0.071,1,bn:00073330n
67,n,sim,,tobacco,tabacco,Tabak,0.071,2,bn:00007699n bn:00077441n
68,n,sim,,cookie,biscotto,Keks,0.07,1,bn:00010697n
1,n,sim,WEAK,conditioner,balsamo,Haarspülung,,,
2,n,sim,WEAK,gum,gomma,Kaugummi,,,
3,n,sim,WEAK,liquid,liquido,Saft,,,
4,n,sim,WEAK,paint,vernice,Schminke,,,
5,n,sim,WEAK,polish,smalto,Politur,,,
6,n,sim,WEAK,tonic,tonico,Haarwasser,,,
7,n,sim,WEAK,varnish,vernice,Politur,,,
1,n,cooc,,mouthwash,collutorio,Mundwasser,0.639,1,bn:00037338n
2,n,cooc,,shampoo,shampoo,Shampoo,0.628,2,bn:00070888n bn:00070889n
3,n,cooc,,deodorant,deodorante,Deodorant,0.595,1,bn:00026295n
4,n,cooc,,mouthrinse,collutorio,Mundspülung,0.593,0,
5,n,cooc,,soap,sapone,Seife,0.573,1,bn:00072496n
6,n,cooc,,mouth-rinse,collutorio,Mundspülung,0.54,0,
7,n,cooc,,detergent,detergente,Waschmittel,0.516,1,bn:00026646n
8,n,cooc,,gel,gel,Gel,0.508,3,bn:00013134n bn:00020680n bn:00037592n
9,n,cooc,,scum,schiuma,Schaum,0.431,0,
10,n,cooc,,comb,pettine,Kamm,0.428,1,bn:00020852n
11,n,cooc,,brush,spazzola,Bürste,0.416,2,bn:00013491n bn:00013489n
12,n,cooc,,lotion,lozione,Lotion,0.412,2,bn:00005096n bn:00052068n
13,n,cooc,,cleanser,detersivo,Reinigungsmittel,0.401,0,
14,n,cooc,,diaper,pannolino,Windel,0.391,1,bn:00026869n
15,n,cooc,,towel,asciugamano,Handtuch,0.39,1,bn:00077761n
16,n,cooc,,razor,rasoio,Rasierer,0.388,1,bn:00066322n
17,n,cooc,,foam,schiuma,Schaum,0.386,1,bn:00035548n
18,n,cooc,,candy,caramella,Bonbon,0.368,2,bn:00015821n bn:00015227n
19,n,cooc,,washcloth,asciugamano,Waschlappen,0.368,0,
20,n,cooc,,nappy,pannolino,Windel,0.357,1,bn:00026869n
21,n,cooc,,tablet,pastiglia,Tablette,0.341,1,bn:00052222n
22,n,cooc,,lipstick,rossetto,Lippenstift,0.339,1,bn:00051447n
23,n,cooc,,cream,crema,Creme,0.326,0,
24,n,cooc,,perfume,profumo,Parfüm,0.305,2,bn:00031629n bn:00005846n
25,n,cooc,,spray,spray,Spray,0.289,7,bn:00001699n bn:00073616n bn:00006941n bn:00073619n bn:00073615n bn:00073617n bn:00073618n
26,n,cooc,,product,prodotto,Produkt,0.202,4,bn:00064584n bn:00064585n bn:00053827n bn:00054416n
1,n,cooc,WEAK,gum,gomma,Kaugummi,,,
2,n,cooc,WEAK,make-up,trucco,Zusammensetzung,,,
3,n,cooc,WEAK,makeup,trucco,Zusammensetzung,,,
4,n,cooc,WEAK,napkin,pannolino,Damenbinde,,,
5,n,cooc,WEAK,paste,pasta,Klebstoff,,,
1,adj,cooc,,coloured,colorato,farbig,0.178,1,bn:00100034a
2,adj,cooc,,suitable,adatto,geeignet,0.104,1,bn:00111427a
3,adj,cooc,,effective,efficace,wirksam,0.075,1,bn:00102038a
1,adj,cooc,WEAK,abrasive,abrasivo,scharf,,,
2,adj,cooc,WEAK,everyday,comune,täglich,,,
3,adj,cooc,WEAK,gentle,delicato,schonend,,,
1,v,cooc,,spit,sputare,spucken,0.384,1,bn:00092122v
2,v,cooc,,squeeze,spremere,drücken,0.306,0,
3,v,cooc,,contain,contenere,enthalten,0.253,1,bn:00083225v
4,v,cooc,,try,provare,probieren,0.177,3,bn:00093251v bn:00082844v bn:00087731v
5,v,cooc,,protect,proteggere,schützen,0.157,1,bn:00090041v
6,v,cooc,,recommend,raccomandare,empfehlen,0.155,0,
7,v,cooc,,remove,rimuovere,entfernen,0.154,0,
8,v,cooc,,use,utilizzare,verwenden,0.148,1,bn:00082705v
9,v,cooc,,buy,acquistare,kaufen,0.113,1,bn:00084331v
10,v,cooc,,utilize,utilizzare,verwenden,0.107,1,bn:00082705v
11,v,cooc,,invent,inventare,erfinden,0.089,1,bn:00085743v
12,v,cooc,,purchase,acquistare,kaufen,0.089,1,bn:00084331v
13,v,cooc,,sell,vendere,verkaufen,0.08,1,bn:00093472v
14,v,cooc,,choose,scegliere,aussuchen,0.077,0,
15,v,cooc,,cost,costare,kosten,0.072,0,
16,v,cooc,,pick,scegliere,aussuchen,0.062,0,
17,v,cooc,,eat,mangiare,essen,0.052,2,bn:00087460v bn:00087461v
18,v,cooc,,put,mettere,stecken,0.046,0,
1,v,cooc,WEAK,apply,applicare,anwenden,,,
2,v,cooc,WEAK,help,servire,helfen,,,
3,v,cooc,WEAK,leave,lasciare,hinterlassen,,,
4,v,cooc,WEAK,market,comprare,verkaufen,,,
5,v,cooc,WEAK,prescribe,consigliare,verschreiben,,,
6,v,cooc,WEAK,smear,spalmare,schmieren,,,
7,v,cooc,WEAK,swallow,ingerire,schlucken,,,
8,v,cooc,WEAK,taste,provare,schmecken,,,
9,v,cooc,WEAK,work,funzionare,wirken,,,
