idx_group,pos,rel,weak,lex_en,lex_it,lex_de,score,bs_count,babel_synsets
0,n,head,,blood_clot thrombus,trombosi trombo,Blutpfropf Thrombus Blutgerinnsel,,1,bn:00077085n
1,n,sim,,embolism,embolia,Embolie,0.23,1,bn:00030490n
2,n,sim,,infarct,infarto,Infarkt,0.171,1,bn:00046620n
3,n,sim,,atherosclerosis,aterosclerosi,Arteriosklerose,0.167,1,bn:00006743n
4,n,sim,,infarction,infarto,Infarkt,0.16,1,bn:00046620n
5,n,sim,,calcification,calcificazione,Verkalkung,0.154,1,bn:27268188n
6,n,sim,,haemorrhage,emorragia,Blutung,0.15,1,bn:00011193n
7,n,sim,,hemorrhage,emorragia,Blutung,0.147,1,bn:00011193n
8,n,sim,,hematoma,ematoma,Hämatom,0.132,1,bn:00042470n
9,n,sim,,ulcer,ulcera,Geschwür,0.132,1,bn:00078879n
10,n,sim,,bleeding,emorragia,Blutung,0.129,1,bn:00011193n
11,n,sim,,malformation,malformazione,Missbildung,0.128,0,
12,n,sim,,thromboembolism,tromboembolia,Thromboembolie,0.127,0,
13,n,sim,,hypertension,ipertensione,Hypertonie,0.122,1,bn:00044056n
14,n,sim,,vasoconstriction,vasocostrizione,Gefäßverengung,0.11,1,bn:00079631n
15,n,sim,,abscess,ascesso,Abszess,0.107,1,bn:00000418n
16,n,sim,,deformity,malformazione,Missbildung,0.107,0,
17,n,sim,,pneumonia,polmonite,Lungenentzündung,0.103,1,bn:00063143n
18,n,sim,,pneumonitis,polmonite,Lungenentzündung,0.103,0,
19,n,sim,,haematoma,ematoma,Hämatom,0.102,1,bn:00042470n
20,n,sim,,metastasis,metastasi,Metastase,0.094,1,bn:00054585n
21,n,sim,,anemia,anemia,Anämie,0.091,1,bn:00003750n
22,n,sim,,artery,arteria,Arterie,0.089,1,bn:00005978n
23,n,sim,,inflammation,infiammazione,Entzündung,0.087,1,bn:00046672n
24,n,sim,,dysfunction,disfunzione,Funktionsstörung,0.086,0,
25,n,sim,,sepsis,sepsi,Sepsis,0.085,1,bn:00070553n
26,n,sim,,swelling,gonfiore,Schwellung,0.085,0,
27,n,sim,,meningitis,meningite,Hirnhautentzündung,0.084,1,bn:00054336n
28,n,sim,,caries,carie,Karies,0.081,1,bn:00016077n
29,n,sim,,tumour,tumore,Tumor,0.075,1,bn:00057267n
30,n,sim,,cellulitis,cellulite,Cellulite,0.072,1,bn:00017054n
1,n,sim,WEAK,blockage,ostruzione,Verstopfung,,,
2,n,sim,WEAK,congestion,congestione,Stauung,,,
3,n,sim,WEAK,herniation,ernia,Bandscheibenvorfall,,,
4,n,sim,WEAK,obstruction,ostruzione,Verstopfung,,,
5,n,sim,WEAK,spasm,spasmo,Anfall,,,
6,n,sim,WEAK,stasis,stasi,Stauung,,,
1,n,cooc,,vein,vena,Vene,0.62,1,bn:00079681n
2,n,cooc,,vena,vena,Vene,0.608,1,bn:00079681n
3,n,cooc,,embolism,embolia,Embolie,0.582,1,bn:00030490n
4,n,cooc,,bleeding,emorragia,Blutung,0.452,1,bn:00011193n
5,n,cooc,,haemorrhage,emorragia,Blutung,0.446,1,bn:00011193n
6,n,cooc,,hemorrhage,emorragia,Blutung,0.441,1,bn:00011193n
7,n,cooc,,astrazeneca,astrazeneca,Astrazeneca,0.415,1,bn:03194562n
8,n,cooc,,vaccination,vaccinazione,Impfung,0.387,1,bn:00046839n
9,n,cooc,,tumour,tumore,Tumor,0.368,1,bn:00057267n
10,n,cooc,,tumor,tumore,Tumor,0.365,1,bn:00057267n
11,n,cooc,,infection,infezione,Infektion,0.327,3,bn:00046624n bn:00022127n bn:00022126n
12,n,cooc,,vaccine,vaccino,Impfstoff,0.308,1,bn:00079447n
13,n,cooc,,inflammation,infiammazione,Entzündung,0.28,1,bn:00046672n
14,n,cooc,,cancer,cancro,Krebs,0.209,4,bn:00015180n bn:00015182n bn:00015181n bn:00015183n
15,n,cooc,,formation,formazione,Bildung,0.179,0,
1,n,cooc,WEAK,blockage,ostruzione,Verstopfung,,,
2,n,cooc,WEAK,cause,causa,Ursache,,,
3,n,cooc,WEAK,obstruction,ostruzione,Verstopfung,,,
4,n,cooc,WEAK,occlusion,occlusione,Verschluss,,,
5,n,cooc,WEAK,vessel,vaso,Gefäß,,,
1,adj,cooc,,arterial,arterioso,arteriell,0.443,0,
2,adj,cooc,,rare,raro,selten,0.368,0,
3,adj,cooc,,unusual,insolito,ungewöhnlich,0.282,1,bn:00111281a
4,adj,cooc,,fatal,fatale,tödlich,0.243,0,
5,adj,cooc,,lethal,letale,tödlich,0.195,1,bn:00100969a
6,adj,cooc,,superficial,superficiale,oberflächlich,0.132,0,
7,adj,cooc,,serious,grave,schwer,0.083,1,bn:00100896a
8,adj,cooc,,severe,grave,schwer,0.065,1,bn:00100896a
1,adj,cooc,WEAK,common,normale,häufig,,,
2,adj,cooc,WEAK,deadly,mortale,tödlich,,,
3,adj,cooc,WEAK,uncommon,raro,ungewöhnlich,,,
1,v,cooc,,diagnose,diagnosticare,diagnostizieren,0.254,0,
2,v,cooc,,prevent,prevenire,verhindern,0.249,2,bn:00090033v bn:00088454v
3,v,cooc,,block,bloccare,blockieren,0.232,2,bn:00083103v bn:00083630v
4,v,cooc,,cause,causare,verursachen,0.183,0,
5,v,cooc,,report,segnalare,melden,0.175,0,
6,v,cooc,,develop,sviluppare,entwickeln,0.151,1,bn:00086745v
7,v,cooc,,trigger,innescare,auslösen,0.13,0,
8,v,cooc,,emerge,emergere,entstehen,0.089,1,bn:00087561v
9,v,cooc,,exclude,escludere,ausschließen,0.05,0,
1,v,cooc,WEAK,extend,estendere,vergrößern,,,
2,v,cooc,WEAK,find,riscontrare,feststellen,,,
3,v,cooc,WEAK,follow,seguire,verstehen,,,
4,v,cooc,WEAK,observe,osservare,feststellen,,,
5,v,cooc,WEAK,occur,avvenire,auftreten,,,
6,v,cooc,WEAK,pass,promuovere,bestehen,,,
7,v,cooc,WEAK,project,spiegare,auftreten,,,
8,v,cooc,WEAK,provoke,provocare,verursachen,,,
9,v,cooc,WEAK,relieve,rilevare,ablösen,,,
10,v,cooc,WEAK,stop,bloccare,verhindern,,,
11,v,cooc,WEAK,treat,curare,behandeln,,,
