idx_group,pos,rel,weak,lex_en,lex_it,lex_de,score,bs_count,babel_synsets
0,n,head,,milwaukee,milwaukee,Milwaukee,,1,bn:00055080n
1,n,sim,,kenosha,kenosha,Kenosha,0.26,3,bn:14688242n bn:14346376n bn:03802292n
2,n,sim,,portland,portland,Portland,0.246,2,bn:00063680n bn:00063679n
3,n,sim,,cleveland,cleveland,Cleveland,0.246,2,bn:00019742n bn:00019743n
4,n,sim,,denver,denver,Denver,0.244,1,bn:00015529n
5,n,sim,,atlanta,atlanta,Atlanta,0.243,2,bn:00006772n bn:00006771n
6,n,sim,,baltimore,baltimora,Baltimore,0.241,1,bn:00008243n
7,n,sim,,nashville,nashville,Nashville,0.23,1,bn:00015630n
8,n,sim,,pittsburgh,pittsburgh,Pittsburgh,0.228,1,bn:00062679n
9,n,sim,,philadelphia,filadelfia,Philadelphia,0.223,1,bn:00019334n
10,n,sim,,detroit,detroit,Detroit,0.214,2,bn:00026673n bn:00026672n
11,n,sim,,seattle,seattle,Seattle,0.212,1,bn:00070077n
12,n,sim,,houston,houston,Houston,0.209,2,bn:00045059n bn:00045060n
13,n,sim,,dallas,dallas,Dallas,0.204,1,bn:00025062n
14,n,sim,,toronto,toronto,Toronto,0.199,1,bn:00077670n
15,n,sim,,boston,boston,Boston,0.199,1,bn:00009334n
16,n,sim,,minnesota,minnesota,Minnesota,0.191,1,bn:00041120n
17,n,sim,,orleans,orleans,Orleans,0.189,2,bn:00059540n bn:00059541n
18,n,sim,,chicago,chicago,Chicago,0.188,2,bn:00012055n bn:00018253n
19,n,sim,,newark,newark,Newark,0.173,1,bn:00057527n
20,n,sim,,vancouver,vancouver,Vancouver,0.168,3,bn:00079542n bn:00040238n bn:00079543n
21,n,sim,,brooklyn,brooklyn,Brooklyn,0.168,1,bn:00013347n
22,n,sim,,madison,madison,Madison,0.167,3,bn:00047940n bn:00015651n bn:00079164n
23,n,sim,,indiana,indiana,Indiana,0.164,2,bn:00046471n bn:00044720n
24,n,sim,,utah,utah,Utah,0.158,1,bn:00009584n
25,n,sim,,oklahoma,oklahoma,Oklahoma,0.147,2,bn:00058783n bn:00015597n
26,n,sim,,ohio,ohio,Ohio,0.146,2,bn:00013597n bn:00058724n
27,n,sim,,burlington,burlington,Burlington,0.116,1,bn:00013999n
1,n,cooc,,wisconsin,wisconsin,Wisconsin,0.561,2,bn:00007902n bn:00081405n
2,n,cooc,,detroit,detroit,Detroit,0.487,2,bn:00026673n bn:00026672n
3,n,cooc,,cleveland,cleveland,Cleveland,0.47,2,bn:00019742n bn:00019743n
4,n,cooc,,miami,miami,Miami,0.348,3,bn:00054708n bn:00045947n bn:00054707n
5,n,cooc,,boston,boston,Boston,0.342,1,bn:00009334n
1,v,cooc,,extend,allungare,verlängern,0.195,0,
1,v,cooc,WEAK,beat,battere,bezwingen,,,
2,v,cooc,WEAK,defeat,vincere,bezwingen,,,
3,v,cooc,WEAK,overcome,superare,bezwingen,,,
