idx_group,pos,rel,weak,lex_en,lex_it,lex_de,score,bs_count,babel_synsets
0,n,head,,adenoma,adenoma,Drüsengeschwulst Gutartige_drüsengeschwulst Adenom,,1,bn:00001339n
1,n,sim,,adenocarcinoma,adenocarcinoma,Adenokarzinom,0.22,1,bn:00001335n
2,n,sim,,polyp,polipo,Polyp,0.198,2,bn:00063447n bn:00063446n
3,n,sim,,hyperplasia,iperplasia,Hyperplasie,0.193,1,bn:00045532n
4,n,sim,,carcinoma,carcinoma,Karzinom,0.177,1,bn:00015910n
5,n,sim,,tumour,tumore,Geschwulst,0.173,1,bn:00057267n
6,n,sim,,neoplasia,neoplasia,Neoplasie,0.151,1,bn:00057267n
7,n,sim,,sarcoma,sarcoma,Sarkom,0.135,1,bn:00069268n
8,n,sim,,tumor,tumore,Geschwulst,0.129,1,bn:00057267n
9,n,sim,,melanoma,melanoma,Melanom,0.12,1,bn:00053008n
10,n,sim,,fibroid,fibroma,Myom,0.108,0,
11,n,sim,,metastasis,metastasi,Metastase,0.107,1,bn:00054585n
12,n,sim,,necrosis,necrosi,Nekrose,0.103,1,bn:00037253n
13,n,sim,,fibroma,fibroma,Fibrom,0.081,1,bn:00034228n
14,n,sim,,resection,resezione,Resektion,0.078,1,bn:04711438n
1,n,sim,WEAK,abscess,ascesso,Geschwür,,,
2,n,sim,WEAK,cancer,cancro,Krebsgeschwür,,,
1,n,cooc,,hyperplasia,iperplasia,Hyperplasie,0.65,1,bn:00045532n
2,n,cooc,,carcinoma,carcinoma,Karzinom,0.577,1,bn:00015910n
3,n,cooc,,tumor,tumore,Tumor,0.379,1,bn:00057267n
4,n,cooc,,tumour,tumore,Tumor,0.377,1,bn:00057267n
1,adj,cooc,,pleomorphic,pleomorfo,pleomorph,0.738,0,
2,adj,cooc,,benign,benigno,gutartig,0.474,0,
3,adj,cooc,,advanced,avanzato,fortgeschritten,0.197,0,
1,v,cooc,,diagnose,diagnosticare,diagnostizieren,0.255,0,
1,v,cooc,WEAK,cause,provocare,verursachen,,,
