idx_group,pos,rel,weak,lex_en,lex_it,lex_de,score,bs_count,babel_synsets
0,n,head,,cannoneer artilleryman gunner,cannoniere artigliere,Artillerist Kanonier,,1,bn:00006178n
1,n,sim,,infantryman,fante,Infanterist,0.168,1,bn:00035699n
2,n,sim,,foot-soldier,fante,Infanterist,0.139,0,
3,n,sim,,footsoldier,fante,Infanterist,0.134,0,
4,n,sim,,grenadier,granatiere,Grenadier,0.127,1,bn:00041758n
5,n,sim,,corporal,caporale,Unteroffizier,0.087,0,
6,n,sim,,dragoon,dragone,Dragoner,0.082,1,bn:00028589n
1,n,sim,WEAK,infantry,fanteria,Fußtruppe,,,
1,n,cooc,,infantryman,fante,Infanterist,0.604,1,bn:00035699n
2,n,cooc,,rifleman,fuciliere,Schütze,0.519,0,
3,n,cooc,,soldier,soldato,Soldat,0.239,3,bn:00072698n bn:00080510n bn:00013585n
1,n,cooc,WEAK,cavalryman,cavaliere,Reiter,,,
2,n,cooc,WEAK,cavalrymen,cavaliere,Reiter,,,
3,n,cooc,WEAK,horseman,cavaliere,Reiter,,,
4,n,cooc,WEAK,sapper,geniere,Pionier,,,
5,n,cooc,WEAK,seamen,marinaio,Seeleute,,,
