idx_group,pos,rel,weak,lex_en,lex_it,lex_de,score,bs_count,babel_synsets
0,n,head,,protagonism advocacy,propugnazione sostegno difesa,Fürsprache Befürwortung,,1,bn:00001602n
1,n,sim,,assistance,assistenza,Beistand,0.241,1,bn:00002155n
2,n,sim,,intervention,intervento,Eingreifen,0.204,0,
3,n,sim,,advocate,avvocato,Verfechter,0.177,0,
4,n,sim,,protection,protezione,Protektion,0.169,0,
5,n,sim,,care,cura,Fürsorge,0.153,0,
1,n,sim,WEAK,acceptance,accoglienza,Hinnahme,,,
2,n,sim,WEAK,advice,consiglio,Zuspruch,,,
3,n,sim,WEAK,aid,aiuto,Beistand,,,
4,n,sim,WEAK,effectiveness,efficacia,Zweckmäßigkeit,,,
5,n,sim,WEAK,freedom,libertà,Vorrecht,,,
6,n,sim,WEAK,identification,riconoscimento,Legitimation,,,
7,n,sim,WEAK,policy,politica,Zweckmäßigkeit,,,
8,n,sim,WEAK,priority,priorità,Dringlichkeit,,,
9,n,sim,WEAK,support,supporto,Beistand,,,
1,n,cooc,,protection,protezione,Schutz,0.389,2,bn:00064838n bn:00071020n
2,n,cooc,,support,supporto,Unterstützung,0.351,2,bn:00075332n bn:00075331n
3,n,cooc,,care,cura,Fürsorge,0.341,0,
4,n,cooc,,accompaniment,accompagnamento,Begleitung,0.336,1,bn:00000717n
5,n,cooc,,promotion,promozione,Förderung,0.332,0,
6,n,cooc,,assistance,assistenza,Hilfe,0.327,1,bn:00002155n
7,n,cooc,,mediation,mediazione,Vermittlung,0.32,1,bn:00054099n
8,n,cooc,,relation,relazione,Beziehung,0.264,1,bn:00066995n
9,n,cooc,,advice,consiglio,Rat,0.243,0,
10,n,cooc,,commitment,impegno,Engagement,0.242,1,bn:00002819n
11,n,cooc,,engagement,impegno,Engagement,0.234,3,bn:00012127n bn:00030844n bn:00002819n
12,n,cooc,,counsel,consiglio,Rat,0.206,0,
13,n,cooc,,power,forza,Macht,0.202,1,bn:00063940n
1,n,cooc,WEAK,action,azione,Einsatz,,,
2,n,cooc,WEAK,service,servizio,Verdienst,,,
3,n,cooc,WEAK,shelter,rifugio,Schutz,,,
4,n,cooc,WEAK,trial,processo,Prüfung,,,
1,adj,cooc,,express,esplicito,ausdrücklich,0.351,0,
2,adj,cooc,,passionate,appassionato,leidenschaftlich,0.346,1,bn:00097467a
3,adj,cooc,,steadfast,costante,beständig,0.333,0,
4,adj,cooc,,vigorous,vigoroso,energisch,0.312,0,
5,adj,cooc,,ardent,appassionato,leidenschaftlich,0.301,1,bn:00097467a
6,adj,cooc,,consistent,costante,beständig,0.259,0,
1,adj,cooc,WEAK,forceful,forte,energisch,,,
2,adj,cooc,WEAK,global,globale,pauschal,,,
3,adj,cooc,WEAK,powerful,vigoroso,mächtig,,,
4,adj,cooc,WEAK,staunch,convinto,entschieden,,,
5,adj,cooc,WEAK,strong,forte,mächtig,,,
1,v,cooc,,speak,esprimere,aussprechen,0.292,0,
2,v,cooc,,express,esprimere,aussprechen,0.288,0,
3,v,cooc,,request,richiedere,bitten,0.26,0,
4,v,cooc,,imply,implicare,implizieren,0.231,1,bn:00087672v
5,v,cooc,,help,aiutare,helfen,0.192,1,bn:00082481v
6,v,cooc,,assist,aiutare,helfen,0.157,1,bn:00082481v
7,v,cooc,,recognize,riconoscere,anerkennen,0.135,0,
1,v,cooc,WEAK,achieve,raggiungere,erlangen,,,
2,v,cooc,WEAK,appreciate,apprezzare,anerkennen,,,
3,v,cooc,WEAK,benefit,beneficiare,nützen,,,
4,v,cooc,WEAK,challenge,contestare,anrufen,,,
5,v,cooc,WEAK,conduct,condurre,ableiten,,,
6,v,cooc,WEAK,direct,dirigere,anweisen,,,
7,v,cooc,WEAK,engage,impegnare,einlegen,,,
8,v,cooc,WEAK,ensure,garantire,versichern,,,
9,v,cooc,WEAK,extend,estendere,gewähren,,,
10,v,cooc,WEAK,gain,ottenere,erlangen,,,
11,v,cooc,WEAK,hear,sentire,erfahren,,,
12,v,cooc,WEAK,issue,emergere,aussprechen,,,
13,v,cooc,WEAK,need,necessitare,bedürfen,,,
14,v,cooc,WEAK,recommend,indicare,empfehlen,,,
15,v,cooc,WEAK,release,liberare,entlassen,,,
16,v,cooc,WEAK,require,richiedere,bedürfen,,,
17,v,cooc,WEAK,suggest,proporre,unterstellen,,,
18,v,cooc,WEAK,support,sostenere,bekräftigen,,,
19,v,cooc,WEAK,understand,comprendere,voraussetzen,,,
20,v,cooc,WEAK,urge,sollecitare,betonen,,,
21,v,cooc,WEAK,work,lavorare,bewirken,,,
