idx_group,pos,rel,weak,lex_en,lex_it,lex_de,score,bs_count,babel_synsets
0,n,head,,mucilage gum glue,collante gomma colla,Leim Schleimstoff Klebstoff,,1,bn:00040758n
1,n,sim,,adhesive,adesivo,Klebstoff,0.319,1,bn:00001366n
2,n,sim,,plastic,plastica,Kunststoff,0.27,1,bn:00062856n
3,n,sim,,tape,nastro,Klebeband,0.251,0,
4,n,sim,,wax,cera,Wachs,0.251,1,bn:00080707n
5,n,sim,,cement,cemento,Zement,0.233,2,bn:00017081n bn:00017084n
6,n,sim,,ink,inchiostro,Tinte,0.226,1,bn:00046794n
7,n,sim,,glue,colla,Klebstoff,0.221,2,bn:00040758n bn:00001366n
8,n,sim,,varnish,vernice,Lack,0.22,1,bn:00079613n
9,n,sim,,paint,vernice,Farbe,0.212,1,bn:00060187n
10,n,sim,,silicone,silicone,Silikon,0.21,1,bn:00071594n
11,n,sim,,resin,resina,Harz,0.209,1,bn:00067325n
12,n,sim,,metal,metallo,Metall,0.201,1,bn:00054550n
13,n,sim,,rubber,gomma,Gummi,0.201,2,bn:00068457n bn:00015396n
14,n,sim,,paste,pasta,Paste,0.198,0,
15,n,sim,,aluminum,alluminio,Aluminium,0.194,1,bn:00002355n
16,n,sim,,powder,polvere,Pulver,0.189,1,bn:00063926n
17,n,sim,,foam,schiuma,Schaum,0.188,1,bn:00035548n
18,n,sim,,foil,foglio,Folie,0.188,0,
19,n,sim,,dye,colorante,Farbstoff,0.183,1,bn:00029280n
20,n,sim,,iron,ferro,Eisen,0.183,1,bn:00006856n
21,n,sim,,gel,gel,Gel,0.18,3,bn:00013134n bn:00037592n bn:00020680n
22,n,sim,,brush,pennello,Bürste,0.179,1,bn:00013489n
23,n,sim,,fibre,fibra,Faser,0.179,2,bn:00034207n bn:00034205n
24,n,sim,,grease,grasso,Fett,0.179,0,
25,n,sim,,cardboard,cartone,Pappe,0.178,1,bn:00015937n
26,n,sim,,cloth,stoffa,Tuch,0.178,0,
27,n,sim,,plaster,gesso,Gips,0.178,2,bn:00062851n bn:00062850n
28,n,sim,,soap,sapone,Seife,0.177,1,bn:00072496n
29,n,sim,,fiber,fibra,Faser,0.175,2,bn:00034207n bn:00034205n
30,n,sim,,gum,gomma,Gummi,0.175,0,
31,n,sim,,mortar,malta,Mörtel,0.175,1,bn:00055944n
32,n,sim,,wire,filo,Draht,0.171,1,bn:00021675n
33,n,sim,,pencil,matita,Bleistift,0.17,1,bn:00061334n
34,n,sim,,sticker,etichetta,Aufkleber,0.169,0,
35,n,sim,,pigment,pigmento,Pigment,0.165,1,bn:00062357n
36,n,sim,,liquid,liquido,Flüssigkeit,0.162,1,bn:00051472n
37,n,sim,,clay,argilla,Lehm,0.161,1,bn:00019624n
38,n,sim,,solvent,solvente,Lösungsmittel,0.161,1,bn:00027738n
39,n,sim,,cotton,cotone,Baumwolle,0.159,3,bn:00023073n bn:00023072n bn:00023074n
40,n,sim,,glove,guanto,Handschuh,0.155,1,bn:00040736n
41,n,sim,,spray,spray,Spray,0.155,7,bn:00006941n bn:00073617n bn:00073619n bn:00073618n bn:00073616n bn:00073615n bn:00001699n
42,n,sim,,wool,lana,Wolle,0.155,1,bn:00081531n
43,n,sim,,pvc,pvc,Pvc,0.153,2,bn:00064153n bn:00063481n
44,n,sim,,cementum,cemento,Zement,0.152,1,bn:00017084n
45,n,sim,,nail,chiodo,Nagel,0.151,1,bn:00056728n
46,n,sim,,screw,vite,Schraube,0.151,2,bn:00069863n bn:00069865n
47,n,sim,,gasket,guarnizione,Dichtung,0.15,1,bn:00037431n
48,n,sim,,detergent,detergente,Waschmittel,0.149,1,bn:00026646n
49,n,sim,,polymer,polimero,Polymer,0.148,1,bn:00063432n
50,n,sim,,enamel,smalto,Glasur,0.147,0,
51,n,sim,,lacquer,lacca,Lack,0.147,2,bn:00049625n bn:00049626n
52,n,sim,,chalk,gesso,Kreide,0.146,2,bn:00017550n bn:00052708n
53,n,sim,,fat,grasso,Fett,0.144,2,bn:00033761n bn:00001386n
54,n,sim,,needle,ago,Nadel,0.141,2,bn:00070770n bn:00057167n
55,n,sim,,honey,miele,Honig,0.138,1,bn:00044622n
56,n,sim,,stain,macchia,Beize,0.137,0,
57,n,sim,,cream,crema,Creme,0.136,0,
58,n,sim,,cleanser,detersivo,Reinigungsmittel,0.135,0,
59,n,sim,,finish,finitura,Appretur,0.135,0,
60,n,sim,,brick,mattone,Ziegel,0.132,1,bn:00013047n
61,n,sim,,flour,farina,Mehl,0.132,2,bn:00035361n bn:00053995n
62,n,sim,,sponge,spugna,Schwamm,0.131,2,bn:00073533n bn:00060631n
63,n,sim,,resins,resina,Harz,0.13,0,
64,n,sim,,thread,filo,Faden,0.13,1,bn:00077028n
65,n,sim,,gelatin,gelatina,Gelatine,0.129,2,bn:00037593n bn:00037594n
66,n,sim,,corn,grano,Korn,0.128,0,
67,n,sim,,concrete,calcestruzzo,Beton,0.126,1,bn:00021607n
68,n,sim,,mud,fango,Schlamm,0.126,1,bn:00019625n
69,n,sim,,grain,grano,Korn,0.124,0,
70,n,sim,,gasoline,benzina,Benzin,0.12,1,bn:00037384n
71,n,sim,,pin,perno,Stift,0.119,0,
72,n,sim,,substance,sostanza,Substanz,0.118,3,bn:00074985n bn:00017124n bn:00018096n
73,n,sim,,polyurethane,poliuretano,Polyurethan,0.116,1,bn:00063476n
74,n,sim,,tar,catrame,Teer,0.116,1,bn:00062647n
75,n,sim,,tile,piastrella,Fliese,0.116,1,bn:21705914n
76,n,sim,,lime,calce,Kalk,0.113,1,bn:00014036n
77,n,sim,,toothpaste,dentifricio,Zahnpasta,0.112,1,bn:00077604n
78,n,sim,,fertilizer,fertilizzante,Dünger,0.111,1,bn:00034136n
79,n,sim,,sanitizer,disinfettante,Desinfektionsmittel,0.108,0,
80,n,sim,,disinfectant,disinfettante,Desinfektionsmittel,0.106,1,bn:00004692n
81,n,sim,,salt,sale,Salz,0.106,3,bn:00021160n bn:00068991n bn:00021159n
82,n,sim,,cork,sughero,Kork,0.104,1,bn:00022661n
83,n,sim,,gelatine,gelatina,Gelatine,0.101,2,bn:00037593n bn:00037594n
84,n,sim,,straw,paglia,Stroh,0.101,1,bn:00074572n
85,n,sim,,texture,struttura,Textur,0.101,0,
86,n,sim,,sanitiser,disinfettante,Desinfektionsmittel,0.1,0,
87,n,sim,,asphalt,asfalto,Asphalt,0.097,4,bn:00006409n bn:00006408n bn:00076154n bn:00011052n
88,n,sim,,mineral,minerale,Mineral,0.096,1,bn:00055124n
89,n,sim,,twine,spago,Schnur,0.08,1,bn:00074682n
90,n,sim,,acid,acido,Säure,0.073,1,bn:00000902n
91,n,sim,,paraffin,paraffina,Paraffin,0.058,1,bn:00060550n
1,n,sim,WEAK,bead,goccia,Korn,,,
2,n,sim,WEAK,bread,pane,Moos,,,
3,n,sim,WEAK,clip,taglio,Klammer,,,
4,n,sim,WEAK,coat,strato,Anstrich,,,
5,n,sim,WEAK,coating,rivestimento,Belag,,,
6,n,sim,WEAK,cord,corda,Schnur,,,
7,n,sim,WEAK,covering,copertura,Belag,,,
8,n,sim,WEAK,dirt,terra,Schmutz,,,
9,n,sim,WEAK,dough,pasta,Knete,,,
10,n,sim,WEAK,dressing,medicazione,Bekleidung,,,
11,n,sim,WEAK,eraser,gomma,Schwamm,,,
12,n,sim,WEAK,fabric,tessuto,Tuch,,,
13,n,sim,WEAK,flake,fiocco,Span,,,
14,n,sim,WEAK,flooring,pavimento,Bodenbelag,,,
15,n,sim,WEAK,fur,pelliccia,Belag,,,
16,n,sim,WEAK,grip,borsa,Klammer,,,
17,n,sim,WEAK,leaf,foglia,Folie,,,
18,n,sim,WEAK,lining,rivestimento,Belag,,,
19,n,sim,WEAK,mat,tappeto,Matte,,,
20,n,sim,WEAK,medicament,medicinale,Arznei,,,
21,n,sim,WEAK,polish,smalto,Politur,,,
22,n,sim,WEAK,putty,stucco,Spachtelmasse,,,
23,n,sim,WEAK,seam,strato,Naht,,,
24,n,sim,WEAK,seed,seme,Korn,,,
25,n,sim,WEAK,stamp,marca,Stempel,,,
26,n,sim,WEAK,stencil,matrice,Schablone,,,
27,n,sim,WEAK,tin,scatola,Blech,,,
1,n,cooc,,heat,calore,Hitze,0.689,1,bn:00031675n
2,n,cooc,,varnish,vernice,Lack,0.562,1,bn:00079613n
3,n,cooc,,tape,nastro,Klebeband,0.56,0,
4,n,cooc,,adhesive,adesivo,Klebstoff,0.547,1,bn:00001366n
5,n,cooc,,chalk,gesso,Kreide,0.502,2,bn:00017550n bn:00052708n
6,n,cooc,,resine,resina,Harz,0.502,0,
7,n,cooc,,resins,resina,Harz,0.494,0,
8,n,cooc,,paintbrush,pennello,Pinsel,0.472,1,bn:00060193n
9,n,cooc,,plaster,gesso,Gips,0.472,2,bn:00062851n bn:00062850n
10,n,cooc,,resin,resina,Harz,0.47,1,bn:00067325n
11,n,cooc,,nail,chiodo,Nagel,0.467,1,bn:00056728n
12,n,cooc,,screw,vite,Schraube,0.467,2,bn:00069863n bn:00069865n
13,n,cooc,,stick,bastoncino,Stecken,0.464,0,
14,n,cooc,,sawdust,segatura,Sägemehl,0.461,1,bn:00069413n
15,n,cooc,,putty,stucco,Kitt,0.457,1,bn:00065378n
16,n,cooc,,lacquer,lacca,Lack,0.453,2,bn:00049625n bn:00049626n
17,n,cooc,,solvent,solvente,Lösungsmittel,0.441,1,bn:00027738n
18,n,cooc,,twine,spago,Schnur,0.44,1,bn:00074682n
19,n,cooc,,pencil,matita,Bleistift,0.433,1,bn:00061334n
20,n,cooc,,polyurethane,poliuretano,Polyurethan,0.428,1,bn:00063476n
21,n,cooc,,silicone,silicone,Silikon,0.426,1,bn:00071594n
22,n,cooc,,tube,tubo,Tube,0.426,2,bn:00078521n bn:00078520n
23,n,cooc,,detergent,detergente,Waschmittel,0.423,1,bn:00026646n
24,n,cooc,,gelatin,gelatina,Gelatine,0.418,2,bn:00037593n bn:00037594n
25,n,cooc,,paste,pasta,Kleister,0.414,0,
26,n,cooc,,gelatine,gelatina,Gelatine,0.413,2,bn:00037593n bn:00037594n
27,n,cooc,,glue,colla,Klebstoff,0.413,2,bn:00040758n bn:00001366n
28,n,cooc,,brush,pennello,Pinsel,0.412,1,bn:00013489n
29,n,cooc,,ruler,righello,Lineal,0.408,1,bn:00068525n
30,n,cooc,,paper,carta,Papier,0.398,1,bn:00060464n
31,n,cooc,,wax,cera,Wachs,0.388,1,bn:00080707n
32,n,cooc,,wood,legno,Holz,0.385,1,bn:00081492n
33,n,cooc,,wire,filo,Draht,0.384,1,bn:00021675n
34,n,cooc,,plastic,plastica,Kunststoff,0.382,1,bn:00062856n
35,n,cooc,,thread,filo,Faden,0.38,1,bn:00077028n
36,n,cooc,,foil,foglio,Folie,0.373,0,
37,n,cooc,,polymer,polimero,Polymer,0.372,1,bn:00063432n
38,n,cooc,,paint,vernice,Farbe,0.359,1,bn:00060187n
39,n,cooc,,rubber,gomma,Gummi,0.351,2,bn:00068457n bn:00015396n
40,n,cooc,,ink,inchiostro,Tinte,0.346,1,bn:00046794n
41,n,cooc,,residue,residuo,Rückstand,0.344,0,
42,n,cooc,,stain,macchia,Klecks,0.344,0,
43,n,cooc,,eraser,gomma,Radiergummi,0.343,1,bn:00031360n
44,n,cooc,,ribbon,nastro,Schleife,0.34,0,
45,n,cooc,,cardboard,cartone,Karton,0.339,1,bn:00015937n
46,n,cooc,,fiber,fibra,Faser,0.337,2,bn:00034207n bn:00034205n
47,n,cooc,,gum,gomma,Gummi,0.332,0,
48,n,cooc,,fibre,fibra,Faser,0.33,2,bn:00034207n bn:00034205n
49,n,cooc,,cement,cemento,Zement,0.329,2,bn:00017081n bn:00017084n
50,n,cooc,,pin,spillo,Stift,0.295,0,
51,n,cooc,,oil,olio,Öl,0.291,1,bn:00058732n
52,n,cooc,,leaf,foglio,Blatt,0.27,1,bn:00035604n
53,n,cooc,,sand,sabbia,Sand,0.251,1,bn:00069126n
54,n,cooc,,substance,sostanza,Substanz,0.24,3,bn:00074985n bn:00017124n bn:00018096n
55,n,cooc,,layer,strato,Schicht,0.235,3,bn:00009477n bn:00050302n bn:00050305n
56,n,cooc,,bottle,bottiglia,Flasche,0.215,2,bn:00012340n bn:00012339n
57,n,cooc,,base,base,Basis,0.183,9,bn:00035744n bn:00008782n bn:00008916n bn:00008786n bn:00008791n bn:00008781n bn:00008790n bn:00008789n bn:00008870n
58,n,cooc,,product,prodotto,Produkt,0.095,4,bn:00054416n bn:00064585n bn:00064584n bn:00053827n
1,n,cooc,WEAK,bead,perlina,Tropfen,,,
2,n,cooc,WEAK,business,lavoro,Branche,,,
3,n,cooc,WEAK,clamp,chiusura,Klammer,,,
4,n,cooc,WEAK,coat,mano,Schicht,,,
5,n,cooc,WEAK,coating,rivestimento,Schicht,,,
6,n,cooc,WEAK,crayon,pastello,Buntstift,,,
7,n,cooc,WEAK,dab,macchia,Tupfen,,,
8,n,cooc,WEAK,dot,punto,Tupfen,,,
9,n,cooc,WEAK,drop,pasticca,Tropfen,,,
10,n,cooc,WEAK,dye,colorante,Farbe,,,
11,n,cooc,WEAK,enamel,smalto,Nagellack,,,
12,n,cooc,WEAK,fabric,tessuto,Stoff,,,
13,n,cooc,WEAK,fastener,fermaglio,Verschluss,,,
14,n,cooc,WEAK,grip,presa,Klammer,,,
15,n,cooc,WEAK,line,filo,Verbindung,,,
16,n,cooc,WEAK,mucilage,mucillagine,Klebstoff,,,
17,n,cooc,WEAK,office,carica,Stelle,,,
18,n,cooc,WEAK,patch,macchia,Stelle,,,
19,n,cooc,WEAK,peg,molletta,Stift,,,
20,n,cooc,WEAK,pigment,colore,Pigment,,,
21,n,cooc,WEAK,polish,smalto,Lack,,,
22,n,cooc,WEAK,scrap,pezzo,Rest,,,
23,n,cooc,WEAK,skin,pelle,Schale,,,
24,n,cooc,WEAK,spread,pasta,Verteilung,,,
25,n,cooc,WEAK,stamp,timbro,Stanze,,,
26,n,cooc,WEAK,string,corda,Schnur,,,
27,n,cooc,WEAK,tack,chiodo,Stift,,,
28,n,cooc,WEAK,tweezers,molletta,Pinzette,,,
1,adj,cooc,,two-component,bicomponente,zweikomponentig,0.553,0,
2,adj,cooc,,waterproof,impermeabile,wasserfest,0.45,0,
3,adj,cooc,,sticky,appiccicoso,klebrig,0.423,0,
4,adj,cooc,,adhesive,adesivo,klebend,0.401,0,
5,adj,cooc,,water-soluble,idrosolubile,wasserlöslich,0.397,0,
6,adj,cooc,,conductive,conduttiva,leitfähig,0.391,0,
7,adj,cooc,,liquid,liquido,flüssig,0.383,0,
8,adj,cooc,,gooey,appiccicoso,klebrig,0.381,0,
9,adj,cooc,,soluble,solubile,löslich,0.378,1,bn:00110905a
10,adj,cooc,,natural,naturale,natürlich,0.36,1,bn:00107151a
11,adj,cooc,,flexible,flessibile,flexibel,0.333,0,
12,adj,cooc,,dry,asciutto,trocken,0.298,1,bn:00101839a
13,adj,cooc,,hot,caldo,heiß,0.295,1,bn:00104348a
14,adj,cooc,,tough,duro,zäh,0.294,0,
15,adj,cooc,,toxic,tossico,giftig,0.279,0,
16,adj,cooc,,suitable,adatto,geeignet,0.247,1,bn:00111427a
17,adj,cooc,,surgical,chirurgico,chirurgisch,0.21,1,bn:00111516a
18,adj,cooc,,fresh,fresco,frisch,0.195,0,
19,adj,cooc,,thick,spesso,dick,0.195,1,bn:00111824a
20,adj,cooc,,abundant,abbondante,reichlich,0.191,1,bn:00097001a
21,adj,cooc,,strong,forte,kräftig,0.144,0,
22,adj,cooc,,effective,efficace,wirksam,0.076,1,bn:00102038a
1,adj,cooc,WEAK,available,valido,frei,,,
2,adj,cooc,WEAK,common,comune,gewöhnlich,,,
3,adj,cooc,WEAK,fine,buono,dünn,,,
4,adj,cooc,WEAK,firm,solido,kräftig,,,
5,adj,cooc,WEAK,free,abbondante,frei,,,
6,adj,cooc,WEAK,good,buono,geeignet,,,
7,adj,cooc,WEAK,hard,duro,kräftig,,,
8,adj,cooc,WEAK,high,forte,hell,,,
9,adj,cooc,WEAK,ideal,ideale,vollkommen,,,
10,adj,cooc,WEAK,invisible,invisibile,blind,,,
11,adj,cooc,WEAK,loose,lento,frei,,,
12,adj,cooc,WEAK,necessary,necessario,gehörig,,,
13,adj,cooc,WEAK,normal,normale,gewöhnlich,,,
14,adj,cooc,WEAK,pale,debole,hell,,,
15,adj,cooc,WEAK,perfect,perfetto,vollkommen,,,
16,adj,cooc,WEAK,ready,pronto,fertig,,,
17,adj,cooc,WEAK,stiff,rigido,zäh,,,
18,adj,cooc,WEAK,sweet,tenero,frisch,,,
19,adj,cooc,WEAK,swollen,gonfio,dick,,,
20,adj,cooc,WEAK,thin,secco,dünn,,,
21,adj,cooc,WEAK,weak,debole,dünn,,,
22,adj,cooc,WEAK,wet,fresco,nass,,,
23,adj,cooc,WEAK,white,bianco,hell,,,
1,v,cooc,,sniff,annusare,schnüffeln,0.486,1,bn:00093979v
2,v,cooc,,dry,asciugare,trocknen,0.458,1,bn:00087401v
3,v,cooc,,thin,diluire,verdünnen,0.431,0,
4,v,cooc,,harden,indurire,härten,0.43,0,
5,v,cooc,,dilute,diluire,verdünnen,0.393,0,
6,v,cooc,,melt,sciogliere,schmelzen,0.37,2,bn:00090736v bn:00086718v
7,v,cooc,,glue,incollare,kleben,0.345,0,
8,v,cooc,,paste,incollare,kleben,0.32,0,
9,v,cooc,,bind,legare,binden,0.316,1,bn:00083498v
10,v,cooc,,inhale,inalare,inhalieren,0.307,1,bn:00084027v
11,v,cooc,,fix,aggiustare,fixieren,0.298,0,
12,v,cooc,,wipe,pulire,wischen,0.277,0,
13,v,cooc,,color,colorare,färben,0.272,0,
14,v,cooc,,mix,mescolare,mischen,0.26,3,bn:00082565v bn:00090871v bn:00083597v
15,v,cooc,,touch,toccare,anrühren,0.26,0,
16,v,cooc,,penetrate,penetrare,dringen,0.256,0,
17,v,cooc,,add,aggiungere,zusetzen,0.249,0,
18,v,cooc,,use,utilizzare,verwenden,0.23,1,bn:00082705v
19,v,cooc,,remove,rimuovere,entfernen,0.227,0,
20,v,cooc,,squeeze,stringere,drücken,0.226,0,
21,v,cooc,,shield,proteggere,schützen,0.225,0,
22,v,cooc,,hold,tenere,halten,0.192,1,bn:00089385v
23,v,cooc,,set,mettere,legen,0.191,1,bn:00090224v
24,v,cooc,,pour,versare,gießen,0.19,0,
25,v,cooc,,wash,lavare,waschen,0.19,1,bn:00095650v
26,v,cooc,,ensure,garantire,gewährleisten,0.185,1,bn:00082812v
27,v,cooc,,protect,proteggere,schützen,0.179,1,bn:00090041v
28,v,cooc,,put,mettere,legen,0.174,1,bn:00090224v
29,v,cooc,,spill,versare,gießen,0.171,0,
30,v,cooc,,last,durare,halten,0.167,0,
31,v,cooc,,cut,tagliare,reduzieren,0.163,0,
32,v,cooc,,recommend,consigliare,empfehlen,0.144,0,
33,v,cooc,,consume,consumare,verbrauchen,0.142,0,
34,v,cooc,,connect,collegare,verbinden,0.141,1,bn:00085623v
35,v,cooc,,keep,tenere,halten,0.131,0,
36,v,cooc,,act,agire,handeln,0.129,0,
37,v,cooc,,allow,consentire,erlauben,0.117,0,
38,v,cooc,,link,collegare,verbinden,0.114,1,bn:00085623v
39,v,cooc,,plant,mettere,legen,0.108,0,
40,v,cooc,,contain,contenere,enthalten,0.088,1,bn:00083225v
41,v,cooc,,meet,incontrare,erfüllen,0.085,0,
42,v,cooc,,produce,produrre,produzieren,0.069,3,bn:00086013v bn:00084082v bn:00084198v
1,v,cooc,WEAK,adhere,aderire,haften,,,
2,v,cooc,WEAK,appear,sembrare,wirken,,,
3,v,cooc,WEAK,apply,applicare,verwenden,,,
4,v,cooc,WEAK,attach,attaccare,befestigen,,,
5,v,cooc,WEAK,bond,collegare,binden,,,
6,v,cooc,WEAK,burn,bruciare,verbrauchen,,,
7,v,cooc,WEAK,buy,acquistare,lösen,,,
8,v,cooc,WEAK,cause,produrre,bewirken,,,
9,v,cooc,WEAK,clean,pulire,waschen,,,
10,v,cooc,WEAK,cover,comprendere,decken,,,
11,v,cooc,WEAK,dab,applicare,tupfen,,,
12,v,cooc,WEAK,digest,smaltire,verarbeiten,,,
13,v,cooc,WEAK,dissolve,sciogliere,lösen,,,
14,v,cooc,WEAK,drip,colare,tropfen,,,
15,v,cooc,WEAK,drop,cadere,tropfen,,,
16,v,cooc,WEAK,fill,ricoprire,füllen,,,
17,v,cooc,WEAK,fit,adattare,montieren,,,
18,v,cooc,WEAK,form,costituire,formen,,,
19,v,cooc,WEAK,fume,fumare,kochen,,,
20,v,cooc,WEAK,infect,attaccare,beeinflussen,,,
21,v,cooc,WEAK,insert,introdurre,einfügen,,,
22,v,cooc,WEAK,join,aderire,verbinden,,,
23,v,cooc,WEAK,joint,unire,verbinden,,,
24,v,cooc,WEAK,leak,perdere,tropfen,,,
25,v,cooc,WEAK,leave,uscire,lassen,,,
26,v,cooc,WEAK,let,permettere,lassen,,,
27,v,cooc,WEAK,loosen,sciogliere,lösen,,,
28,v,cooc,WEAK,lower,calare,drücken,,,
29,v,cooc,WEAK,manufacture,produrre,fertigen,,,
30,v,cooc,WEAK,need,occorrere,benötigen,,,
31,v,cooc,WEAK,occur,presentare,erfolgen,,,
32,v,cooc,WEAK,ooze,colare,quellen,,,
33,v,cooc,WEAK,originate,provenire,erfinden,,,
34,v,cooc,WEAK,prepare,preparare,ausrüsten,,,
35,v,cooc,WEAK,prevent,evitare,verhindern,,,
36,v,cooc,WEAK,provide,fornire,sorgen,,,
37,v,cooc,WEAK,reduce,ribassare,reduzieren,,,
38,v,cooc,WEAK,reinforce,rinforzare,verfestigen,,,
39,v,cooc,WEAK,run,funzionare,durchführen,,,
40,v,cooc,WEAK,secure,garantire,sichern,,,
41,v,cooc,WEAK,sell,vendere,vertreiben,,,
42,v,cooc,WEAK,settle,comporre,legen,,,
43,v,cooc,WEAK,shape,modellare,formen,,,
44,v,cooc,WEAK,show,indicare,weisen,,,
45,v,cooc,WEAK,smear,spalmare,schmieren,,,
46,v,cooc,WEAK,smell,annusare,riechen,,,
47,v,cooc,WEAK,soothe,consolare,lindern,,,
48,v,cooc,WEAK,spread,stendere,verteilen,,,
49,v,cooc,WEAK,start,iniziare,einsetzen,,,
50,v,cooc,WEAK,stay,rimanere,halten,,,
51,v,cooc,WEAK,stick,attaccare,halten,,,
52,v,cooc,WEAK,stop,fermare,halten,,,
53,v,cooc,WEAK,strengthen,rinforzare,verbessern,,,
54,v,cooc,WEAK,stretch,allungare,reichen,,,
55,v,cooc,WEAK,supply,fornire,sorgen,,,
56,v,cooc,WEAK,swell,gonfiare,quellen,,,
57,v,cooc,WEAK,tend,tirare,sorgen,,,
58,v,cooc,WEAK,trace,lucidare,zeichnen,,,
59,v,cooc,WEAK,unite,unire,verbinden,,,
60,v,cooc,WEAK,work,lavorare,funktionieren,,,
