idx_group,pos,rel,weak,lex_en,lex_it,lex_de,score,bs_count,babel_synsets
0,n,head,,craft workmanship craftsmanship,maestria perizia abilità_professionale,Kompetenz,,1,bn:00023499n
1,n,sim,,creativity,creatività,Kreativität,0.251,1,bn:00023659n
2,n,sim,,imagination,immaginazione,Vorstellung,0.248,2,bn:00045979n bn:00045976n
3,n,sim,,talent,talento,Talent,0.236,2,bn:00075959n bn:00030806n
4,n,sim,,craft,mestiere,Kunst,0.22,0,
5,n,sim,,theme,argomento,Thema,0.216,1,bn:00074900n
6,n,sim,,intelligence,intelligenza,Intelligenz,0.21,1,bn:00047025n
7,n,sim,,personality,personalità,Persönlichkeit,0.204,1,bn:00061736n
8,n,sim,,innovation,innovazione,Innovation,0.194,1,bn:00021551n
9,n,sim,,profession,professione,Beruf,0.184,2,bn:00064607n bn:00064608n
10,n,sim,,know-how,know-how,Know-how,0.183,0,
11,n,sim,,dynamism,dinamismo,Dynamik,0.18,0,
12,n,sim,,creativeness,creatività,Kreativität,0.179,1,bn:00023659n
13,n,sim,,planning,pianificazione,Planung,0.176,2,bn:00062795n bn:00062794n
14,n,sim,,enterprise,iniziativa,Initiative,0.172,1,bn:00031009n
15,n,sim,,qualification,qualificazione,Qualifikation,0.172,1,bn:06752760n
16,n,sim,,passion,passione,Leidenschaft,0.17,1,bn:00060907n
17,n,sim,,competence,competenza,Zuständigkeit,0.169,1,bn:00021335n
18,n,sim,,equipment,attrezzatura,Ausstattung,0.169,1,bn:00031322n
19,n,sim,,courage,coraggio,Mut,0.164,1,bn:00012839n
20,n,sim,,grandeur,grandezza,Größe,0.164,0,
21,n,sim,,technique,tecnica,Technik,0.163,1,bn:16282150n
22,n,sim,,reliability,affidabilità,Zuverlässigkeit,0.159,1,bn:00026350n
23,n,sim,,experience,esperienza,Erfahrung,0.158,2,bn:00032307n bn:00032306n
24,n,sim,,stuff,materiale,Material,0.156,1,bn:00053801n
25,n,sim,,flexibility,flessibilità,Flexibilität,0.154,1,bn:00035189n
26,n,sim,,discipline,disciplina,Disziplin,0.153,2,bn:00027487n bn:00007985n
27,n,sim,,transparency,trasparenza,Transparenz,0.149,1,bn:00078038n
28,n,sim,,vision,visione,Vision,0.146,3,bn:00071509n bn:00080106n bn:00080108n
29,n,sim,,greatness,grandezza,Größe,0.144,0,
30,n,sim,,aspect,aspetto,Aspekt,0.143,1,bn:00006385n
31,n,sim,,facility,facilità,Einrichtung,0.132,0,
32,n,sim,,occupation,professione,Beruf,0.126,1,bn:00064608n
33,n,sim,,material,materiale,Material,0.125,3,bn:00053801n bn:00053803n bn:00053802n
34,n,sim,,utility,utilità,Nutzen,0.118,1,bn:00079399n
35,n,sim,,research,ricerca,Forschung,0.107,1,bn:00067280n
1,n,sim,WEAK,accomplishment,adempimento,Leistung,,,
2,n,sim,WEAK,agility,agilità,Mobilität,,,
3,n,sim,WEAK,assurance,assicurazione,Sicherheit,,,
4,n,sim,WEAK,boldness,audacia,Mut,,,
5,n,sim,WEAK,clarity,chiarezza,Transparenz,,,
6,n,sim,WEAK,component,elemento,Komponente,,,
7,n,sim,WEAK,consistency,coerenza,Konsequenz,,,
8,n,sim,WEAK,culture,istruzione,Kultur,,,
9,n,sim,WEAK,custom,norma,Praxis,,,
10,n,sim,WEAK,decor,decoro,Ausstattung,,,
11,n,sim,WEAK,device,accorgimento,Mittel,,,
12,n,sim,WEAK,dignity,dignità,Stellung,,,
13,n,sim,WEAK,estate,campagna,Eigentum,,,
14,n,sim,WEAK,expertise,competenza,Geschick,,,
15,n,sim,WEAK,finesse,finezza,Geschick,,,
16,n,sim,WEAK,flair,intuizione,Talent,,,
17,n,sim,WEAK,goodness,bontà,Qualität,,,
18,n,sim,WEAK,grit,grinta,Mut,,,
19,n,sim,WEAK,individuality,individualità,Persönlichkeit,,,
20,n,sim,WEAK,item,articolo,Ding,,,
21,n,sim,WEAK,job,mestiere,Job,,,
22,n,sim,WEAK,learning,istruzione,Lernen,,,
23,n,sim,WEAK,machinery,apparato,Mechanismus,,,
24,n,sim,WEAK,mastery,padronanza,Können,,,
25,n,sim,WEAK,mission,missione,Aufgabe,,,
26,n,sim,WEAK,model,tipo,Modell,,,
27,n,sim,WEAK,nature,carattere,Natur,,,
28,n,sim,WEAK,object,argomento,Ziel,,,
29,n,sim,WEAK,picture,quadro,Vorstellung,,,
30,n,sim,WEAK,plane,piano,Ebene,,,
31,n,sim,WEAK,processing,elaborazione,Entwicklung,,,
32,n,sim,WEAK,proficiency,competenza,Können,,,
33,n,sim,WEAK,prowess,abilità,Können,,,
34,n,sim,WEAK,quality,pregio,Qualität,,,
35,n,sim,WEAK,refinement,raffinatezza,Verbesserung,,,
36,n,sim,WEAK,robustness,robustezza,Stabilität,,,
37,n,sim,WEAK,safety,prudenza,Sicherheit,,,
38,n,sim,WEAK,servicing,revisione,Dienst,,,
39,n,sim,WEAK,skill,abilità,Fähigkeit,,,
40,n,sim,WEAK,soundness,solidità,Gesundheit,,,
41,n,sim,WEAK,spirit,brio,Sinn,,,
42,n,sim,WEAK,supply,domanda,Versorgung,,,
43,n,sim,WEAK,technology,tecnica,Technologie,,,
44,n,sim,WEAK,temperament,temperamento,Charakter,,,
45,n,sim,WEAK,thoughtfulness,gentilezza,Aufmerksamkeit,,,
46,n,sim,WEAK,trade,mestiere,Beruf,,,
47,n,sim,WEAK,training,tirocinio,Ausbildung,,,
48,n,sim,WEAK,trick,astuzia,Kunst,,,
49,n,sim,WEAK,type,tipo,Modell,,,
50,n,sim,WEAK,unit,organo,Element,,,
51,n,sim,WEAK,versatility,versatilità,Flexibilität,,,
52,n,sim,WEAK,vitality,vitalità,Dynamik,,,
53,n,sim,WEAK,working,manovra,Arbeit,,,
1,n,cooc,,speed,velocità,Schnelligkeit,0.435,1,bn:00073258n
2,n,cooc,,occupation,lavoro,Beruf,0.422,3,bn:00030616n bn:00030625n bn:00014138n
3,n,cooc,,expert,esperto,Sachverständige,0.394,0,
4,n,cooc,,advice,consulenza,Beratung,0.393,0,
5,n,cooc,,creativity,creatività,Kreativität,0.392,1,bn:00023659n
6,n,cooc,,talent,talento,Talent,0.391,2,bn:00075959n bn:00030806n
7,n,cooc,,passion,passione,Leidenschaft,0.385,1,bn:00060907n
8,n,cooc,,punctuality,puntualità,Pünktlichkeit,0.377,1,bn:00064712n
9,n,cooc,,diligence,diligenza,Fleiß,0.371,1,bn:00027133n
10,n,cooc,,timeliness,tempestività,Pünktlichkeit,0.368,0,
11,n,cooc,,expertise,competenza,Sachverstand,0.354,0,
12,n,cooc,,sensibility,sensibilità,Sensibilität,0.349,0,
13,n,cooc,,creativeness,creatività,Kreativität,0.334,1,bn:00023659n
14,n,cooc,,know-how,know-how,Know-how,0.334,0,
15,n,cooc,,quality,qualità,Qualität,0.331,2,bn:00014731n bn:00065538n
16,n,cooc,,capability,capacità,Fähigkeit,0.314,1,bn:00005193n
17,n,cooc,,surveillance,sorveglianza,Überwachung,0.3,1,bn:00075427n
18,n,cooc,,touch,tocco,Kontakt,0.296,0,
19,n,cooc,,care,cura,Sorgfalt,0.294,0,
20,n,cooc,,value,valore,Wert,0.292,5,bn:00079511n bn:00079508n bn:00058151n bn:00029680n bn:00079509n
21,n,cooc,,certificate,certificato,Bescheinigung,0.282,1,bn:04514649n
22,n,cooc,,attention,attenzione,Beachtung,0.275,0,
23,n,cooc,,honesty,onestà,Ehrlichkeit,0.237,1,bn:00044620n
24,n,cooc,,supervision,sorveglianza,Überwachung,0.23,0,
25,n,cooc,,test,esame,Prüfung,0.226,1,bn:00032095n
26,n,cooc,,commitment,impegno,Engagement,0.224,1,bn:00002819n
27,n,cooc,,organisation,organizzazione,Organisation,0.209,5,bn:00059480n bn:00005863n bn:00059482n bn:00059483n bn:00001423n
28,n,cooc,,action,atto,Handeln,0.203,1,bn:16082183n
29,n,cooc,,use,uso,Nutzung,0.201,1,bn:00030627n
30,n,cooc,,process,processo,Verfahren,0.125,1,bn:00064536n
31,n,cooc,,part,parte,Teil,0.115,1,bn:00021395n
1,n,cooc,WEAK,air,atmosfera,Auftreten,,,
2,n,cooc,WEAK,application,richiesta,Gebrauch,,,
3,n,cooc,WEAK,business,lavoro,Unternehmen,,,
4,n,cooc,WEAK,connection,relazione,Verbindung,,,
5,n,cooc,WEAK,demonstration,testimonianza,Demonstration,,,
6,n,cooc,WEAK,device,dispositivo,Mittel,,,
7,n,cooc,WEAK,equipment,materiale,Ausstattung,,,
8,n,cooc,WEAK,fashion,stile,Weise,,,
9,n,cooc,WEAK,identification,documento,Feststellung,,,
10,n,cooc,WEAK,industry,attività,Fleiß,,,
11,n,cooc,WEAK,mastery,padronanza,Können,,,
12,n,cooc,WEAK,merit,valore,Leistung,,,
13,n,cooc,WEAK,movement,trasferimento,Entwicklung,,,
14,n,cooc,WEAK,paper,documento,Arbeit,,,
15,n,cooc,WEAK,point,senso,Punkt,,,
16,n,cooc,WEAK,presentation,relazione,Darstellung,,,
17,n,cooc,WEAK,production,realizzazione,Förderung,,,
18,n,cooc,WEAK,profession,mestiere,Beruf,,,
19,n,cooc,WEAK,project,ricerca,Projekt,,,
20,n,cooc,WEAK,prowess,abilità,Können,,,
21,n,cooc,WEAK,reference,relazione,Stelle,,,
22,n,cooc,WEAK,refinement,raffinatezza,Verbesserung,,,
23,n,cooc,WEAK,requirement,richiesta,Voraussetzung,,,
24,n,cooc,WEAK,room,possibilità,Raum,,,
25,n,cooc,WEAK,safety,prudenza,Sicherheit,,,
26,n,cooc,WEAK,scope,possibilità,Umfang,,,
27,n,cooc,WEAK,skill,abilità,Fähigkeit,,,
28,n,cooc,WEAK,technique,tecnica,Methode,,,
29,n,cooc,WEAK,technology,tecnica,Technologie,,,
30,n,cooc,WEAK,trade,mestiere,Beruf,,,
31,n,cooc,WEAK,undertaking,assicurazione,Unternehmen,,,
32,n,cooc,WEAK,versatility,versatilità,Flexibilität,,,
1,adj,cooc,,artisanal,artigianale,handwerklich,0.417,0,
2,adj,cooc,,private,personale,persönlich,0.288,0,
3,adj,cooc,,professional,professionale,professionell,0.277,1,bn:00109069a
4,adj,cooc,,suitable,appropriato,angemessen,0.257,1,bn:00111427a
5,adj,cooc,,available,disponibile,vorhanden,0.239,0,
6,adj,cooc,,specific,specifico,spezifisch,0.223,0,
7,adj,cooc,,appropriate,appropriato,angemessen,0.222,1,bn:00111427a
8,adj,cooc,,large,grande,groß,0.22,1,bn:00098342a
9,adj,cooc,,big,grande,groß,0.215,1,bn:00098342a
10,adj,cooc,,great,grande,groß,0.215,0,
11,adj,cooc,,simple,semplice,schlicht,0.187,0,
1,adj,cooc,WEAK,careful,attento,wirtschaftlich,,,
2,adj,cooc,WEAK,clear,assoluto,klar,,,
3,adj,cooc,WEAK,different,nuovo,unterschiedlich,,,
4,adj,cooc,WEAK,direct,diretto,spezifisch,,,
5,adj,cooc,WEAK,heavy,grande,hoch,,,
6,adj,cooc,WEAK,high,grande,hoch,,,
7,adj,cooc,WEAK,independent,indipendente,eigen,,,
8,adj,cooc,WEAK,inherent,innato,eigen,,,
9,adj,cooc,WEAK,matchless,incomparabile,einzigartig,,,
10,adj,cooc,WEAK,peerless,impareggiabile,einzigartig,,,
11,adj,cooc,WEAK,precise,accurato,klar,,,
12,adj,cooc,WEAK,real,immobile,richtig,,,
13,adj,cooc,WEAK,relevant,relativo,entsprechend,,,
14,adj,cooc,WEAK,strange,singolare,eigen,,,
15,adj,cooc,WEAK,typical,tipico,eigen,,,
16,adj,cooc,WEAK,useful,utile,praktisch,,,
1,v,cooc,,demonstrate,dimostrare,zeigen,0.293,2,bn:00086557v bn:00086567v
2,v,cooc,,learn,imparare,lernen,0.29,1,bn:00082281v
3,v,cooc,,possess,possedere,besitzen,0.285,1,bn:00089241v
4,v,cooc,,deploy,dispiegare,einsetzen,0.267,0,
5,v,cooc,,deliver,consegnare,abgeben,0.258,0,
6,v,cooc,,attest,attestare,bestätigen,0.257,0,
7,v,cooc,,deem,ritenere,erachten,0.253,0,
8,v,cooc,,display,mostrare,zeigen,0.251,1,bn:00086557v
9,v,cooc,,study,esaminare,untersuchen,0.25,0,
10,v,cooc,,fulfil,compiere,erfüllen,0.249,0,
11,v,cooc,,appreciate,apprezzare,schätzen,0.243,0,
12,v,cooc,,indicate,indicare,zeigen,0.237,0,
13,v,cooc,,form,costituire,bilden,0.233,0,
14,v,cooc,,emphasize,enfatizzare,betonen,0.225,2,bn:00082195v bn:00087572v
15,v,cooc,,prize,apprezzare,schätzen,0.223,0,
16,v,cooc,,emphasise,enfatizzare,betonen,0.221,2,bn:00082195v bn:00087572v
17,v,cooc,,transfer,trasmettere,übertragen,0.221,1,bn:00095085v
18,v,cooc,,execute,eseguire,ausführen,0.219,2,bn:00087823v bn:00087107v
19,v,cooc,,praise,lodare,loben,0.214,0,
20,v,cooc,,better,migliorare,verbessern,0.213,1,bn:00082573v
21,v,cooc,,combine,combinare,kombinieren,0.213,1,bn:00085314v
22,v,cooc,,require,richiedere,erfordern,0.2,0,
23,v,cooc,,reflect,riflettere,reflektieren,0.196,1,bn:00084733v
24,v,cooc,,place,mettere,legen,0.195,1,bn:00090224v
25,v,cooc,,improve,migliorare,verbessern,0.19,1,bn:00082573v
26,v,cooc,,show,mostrare,zeigen,0.19,2,bn:00086567v bn:00086557v
27,v,cooc,,develop,sviluppare,entwickeln,0.185,1,bn:00086745v
28,v,cooc,,underline,sottolineare,unterstreichen,0.185,1,bn:00095362v
29,v,cooc,,mean,dire,bedeuten,0.182,1,bn:00089805v
30,v,cooc,,reach,raggiungere,erreichen,0.18,2,bn:00082901v bn:00082226v
31,v,cooc,,evolve,sviluppare,entwickeln,0.177,0,
32,v,cooc,,underpin,sostenere,untermauern,0.175,1,bn:00095365v
33,v,cooc,,convey,trasmettere,vermitteln,0.17,0,
34,v,cooc,,unite,unire,vereinigen,0.17,1,bn:00082317v
35,v,cooc,,define,definire,definieren,0.165,1,bn:00086465v
36,v,cooc,,follow,seguire,verfolgen,0.165,0,
37,v,cooc,,offer,offrire,bieten,0.164,0,
38,v,cooc,,understand,comprendere,verstehen,0.162,1,bn:00082727v
39,v,cooc,,do,fare,tun,0.154,1,bn:00082286v
40,v,cooc,,drive,condurre,führen,0.144,0,
41,v,cooc,,attain,raggiungere,erreichen,0.139,2,bn:00082901v bn:00082226v
42,v,cooc,,constitute,costituire,bilden,0.134,1,bn:00083187v
43,v,cooc,,include,includere,einschließen,0.13,1,bn:00089662v
44,v,cooc,,put,mettere,setzen,0.128,0,
45,v,cooc,,make,fare,machen,0.108,3,bn:00084198v bn:00086008v bn:00086013v
46,v,cooc,,concern,riguardare,betreffen,0.089,1,bn:00083240v
47,v,cooc,,apply,riguardare,betreffen,0.086,0,
48,v,cooc,,give,dare,geben,0.081,2,bn:00088825v bn:00088815v
49,v,cooc,,bring,portare,bringen,0.077,1,bn:00084058v
50,v,cooc,,speak,parlare,sprechen,0.074,1,bn:00094090v
51,v,cooc,,take,prendere,nehmen,0.035,3,bn:00085689v bn:00088762v bn:00094731v
1,v,cooc,WEAK,acknowledge,riconoscere,bestätigen,,,
2,v,cooc,WEAK,advance,avanzare,vorantreiben,,,
3,v,cooc,WEAK,arrive,arrivare,kommen,,,
4,v,cooc,WEAK,attach,allegare,beimessen,,,
5,v,cooc,WEAK,authorise,autorizzare,bewilligen,,,
6,v,cooc,WEAK,back,sostenere,unterstützen,,,
7,v,cooc,WEAK,be,fare,liegen,,,
8,v,cooc,WEAK,bear,sostenere,tragen,,,
9,v,cooc,WEAK,become,venire,stehen,,,
10,v,cooc,WEAK,begin,iniziare,einsetzen,,,
11,v,cooc,WEAK,belong,concernere,gehören,,,
12,v,cooc,WEAK,build,fare,bauen,,,
13,v,cooc,WEAK,carry,portare,tragen,,,
14,v,cooc,WEAK,cause,determinare,bewirken,,,
15,v,cooc,WEAK,characterise,caratterizzare,prägen,,,
16,v,cooc,WEAK,characterize,caratterizzare,prägen,,,
17,v,cooc,WEAK,compare,confrontare,steigern,,,
18,v,cooc,WEAK,complete,completare,ergänzen,,,
19,v,cooc,WEAK,consider,valutare,prüfen,,,
20,v,cooc,WEAK,construct,fare,bauen,,,
21,v,cooc,WEAK,cover,comprendere,decken,,,
22,v,cooc,WEAK,decide,stabilire,entscheiden,,,
23,v,cooc,WEAK,demand,chiedere,verlangen,,,
24,v,cooc,WEAK,depict,rappresentare,beschreiben,,,
25,v,cooc,WEAK,direct,indicare,führen,,,
26,v,cooc,WEAK,discuss,discutere,beraten,,,
27,v,cooc,WEAK,distinguish,caratterizzare,auszeichnen,,,
28,v,cooc,WEAK,earn,prendere,erwerben,,,
29,v,cooc,WEAK,emit,sviluppare,abgeben,,,
30,v,cooc,WEAK,employ,impiegare,einsetzen,,,
31,v,cooc,WEAK,enable,permettere,ermöglichen,,,
32,v,cooc,WEAK,engage,assumere,nehmen,,,
33,v,cooc,WEAK,enhance,accrescere,verbessern,,,
34,v,cooc,WEAK,enter,cominciare,einsetzen,,,
35,v,cooc,WEAK,equip,fornire,ausstatten,,,
36,v,cooc,WEAK,exhibit,esibire,zeigen,,,
37,v,cooc,WEAK,explore,analizzare,untersuchen,,,
38,v,cooc,WEAK,fall,slittare,fallen,,,
39,v,cooc,WEAK,fashion,fare,gestalten,,,
40,v,cooc,WEAK,feature,caratterizzare,bringen,,,
41,v,cooc,WEAK,fit,adattare,entsprechen,,,
42,v,cooc,WEAK,fix,stabilire,regeln,,,
43,v,cooc,WEAK,flow,riversare,fließen,,,
44,v,cooc,WEAK,fuse,fondere,vereinigen,,,
45,v,cooc,WEAK,grow,nascere,wachsen,,,
46,v,cooc,WEAK,have,disporre,besitzen,,,
47,v,cooc,WEAK,help,servire,helfen,,,
48,v,cooc,WEAK,incorporate,includere,integrieren,,,
49,v,cooc,WEAK,intend,intendere,vorsehen,,,
50,v,cooc,WEAK,involve,richiedere,umfassen,,,
51,v,cooc,WEAK,join,unire,verbinden,,,
52,v,cooc,WEAK,know,riconoscere,verstehen,,,
53,v,cooc,WEAK,lay,stendere,legen,,,
54,v,cooc,WEAK,link,unire,verknüpfen,,,
55,v,cooc,WEAK,maintain,mantenere,erhalten,,,
56,v,cooc,WEAK,mark,notare,zeichnen,,,
57,v,cooc,WEAK,master,approfondire,meistern,,,
58,v,cooc,WEAK,match,combinare,entsprechen,,,
59,v,cooc,WEAK,meet,sostenere,erfüllen,,,
60,v,cooc,WEAK,merge,unire,verbinden,,,
61,v,cooc,WEAK,move,portare,verschieben,,,
62,v,cooc,WEAK,notice,notare,wahrnehmen,,,
63,v,cooc,WEAK,observe,osservare,feststellen,,,
64,v,cooc,WEAK,occupy,impiegare,besetzen,,,
65,v,cooc,WEAK,operate,produrre,arbeiten,,,
66,v,cooc,WEAK,practice,seguire,ausüben,,,
67,v,cooc,WEAK,practise,seguire,ausüben,,,
68,v,cooc,WEAK,present,presentare,zeigen,,,
69,v,cooc,WEAK,preserve,mantenere,erhalten,,,
70,v,cooc,WEAK,produce,produrre,ergeben,,,
71,v,cooc,WEAK,provide,fornire,bieten,,,
72,v,cooc,WEAK,range,disporre,reichen,,,
73,v,cooc,WEAK,refine,perfezionare,verbessern,,,
74,v,cooc,WEAK,register,depositare,erfassen,,,
75,v,cooc,WEAK,respect,osservare,anerkennen,,,
76,v,cooc,WEAK,reveal,svelare,zeigen,,,
77,v,cooc,WEAK,say,dire,sprechen,,,
78,v,cooc,WEAK,sell,vendere,handeln,,,
79,v,cooc,WEAK,shape,determinare,gestalten,,,
80,v,cooc,WEAK,sharpen,affinare,erhöhen,,,
81,v,cooc,WEAK,spot,riconoscere,sehen,,,
82,v,cooc,WEAK,supply,fornire,sorgen,,,
83,v,cooc,WEAK,support,sostenere,unterstützen,,,
84,v,cooc,WEAK,touch,riguardare,berühren,,,
85,v,cooc,WEAK,travel,andare,wandern,,,
86,v,cooc,WEAK,try,provare,prüfen,,,
87,v,cooc,WEAK,use,impiegare,nutzen,,,
88,v,cooc,WEAK,value,valutare,schätzen,,,
89,v,cooc,WEAK,warrant,autorizzare,gewährleisten,,,
90,v,cooc,WEAK,witness,testimoniare,sehen,,,
